1.1907169884836678e+17 37.838565788208385 1619.5398917529008 1.620126014460669 90.9097435480949 1.8494843878190674 0.0009193746690301896 0.004950768863764865
8.866718992287793e+17 28.885919993022288 189.6880686326401 1.8761363181603847 17.8480443071598 1.7812233255292287 0.00022366615673637336 0.002114527812175789
2339058606648722.0 38.77301575595078 1875.267759773938 1.243029002422626 380.9117180343575 1.6044909883034433 0.00016665702064860163 0.002138827555727929
6613126622717472.0 19.857768004186223 2027.8397485621945 1.4057927492734545 285.84079030273864 1.543239991263206 0.0003871909583714086 0.0037335876174809718
2092762528090936.0 9.978068007492297 936.8102440107441 1.8533146288377012 872.5969762228655 1.9477472268484155 0.0003260255018324227 0.0014821009848653031
2117794303585142.5 1.6824057434990147 317.7193838868485 -0.3249408770736336 945.5929946428414 1.6984188192635514 0.0006581193466283736 0.0065691968346049305
1.2727711737061582e+16 6.808498755677235 1919.271145184733 1.0585398300442193 379.5166811139634 2.021109897037926 0.000159881633500214 0.0068255849096446235
207509763908454.4 12.432487223983209 57.31220363827489 0.21326158474217283 91.28461722129425 1.6142638866479224 0.00037171291567827806 0.002831171798698781
4720252570164411.0 0.7671672754692622 18.41663929745488 -0.3063187932238062 4808.892953849492 1.7285407458110218 0.0002978579596680828 0.001976850590629498
9168477094424434.0 5.848977896473938 2274.8125135653245 1.5264453712846384 977.1824667509394 2.080289392071612 0.00018724900376937748 0.009579808239031715
4560316324705395.0 62.56849926183326 2197.8791583757966 1.3140065388292976 446.7587646277262 1.859634509888957 0.000122953247737491 0.007897851015891041
33359617201499.09 64.38287741180835 11.839684756595783 -0.35134736185938054 30.497656336955014 1.5700150523437013 0.00012154787002911545 0.0010837825114552255
1417414558029822.2 5.385699200117557 14.232344114630333 1.462973396182949 1796.9544930710495 1.2981394854968 0.000163678184233687 0.007273417262949462
779578112451377.1 69.07980376090872 693.6895791201522 1.5025539571604434 160.84543245757718 1.5380768931344835 0.0001713448847845343 0.004951573107688742
3591924587452337.0 33.79195948626126 1786.592178290794 1.8428230322978316 1347.7198099552133 2.0129625631988906 0.0005361169619875619 0.009169075010764501
317361894926834.06 76.77142572469626 485.68344554378535 0.563145729693086 85.64003652936445 1.830487349744622 0.0005075984883655812 0.008868664432628164
346945590048441.0 39.707096420310684 767.4480942766107 0.21548185545625986 36.465987618033864 1.8099119749215418 0.00039013544433298003 0.009665918891003142
340319466880168.94 54.47242188923194 269.5264103701244 1.326622176045776 170.955513210388 1.725603122768107 0.00031525551435998073 0.007260830889162454
556976883052872.2 90.7837385975557 428.74707035584527 0.9541052233647476 23.825394406144465 1.6454551267428807 0.00040658427865260157 0.00764072915992233
94139068600602.64 63.07463955945582 20.873390015088233 0.43238850982212673 66.7249114944024 1.6016360973219093 0.00020344991546026393 0.0012688927328466783
4147901828394908.5 54.35705943633617 2316.3709531350682 1.4914529516859707 2591.963854480366 1.8065286148102264 0.00010943073374640045 0.00852572278716197
2927849360514713.0 1.774948537432067 483.383711502818 1.128230601814443 789.1416451320812 1.9730014708771078 0.0004212014419471981 0.006148033799992989
1.4027679928509524e+18 29.920122236587687 1204.3339344911312 1.077876528409705 11.154850721525742 1.5305647288856428 0.0008944971877390987 0.009169169187163265
183376677975903.78 61.2106362300234 925.3393899557971 0.3010086786165731 44.49259101674838 1.6917753598061984 0.00010105906528122762 0.006014504687394124
159031128924152.84 65.95091573428454 119.71243365770961 1.5287445421525059 189.78956884992846 1.4679566822187013 0.0005838354209563104 0.00932144265230695
2429474850046815.0 10.449776971211612 822.6841821416705 1.9105232895478401 3738.1114268956444 1.2726174356506175 0.0006619483640946819 0.004600075997095679
177950873877708.6 31.220515859373418 130.77554009224943 0.9433766089411486 82.57135539246498 1.7078733594799826 0.000580733367585644 0.004568991174163626
2894984685095705.0 27.84944314820149 1921.2269471063478 1.1156478759283706 3018.3833395256415 1.797206266825363 0.0005499210201215882 0.004838291173493636
4408586745732752.0 92.88693719364942 2249.987412705973 0.8565308467110944 93.56672929350286 2.031864240820488 0.00014670737517931325 0.0017818065717619186
3.5172446826993668e+16 24.028855701843398 237.20442931439115 1.6388023166418155 37.47398571529341 1.859146834650499 0.00015319117884356626 0.009457047442296739
3634300440063710.0 3.2432309621116246 2639.261932784436 0.4730634798371718 2091.667836813235 2.0571654396937933 0.00027599302302976314 0.00858370544266171
2828453561006485.0 6.719790562026645 1213.133717870511 1.4986430002458797 2712.593977108213 1.696965866083131 0.00016970098848559045 0.007092090291578453
81252457799463.77 44.20396856480086 25.648286126947415 1.03687157254845 26.267840796125093 1.7473374682524159 0.00037903451036672207 0.006947907211724643
157848527538359.6 86.50257504462668 60.31111718237325 0.06481951375996631 45.48608005832337 1.9011122193308814 0.0002677492628233316 0.006414652392427776
184346060564933.1 24.481182847955218 247.57029924355024 1.3642964534506818 130.70693560144048 1.4431346306908992 0.0009314653782042069 0.007766981282285182
2596212641191587.5 1.0778459391035144 632.287818919379 1.4764223622019244 1110.4647454482226 1.567084832014924 0.00041183427621770694 0.004864210010994681
6.919960619335209e+18 16.85603304727664 622.1565526683971 1.4684443690117883 25.709261695270385 1.68956485339497 0.0007040827928153545 0.00250191902354571
1.844392048761499e+18 37.740670640390334 1076.635516448567 1.7507546453034766 31.6729444236871 1.5675778902068598 0.000108737072772436 0.0060690951882236815
970873404383992.4 4.940116862215161 263.3290702329158 1.3875441212367847 381.4000543312406 1.679201208931451 0.0005808620146406809 0.008665449016634902
4191666098255725.5 62.03754519469 2509.364591576686 1.258050071515496 3809.678684162532 1.4806824584872849 0.0007719315306342646 0.005165474828951208
348342146712352.25 79.676189065799 292.34389869697605 1.4231439117223266 56.90445936997952 1.5845075127609862 0.0007172568678074496 0.008282240580170418
109368615605224.67 52.62405434936023 22.650666519291182 0.08028812142561437 76.77725192306026 1.5835529001323099 0.0003292890209864994 0.0005475314664948813
131584452736119.03 10.392776046556875 363.8474703403386 -0.3804063303443655 51.999794491543824 1.6710891026966623 0.0008788940289225433 0.009969989967645115
4081507174370032.0 9.406503052948452 1802.4263537357372 1.5145495766936572 3082.2488284337733 1.8217085563988022 0.0002246961716045655 0.007707925052737258
42746879025751.95 57.885382247221486 28.741625005527073 1.3293126308210395 48.09052751116986 1.6176285017354484 0.0006420679443278394 0.00860920896193613
1405342302518831.0 13.961334889929631 729.6516880293015 0.9885032736678119 251.31278186349786 1.8551313092600512 0.0008620779017836869 0.0064403067016611144
2.1486574223638807e+19 64.25415492990183 1522.0221538169749 1.9476237276221202 28.51270064253483 1.6234027470839614 0.00012390879909843043 0.0030966290479003955
1323905939657120.8 67.76086147262254 977.852033595928 1.74974067566057 387.39193294139653 1.6170105457765047 0.0005404990451341105 0.003561013636690744
24965229769617.01 96.89924768492567 72.44605376349926 1.0938709487795055 13.07667692560019 1.4538520854338532 0.0006282396199010305 0.007980160192780583
770544934984357.2 96.4356437614409 567.7866259797082 1.1872973040429422 53.7339646156938 1.6715019836488219 0.00018781142915971996 0.0008694088118834223
1.2478878795508116e+18 25.321968942291782 864.4119284392755 1.151059501221924 15.741862318381779 1.587996098424383 0.0009079611005599323 0.0036747769137656394
116539135796859.53 30.43060293907478 12.762208132731528 0.4205251661895616 26.925415281435725 1.757286325270156 0.00012659382865745704 0.0069272108786989
3606648307628595.5 28.07585818767982 2200.503356945788 0.9147617571516787 2677.4969502043646 1.7431203576992558 0.0005910275381538891 0.005375083092098588
3784337194103790.0 77.36906909800808 454.4812591861347 1.0938510517556908 11.46914473094109 1.5839399795116023 0.0003291001132878255 0.001330657955688644
479193935361188.25 60.847161741121084 434.23297993703545 1.650240126209613 298.76902558589734 1.6537871361180498 0.0001355400735500903 0.005215155424792663
2064877906709534.8 1.801032915920504 13.661070049608837 1.4806951929947116 2861.4340958251946 1.404810918102413 0.0001914357696309784 0.00873399034238713
1068959866785655.8 34.879864292695565 617.3229395065088 1.7413656107598805 286.4108546163223 1.6900511353098464 0.0001051393226241228 0.0013938706347596816
40435998000393.4 35.139871230694894 500.1446310718806 -0.11692555415853811 34.75162358103675 1.5887146162787003 0.00010843464360251765 0.0017073103554233944
136431776640379.16 26.44955971901083 794.5110520549339 0.14150771841516518 99.18180676356906 1.4931714410276768 0.00012323036340812705 0.003552633751738094
2472712125445127.5 92.26471582761593 2448.850552911558 0.9941703318557077 275.8240901626582 1.687653838402954 0.0006686461073686305 0.007370488596028296
1.0831354693519834e+17 32.29128541112894 1648.3766513980804 1.8564323713989017 157.9988816602291 2.00356960456126 0.0008077637909334664 0.005020400833481191
1.3824783943106987e+17 34.812224150683875 1603.2925576980922 1.674939644471845 101.85606135143783 1.9579893485680362 0.0007380200377109873 0.005607909021531842
7658266327165480.0 0.4528450926505485 2332.9781684474424 0.3151778517009051 3519.7504792091245 2.473071064292493 0.0006133185558248862 0.006276400865628199
106269732287495.67 37.81145826249093 386.1460704180723 0.050518425055133154 47.9568220708129 1.687459400936542 0.0005838957219853625 0.0036420903900093796
189574219753841.84 55.25559071605354 28.733729457437608 0.39152503450064435 95.9597501022991 1.6707111055561943 0.00023926252513839912 0.00015271484986061328
263057551370191.16 70.66483761420709 161.0756814037594 0.7737957977930492 13.423746522791019 1.7080728341329896 0.00013263022537398728 0.007004960854449347
233646106829851.94 48.27344165960198 107.36464057411335 1.1027034448267807 25.392346500765743 1.7025368130482768 0.0001335895033411729 0.0029605128057969
142898768252045.12 74.32815050680988 1573.21863121702 0.1346614582031216 80.66113372700157 1.5646075036666427 0.0003936502174631208 0.001072176317827151
285289144416998.56 74.95734171734543 291.1248653988825 1.9692742791617346 212.643228640571 1.652578677266079 0.00024498114400137714 0.006657535274211985
3.9454486980720184e+16 62.48053553966945 123.95808831738037 1.8729528747862463 12.861326468989876 1.7697936862854355 0.00046442178131596035 0.008920009812779534
2652965780853361.0 7.704719662472812 914.9040612287945 1.8883413484608977 1376.7750700998351 2.0328101142413675 0.0008365777521697098 0.0038794043591381094
1.5350120471582182e+18 47.69563159513915 2750.349692572355 1.5108270795476 49.32404247786936 1.6839234448537017 0.00010809619891585814 0.0028131062755980636
915898249838440.4 36.51699082239514 640.0437648246926 1.5984666892319797 662.9992103742492 1.6575619568638038 0.00010086475619543449 0.004396731740899826
564756530541064.1 13.495231005989588 225.78425005470467 0.5210733465772606 168.72332577338517 1.8068586220276686 0.0006682815854585306 0.004066479108487175
2.8172039189392436e+16 49.429507329477445 137.76047447432356 1.8722048288624618 16.453903282043242 1.7368148921721906 0.00034722931064423506 0.009510386104444992
2.065847857471567e+17 39.88105134252522 2354.649981350694 1.9587657899129964 155.5054133185764 1.8416806499649647 0.0005664913560487605 0.0018472166055918714
3021445072862130.5 99.43454293798877 1471.7760250026133 1.8636462111671708 1450.8603367424826 2.2865005075823737 0.0007357627787010751 0.007004388889493059
2519217801726235.0 11.291060589573398 1889.1165328186685 0.6622071925169473 447.6691927192516 1.931535813412049 0.0003712736687549283 0.009987687798921166
2126335887283677.8 54.24384806021842 1260.4653735062573 1.5462975118008164 2138.912236763339 1.705202132620544 0.00024941367329553633 0.007956029179583244
1.3557534956621832e+16 62.98848916540898 2744.389177421673 1.5449574503696402 243.0782309421951 1.7703209285360584 0.00013115300924310805 0.0013290768974187224
1044840756679762.9 79.05870752011903 1411.7020354994372 0.9014903353816508 218.06904546179925 1.7175049584758564 0.0006335235618501779 0.008044347616051262
823168707796030.9 76.45318749351269 464.0163743278549 1.1094640285517625 13.194637328886186 1.4220522722975166 0.0009346830099766688 0.00047978491943564787
31432812656321.926 84.11325246233002 394.0951549477353 0.0628130421747482 14.707741225442684 1.6866042083823185 0.00010783287241317242 0.007316433637778027
144714710712942.5 66.47834329945167 158.12403864626063 0.4630730099008038 104.42096947570704 1.6991191357484188 0.0002511895846386469 0.001949064754474733
22571893454016.523 39.685389686004 110.800225828514 -0.28523540185565766 18.407753901989945 1.611399265805636 0.00028466661957827995 0.007338281306827481
3273406310666952.5 0.8254054934353405 12.802880325154597 -0.4395066807093988 4735.201892167204 1.966561587344644 0.00019882705318321133 0.0033563961846001054
4450217087326673.5 12.89953234227233 1911.8780744175876 1.9017107736613097 2995.653935061733 2.2655745408543355 0.0001386384837464124 0.009252672609209546
2825528169789319.0 11.32200054278318 1173.6449566401188 1.9258217727251166 4369.915306839136 1.3887592463744414 0.0005176089371696342 0.004628822344293283
211393749251079.8 7.6168388878619595 11.451214075471214 0.45579241352322314 94.45870200521816 1.4792706811791623 0.0001969789618015196 0.007873270873817078
1927717411926260.5 16.611935703551374 885.0840698282349 1.738760320679178 850.8039877645808 2.115582650578048 0.0008515510790684993 0.00320577004018975
4417637022179530.0 22.192756286446823 2567.0001848923544 1.3594963339388244 1395.6399886793636 2.143529705755002 0.00016462583419225968 0.0010113481024913759
54887557624296.08 99.60292496554337 49.82745342610881 1.6901582976607714 24.42543551880924 1.677962064755321 0.00023922713499991314 0.003494700550037087
4219364105793436.5 52.70516441522085 2033.936771214912 1.9171812988959578 1911.879714331701 2.133907044604739 0.000977132409572711 0.007318352777829898
7028639321294443.0 8.429999083880844 2394.2232999796393 1.6605038848917955 4586.754655975408 1.6344653129261912 0.00020579898261677577 0.0023954317853181195
917418790080379.8 3.468856655764002 237.64404208255954 1.4910399411723898 331.9272246108574 1.7011139158901296 0.000500314196290267 0.0088299652535491
3569872719153610.0 3.428103189156083 1820.311220554989 0.44460652515987364 3897.695047306012 2.892621222877111 0.00019771976659013174 0.004263565522337639
2121868649012834.8 15.458780892943578 271.2814795437767 1.8341951695566578 103.50441117522666 1.8240870510531468 0.0002866260396705306 0.008071414821225451
1.0191030651043516e+19 17.621987994012482 90.20681870398185 1.8553543587762542 10.640485501685049 1.8102264165807236 0.00019437908521666318 0.0002565717654611308
5.623482801063602e+19 3.53183662481704 331.8885319727124 0.6065415058707548 14.077545781010835 1.876421119320637 0.0002612028845204004 0.000387082522842923
134500199861866.69 73.10679048195135 144.1011783742714 1.4207082077940463 43.52507398613434 1.5668355575078647 0.00026085349252215356 0.004461699497535696
2990459067396186.5 0.8877078329376573 20.33036757608093 -0.09040158223987049 1523.088728903197 2.072758542803079 0.0007977590012753755 7.78127444698378e-05
1880577172772178.2 96.43322850835655 1258.6628260281266 1.9609773925074507 923.0157345956787 1.8431208343430237 0.0003785760877399821 0.0015655521921089223
5156992870772608.0 71.11941220431333 2920.427440311378 1.6634210412219148 2438.0286863627807 2.0243509431280935 0.00016848626974010135 0.0025480939941214236
2384491812546852.0 2.72226767331777 291.30927351732856 -0.3867926180879193 1274.1219080860546 1.7418297710215707 0.0005940000566967547 0.005717469516061355
200353081373047.94 43.78507726866831 612.3948932126577 0.09972374076675292 53.060417782768425 1.8350667846262068 0.0002859569715254413 0.009189267001799119
167954086780215.56 54.17762859620631 102.49430471707011 1.6795555850339237 166.92577790951415 1.5953904811470245 0.0004479769884539314 0.0068388509551065395
2184340089483047.0 21.412905455560715 1844.3382212393863 1.018736516324483 1849.3957514273873 1.8432757000701696 0.00043278622995294747 0.0006713453316447328
163978005983641.78 17.696115538149115 29.662216831875156 0.67261420510012 68.42535722037542 1.6430980959465051 0.0001279144828535232 0.008968612579087447
5944473548563301.0 14.981480939226785 1632.9937786844805 1.953824778018776 767.2093579346191 2.00527669096535 0.0006891445410017086 0.002289328858412282
222718415573574.7 45.42848122025407 496.1944754912025 0.059829407142148794 99.36748791132888 1.7945420934542113 0.00012219672397300785 0.003932994452313889
683028847847205.8 88.11727719251935 1204.4891408134563 1.007705199690466 140.47063747356222 1.5170289698266144 0.00010873152872933519 0.0029658047700742494
20677596273051.75 79.93815905026531 172.9270335844416 0.0861111044262397 14.986764180443974 1.5997271620780678 0.0006438729442742992 0.008473347590435752
1.2922047995223488e+17 59.76756295035253 1959.1444233302475 0.8491164490776265 13.016800202845545 1.7913162840948336 0.0007045507212436299 0.004316475939624217
5010499939954984.0 0.46075272959389757 64.43089974406804 0.6817544377393581 2112.514432814754 2.3558434987945587 0.00014100797069047945 0.008057333131546772
218339274004849.06 29.28082209246957 25.007777137019275 0.5018898772524529 54.91033979346723 1.8332561914365793 0.00014350240095419107 0.007252842128678657
100395162314248.69 46.287117422296 21.71114571189011 0.3701960895892834 79.32611537325266 1.6178389828861177 0.0002714667295926042 0.0014745410089179916
2610639352364876.0 60.66594116506994 2906.7823365581417 0.8032970589106179 573.5432903988224 1.8878326042239248 0.00022498923703110057 0.009158754730730707
8077216697687813.0 0.2505363324880747 28.605865900714516 -0.010431092984205081 1727.145380971623 2.150536925816688 0.0007363574367620014 0.0006275175241860849
2428515495672285.5 11.87843956404431 1128.6402996792783 1.3760476489728437 983.8779299749618 1.9455036077937735 0.0008618958516691281 6.0078807974873506e-05
987654662734976.1 33.64803011054748 516.8211314450524 1.888752052512101 243.12457088563437 1.8021906688117204 0.00020962195449649465 0.004108137601266641
7006335844212628.0 18.55141340634124 2909.2373432231243 1.7864464531442037 2257.7485797333698 2.0244661463639995 0.00012769475380380765 0.00903202045543904
2.622015542431924e+16 51.86177958187537 92.95620700017302 1.7913319681391748 11.452216627138682 1.744680322659696 0.000366222737495388 0.00982982815877354
1.0998874125286894e+16 8.192034945738044 2957.5938527509315 1.7741281400413924 1982.9553846097747 2.724002453687624 0.0003508508454501091 0.004684578281462188
4413065064852628.0 75.97259470414559 1881.0868971964546 1.919741510294752 1622.9603679339725 2.167451033754729 0.0007238862879340805 0.0015919422809692685
7506793215517911.0 6.63063862405512 685.1064028582979 1.039455243129693 91.59705737084681 1.5203679842979958 0.00023610894133970514 0.005891803681237171
3651356008749780.5 91.60865517295343 1715.2054426394302 1.8637881414370259 3533.348188158247 1.4573509173587555 0.000596071994837452 0.0057475259294015035
113191872234225.62 72.91938586581884 67.58574208654538 1.294946181055417 25.385766451461624 1.7143664642037293 0.00010937116752925462 0.008755023750778548
2083161552372799.8 3.062782589948444 170.42045073518136 -0.4877903394022487 545.4917141294254 1.8801262296568417 0.000760346904301269 0.005400811900878892
408855717166846.9 81.42873798468271 1472.7553285627337 0.5239947427129028 66.39651699905663 1.6637882645658817 0.0009322608192812644 0.009447114989898035
84142258393811.45 68.32648001974955 1700.6153793984008 -0.07288354718508039 105.0336440975889 1.4927378129418798 0.0004671677491003779 0.0011137787365333885
126870785752528.6 37.85768683775867 18.150299221461154 1.467972446681854 56.846861269046464 1.6967844702351784 0.0007407124682135395 0.003731668642834485
1.5071461441081324e+18 25.85386974294512 133.26888813389678 1.9740837012620058 16.085798778367074 1.7925735021601807 0.00019094860270267244 0.0015118698511467658
1359306008778681.8 59.26624532375552 979.9064785722417 1.4328375274422387 227.64768809549147 1.647441620358169 0.00016887447754961298 0.004172466194784515
1967929171769445.5 91.13102068272462 1181.798724408246 1.312310197631339 285.5573177955419 1.9900259001964669 0.0002782790695188952 0.0034330180917509943
27590875276153.8 82.17203214198959 21.883972117027266 0.7407060705503261 18.236130564320394 1.6917686956690567 0.0009665610921394969 0.004942925106959453
4432145186898182.0 89.89969888226668 1977.7916642947146 1.4339449458419438 309.0321970056426 1.8269957556363614 0.0008367530510145616 0.000975545446223318
4099415751580694.5 49.6610201760472 2381.4611642097293 1.7592106042224835 1904.6173079746172 2.331371419329125 0.00036609796331669856 0.0031939887102444015
453190753115319.44 56.50341732720517 1048.0776606333052 0.6682193711763813 95.65593355934288 1.6193690590716183 0.00013112686148270434 0.0032739921965859826
4.377533752027807e+18 28.39011599847837 1130.4378303740039 1.614395337452252 33.58079643452093 1.6431893136036078 0.0009466777649325251 0.0030423780801166643
182439735440635.03 16.462459069576724 217.44593150935464 -0.06321197673469126 41.59873134217383 1.7115078830526356 0.0006761007247889806 0.009616283609349189
3328064742925630.5 1.3044968595440736 19.169380588970448 -0.24912549974497766 4086.781034935471 1.9733192512071556 0.00021624158008661792 0.003444366806948402
4480222264251804.5 95.80503746350226 2126.597211441563 1.9334851842616407 1808.270898386969 2.319731521659137 0.0006904393800789871 0.009906784298259108
5177978858598156.0 0.2110996153885374 56.104928952150885 -0.03666768904771614 4721.374088118899 2.8046814910151707 0.00012814692435020097 0.006202696357595417
3315644632154193.0 1.2245865849876978 16.053130607734083 -0.3627972933924465 4505.488546037488 1.979585507542538 0.00019589699615264487 0.003229876659258055
1.5998960798306e+19 16.931463091224998 658.9537546536303 1.3221248904578078 19.804638914197266 1.6904268831618954 0.0009626668764765642 0.003138249779538337
876744464373180.1 30.30994964354975 371.7883283833369 1.8342170146682095 161.35445454094057 1.7780781764228226 0.0001654422610155767 0.00812684698584561
21363488122959.656 24.59695133298743 155.957542629656 -0.25931691129717205 15.59148460828335 1.5725991215517 0.000596053708926708 0.0017076784965419792
1.0246909984584212e+16 29.056756007524697 54.288396323963816 1.4228296888282668 10.77798913336848 1.7854773990632933 0.0006207155934460515 0.008329124522496229
3.8443512873708575e+18 40.1799558312607 224.27614524278823 1.9071020064251707 15.02739698561866 1.8389332287626599 0.00018854892473345365 0.00028150503199317507
5578902769607355.0 35.440062940392224 2840.3741356006135 1.412222733312127 1655.9436320994537 2.234357851401526 0.000626183054624087 0.0013783023769387273
2855050675098349.5 77.04785721171426 1182.9453294654943 1.297475190628527 70.01901637888153 1.5716091238296008 0.0009908445882342905 0.0006696543209474617
207422753546913.6 30.445364090604222 116.46062680072782 0.4394431558457827 22.587115589416094 1.7465445215931947 0.00016401820998792311 0.0014952994222136732
5091379842810231.0 36.6337570246563 2429.980760777608 1.4760939773126271 1024.921314453036 2.1140466754089027 0.00014498059212247482 0.0076182806499221455
2503635707816813.0 7.057081920912669 2308.5175120809727 0.5424695431557383 3772.222720499518 1.404336683881599 0.0002636626083460732 0.0030187526088514584
2092762528090936.0 9.978068007492297 936.8102440107441 1.8533146288377012 872.5969762228655 1.9477472268484155 0.0003260255018324227 0.0014821009848653031
4.2386356811411336e+16 28.22106197950133 1264.9325880617107 1.605299367222982 97.9479566408299 1.7054673078227545 0.00034556572752006133 0.0013615303857107512
768587298702237.6 15.161132477193988 548.9909062085635 1.9366672846175628 467.6903591032229 1.7635319436490697 0.00012091638765239948 0.001504805001308451
2081323250323476.8 55.5887382716582 1268.097995926151 1.861534995916101 1291.0053470177702 1.7423318986575507 0.00047955183005255484 0.000900763933909976
3397376971703360.5 40.744668129089675 1984.2075918216083 1.5482406642229445 1089.4776542358659 1.8417063564554537 0.0009145935860651077 0.0016587605108279039
4619819112147079.0 12.684400976396367 1896.0066950926043 1.6514396929653412 3759.9320072617897 1.6902925289330089 0.0001431939516248459 0.007627709899916957
4414983393919621.5 8.71867209082944 1454.3703619411713 1.839739880908562 741.0312057393256 2.0270526094036576 0.0005240802489166994 0.004370858048081556
4697996212780177.0 0.6773434811966723 25.900721243111725 -0.1111216291682603 2914.1154585551603 1.9712454796889642 0.00021299862428580878 0.002729847498470439
864616911493512.6 14.087997230788979 2296.203200460853 -0.0010553968285809123 26.00650995268854 1.800719753534405 0.0006648757236976608 0.009905289652911382
3082887208822421.5 1.3259239620973737 724.718256390432 0.5645180705941205 3779.5514976125164 1.8593348252036013 0.0008717185105182267 0.007091252785709344
2110076769158852.0 12.603716236726298 2217.1665216533456 0.5294290542084783 2065.405067478103 1.9286963613028736 0.00030029675661941315 0.007687127265859545
375591571684012.25 16.09087007342329 78.12299399388125 -0.26071316841690506 60.217353185294684 1.7885356729881146 0.00040858340831575676 0.005038401169213876
126901333052289.9 43.3233190822969 18.84806843545397 0.430094883121267 81.24582802249535 1.6315290363745796 0.0002125653254855714 0.0015549284889098342
4695520466988112.0 79.14481824134556 2571.7746034170846 1.5737650686282159 1845.721952219694 2.0936474714888598 0.0006449410312075703 0.003727594336104017
5889161393900257.0 86.42985165280136 1926.4985446231435 1.3183816338084573 86.36537449984175 1.6228695510618634 0.0008678295272774269 0.0011826506418744476
1606758295446932.8 27.99012453036333 732.0625934024932 1.731150216386848 979.5103355731517 1.8730302506057706 0.00011427096339748244 0.004029433338628232
4073550444265681.0 37.525841820262585 1720.090010659315 1.9004759355578107 3813.475545115092 1.5020959069101676 0.0007247075669226864 0.008544538070057776
6599671513911137.0 55.726466250565814 2941.4252282528873 1.9481053394429355 1412.101123722504 1.6772407160276683 0.00025187440509184876 0.0034537618880105887
202025524730607.38 39.92139860140219 255.5514659062986 0.0910934623408668 75.45642915143446 1.7585888851355704 0.00012846746770585107 0.0009362456840008339
3519302181078244.0 3.034133176627222 1196.3792169609992 1.5665601521186956 3324.807381000117 1.6975816715952385 0.0001676904254445208 0.007053650652416083
1.149205945202929e+16 0.7830791115145885 1877.004732511704 1.365784588456833 1502.8269725174632 1.9042235412429458 0.0005151479432622456 0.001837614713020097
3582265742606387.0 15.390188705353186 426.9323643758416 1.9203154527823323 157.2749434456588 1.938956941096362 0.00019179624756217762 0.009545595706124418
143708899998241.84 71.06361278407965 18.8872421745578 1.900729108221804 96.85943702930955 1.5783219218117202 0.0006529992748081372 0.009676552047631687
1279805189102819.2 34.385348327541216 763.7902913577099 1.8569733610674297 407.3764765876751 1.8688085526636047 0.0006314285761791349 0.0018868503451744808
1367025783519135.5 74.12364780299913 1120.2854664435856 1.7020535891461328 708.5690349075977 1.6905260784079343 0.0003569126983913107 0.0030920488873502957
93345690703765.08 38.06647519360802 14.239758566046149 0.9396973993576754 98.24146897286491 1.450138366506863 0.0004425198030037043 0.009752941564841806
104499291861492.48 60.30771554192436 70.02419121042972 0.5083372909056605 75.46147673006439 1.6853666705211776 0.00032592409376485125 0.0020250316380934627
2.270871876302119e+19 80.47910511235614 1024.3846490314245 1.9273296883089648 21.821632216686442 1.731254519431076 0.00011318046525934603 0.0027451908237113524
69289484673680.484 72.41277811846551 137.415992826889 1.5345205667327964 87.05475241657376 1.4608124085770997 0.0006871373541884356 0.008975417436474047
2769022341814585.0 5.6501302470485655 1333.1425513319803 0.6802952650627283 568.8463600642115 2.010507188666372 0.0008649383728309152 0.0067973039805411355
25881548354789.7 95.42503323730213 106.93923646633641 0.4086702080393912 32.696029296262836 1.5087440407708308 0.0006926260481129351 0.0013848309875302022
9.53495786116399e+16 41.65206768736221 1238.745712726487 1.644239158397861 71.31798878793563 1.8156876588719786 0.0009079418867563587 0.005549610166556957
2.3408440731577668e+16 21.716712202578627 188.69916245221737 1.669752851645075 31.448553761677264 1.7612789471108705 0.00016516277910020802 0.009019040165007037
3360407568094536.5 11.775128725752673 2688.2023977486615 0.7511919425925226 2430.3510035167255 2.1715940276498857 0.00024161704344074255 0.007890059285316888
9922293090739556.0 66.38163807632807 2091.8141900299693 1.548815102627827 198.4527754751888 1.7134157294786465 0.00012268832197413973 0.0005801339446106701
5022377642899304.0 10.230157124394438 1892.5484096538787 1.4172688669445657 923.8646940621894 2.179028333798273 0.0002037155638151075 0.0025122927572552795
2683066846726221.5 66.30140718208187 1632.8111566721539 1.8319812953525778 1457.7669840356705 1.965618777312156 0.0004243399243700589 0.007857180959041924
1424584279591219.2 24.392981396014832 891.025840418238 1.7420429724667437 1005.2768535374751 1.827637672949718 0.00021315081361168405 0.001348116963872622
548523540020100.5 44.83716326514365 557.7806682480639 1.187038495057911 183.7521422343795 1.6170689229751811 0.0001047042978562612 0.007399313248547421
2518758838916455.5 2.063305402371846 63.70109064723255 -0.31014293333372145 1032.8937518173273 1.6277268210079434 0.0006738983163816048 0.006412590289081326
5.359800952740391e+16 89.73466662856357 1730.4948124111472 1.663659753314119 74.86682260979485 1.8034369290436327 0.000595665014216532 0.005514574671637688
179293793146914.22 26.92553237114479 88.99060491797232 -0.4243431481238409 105.82150321938225 1.5873964083754866 0.00026207344428313387 0.005802615862936256
315936571831637.5 28.21768883641876 24.771545254196926 0.4534930789730701 97.35091228844095 1.8555368324853077 0.0006677629605563589 0.0012518366560734153
3220185905600511.5 18.289262224591283 1722.0311370592945 1.3159249286987493 2387.5870162195483 1.6221357618159322 0.0008452894168101423 0.008663844442439575
1.7232961894930913e+18 43.414751686842834 2755.4883303876636 1.6092401014150655 65.98255137767083 1.7401085092772153 0.00011087030900031729 0.001629076447349294
1533339691499802.2 15.556861264535115 729.1448297494518 1.8596833934384682 611.5270182189946 1.9330952114307287 0.00013731472868303064 0.002316850511375555
220176224792879.84 97.1244746071909 151.3005605445247 1.8727902551431064 154.52590243697043 1.7589141310552232 0.0001760543520124088 0.0030824322416588574
4632692685460631.0 25.484470303630786 2690.4032486248925 0.8300264732918867 257.56440027223834 1.9509486618437901 0.0004918127942734423 0.009993990468885732
76710315733978.53 58.329006143615054 18.817921656409936 0.20547236554529563 45.94076335128086 1.648141474019385 0.0002429788546889113 0.00039162028336132016
146450262637499.84 14.669248575167156 434.4849423061766 -0.16341934377967116 55.00026570120273 1.7069744611925333 0.0008244751201556575 0.009857966194522099
127336778439612.92 21.590529539590882 44.39987012304628 0.45258338149851185 17.451328685597 1.6397530762871995 0.0003129203059711793 0.0007893182991386416
119565919800177.23 68.34485259315196 38.760663844310336 0.04690983479919275 44.56713757630939 1.806803001158334 0.000750179823186932 0.004340781815773411
3802888098438105.0 6.373140062310371 1105.5623952745004 1.4442353262285283 592.5485965903213 1.9182515786049694 0.0003230819284539959 0.001182758289266725
2001846225541422.8 5.03495208799017 563.969860550983 1.2542887232434967 349.86902820248156 1.803641567428297 0.00039242900636867644 0.005706328005249296
4241596478071732.5 58.38374686677052 2102.4749918132475 1.942760429990714 1405.96443714949 2.1190315663826866 0.000134611216595617 0.0014958831729062496
4616045744216159.0 10.622780620072225 2328.4211889129047 1.5697218654779406 3329.040775003077 1.6735370522143602 0.00020393821566377742 0.003039949768847761
275593455067565.0 24.183157014386456 19.37108776709297 0.6884080224782869 13.680175785899733 1.7373614093496204 0.00036933481719648645 0.008980274438283515
1.794015178793755e+17 38.73622965116758 2205.9340748803797 1.9471361138527519 158.97489948012162 1.8391575400319917 0.0005365170013122701 0.0016839621728393095
2430333506230311.0 74.83328668900742 2864.4776398273725 0.9355356051827531 44.2923127054669 1.506605522550044 0.0005631353953569963 0.0064696412106472565
26498002110433.65 94.50261945492727 104.27865095249413 0.41957890654606633 33.24050691270298 1.5094558084862546 0.0006812428936761216 0.0015105554152145626
76539213998814.48 72.39592941223209 19.193906405564405 -0.24739260772056015 23.490465309328787 1.8408677813334642 0.0003001622371146181 0.00819442323443471
6453722083473081.0 61.64749793358146 132.84971386365743 1.72387319571942 14.706607778826287 1.6918317497376993 0.00042730075622786937 0.00938431208673388
115604259643427.66 98.29106562244831 34.55941864628321 0.997756494241246 55.22033835848339 1.796107197363701 0.00019652646892138738 0.007300907848109402
4197806161093188.0 5.246078269840822 756.8926038383466 1.4973721043165567 344.8009649133299 1.8381143630497696 0.00019982176998795288 0.009411749715743035
5627732255323832.0 35.86332770180099 2553.7500520245226 1.8885194088819646 2963.0385810987627 2.1150182177305594 0.0009137809040624607 0.004423909338897008
169544782058578.25 25.850353739302626 24.677313703592553 1.2051817043678017 49.12290005265445 1.8379256454542117 0.00015080521889501475 0.0004266418800980406
142639246716154.03 26.19228013810703 41.73276733143342 1.3822495738690148 49.6938532960498 1.7248295972627927 0.000963382930635516 0.001026012441206231
507333796680181.4 35.396994160555934 339.54108252988345 1.7926857450397216 281.92064670775403 1.789990048857621 0.00015757698273637279 0.0064928731344759405
1572974347691933.2 16.313322434705572 994.0043649365213 1.129367644095574 923.8669834094547 1.6718453273344966 0.0002428041095591084 0.009197804829944851
1323169217549274.0 42.28737251163999 727.0928477125335 1.8783567365717078 594.9320701029206 1.950371236854286 0.0007535916272248448 0.0020898139307793614
2439309095585228.5 62.96888716446559 2536.6537824877487 0.9732801161367681 664.9326807855391 1.9706432823757272 0.0003235281496924438 0.00911752889536756
2821521177334555.0 2.7405214639166857 792.1555317460864 1.3035015984035505 593.9166605892132 1.76845578774627 0.00032610867879948106 0.005085962158892772
231701311241160.25 68.35671985044577 19.383006051515363 1.993859984982462 199.92081625468964 1.4514821891420906 0.00013472572080460094 0.0029802608176845657
171073695310893.2 67.76124042574463 183.4905524743449 1.973836434597397 181.1623185982795 1.6074678799144781 0.00023497454738172642 0.00641759492205866
180152118766096.16 39.061035250706155 241.48037820258585 0.674119958497933 38.962344328943146 1.6018857291898325 0.000847151505341034 0.005857676670522552
3760803192142813.0 55.73043837901149 1551.2868280692749 1.754312648384746 485.34880467623447 1.8427547794974914 0.0008940301247902094 0.0014784057959744525
2954485018917383.5 52.5854225765531 1369.0979276413655 1.8400664401268358 685.9123313532847 2.0878018314296356 0.0006276463832413409 0.009416756998034476
4268935636019210.0 0.6493461603679482 11.337702289095494 -0.0661850920633138 3157.325327932585 1.9307567868460276 0.00014915151511029218 0.0026422243747729803
4447788351167428.5 8.294162468378929 1890.9818010271847 1.5404389376318557 1671.9083713156858 1.8416531465792436 0.00015449141344348388 0.0011879364991115096
3309125789233150.0 2.3541032416594163 959.9725502422137 0.26065749348296685 4603.535571550674 1.2825830004403294 0.0002913884659095802 0.00744223936225813
69866927059532.766 76.73206217217307 12.984417567043657 0.23730310809482874 55.49579975943807 1.5497462738068668 0.000251621211253481 0.008427506652617253
903843584562453.4 6.3952115247444254 95.23462049752756 1.568373542827211 313.3449970413665 1.699737727147547 0.00035449656886202133 0.003314234117609572
4.5761743068700243e+17 18.004015073952296 724.973544109129 1.080150599559476 25.917739159216033 1.71341702755164 0.00016996845178937934 0.009991454405600137
3298883440875090.5 73.07037667092078 1858.101143621697 1.0940159025041414 66.66568017729799 1.582849014747807 0.0004022832230934513 0.0018329449934387702
999092712567615.5 78.21479690103453 1089.7065349376765 1.148992251151144 181.011503980906 1.5996902272698816 0.00012595020497766464 0.0038226896863030107
161762791269686.4 84.05556654971105 40.748707227565646 1.6262583587774375 121.76968430129048 1.554376583486852 0.00024378532506975011 0.007866401775640866
37908036122397.016 67.63321140661107 16.17942139960168 -0.3923486644291593 33.101524766154554 1.5618975882593595 0.000125605628053527 0.0007371538635505721
426074170036160.4 17.242925960531586 106.39697082080701 0.39318952690550635 60.025923396918955 1.8545269613973265 0.000580408530976272 0.0003214662733086165
279618429341306.56 55.33575381524797 609.0558954202838 0.8243093016277641 87.54985297879388 1.50447121312959 0.00011384819320567033 0.0056399231061245465
197689384105126.66 8.63556919774759 19.335216004843627 0.6157768709919313 65.45424901822595 1.5156221603221405 0.00021128154221865624 0.0065708554426046496
108303847750215.75 83.58684952289852 49.61213955269366 1.8278468231191392 111.48755517996995 1.5417359377383093 0.00022060333845308664 0.006780240199188994
341104112952701.0 36.93795563821126 485.4135420547115 0.8685591286330518 115.04459407004903 1.574323376618451 0.0008148740431987011 0.0015964118762910272
1075126907700556.6 42.87022083301943 812.2023541398812 1.1210632693703948 323.9206431782036 1.8843603678018574 0.00020869859466188752 0.0067087121881067
84774099404486.7 22.642356773251464 188.48674290828896 -0.09404854719479494 20.136765531986118 1.6698804034428596 0.00025829860252660013 0.009103955251093417
4408131487036542.0 10.701344519881996 1897.0633571597334 1.161963588189293 3967.554585855965 1.9443657795981508 0.0004553656720585834 0.007260447420013785
877530216746079.2 30.510259601292155 32.431240919658194 1.2493779862701677 15.952991797046 1.8617774258425797 0.0001559872060478796 0.005357967483902907
4800241036582869.0 27.094614238573897 2038.4696587687404 1.7950562202964164 944.8674037207506 2.1018183962490244 0.00018780138362974318 0.008364639115248002
5076160038207570.0 5.886114651758945 1890.555322007654 1.726606588162309 4561.856233943451 1.5764245923577738 0.0003386958732942517 0.007016862521962729
19418960883658.227 23.991832690070254 148.72293500509915 -0.29424997590776614 14.243952035794903 1.564461944830368 0.0006089186318494907 0.0016938659108745263
1.3415654240673736e+16 40.91808133399509 2582.860252566451 1.5493136584637384 403.3009532566348 2.0421568466226576 0.00015842529060297936 5.453712463170026e-05
26193587463598.19 52.387272309296904 23.815186465798387 0.09664724929995233 19.48540881394842 1.609243050064113 0.0005824047694285684 0.00037055026960807424
121857176110727.1 33.42410897937643 15.679622059354323 1.1621963903369255 37.483176512145455 1.7624655524095612 0.00020975383193394417 0.0010708788917888077
1907480740083491.5 44.41219184570668 1047.987492640849 1.8351585169556892 668.7479531019789 1.9100044938238987 0.0006461931379072337 0.009174075872725371
229659398258309.38 15.332969887080033 16.37695288750363 1.2811839602483142 63.391910163199505 1.6719931416557097 0.0002692418395589217 0.00310809424419437
132357321845412.42 26.74117776194676 771.3637430135195 0.12610031177667702 102.16133600943395 1.4897976894986589 0.00011941081996336611 0.0034826580758368837
94348004650192.05 13.99087100688994 18.152633754403873 1.2121918159810186 53.56469881677947 1.5498725795560717 0.0003299217292100951 0.003223047288215302
71334507867245.78 62.716886447250694 16.774628749450304 -0.017278414342398518 52.19128635526291 1.5887503586950982 0.0002534513615274157 8.391461529964374e-05
46169482444411.84 53.6916009411291 10.947199782226827 1.1089299859012853 31.33150999274504 1.641162500442269 0.00034185709568828053 0.006395907125905995
5510100536822281.0 6.760423049827388 1873.7509327895725 1.7011772708829094 4356.06076660831 1.5972869443505044 0.00034293252340672075 0.006942407182428064
36621947013151.83 78.33363545209313 15.551215729020873 -0.49387668134089724 31.578497558320443 1.560160883654662 0.00013537561066978034 5.921716404427152e-05
3060956798472252.0 1.1517984260615397 14.801149841861593 1.5488736836360393 4673.015676813854 1.2738576897215104 0.0001541140177163074 0.006558970176046692
1.221114491992683e+17 39.31109446439991 1286.9744847321913 1.6426288657675356 69.77326241960535 1.829982964951853 0.0009029751812059719 0.0053827836495284566
4209454904926605.5 42.8753610721902 1984.4770934949956 1.882015233010471 2326.206631885652 2.1282919717937316 0.000869260817729306 0.006539017544280103
3628454424044751.5 52.841070231983615 955.0189639085203 1.9027680163782763 229.79265816329652 1.7515780733543767 0.0001544360614461601 0.0018324040564624963
1.7328395636917268e+16 33.50313730476086 2158.321726003276 1.8910800008738347 382.34939326235417 1.998119769176015 0.0002879684070330713 0.00015774607874029668
6666673772486103.0 69.10790449545188 2602.299994836808 1.8643174087443286 1380.606821900346 2.1708239834138703 0.00016964219941429566 0.0003876033390544679
283372154174258.5 43.169289241746604 208.8725109991496 0.9167281826460989 121.3333753082714 1.831909530154824 0.00018333613572229208 0.009623158269883457
547903040320119.3 95.95236440484379 913.5245110948636 0.9560406617259647 137.01673889942586 1.5886222799449057 0.00011971391296155913 0.0026567705921601375
5159112367178436.0 28.159072172742402 2329.6033384925454 1.3964808832110116 1260.5311475574338 2.1885249667668165 0.0001293839599716764 0.004399553504985296
300128220861637.0 18.709053104315423 15.055295596635682 0.4277665757621236 75.98895497050145 1.7397347448323088 0.000695108575070628 0.0013110172984735682
4268935636019210.0 0.6493461603679482 11.337702289095494 -0.0661850920633138 3157.325327932585 1.9307567868460276 0.00014915151511029218 0.0026422243747729803
8.027444890844689e+17 38.72240052661997 617.1976194748416 1.9650093416549463 34.92177342141895 1.6466628213995202 0.00010448200388416348 0.00506660904890546
3.6805417872735227e+18 4.429360804891896 1103.7503399897723 0.7147949103326274 37.48738436449641 1.7567811509585498 0.000216773477196943 0.009356524516336331
5665422474331256.0 54.76811027267519 2420.8911084285155 1.8833869867254487 1037.3384131929492 2.015709317561948 0.0009535266621789492 0.00985212255612258
2196747097697700.5 2.7673952483291018 139.61014209870433 -0.35856788585822513 1240.2913466535322 1.91535741226923 0.0007329340802591838 0.004003282518504165
111720413189379.39 42.34858533331631 298.2428041061999 0.11993025392778733 86.21834464316137 1.532485562772305 0.0007439389440582884 0.004349340136896481
16822986499294.979 71.15473425093897 40.15592186227905 -0.4491622439110281 12.219989818375964 1.6192698659099587 0.0007921325614183439 0.00058812482608879
1648501415242386.2 72.02214832763649 948.2260492248316 1.714086089438296 783.9266232052883 1.9601298961344376 0.0003839383187251796 0.0071968853924048335
453190753115319.44 56.50341732720517 1048.0776606333052 0.6682193711763813 95.65593355934288 1.6193690590716183 0.00013112686148270434 0.0032739921965859826
2513691643932307.5 69.74483223063723 331.2305690060724 1.3700260765156178 35.16777078218848 1.7832452069134452 0.0005593306030480759 0.006281857045088627
2156816953238834.2 2.9842941479745484 498.45852434529434 0.3450253826521211 1155.6150797286125 1.9715934580940393 0.0007095481272946885 0.008741502506533091
133100940307797.33 67.72681307084619 535.3990809913226 0.18254872582469361 29.40533746238026 1.7884615511401636 0.0001206728782840516 0.008642913793200802
23401065459563.3 67.37807751913957 16.698687283655314 0.1350170823126824 12.403071492672892 1.6551423258195461 0.0009375833088823266 0.0027621409765202906
3.515775792648931e+19 79.42403663185222 968.0204337066765 1.686131900388565 11.079849301217664 1.6285624788754278 0.00011492211914211637 0.0018995669950167314
3742480578165021.0 59.09956734359232 2425.9363970615477 1.48448698836554 1939.9215970080973 1.9848017692810132 0.00051953359190671 0.00651847218226123
36950924057170.94 59.66790821978834 461.8558565584654 0.12413465506365727 17.22916277614062 1.622660990981648 0.0002729946624658602 0.009633285730936166
6728750927179542.0 0.38114610829838114 1327.21395152282 1.1565064352703114 2239.550690848158 2.0698875784781223 0.0005022710593835387 0.0027048787032164633
33378895645284.734 91.78266564635719 178.99146939985832 -0.18997535847569202 22.728036768736686 1.6785670879676824 0.00041394292283806523 0.004313808302576629
3895676660842163.5 97.91511664896933 1861.9998143348369 1.910110002806956 1749.3913234048346 2.3797349690412375 0.0007179338019993383 0.007210313393747673
2467568247113278.5 28.845061754171 2265.711294836673 1.0075940559592995 310.08771282757016 1.652666420220273 0.00011094893732932567 0.002293826137290277
197647435326378.84 21.691347716672993 28.386170849835587 0.7211002462458314 77.16146087773734 1.7378856517216443 0.00010887290982989136 0.009082526662949876
2770741058682782.5 39.45806684161729 2677.5812911002567 0.9166831567612228 1163.1609435144064 1.6864524464517543 0.0005625143059602859 0.006801082046050952
387226522704625.3 55.30220808467424 459.42884748856085 1.1597040381869557 111.69655313955975 1.6014766634066906 0.000142081385017741 0.006049190515942218
9310269890272224.0 9.78233449874542 2429.159484521884 1.5992661257342409 830.6560760710295 1.9669439911221076 0.00025861410363189186 0.006504773694146189
2992376873457976.5 59.953639359762526 2915.0555636043523 1.0392689915259208 1209.092508133962 2.0368258712626504 0.00032009640535497004 0.00830057781583054
606420049063228.2 32.45699617262662 24.148443840125047 1.49533068223773 13.779098957694623 1.8525335384156796 0.0001388363037105325 0.006449161272484934
44462919625270.71 91.3527789654922 11.561688320259698 -0.16841170465354427 21.932964468911916 1.719721435290909 0.0002844495776877292 0.0065670322737447235
207388187309431.1 63.7398594342326 103.88476392507224 0.7765281840754977 10.512297499380418 1.6901532804391064 0.00013763935810463056 0.007802145617052096
1729312261598296.5 8.781744234125103 824.322694676619 1.727144221420178 811.4352437925032 1.8012195594808715 0.00032447067446372374 0.001536580574470911
68067097073317.69 31.2324548322106 117.9824519468808 0.4298831877829928 33.53608662040649 1.5728228175588366 0.0003321909102766161 0.004816683566614684
2652965780853361.0 7.704719662472812 914.9040612287945 1.8883413484608977 1376.7750700998351 2.0328101142413675 0.0008365777521697098 0.0038794043591381094
4294933439075532.5 13.719746180191269 2274.1626058156285 1.2733958792718927 1702.558326773712 2.2144899496220476 0.0003259045674626685 0.003598472821368494
2065909203955919.2 4.238798940977766 873.1998610419495 0.728611455062584 1130.6269476694174 1.979331442105359 0.00028036612186223275 0.0072587467786860045
780220666266365.6 95.24335728521018 544.9584410831075 1.173145991679068 46.18653050525135 1.656027369828659 0.00020441535099801635 0.0004180570688053723
124920476202731.77 99.46590688967763 546.7619920070091 0.2180280827241594 80.91894538644146 1.5797171228754439 0.0003016482882645173 0.001346819558860731
4.171443179871179e+16 50.67010704976332 1170.8580257152457 1.8422591304008025 69.5048690093946 1.6078385119364427 0.000424836971878303 0.002567076137570982
6795041356044216.0 7.119332061978739 1962.4578051118174 1.9340249419300444 4261.572755978613 1.728370142864655 0.0001808156611285163 0.0007800762986279203
33898022578222.36 37.861277911120816 20.867299098548422 0.5977227508970238 12.283100180045517 1.6058569953874495 0.00012633982487692975 0.0009267870181316868
3766413072054157.0 96.01788967289646 2294.7923540072716 1.5393302971016731 871.0722701734186 1.8702325832608961 0.0005674920808829827 0.005369900888969897
94422080988046.69 54.47707160176928 19.879888475020902 0.12665059693073655 60.36443571689035 1.5820491708965825 0.00024010424492932334 0.0005411180757257661
54001208404225.74 61.69813577305941 45.061952031719485 0.2837214534348079 21.189960813309398 1.7767644642824751 0.0005507479085584373 0.0003245154215328252
7.535132385198214e+16 61.8392647866407 1111.3859536674522 1.7609735103826298 79.32575694041287 1.994624957623143 0.00097019093918983 0.002683792087727835
316361820308969.75 9.75066590143317 18.794936993837247 1.2302213584271444 103.18650161107901 1.6314938788646054 0.000318193817222066 0.0014608358906894126
8.618386796724525e+17 15.98656997009144 1031.5224874411097 1.1012134824931201 34.95051758922015 1.7527097637828029 0.000759378063010128 0.0029024951386983373
66961103995807.86 58.51734382369679 30.960192625908796 -0.4300671222086385 29.905899057995704 1.722714296637578 0.00033799322246652825 0.00738338466224431
2.8319489735447896e+16 51.70301664638886 93.00010082727617 1.8233243302813835 11.424131768246214 1.7630563416507368 0.00036374381967615543 0.00974918719515139
2549944391504704.5 64.12272247132444 1827.3317252802667 1.410336481423528 1528.2205721988441 2.002863511163208 0.0005280807926189541 0.008376804974848297
4560361511904452.0 56.23471380378855 2341.0495547033383 1.5327819182340883 2744.670113912042 2.364550788519283 0.00027990179012399823 0.004164586973444766
7.560898128655823e+17 26.12612738751782 743.9733001957575 1.1334221546610983 16.318515256955727 1.68948719096637 0.0005612304784971951 0.0022288486612192593
26386443589967.75 51.10572208199492 328.6924886329847 -0.422701360079768 22.482354249529998 1.7041664065466908 0.0003767772443514695 0.007191422143302465
4935739770201851.0 12.30544258612737 2821.156264655326 1.196992606000197 1134.6641672667542 2.164044896513998 0.00019817628251093104 0.0007056110082606943
461154545217369.3 84.46072499162845 223.9146677209217 1.0491475756558755 13.59034100151629 1.6200027113445112 0.00017533941944314232 0.0030827695273295116
568655405084464.1 27.258592021726656 892.7150072099462 0.46523311249279387 97.42033388742217 1.6899804756539607 0.000963709165429773 0.008416611366383962
3595984676379457.0 1.088360296478406 674.0740018693419 0.34651332916337024 4636.72878733367 1.8066359710009288 0.0009484078488227674 0.008744015218556467
154390342749878.66 56.469496756236424 25.36793203968926 0.6159357739781837 90.56456375145426 1.6489190928605688 0.00015996111032170283 0.006934255211082833
4551520758942895.0 13.07413991370009 1984.3360501008171 1.70205828954324 3979.090461889389 1.6952796562194354 0.00014047324084079062 0.007255818387997397
8220502320940225.0 35.154923996027904 2805.9231714090065 1.3577446659648371 456.59848724616927 1.7393094079221545 0.000130476512971749 0.00885635872350382
4975384257165454.0 0.7472868945837183 53.221248171970956 0.250772559478775 1207.032101516613 2.064671292410525 0.00045175093794943487 0.0021529524273575197
26430259838594.035 57.312071503104676 15.294275518477912 0.04669443591648914 32.16393245681589 1.5242440299437816 0.00017411815280200853 0.0027634907769186457
1080701420060702.4 51.41879546557895 830.9261219522353 0.9845065504589552 447.23602416990025 1.9676396493518278 0.00025235061674184144 0.0019085187499011304
1842706749614857.8 39.01073143886113 1151.0324181900444 1.9046097622485796 878.8486290056168 1.7911060288574037 0.00024148983730486735 0.0066749881582963445
562019359045027.0 19.86776947432172 213.28556083429967 0.42377442013319333 328.6796950332777 1.8223310620374014 0.0007832453905918606 0.004029041349815777
1418757309153126.8 16.65736553830029 133.50900620559108 0.7761763080405584 34.27842724515071 1.7475638436921372 0.00030281386121488687 0.00848269001073609
1911091112256475.0 7.456703355945649 738.6660181797852 1.316563569325985 534.1567957028545 1.8988300480097626 0.00038575614882438105 0.006106059700500497
5816117795820300.0 0.588074367611366 68.99111672906294 0.024582539154144933 3851.932168358862 2.8076873965363878 0.00010541079568499651 0.007532915350715481
8911466537981489.0 41.08596581639404 478.66011364165246 1.187627664808293 25.586315820475424 1.6564966811553528 0.00018679813112577526 0.008564943376488377
1.333102540614206e+16 1.0973077052240021 287.3487896999804 1.679949525756181 313.35770355799747 1.850994845973677 0.00010432013553564058 0.003218386095630588
119808045746999.1 32.23002293787009 11.200239450359625 0.43892460034912517 23.492948584020052 1.7713274196299706 0.00011684423132421409 0.006923722372405025
1.8095800826667872e+17 58.430770486067615 2050.5428999645915 0.8177191515836556 11.888840454812296 1.7882746206140487 0.000800153757871499 0.00374397745352273
257298272748591.6 17.754662586042315 62.6891122687833 -0.31738771197763516 93.19977093869433 1.705380056206038 0.00035472878091299606 0.0039723306449283595
1.6384182768277954e+16 49.80900012945912 91.27352932363414 1.8090161764358315 14.241722753440593 1.8043436492124925 0.0003126932857070126 0.008835385122074817
208805794066200.9 91.59826873692184 92.28790982104175 -0.33371849198325076 89.61117396030758 1.78370046126841 0.00013923752983273545 0.006136008559416938
1.5092088094982876e+18 5.322895112856887 683.747259272575 0.6727490932365221 35.300559007651195 1.85944773039039 0.00017173184524949274 0.009524905499526188
3021445072862130.5 99.43454293798877 1471.7760250026133 1.8636462111671708 1450.8603367424826 2.2865005075823737 0.0007357627787010751 0.007004388889493059
888815019144769.1 38.09160151801222 901.7857192730087 0.9806275652096245 449.97307270728624 1.5821322254073074 0.0004551678675300869 0.008630289701218128
1.5481749756558537e+19 20.20225848939112 133.7626974896714 1.9714647864974646 13.475105845054463 1.804227403656547 0.00021135220014581777 0.00010365154758202634
6235304213579219.0 59.15536878419239 2502.0515798266006 1.954023177316306 1610.6377166882824 2.2994523387256613 0.00014137920158769076 0.0016984469430882925
1.1944458784493392e+16 6.6813582131501335 1878.9437219972585 1.0429258262688772 376.0310970821408 2.012271427822976 0.000163968485368591 0.0069303674023021055
5446856228555053.0 47.82089340759125 2346.9180133177747 1.976729592173833 2083.426813354957 2.2989094312133274 0.00014170183897367015 0.0022460427926800646
338152150887972.0 28.4050058397123 60.26949295984264 0.9130223526938598 19.15518440680485 1.7189779446089777 0.00022116224711620863 0.00740875615815139
4733765183124360.0 29.555134772425788 2195.3082811811146 1.46527190261833 1004.6173716279714 2.1416776656947674 0.00011801311776794492 0.007783161203607339
1.0060526075667282e+16 91.7880916966346 2682.617142213643 1.619798902472185 419.61905848410777 1.9158968120852924 0.0009282361966875888 2.155404215909069e-05
2.0739098178925133e+18 49.04849475212116 2681.231684198237 1.5258768861506709 39.41568782442759 1.6316787262757202 0.00012552226909747988 0.0028999679131511587
184682368812615.72 95.08997322418982 2339.790533850496 0.2936173265762829 59.91022844614268 1.608322594818981 0.0008145772182746511 0.007430416382742213
1.53600474248468e+17 41.56372801264547 1218.4490345769218 1.6387351838920208 60.84311599590791 1.764324215519822 0.00012300285397814692 0.005960117337213759
9640557863205650.0 90.79998777791317 508.1860935390484 1.4284790685789805 18.97895119908934 1.6175341938435754 0.0002939198560162481 0.009405376675735055
1.2647549500209036e+16 94.57624593920214 1735.0759373636151 1.14632741214351 34.42554929681053 1.698985099213227 0.00042723549929684946 0.00135146009379813
4.7789418646888136e+16 81.68697921578718 1786.6162778340204 1.8110119609209763 118.15614530411601 1.862749000012515 0.0005835786816950756 0.004454385093403902
4404555036016184.5 63.96025623453366 2527.82893892844 1.3201428334457868 514.9875062965103 1.9078578726523832 0.0001613664535524701 0.008617039134844186
4583838827742696.0 18.416005547192228 2031.4622365240552 1.5160553554390883 4817.735754803034 1.169839331444836 0.00011860294480956415 0.00809528257960964
4041333053101659.0 2.250351504523664 1154.106616701919 0.7072644107726767 842.0521255163882 1.9537891345343865 0.0009079432030813947 0.007891160706118616
14904636661811.15 46.24322019087186 10.020207188597094 -0.02731500937038578 10.363082503198498 1.567499649016881 0.0008449939928410649 0.008099706746061808
2186871497868598.8 4.949077148540802 683.3974795278971 1.2208372756361736 304.5489875990754 1.6501385552343506 0.00020625251066245829 0.005704263157530629
471799072430028.2 15.086122348084587 475.74101835442565 0.40269594756456584 174.18260004471566 1.7612740318187694 0.0008836606134899341 0.005217989516866147
32899424180652.938 31.673884058431604 29.797529395135257 1.2957997121138487 41.315733965572484 1.49134045879548 0.0009254579150512328 0.0021972968710706675
793943236496316.5 82.17694874002136 1086.815091736151 1.0685737258670156 113.13024391655105 1.518689563498191 0.00011582119624344042 0.006958898733576879
6.098473297558854e+19 5.15819796409783 250.60093418072552 0.624260007223224 10.170652483808324 1.8568806218682785 0.00030254093884052205 0.00033095552940788035
62370125284305.875 71.85542942913543 30.695135660400826 -0.2912380513882733 46.14498551802846 1.5723187348240217 0.00010625844622846132 0.005534216201162704
5423265347560283.0 33.02099880108142 2350.766348872387 1.6435842181810418 3546.8652118650007 2.12159560305459 0.0008945956223550595 0.004875106723887218
7548636850830087.0 21.817773341347348 2017.297350351372 1.1582042090602327 201.90039683696622 1.835049629502639 0.0002908550522877747 0.00891707941227398
91460651842049.77 93.29418006260585 33.08453504969115 1.239072111596124 52.42164047190836 1.8253229600918663 0.00015971274527909574 0.00626615823169834
269062754249362.78 91.05650122547137 352.2839159101179 0.7331784732843225 26.517048739881968 1.7298257377267383 0.0005085687898226088 0.007291011131660403
3635640022207365.5 2.382288778599907 506.1533658989795 1.3547698343211543 392.6713655025521 1.7549856809297204 0.0001496155070065216 0.009660579179825025
8179902444423330.0 0.2959848397319007 29.914147182378983 0.011005000573726997 1747.5833136203594 2.1437911303918047 0.0007325465177867152 0.0006436653239232804
1879786627403594.5 26.10661138693262 39.71430714820187 1.3638644966798115 16.682227310150324 1.8797114745216883 0.00012127904808039081 0.004853698263487334
30643803926926.023 26.664620342792922 607.1952272262392 -0.21273012401436442 29.691394068242065 1.6130346749884157 0.00010052161028902293 0.001764266512344194
4.95249922950958e+17 31.283037765090924 2437.811081128589 0.9880746750451174 20.96525390063066 1.629558447872324 0.0004560367389989943 0.006195751381947633
89907724575067.39 84.59104027565255 19.703057650512005 -0.3562911022896218 27.548046804181883 1.8247496427455407 0.00030657619257978765 0.008248394334810715
2495099858321344.0 21.620400884891186 1194.3842004418018 0.8083155501605238 258.90958838954344 2.056037770492851 0.00022920635497181532 0.0069288248035276785
115658382237958.12 71.1774463131852 14.670103414146807 1.8517434599939187 112.86240485025209 1.4474106903005257 0.00021675646878661518 0.0032759517679898406
559281340174227.25 13.251120394787952 36.638612148485585 1.3978764871442335 34.49811384379304 1.761595709962509 0.0009664411748077671 0.0005321089465152064
80872946311494.23 56.90074849810321 42.771020211332285 -0.48413861370221944 50.92709299987681 1.5893606982842488 0.00025843921181077217 0.0029305415412186372
1.082010092274911e+16 46.09566627506885 2210.3342821595793 1.9611658081429848 516.2262885138412 1.864123629923271 0.00018746463931303562 0.0026968116463370337
9735181185539752.0 33.197461002610154 2707.2561786263095 1.9987613070935513 1162.2455599055736 2.020867333290904 0.0002306192366240621 0.009879007809979167
8233598113403012.0 47.02611754275038 1445.2812973162627 0.6050498688854501 10.420474170697588 1.7009199536507837 0.000639795593318686 0.008671405802580603
114934058875339.89 30.603910153621605 22.255738380520867 0.7064872183052003 47.09182847081991 1.716037424534842 0.00019340778150982087 0.002574344776163571
113599717275441.02 47.50752257156417 252.29977517158392 0.13080469802961003 48.495294925022144 1.69352025013966 0.00016064491354053287 0.0017680579831312357
8886786171926852.0 28.877779646893018 2934.917732142987 1.962123831803803 1554.313134022754 2.1313715804110256 0.00025560496100188423 0.009576688454506948
1.8673617193735747e+18 26.816605367269943 127.80601241318917 1.9286068423099922 14.118711323088126 1.7997837250285567 0.00019665344062446004 0.001564176400872085
5465959155621778.0 12.25198637502043 1761.471619441196 1.2973234988089344 373.0495938587357 1.6420615466022355 0.00028837128231880575 0.005464821700637081
2403656983661270.5 55.76064992590476 1592.4372445512631 1.4177901002742004 1467.6222022959444 1.659696184028456 0.00013751362765088113 0.008321778171464242
3899639456381668.0 12.345958369582796 1895.8446800991996 1.525777061919084 1353.2416468158551 2.217729335044261 0.0005431784980385896 0.0005492471197563557
24467122148800.58 50.22125090504551 1035.704179186568 -0.21109528706408787 27.780914874016126 1.6592041140734872 0.000509585008156668 0.00404402413529751
601305409206926.2 36.95422090462441 826.5078289199473 0.4194895505790812 262.0246877076794 1.7478421785305074 0.0007149758092690102 0.006369596894963782
48916252982689.75 49.230607266277396 272.7930489700586 -0.09816157645999013 20.491241236698887 1.740283704282351 0.0004573983088491971 0.00575402108996732
234438553570171.16 93.77685292326663 551.6876252092766 0.6020030322532609 21.91229676282721 1.6965557073833013 0.00016448668594110514 0.008002615600772929
1118333616847822.8 11.816389195643405 11.11746990503408 1.453679525148976 20.486099423138956 1.7820984148537586 0.00016511949657388157 0.0067610878069059395
1.1003316538249458e+19 22.861643922488895 141.71860737224782 1.899122862025026 12.697303000086661 1.8015287326400016 0.00017878858084769474 0.0002105154228139389
288864719830900.2 64.48111038300685 113.74559389925035 1.0981760686636142 13.872321951702284 1.6299897493331463 0.0002351260557664687 0.0035314623380739464
504026840237902.0 43.3396032611181 488.57714134515555 1.1508815470789462 150.16271840364834 1.6094524063592712 0.00010618806248801896 0.006854435412599272
5460512375890533.0 66.08646707463843 2930.188393124131 1.779799284809558 2589.7244685971905 1.9394620133777827 0.00016550663329556383 0.0017566794803472647
5.335802717283648e+17 21.182849362226804 850.5696287317674 1.1660169975219952 30.78642575649948 1.7320530337746673 0.0007088843017966178 0.003587954815528115
68087889742614.01 97.50522872007832 37.61271914623027 1.8582948829498016 73.64477209789948 1.5769419165234555 0.0002811782997246888 0.004517412296852715
2727786055658475.0 3.532336123455545 62.12448811949162 1.4781900201520866 183.23844293791097 1.8640419904453458 0.0002537679410452895 0.0068343451891517675
9417758689261350.0 1.4320610452314497 373.50755710779134 1.6084307284257917 327.1932101124082 1.9203897882676113 0.00012075453419492505 0.0035724508652197834
99927461514320.67 42.68846779381837 327.67432900641677 0.144388161439843 76.43079083043938 1.5276729484409075 0.0008125685644200252 0.003958129634846384
544588552940830.44 89.63182869573691 288.4617865804574 1.0502366046465155 10.822352644138508 1.568372235623194 0.00013394544447580667 0.0022025129859593357
2064491273491462.0 16.544561158792373 1259.7304414470973 1.3635537746749762 824.6656484451846 1.8558661457721393 0.00040489099171533174 0.002679386722805768
5128867202561785.0 30.910358174224676 2505.8728601569464 1.5887542432575417 2572.676588950103 1.9705524443982068 0.00048865189761473 0.006015379175375785
3358922039364694.0 70.15699463493559 2137.5889253710234 1.4517673424502358 3409.6753174610744 1.3859235013903126 0.0008229201408719582 0.004989080818610663
76637143720718.53 30.676948182966424 25.99867758127179 0.8401689706806162 11.379621490298586 1.6474786916814108 0.00024765763327936203 0.009172926025097634
466379704729447.0 23.30736626665769 216.55886622358483 1.0144717870298803 316.7082378490573 1.700187425279851 0.0003819535640352924 0.009770583558641063
3925646010301865.0 9.902364051111208 2225.104698134558 1.0586388284825343 1546.0050782116011 2.169694790815082 0.00017452460864698306 0.0005198753095734376
445822959354658.5 30.759727094485534 155.76024591888944 1.2901124895260763 264.45092133250705 1.872364820145393 0.0002114700355409464 0.007655774072582286
1360941160014477.5 76.93274538259442 859.95377156783 1.6063363894146376 116.9172420058524 1.4907964804085303 0.0007371953091149478 0.0019292016616638567
71572073665080.94 44.709344218874264 41.494722060152505 1.950076247124562 64.92311266514149 1.6254272034626083 0.00047907612907922267 0.008660297909602904
3715106793108121.5 0.6074100864899208 29.12733244538434 -0.3570589994126201 3338.9162264833753 1.9465845896087133 0.00022857632676921697 0.0030886751702090265
4890595504294684.0 33.09275914249132 2366.048654290469 1.4928665982901077 1046.3361520163562 2.1375467288909347 0.000119006408047165 0.007787099742078795
28753092507261.21 77.6437840944798 341.20095212930795 0.0350584724114833 27.53586560323387 1.5704617539358146 0.0002985040790795028 0.0023687280079966134
62286271803476.914 45.14197787053929 14.077265134251578 0.9874341116863191 48.5974997359091 1.5414123252975485 0.00023392506326058019 0.008610257217277944
4165072943204449.0 58.786489051841365 1700.1370728014983 1.6992185647142533 470.369541406176 2.0479421791521166 0.0008599342064847763 0.005869025638793641
1344235288183548.8 16.247843134613895 284.41390398790725 0.40652043111731717 27.814632725271263 1.7204524564165957 0.00028623224532922886 0.007671072729553054
7527702020117132.0 56.51254956898262 2965.110643560628 1.982857131568654 1605.2299195418934 2.143650607561301 0.00015692923434617353 0.00030393668326139135
7.421802753538741e+19 3.958975780090593 348.55150767723336 0.6005996851787644 14.33741956514682 1.8991935118276655 0.0002894777816413434 7.728545508995342e-05
771615241211790.9 23.51232908404077 646.9323728484626 0.868880987077987 162.06737930353765 1.6652170322197304 0.0006608357609150005 0.006767981762006919
2224477157656018.0 61.33863644267285 1933.9168538858835 1.2258204369144339 1148.683995951173 1.86857970949169 0.0001925865600459311 0.002057094314910116
3415524409247117.5 15.563893385772607 1931.7759302613358 1.3161815839009046 1308.580274858808 1.7760069297408143 0.00020024670087464996 0.007565286566479
4067862083161754.0 42.32110115094426 42.66847937827926 1.6917884366251672 12.166599612770344 1.8776444800046077 0.00014276622292440106 0.009929011609018962
7654382899651214.0 38.845594350836805 1994.6753853317452 1.9264544524225355 774.1729741251913 2.280669839977066 0.00012576837341721217 0.0009118340038096426
112215058842111.47 19.18813953916107 24.863368300577115 1.3931859024037367 83.24345986705775 1.504414674766834 0.000623262549447911 0.006629544182095506
222509357062895.0 27.930272492287386 41.61053878667094 0.31205188380315807 82.18099719970863 1.758547342996607 0.00017948955065973682 0.007289326377726909
8.320366922510368e+16 7.578947873153741 78.56894206774255 0.5825187339842188 12.731397164296336 1.7368034243542945 0.00017821904718484937 0.004455620655675716
1121862898492596.2 13.461687303751404 10.867874123114259 1.5249348015007125 15.659918014763809 1.779486652493563 0.00016679295102847667 0.006982533153124262
164220411421991.25 15.131392262202816 105.06498111707513 -0.26665796574199296 53.46920988161502 1.6506598467971285 0.0007691754638800578 0.007624952026225701
112870564990924.73 84.20099564468582 191.15795107813446 -0.41393045716852583 33.13694296456948 1.960357484681496 0.00029056701602690017 0.009913704211101396
2366762592694936.0 18.46819990980792 1351.394277194851 1.7893336401027327 2254.252443426872 1.5721692724950143 0.0004981016050583788 0.009770180203102819
107205220027472.27 14.75379226415485 92.93591425081077 -0.19928231801761354 28.925874855406892 1.5735006239325606 0.0005310335955499172 0.007579076442389296
291098885122767.6 36.17094022703631 10.03359959525452 1.7503988252984408 150.88708765124213 1.7329506327101503 0.0002669749826406033 0.0009811788880322919
4791779952448976.0 18.495026309116703 135.23425039203963 0.8905528596765921 19.830371356387467 1.7008539403562912 0.00025869582304740977 0.008523371182735311
156457081080255.8 98.86581774834973 67.47417687114842 0.1740766379120655 105.69831881503 1.6827585297112897 0.00020352035216327652 0.0038176976046870436
2.0052083281034838e+17 39.680348035020415 1447.352529809979 1.7474373250019677 78.02469499904306 1.8328090245845796 0.0009381697661419319 0.005493863549409977
2289868426839511.5 10.506794726820491 1499.5940391952802 0.8753772149440944 1674.3599168620306 1.9883893251636768 0.0002578055730130375 0.008848661646847594
8072825327563721.0 15.367423557935325 283.4671331557451 1.37674689545618 45.73636167942655 1.651208920564307 0.00018336913453625037 0.009838124807760818
5344539299954078.0 0.2509607012639137 75.9143867512988 0.09312356476928718 3697.182483976268 2.802684795901765 0.00010624843521458653 0.007420735587990582
24290731927226.27 74.63753557774615 28.35441866168976 0.5984127750553476 18.92509771779407 1.6174105832270698 0.0009722092733224916 0.004457612454707092
622703325323306.6 18.30166555707074 327.0592471519184 0.9922485229578017 365.77623937158836 1.8172744305297734 0.0004573206543826016 0.009491267105813078
15918043396486.959 94.07637898404198 33.315320130629246 1.3286613943175678 39.20582390707615 1.4656534417727278 0.0006927860313568722 0.009361524475333586
2375016158426246.0 9.086756926435903 1303.554070637604 1.2902413088569287 709.45259790059 1.7257893318050368 0.00016962729004331412 0.007177886663149231
3447059162500874.0 5.958699107550947 2230.784905706959 0.7315026102413239 2267.534692681101 2.219551464983074 0.00024231315217017633 0.005203740761005629
173818153604713.97 33.14431534062978 21.86478369601327 0.7010984972285883 14.32812089741127 1.8185885950806953 0.0002670062271013481 0.008807966979201028
5356934022358251.0 1.7724076554741544 2008.3532635985312 1.2068362163445732 2834.3998514034633 1.9138196703794126 0.00019737343972322786 0.0017836343120943615
2909962609494319.5 94.6939214644832 1992.8568519500031 1.5524669999879366 1151.8500270170634 1.886720980237154 0.0004756347324502403 0.009116026393194475
1950964228258124.5 82.38445310501194 1175.8539761194816 1.6303188088577942 608.1521367466017 1.9438458729478345 0.0003693263942706849 0.007289626377290997
3379943233865254.5 7.175349643671062 1157.920330971988 1.68579424141239 3612.7181969587764 1.527981784209844 0.0008847118107071678 0.006313418722113008
3424869905490670.5 40.23901400470242 2609.3885142835584 1.1218486265242658 376.67678973399876 1.6547842017904044 0.00015030443629141028 0.008963059028445634
121632454611601.9 25.060062392878727 30.715057116007863 -0.4643300262025969 64.39049896149551 1.6175883465195962 0.00045608616014102183 0.004426042317378762
3737431106146346.0 63.82321042325575 277.157182471735 1.4666201306959525 22.57825498377909 1.6509887676320147 0.00013398715928322354 0.007357705378844595
2.982675726101004e+17 26.220687132648578 2323.1462410098384 1.993618618874946 186.9587988159926 1.8887543868068069 0.0006256854115578372 0.004171674481448557
1.5910932122882848e+16 26.888403508935575 739.4369064518996 1.5841375155244735 78.40367400177907 1.6867933212237196 0.0002845454422271707 0.001984577759051599
29795145381129.23 40.394085494169204 118.30402848143329 0.23676003010689728 20.32454898826575 1.5693418491693438 0.0005299826313079318 0.008520699715391142
69650752716250.71 28.26010284802466 628.3406863302043 -0.17047479796711884 38.61780423981398 1.7005147712674356 0.00010418184762415372 0.00199666583351218
9686886203405334.0 10.072896941661718 2040.0430662079814 1.3338122870336384 356.8049207908405 1.647314223374672 0.0002632210973894604 0.005798167585563258
1099304969786227.1 28.218332911539818 635.2905894005113 1.6682169014502026 769.2020911295973 1.639403584399287 0.0008644441605285379 0.0013333347012356314
4601650816896387.0 24.133139308011785 2148.0243266962893 1.4338412430769223 2952.779649670977 2.1128160474478985 0.000625843837298882 0.002661565867939879
9.488233980831251e+19 4.427341346328385 280.8485959462994 0.7385655392648212 13.95067426597585 1.8999353311175549 0.00024875636583334977 0.00042964714702728446
80917537351489.2 98.84338023331568 28.470788154507073 1.2781344666486043 50.95124492947289 1.7691615195718466 0.00014439837362811706 0.006667608546005974
2352765405293023.5 6.595621147139028 822.2660461905037 1.7139377411803438 1107.3649087971721 2.0323032055661785 0.00016666612239174677 0.007981180489680377
6878020801205008.0 0.4365636215364894 2476.940439440543 0.36274628261535413 4331.172720129064 2.4766555445476692 0.0006930406806735595 0.00691318349563859
2102061727156630.5 3.1809615643886815 2030.7180496013316 0.17076357945257642 4574.086664564524 0.9545154281686234 0.0004735910196819796 0.006196726153117248
281890994534076.44 36.72687453168814 416.148541191518 0.6194972204679685 158.59749828275812 1.588869641416855 0.00025729292064727587 0.00802038793879885
18632816866086.656 47.74820411170048 85.96288111883487 0.0868806676105287 16.986058336550084 1.5267798769971384 0.00046230484989249424 0.008406264911779867
3608371335223061.0 71.43274719448024 2172.2805615391326 1.3709637380301418 493.99176060426043 1.7741582581430522 0.00020937857026032667 0.008901399668951112
64376954387697.74 82.70192083421632 12.820314236857723 0.11541711045738556 57.63742951535866 1.5381410401128648 0.0002125248661970342 0.009205514499964899
242201598984258.7 42.78570056454883 186.08756751938662 0.28709057162837015 101.44596420049123 1.772626799999379 0.00018188875706855358 0.008320687911135459
6.668695975139766e+16 44.75073783739335 914.7683868843172 0.9384232977376192 13.778812678938893 1.6823393413420566 0.0006899957489086548 0.0028509754122154514
176405741532089.97 89.88174777057338 174.1532396661816 1.4100222086272816 40.01387302738381 1.6378778388078405 0.0005531429322571922 0.008238877805847082
75481540440053.75 12.188460373490592 49.529457127727504 1.5388001769838948 95.78229572968758 1.4110781620408914 0.0006474578617804936 0.006411242978974503
4.570915597680117e+17 40.111711451029855 733.162627631556 1.5896874759585167 33.71677284942259 1.8143905457017868 0.0005456338590915426 0.0009598687488798236
50834647735052.81 46.37412912643163 10.120591891928548 1.3376476736288105 36.94986501378302 1.631922469038212 0.00020614042381193138 0.0023498604007427468
106935948493566.3 22.29589848544291 102.20246903739604 -0.2579924081419697 30.883515809058398 1.701360434682874 0.0006524404779684548 0.009724650316235742
2403656983661270.5 55.76064992590476 1592.4372445512631 1.4177901002742004 1467.6222022959444 1.659696184028456 0.00013751362765088113 0.008321778171464242
7.940670107553931e+16 79.92789436518895 876.1837683839665 1.067760137933968 11.655743521556627 1.7790653277745863 0.0006377548299976817 0.00846588578850921
81200244968535.61 30.656112389802544 102.33359093989783 0.9083683808643037 39.86452226783011 1.574050076144594 0.0003582125937090958 0.007813339290056516
279377533003884.7 85.21063448956195 274.6468658239241 1.4561597891973708 56.47526607524604 1.5373973707330089 0.0006954027737937471 0.007451915843965786
12947127713641.453 66.63219669183461 66.03501068399017 0.09303469257459773 24.616685644443045 1.4566568563997309 0.0008544838869518636 0.009053184953856637
3601307921673929.5 8.362842533854216 1457.2359631291927 1.7435775926895944 3089.3416765939364 1.6598611540899548 0.0003544980153415235 0.002573006425523509
103905663160056.64 37.33922705082576 22.937633096610178 0.7456909710822828 92.09254086122691 1.516842893650252 0.00035220146986719616 0.008735834920209875
5349105036780794.0 83.80353425713346 2740.841988502662 1.46459230102 2653.483821597578 2.482885949735742 0.0005122951131114589 0.004896965881062205
414408329107520.3 18.69668094647038 28.128661260424884 0.6030646902755117 109.24423862817626 1.8456938134469907 0.00012958285829352622 0.008243330512629755
4848290015811269.0 0.35967193457924473 30.88007209814917 -0.09697366453461487 4405.1026163078595 1.904502267414685 0.00024092247086525772 0.0032905072642642353
6325881253458339.0 74.46766667043806 2502.666726624538 0.7722636001912563 17.2439315509505 1.6376650750432296 0.0005137199828205135 0.0011748760021201858
1286978103699354.8 16.180605898423845 760.8158244953221 1.695756376967117 505.8124217788907 1.8237054706806157 0.0003131366063946249 0.00027821803443475843
4923194255999025.0 0.42502600546688996 86.74737219504313 0.6182618834094754 2242.4503204651423 2.351557071707258 0.00014475743852690115 0.00835899246199292
187120202522974.84 10.653933928194565 33.33677811999379 0.20080983840967284 44.266805748046565 1.540545101237829 0.000620142004518107 0.0062312522692179895
84245449537230.22 77.20784393031168 30.05592208365767 -0.033028019194262404 20.33455911605872 1.8206029133715094 0.0005531889143224486 0.00473983270356531
1123981988302190.8 26.54697279997509 709.7610712811007 1.59526653536339 385.46498407417016 1.7721588498236285 0.0001998668065712857 0.0035016004702573874
9.304276041600731e+16 29.874343244403097 1806.733205315428 1.7170538511042543 159.55113496581168 2.0590965994309625 0.0007535676744615894 0.004959295983530972
2317514557863366.0 23.691984367189153 1274.714909802049 1.7562612059927032 1212.2807951276745 1.841007331462849 0.00010315095889166126 0.00991086785888631
165820823050414.06 15.793758671610647 373.3229108957936 -0.10557510385751714 53.54294061240453 1.6833731708297603 0.0008257411454919513 0.009592151037127624
4357494118680265.5 71.13712497452663 1509.7838861645216 1.2026660410920882 56.33074668836558 1.6428625855803556 0.00040041725691058804 0.0018149557898114372
4906144801693281.0 61.18777642902357 2507.8710021083316 1.3442826303128226 540.0654321403883 1.9106672897845243 0.00016244011276186955 0.00866724097146044
4268935636019210.0 0.6493461603679482 11.337702289095494 -0.0661850920633138 3157.325327932585 1.9307567868460276 0.00014915151511029218 0.0026422243747729803
649216148145281.2 28.043633646535877 446.9654459678039 1.6040661140567936 278.84903830775403 1.7364013914271 0.00018592179717763426 0.008029766651850165
724043383209931.5 36.60062923734456 602.7273216954183 1.4316476278418269 420.246232489128 1.694110788399564 0.00031570391546750765 0.0021637964246936452
4644631842575541.0 0.8796877606945394 58.45267485928586 0.21787127198323297 1797.804431032405 2.154909569748369 0.0004875284088079353 0.0012940471304632283
19195972021077.07 93.80677775309879 34.52469260406055 1.3271690084711203 40.451199948998834 1.4636027430525929 0.0006766632529618964 0.009276842831302236
57947977277203.305 64.53887109806648 244.493495662544 -0.13137857195488922 37.44589916517157 1.6474741523625531 0.0003031785324430283 0.0011794828994868346
6.757368816371943e+18 17.135162118228536 633.6569915454671 1.4717023471082091 26.405257057942933 1.6928756618191563 0.0006990384062762371 0.002471857441367551
3598832265642858.5 21.146435267782866 1477.6760587409885 1.5867064130253055 2481.0140964160623 2.157324141555706 0.0002545783984449337 0.007714910381741626
3167378108956217.5 58.18730321849128 1407.2993970412895 1.7588327938558281 4503.088988341108 2.7611768653938933 0.0002616372983348502 0.004397690181436518
374363056307809.1 86.4437230425432 170.07106220137015 1.0699175409238828 17.539375476744514 1.6931666715546694 0.0003101963064028105 0.009747797087808218
44083075356830.914 85.45285727255389 497.7392733004321 0.08413434787051768 16.284113452336065 1.7103674566882323 0.00010538869488226547 0.0073890078713246985
3276826243369977.0 16.756174733873635 1692.6821801307485 1.4203638707073454 3270.914642662662 1.6352622052305377 0.0008888421724262244 0.009286226445594962
3779262313328628.5 10.0947606786481 2285.299005539218 0.8181021386887379 811.494010562873 2.0463947295155602 0.00032048894426411786 0.00903411425684411
410442359045477.2 20.209317562947298 195.5272346455239 0.8342959653552464 227.1785738771991 1.7770758894781378 0.00038379425619575544 0.0012835627797259984
2887567224517059.5 35.46208155853269 1752.6027782596452 1.3764145693867715 3435.5512767485648 1.53087996416371 0.000981445768903618 0.007912208003973093
2857034381672174.5 31.895061680985478 1629.9600519423957 1.398216890445824 1980.9347809925448 2.0087491122881818 0.00023564845722656868 0.00707770531539402
398257120457037.7 65.61732477059206 381.82743749562866 1.9950644074133028 363.2029336744549 1.5429895755169047 0.0003226769029815838 0.006916316310696542
1479990400637467.8 15.978196726052293 865.457102596361 0.9086848592866215 154.77084393765273 1.6371665314620598 0.0003343640542567791 0.009061979605962228
122746567493198.39 23.290702501686667 18.407974782759357 0.33549029317336077 22.088984077120013 1.6977953670821788 0.0003443458290743832 0.0009225755287215523
3.609896130845149e+18 4.840854324473156 1111.6944445816316 0.7481476710564314 37.548128694620026 1.762288865231514 0.00020771416950877243 0.009432866489133006
23120104776051.355 31.0448491326793 172.7740942127362 -0.11842117072010491 20.154057603984118 1.5537011395715314 0.0008437421712971925 0.007559187720027815
179132197026488.94 15.485281433948273 74.06958878693064 1.6456479066273235 68.59091031164387 1.619216349304755 0.00010843437641659597 0.009264773187684226
3166407003588077.5 0.995434280501204 22.742049552692208 0.6545739106539024 1540.8068728111164 1.6843973291519752 0.00012337604438543447 0.007538762055431405
6354732355236121.0 1.7657237891629602 2037.6969808043548 1.1760384426441464 2967.2492908121435 1.89304619078835 0.0002042328968082691 0.0016669761844044406
1.8705921046634794e+17 40.22307047279563 2238.3216435488443 1.9310432551318482 153.70823135214422 1.8392194410612634 0.0005570595008603546 0.001832244377265673
269549537497688.47 49.2597689198711 13.717031388927774 0.5185107587091187 168.61447421570398 1.6105378463830813 0.00013507171068329087 0.00018589910065023446
431196577393264.0 26.075914761901508 11.552769130198294 0.4147665863397986 15.672257012652233 1.8739058189910298 0.0003505082719076904 0.00866128157634794
79169729569129.44 55.36787100719012 1710.7697346417726 -0.05279139353505535 24.885108060035787 1.8612065463925072 0.0005676190475799741 0.009850852972277196
2092762528090936.0 9.978068007492297 936.8102440107441 1.8533146288377012 872.5969762228655 1.9477472268484155 0.0003260255018324227 0.0014821009848653031
2039613692218481.8 51.83433203640626 1034.7794146827123 1.6759144211701598 1602.0938124159882 1.6421130405378883 0.000340947657728341 0.007044431375699217
9.715081493994664e+17 34.918547193050806 494.43874718549444 1.4526802803994234 16.96901972874032 1.6947356049839777 0.00010573094884417924 0.00941828702692506
3022506261626364.0 5.071502179794749 2887.6343657702673 0.4238411639472982 2333.2193730242793 2.3007600355118547 0.00030813830174452076 0.0048221373520470935
4715787295933850.0 14.438145280563283 1950.2247666246403 1.695302429909355 4061.9891435976942 1.672457432259674 0.00013776797065633925 0.007401869390547698
73367496319351.47 51.90666644507869 12.93723820922553 1.1392426276431764 41.50789080491574 1.70219319116003 0.0005556377303880718 0.00109114750945826
5.9390650828155625e+19 3.896606934919652 259.5883817146558 0.629790130632503 11.89498309926537 1.8196121130200391 0.00025964549593537423 0.0016658632229805473
1.0798655689234378e+16 16.402102848043945 119.45418088574624 0.9457520328028499 17.477968299111737 1.6812828659567176 0.00024437586937428916 0.007849229951538205
1.0836079140037634e+16 6.22046663391907 2176.546560260444 1.4024753025334267 694.5684984028227 2.184307731484265 0.00018405721566746165 0.00785897123107467
1641472455096613.5 27.54242937403315 34.20786393713389 1.3907298588486956 15.910200548906413 1.8720428853029887 0.00012281447304673238 0.004870657984501238
212263571678437.12 67.0610312579998 21.11714152685275 1.8947867796155893 159.55099757557937 1.4971547966732826 0.0001790218733100262 0.003671629488520748
790571813382623.9 13.898787693406888 354.99360816515264 1.7472309481234314 390.13500876186095 1.9083025137409122 0.00010629147895233718 0.0009081446730259278
171876443739144.25 18.028189075678668 29.222912091876893 1.003966391955477 21.939683706556607 1.654929048233183 0.0009543342453344535 0.0009489400613381981
2094900476847586.0 6.326418541869629 874.0370763111908 1.172108961833365 443.67070751701937 1.7797274373176384 0.0004397311102083625 0.007084654285534652
6416010602428386.0 61.08840113991255 136.98386833906446 1.720051623278881 15.707394686061953 1.7003477034881422 0.00042439615466674237 0.00928069922340649
721419856328382.6 9.542713938655965 83.93844660753479 1.5285631897606335 294.35817188984953 1.6939782538473098 0.00011130527436015518 0.007255886949185724
167345479946193.0 95.92313430797722 2946.338211535805 0.19637129934964972 58.061238262564686 1.6565748653322938 0.00039178037258307143 0.005226458455041076
2548511103391576.5 68.9937129517703 1034.1731380496233 1.7285957285149087 237.92861124779293 1.7778909514878452 0.000642684490992921 0.009524359476715245
2602855204890161.0 49.94654668448571 412.58532151640736 1.384706448335636 42.647571909536474 1.715537260728214 0.00014518285370212228 0.006930496522668672
1.436144671351494e+16 55.18583355079542 2028.9275477787842 0.8111884986205216 30.035708192192168 1.8552869871518556 0.0005310978083837836 0.006975611508342975
874436405304058.2 67.2927020295472 737.5391919056553 1.5863491070775393 161.8971251689092 1.4979914925796756 0.00015171125218385232 0.005107515686225336
3197983644318343.5 5.935787356935375 2632.0602448576124 0.4265164061914888 2305.881368903791 2.2838658567664996 0.00031024028192257533 0.004920534476580823
2813933134860580.0 21.02917431551812 1292.749041506408 1.7318256253166686 650.5131521273385 1.9549913057211727 0.00016281027961214444 0.008609381579139031
266668381943102.75 58.662052121083356 205.02787744831423 1.8213177283851563 212.1375417552129 1.7396513088364745 0.00010746529431082945 0.0020603154875716255
3.245973350456654e+16 45.67732822956618 2223.721506288717 1.9957036318593486 247.2549649205348 1.6820130153829633 0.00014825774800437803 0.004834799414498962
239660280167691.6 73.23725338395369 252.98881668092173 1.3559649686051114 107.5685884152628 1.6368665458060445 0.0005587455691447075 0.009338092337280788
3123943529960556.0 64.89026149943666 2528.042820229127 1.2997672841331427 1621.6267116210645 1.878554373678013 0.0005594996436923227 0.007261646564851708
1425893937546266.0 66.30008125782916 1177.1617148193743 1.1368714355871545 140.1014575076694 1.666335937149349 0.00010852316448223946 0.007857683333108857
4129533681391791.0 96.97267816987973 2324.4624019793264 1.6046402638665045 3653.1064749196416 2.744927100234972 0.0005374594439704539 0.0036399122077996567
125681853089072.73 11.972097786152588 344.424088696386 -0.36396923555094896 48.93583570162463 1.6612749451908082 0.0008661989653309452 0.009902113348812264
1.2042084866630925e+18 46.28422632565246 2927.048425337237 1.5340380569498193 62.49265993221381 1.7079859256341752 0.00011972397194878002 0.002717007150351409
172741568468061.7 93.21212297510348 275.221682152565 0.6962079200337843 22.826938899021993 1.7182717234019182 0.000577871205044096 0.006975108145740389
1941511640723559.8 25.46596515346168 1548.6733681442458 1.0835174721754803 1658.1563762259882 1.882108717090645 0.0004502364553949195 0.000558821592444669
425055257864842.6 16.05493198765854 53.75887894960674 -0.3986593471691183 56.306280610893765 1.8221299180968011 0.0004829724262629083 0.004907015331229833
251402437433120.72 59.553274028363106 137.88982078741114 1.0244299560020034 37.953646442540744 1.775208062099888 0.00017901488819263846 0.008807354956721868
3142301763464147.0 17.71342210302462 2376.2624687565535 0.8744235583287621 2189.346508511586 2.0147838507862965 0.00028012636762566657 0.006664011022468105
155400175742551.62 8.671152996804267 12.180685076259676 0.5519771801500201 43.69705748424001 1.4997213300567667 0.00020882261731544963 0.00641022797938152
6128675884632582.0 56.99083988550332 2751.496849361446 1.7730959110567441 2207.4529505804962 2.0559650603753212 0.00015278931079614803 0.0015241021413833003
52917565711763.85 64.27179314192546 50.871170958383836 0.46206675910350414 39.45523872511294 1.6296834569632523 0.0005219528145387006 0.0016675924715050358
9428789086779122.0 2.1383510108027153 433.60601792813503 1.636163105191602 326.87533080030164 1.9315787836859313 0.0001202786877162329 0.0038592006382628264
2851521047883745.0 40.197782685683784 1324.912916079748 1.789874117745601 599.3867140246558 1.8327408535165004 0.0002557141310674808 0.006608412604804145
1995552764921227.8 31.842925165278228 1125.5591263619092 1.7860387191054594 1600.902829155925 1.7118145841267276 0.00026470570733843425 0.006521864977586218
4.4253999238165485e+17 51.50035861278323 1761.6471308163034 1.4209228567642282 33.54047964667638 1.6960681626821978 0.0007056097319401398 0.008688454491206046
1481337030345423.2 4.93346674502682 688.2223303729318 1.0203721244392088 370.45859886969873 1.7864589641496735 0.00023480664331927125 0.009927870786361972
2348841161107226.5 66.86891345690613 1596.123259666854 1.9492689151477154 1201.6188012638802 1.7801091892811605 0.0005063159992921 0.00023059680183963593
4778896274866887.0 70.65587976868693 2427.219964846963 1.7340205380657627 2980.659012273391 2.195023668222257 0.0005277642812351668 0.007481374977367449
50707776026274.69 43.175916691064955 29.472991562007678 0.8577700140893939 27.596532893912254 1.6818034122775603 0.00044920604178038455 0.0067984359108271535
7724548668923354.0 22.02305542022106 2821.179582673606 1.9564019545323221 1687.759731306664 2.0250703909191703 0.0002918347141185498 0.009302313247834787
2103815434449864.0 3.4455130780255017 331.71744083349313 1.769140499690829 438.8473523677897 2.0612783457936277 0.00013561287433563172 0.0072019057566200485
110747692475891.77 60.79760609775203 80.34463310241128 0.5470826003133314 76.22255064664668 1.7012944233480127 0.0003432458725133733 0.0020763318159054515
9.830319071108278e+16 30.705922455648192 1572.2445582567786 1.5372588113881727 84.45582169033412 1.773911303690477 0.0005017199238085251 0.0024551373301312024
3809307305990946.0 11.799273854798894 1368.7037425583594 1.946550535367258 1098.9606448773409 2.2992471217802315 0.0004918063165736101 0.003091151454786111
4.9690012226705254e+17 31.655731955333053 1725.1506730015215 1.1990514578654314 26.899255773611653 1.5962229994153516 0.0006243448708892001 0.0072678082466243275
904608477186716.5 93.22706245214758 379.60959825621785 1.2321559915890483 31.41953740737601 1.665199917085519 0.00013574616367389514 0.0014256765755480457
37110792031758.89 99.94028453697587 1145.126622511384 -0.009687329674969648 27.936861840564653 1.6343977994331156 0.0003628797723562814 0.006306188972643226
2845236881222735.5 3.213925616088632 61.54588053466106 1.642882083811251 144.89070244169787 1.7949044044702875 0.0002289516266945219 0.006867263603360735
5688178470309250.0 0.3398330565457246 771.1848570238161 1.3724196102125796 1248.8407509253136 1.7775366452863477 0.00047179503757815885 0.004034755043987434
1.8493918271477916e+19 84.02903949496468 1143.0831684925136 1.866607646219997 19.89900970426495 1.6795378458210206 0.0001146705413067611 0.002478504489268566
74645118564758.25 72.78872882165626 140.17273970487423 1.4999419462052468 98.93847812388907 1.4686802252100357 0.0006689274935918156 0.008885944381445538
157337217119523.47 80.66609353010702 225.32883223034966 0.49462910047652897 10.070401838176636 1.7378270264162687 0.00025781487373028965 0.009920893309805997
3808990501535482.5 0.3130332919192247 59.04773458886926 0.21592783814080702 1991.1621781662955 2.170074921702444 0.0005082133192829171 0.0010401288772807081
5425923732081913.0 44.33426534456264 2541.2542770284895 1.532295508501314 457.96351570742314 1.7223524341748453 0.00010588253907541792 0.008527279627647277
258356648191910.3 91.534153230351 129.1132988022227 1.130468338733835 17.14131183431501 1.6731194453506144 0.00042217292660699633 0.009534677949503282
1.2145253795817448e+16 96.67519562077099 1917.2320085707356 1.1524836940907899 34.251399548845974 1.7040475663700505 0.0004160819848738112 0.0011941936287149426
3403447871824641.5 69.1511125667945 2477.974484208108 1.3119257337792045 1346.2912426357311 1.913350521069044 0.0005610990872410499 0.0065352126490535525
7.925031150890884e+17 30.490849353027397 2193.84566350203 1.6645058827196395 89.58010248682135 1.7145855892234398 0.00015458659290493371 0.006067733989621514
4207641961923797.5 59.1988091640456 2373.819045782075 1.3619756064143638 3358.192673465141 1.8615119289483981 0.0003763945462898244 0.006183473310662266
16235764931180.125 30.943492288212866 999.0202807451677 -0.2855103471645055 13.593549953530609 1.7052913274785433 0.0009893037928348175 0.008963124690393792
2696447175261564.5 4.040870554609022 69.80077795378057 1.4262613775707018 100.74324996393226 1.8589714712762193 0.0002614877053055326 0.007157497084433665
73876144339268.03 25.75139304292255 15.803604606109174 0.1641299654789432 14.914607240735487 1.671678208950066 0.00035871732355451054 0.0008888882744211473
4882802248793151.0 42.64684185450538 1059.438927135971 1.8486574492989358 241.69094531481485 1.7860570087438954 0.00012006950955204598 0.0027860916952388275
2168014185570754.5 80.1393742875843 1166.442530514912 1.6293290602139026 539.2571402827242 1.9595783816755297 0.00035666987432876157 0.006967271515921814
5111961331472713.0 20.455844976284286 2928.6212744177333 1.1541564702837335 953.7241589086736 2.076307182901804 0.00019877440289059594 0.0007228066007449515
163962591616937.12 68.57683022797156 164.85868861643362 0.3914476214483107 169.1219833521618 1.554375195524707 0.0001315086241219811 0.0015532694405030155
2141388170666296.2 31.365863116368235 1028.4039803865205 1.9347849308919849 691.6997487904023 1.9219900209405587 0.00011822145475089593 0.0076512992296108445
1145069457842274.5 6.049457086152348 463.1558045500118 1.5353092351824853 635.6348482578013 1.667788650820142 0.00012793173027981272 0.008614601185459647
112957939290450.2 22.815448395877326 19.459945512935935 0.36855537793107374 24.310687271778107 1.7231156794717968 0.0003498706966336612 0.0009296541954730938
3935748186598023.5 10.099437576332164 1948.0481730810434 1.5264336803552903 3466.0696104452145 1.8606922388485028 0.00023847349359832148 0.007616742563578669
7.074127682044916e+17 36.60170052111159 578.6151908480368 1.4592707052535738 19.545118554247942 1.683905531249041 0.00010846889031567256 0.00903124005557132
2978524342913331.0 6.466143954051965 1371.0617754489767 1.6631687413879017 2285.9393471004805 1.6481179926313823 0.00039615388180323064 0.005830873642328067
422599440192304.2 41.391903486449266 2329.260622368261 0.21029365684246093 167.22962936209683 1.572868678932086 0.0005404864319487587 0.0024303377474561684
109650981406263.98 32.97318750173083 90.8189535100001 1.3259406032146368 114.72943242729417 1.518190570248426 0.0006044862695116622 0.006369356824786557
3.926352601647363e+16 64.51172203580559 1715.7218538105274 1.6810950896769707 108.04305586560437 1.8601084262396368 0.0008631572249698662 0.002415609493248101
22581790508258.81 99.72828617544766 46.95241872956785 1.9702256740209612 20.11426231289641 1.4411365984595736 0.00010346564996768529 0.0035956620143753715
102912468147313.84 29.145762743840837 134.16702260665667 0.8633780042490712 64.98724086057638 1.5435674106911432 0.0009236013394191665 0.0066852493785182375
1095422812749809.2 68.52366184713398 863.1847249571489 1.6451868742579598 457.3858125437472 1.643841619914636 0.00015092477597287993 0.0013094633879816996
594255289998567.2 90.2022146601277 426.9238651387097 0.9490397359380311 24.21578052648746 1.6465580122972887 0.00040285902187719465 0.007667760250353085
195694331193739.47 98.06390091336175 236.38274489117393 0.35500379891241896 104.68202369506506 1.764586319386351 0.00015056986910894492 0.002838714082672987
8271515808514273.0 0.16690841327823236 29.408968370594707 0.007026872636885284 1764.5400488970793 2.147592987245341 0.0007387485621796239 0.0006278476076071529
4975633513703575.0 29.515457349607026 2709.2036411334752 1.0609010329784203 583.0896151311022 2.078041595688496 0.00021408108119483249 0.001107185734645404
194548116565481.22 53.55021742973426 46.13404475482025 0.40869097607732474 112.96569558193845 1.7261617088907601 0.00029949061955145226 0.0010643714937309634
4144949882161285.5 12.763615544394828 1973.6362296250245 1.645793226672328 4087.7476000955776 1.6848642913543006 0.00012615137107563118 0.008295402910722099
9796203004901808.0 27.93006558206985 2633.382385328749 1.902721846679559 980.2066651953083 1.9910641292722626 0.00025521102676146835 0.009775887883400955
1168095899940203.0 32.22685118488991 632.0235500900825 1.2673437176119569 95.12727865169478 1.578709520262096 0.0003398426575851603 0.001973119340896564
3.4850303400384885e+19 79.58759120502671 1032.0710889891202 1.8100947811192514 16.78707308510575 1.7108915663412647 0.00010936119813298572 0.0029980808028981384
3697807285034604.5 77.5292530178979 2492.470283068544 1.2681333352005495 2330.142021924725 2.0271285642725934 0.0003490607216437681 0.0048093456530903834
827062822535410.4 84.51509051047086 2061.237214484579 0.8427680124948606 135.9388373202798 1.4776134647394374 0.00010907670187152036 0.0019501928746861632
2092979974478199.2 1.911070566088327 230.05232025645088 0.9147652950660771 924.9281626775064 1.8034445193360902 0.00026961749620574174 0.00681249691239342
2396147935442654.0 63.69472935689102 1301.7436366635216 1.7056875791486612 928.6193955312154 1.8599029140049965 0.0007978085063155168 0.006687369679398437
4028841019298108.5 31.435729990666925 1802.526698423199 1.7290244226500053 4348.257026693392 1.5531941323273135 0.0004479290406986847 0.005198819618588462
2773301573484538.0 28.153361313329 2022.728689760811 1.0562338269956562 1189.792721509584 1.8940720127763313 0.0002486574279158816 0.007360132882336123
2494582556734665.5 62.937378078161494 2610.5730055996924 0.9643038996459641 675.0322799419495 1.972764924538964 0.00032083986288815623 0.009119245827864327
532633256512536.3 27.351891336296006 379.59069891968676 0.673720680803411 59.180330186567225 1.736992757954934 0.0009198196516610515 0.005292906802304655
442901643540793.5 69.3131517350414 254.57279593220863 1.509051397853838 31.508681644662467 1.4884863615694073 0.00024571029230048894 0.005952884356776995
5128867202561785.0 30.910358174224676 2505.8728601569464 1.5887542432575417 2572.676588950103 1.9705524443982068 0.00048865189761473 0.006015379175375785
58481917840197.8 45.431129008916834 14.327737393396943 1.0117518484665895 48.75478708996851 1.5321937885362442 0.00022975832825666904 0.008684104931579915
5604170587002371.0 61.17301309831052 2615.4620380571173 1.8723122160557946 2014.7365238679135 1.97029640700983 0.0008199847756766674 0.006822503611270521
2536584703813622.0 68.6382225211328 1674.2161835414554 1.7118480334460908 1625.3583656623853 1.7809153797149855 0.0004011209283554498 0.0019174697548606469
5624748339459853.0 34.26398991452512 1874.9060270469172 1.908940937177289 630.4656848130988 1.8126979171995088 0.00011538313149455522 0.0034482056660962756
1044055963540941.9 82.81520739548223 456.81027341826695 1.0187252053191398 23.233739554791352 1.6879478658191664 0.00039584912139677917 0.00653194142058158
10632428217838.406 70.97263756623114 27.01576517380574 1.3925396824635603 13.83715522735613 1.4659518290474476 0.0008812768117557871 0.006926007499221798
53665318173249.734 67.09293098592184 1355.2097956521268 -0.3081203319129502 68.81167969411077 1.5341430962490623 0.000528173416253235 0.0009336056048336681
1153324339625340.0 89.46734578768783 484.51688716381915 1.571076508509361 42.88523547038196 1.4956609008395982 0.000764108778959253 0.000586288999210767
96942554268200.75 21.809607524922342 14.77794762035207 0.19069194822401592 15.521295036182332 1.686503752628892 0.0003646288869004852 0.0008671935941722926
1975139936823463.5 3.267407872743007 232.65780904609156 -0.15743101967741258 510.2483401767335 1.7506336071126776 0.0005885171098822638 0.006800195281577411
192387591055240.88 15.26754817563068 27.267509152167452 0.35782969742975534 48.145454311477266 1.699265293758923 0.0001107036549718149 0.009447806734920166
1499925241111416.2 19.45524739448664 824.7828256356909 1.6941823076246467 1003.4151430456913 1.8446726965816793 0.0007791216876535841 0.0029447787190264385
4456938759266388.5 52.058509073685585 1649.8938779723023 1.680459549631456 580.3211337705883 2.01210599672123 0.0007543842988572494 0.009992601435067309
5061442082486681.0 35.58290749242228 2490.017205107331 1.7673029468333743 2090.221875323331 1.9099942101917722 0.0001398513824090415 0.005946353719140281
96056708261781.55 24.77206445598567 19.02856501520852 0.23928153575487987 18.212799490729232 1.6883707779735275 0.0003463614255021527 0.0010250447416350443
223809894485789.8 24.102528489926417 15.27796571010346 0.6212359456624296 11.582761069953719 1.71697024899622 0.00037040756680321624 0.009388380056093082
86488553425220.38 81.39468953755217 304.67909354609696 0.43747574491565666 21.889252605059706 1.6652743936523762 0.0009070440892496728 0.0014669720454090797
13597039335179.44 70.48055483466061 31.451617961205823 1.4043079442389788 15.3043854881552 1.4725164913590236 0.0008437124658655362 0.0068218161502960626
215516016247827.72 17.055931817691167 122.71373181026004 0.5814422250601059 82.37292915724838 1.6713515579091127 0.0003340864352861867 0.005619551985785414
1464365637628830.0 39.529969844344556 813.5030422238589 1.8610070797998264 704.610655958516 1.9621364882537538 0.0006734977109879504 0.0027821216189750616
6965902648104918.0 46.88873610778913 2060.9795078923853 1.9596685473596769 650.6885635705006 1.787320924945702 0.000674458165459751 0.0004813798858388143
5929685987639783.0 0.27507682307776926 72.10481605262393 0.027106203843464294 3855.450688226325 2.8074402783559957 0.00010652198232638798 0.00759707831544627
34389218228465.316 69.94671606680818 25.903305448816653 0.510683894546122 15.599657773790291 1.6850160662392153 0.0008928300642492389 0.001598777728942582
7.421802753538741e+19 3.958975780090593 348.55150767723336 0.6005996851787644 14.33741956514682 1.8991935118276655 0.0002894777816413434 7.728545508995342e-05
4954756878205774.0 6.4745857955886095 2169.6520234269474 1.7164615039780586 4973.836958585288 1.992899387608921 0.000155870732634374 0.004810788665094349
2899564219311501.0 0.9513379517980809 23.596768688884037 1.7451045498167481 4923.342000359242 1.4440717910865797 0.0001523517469052502 0.0056929861925673056
9922293090739556.0 66.38163807632807 2091.8141900299693 1.548815102627827 198.4527754751888 1.7134157294786465 0.00012268832197413973 0.0005801339446106701
172259185620001.7 82.12105640527456 333.88205535170795 0.03492710380651132 101.58580014136051 1.614404817406779 0.000164356113932115 0.0010525186186132384
9.906862620404182e+16 50.15348494876069 1664.9883855725034 0.9531991883713247 17.10798849412292 1.7063585670721069 0.0007732041393622483 0.0022824172901162523
9503102755015618.0 2.295485941770525 430.7869060483562 1.6319166206807008 327.78468332632895 1.9337970373126627 0.00012076326959200993 0.003859096601125729
86980372341976.66 95.00730083300525 26.445240908691773 1.1215501526547365 43.07539033574204 1.7860035124950304 0.00022281059427570202 0.00676783541980926
344418501723541.6 61.28116854049746 352.935081528959 0.6679130511043047 269.17440029109656 1.7164681182822092 0.00016715715783515085 0.0030770382831549663
123768438441856.61 51.60165188783746 277.7334191098971 0.028231691803773495 60.46860183439337 1.7480712120091015 0.00011847597326321188 0.004204634879179504
3828710025116727.0 79.31222606146702 2851.001004161488 1.1711920796432906 693.649311337219 1.8395894220808209 0.0008499568016955339 0.000312550897321677
3985635214236232.0 61.22841156735085 1928.383228727505 1.8367360636718257 1324.5030632067428 2.090045101906089 0.0009149065982663967 0.009407254550725776
2458952013444852.5 15.945542257524938 237.4819058332633 1.9327499266844115 104.86459157941181 1.8420003910756073 0.0002657160193147977 0.007885076300684194
6.473726969256828e+19 3.672411054380717 371.6278509287649 0.6267884427610865 15.37660154378842 1.8772464930616157 0.000286520571338694 9.06376414838584e-05
3978477712200059.5 12.72680306834593 1294.6538325818728 1.5944431405555712 504.1026441964122 1.9288295677421357 0.0001718990705838543 0.009685463577171729
1.2756802861614093e+18 40.7724524761717 736.1139000582298 1.9674384863508423 35.079623872906595 1.6090379067749223 0.00010187472628884353 0.0049971575835198526
1072594586540995.4 8.189140075630368 621.539417611427 0.5545725494462368 106.61736954292232 1.5773539972823385 0.0006957990942576623 0.009584370686956552
466953499784006.5 36.768402748329756 336.9737329215015 0.2940717603896281 327.4532845473966 1.665814549632218 0.0008413649025001387 0.0051119031234282235
2189298472067485.8 3.0600875805074264 20.117309703702954 1.5034936422658292 2945.5762523052354 1.356669703447928 0.0001835671580204942 0.0062088824994659154
4780418356065365.0 10.84333535203654 2687.9560564350263 0.959665504867155 2171.295911656024 2.1115115337443346 0.0005443946924628124 0.006098450656329939
113483375491374.47 94.2789537526684 49.08812381524485 0.4191107752040457 75.79590899391785 1.6830030971965906 0.0002103517458764032 0.005230259604159942
1.059703299574064e+16 26.608033559674926 2346.9042354836542 1.836985256117611 612.0770907157215 1.917379173399576 0.00017804682688586635 0.008231797657217719
3200527769080951.5 5.251801576577066 2048.6308129552353 0.6871381306333875 2649.1034034168583 2.167652717259731 0.0002636705768029761 0.005128507223398709
3597704696133826.0 17.05111548404336 1624.801766995475 1.9285259282539138 733.7127370878999 1.636497649952191 0.00010197073765177022 0.007530038418324508
3328325189595288.5 3.094244961308977 1336.7066602430866 0.9590360688388487 1991.6020601694659 2.049843664608862 0.00048453723360402675 0.0022306406891972994
5000051329127120.0 0.6378789287548088 64.32562208648655 0.6867479619301062 2059.3995050482176 2.35074337300682 0.00014253685085308338 0.008005604736984515
2.6385171467381296e+16 42.83541814702082 2185.572724037505 1.6008737283264898 144.34346306263055 1.6610723391373186 0.0008360703712703416 0.003991123973173305
1.3048816164358386e+16 45.65941031871953 714.5384236653506 1.9962106858562867 85.80358846760525 1.6663982082637037 0.00012911859969881126 0.0022408565328964347
2738318915329074.5 51.588236985476456 1333.498003887053 1.855594514903802 698.4414856939869 2.0465139489414432 0.0006534420345443777 0.009881168211873875
78583111036014.12 76.27774093418533 174.34292284620318 0.5020199592414956 46.070752755620326 1.6258982447238335 0.00047912613065881723 0.0006065298374762149
20062744133438.383 61.931208240996675 1834.500339760207 -0.4115321345799614 52.45017997934799 1.4718252927227002 0.0006059353119337415 0.0006015772713576541
5467335637523358.0 3.040841960310963 2954.331919092949 0.649275085002589 4448.141140729282 1.5226896250368638 0.00019204428384236478 0.004829943872460265
3.1608634542509948e+16 38.60980726878109 2747.280951769137 1.6624580574264498 260.06178626196686 1.909451345636519 0.0009735460315223361 0.0047189691667908155
1850310298478712.0 47.5022327414979 1167.2836103066059 1.9045386188825075 737.9084351954364 1.9470890247216575 0.0006329155281525092 0.009296247417788403
1020285357314034.5 78.30456242556404 1179.2969795302358 1.1514013691791791 219.47780286183348 1.6158969426845655 0.0001074398457633421 0.004065506842927711
3901833384731084.0 52.3090183302021 2421.0406186985692 1.2897614260298789 2849.569434444731 1.6073852109485534 0.00013369125805035384 0.007786724204591927
6040134029888436.0 45.86272472950332 2401.489807063839 1.8301856502870462 4489.60597535239 2.1228554436273765 0.0001670908513336828 0.005987766763048756
36393297519350.55 58.62452078919213 24.914806972605927 1.3254127946986176 42.40828387656683 1.6065022938404625 0.0006479068196620921 0.00884847696162975
2455691667917458.5 38.30500235028025 2581.39022966535 0.7796267757493909 1321.3058762819414 1.7184282163411966 0.0006703762620457518 0.006680536945347312
9237892658829658.0 6.530228880606302 1685.849684077426 1.318831322350313 525.5375297315094 2.103601330251607 0.0002046971232007424 0.007828063512212883
2897332654122369.5 17.900767111129415 1493.5473290323978 1.3994462706860582 1162.764236470675 1.9678766222452198 0.0007103434088619984 0.0012936189860769734
148701692010559.25 24.899327838201103 262.01258096680516 1.4646419517690727 126.79629241219733 1.3874324363209087 0.0009512133627192481 0.007616122972010236
2.2910487144408996e+16 45.72015999429744 2088.393399293973 1.6529416289999748 138.88187290050558 1.6436382128455131 0.0008027532225383845 0.0036189407139945694
200045744432431.25 51.61581542350399 89.7498402969064 1.1271041001683775 20.962506302476566 1.696010790324276 0.00012313040098097826 0.002286900173648151
271244841006727.1 31.328953537156856 22.284368042472103 0.7736478056174838 152.63553467645093 1.6541821834711494 0.00018798980259953396 0.0019190766275059526
432680435880607.9 66.71946954692945 281.22101522647 1.6664532159801184 52.60397473295115 1.5268644105492437 0.00019831900487921102 0.006299987558145804
345136153316475.06 70.06554206095952 1069.5292807650235 0.6418975571358972 86.36342129007323 1.5633032502886364 0.0007432109199048941 0.009493408471405285
99582679642518.38 93.80009129994336 244.512246516731 0.4890490582091884 28.64967195345575 1.6889675132142405 0.00047696532004779695 0.008822943053574223
7511067828228407.0 76.99221247091084 1627.9968860320835 1.3711472443804917 95.04112608459602 1.7002017161133938 0.00031785505631622525 0.0041372021870541625
3925901914916135.5 8.524620079531807 2346.9387681903636 1.1302309044261412 1449.6510664293185 2.252196025383614 0.00018417472016387182 0.0007644171750290783
2.2956729517886083e+18 41.657299581434266 2448.7781530690354 1.693951112449952 71.60539575444346 1.7949474529572889 0.00011471273636465774 0.0017924453020877538
295659685566641.5 4.813565060290236 216.63123085824714 -0.4771284265235538 28.059068968095694 1.548571926903165 0.000339734038959898 0.008970169401153224
2500810748703275.0 74.39339169611205 1688.284548820085 1.6429236522371784 965.5341898371918 1.764542575926044 0.00036802125302550377 0.0021106075728360846
93225838092895.4 32.87710034023806 21.220551255343167 0.9738701407972092 39.51041360600347 1.6846135146226002 0.00019970105281138197 0.005069270311926867
2528703353587788.5 62.60649603909275 2337.0773789106925 0.9879454854918481 641.2287767270984 1.8518830724274857 0.00032914516202812945 0.00877707686443416
5479428008131613.0 44.733822867931025 2374.6774834431226 1.9870797267678584 3467.615589681635 2.042586529860538 0.0009434407590845158 0.009866448797249894
774350690310464.4 49.2057615163616 681.1750936578542 1.3802806653550055 361.6839007050292 1.6340467945369954 0.00040009449837004075 0.0009115846197164769
5484434287420746.0 0.8144183913648622 1037.5943685472266 1.1661591604466535 1637.5653767977885 2.020573280053699 0.0004152391012981132 0.003815087266313656
254362191004669.7 27.303546712252867 10.332939256593157 0.3895795792030874 51.7585358891269 1.8531030379770987 0.0002038982715332838 0.005187823199799162
38354084452826.375 96.30770413155975 176.0547708199427 0.27303966603063123 71.86404373404594 1.4109006008289477 0.00011018467009670413 0.004040419567349775
79842710792184.48 96.62579344573142 147.0775718635073 -0.05264468347632875 53.03307767098962 1.63207854788954 0.00018513448774753184 0.0013615044830233526
5711939854141529.0 0.19118569996525814 115.3896378941942 0.159860836281007 3601.702225531153 2.6999477407039914 0.000138051618748753 0.006826484633776573
2117972761685858.2 94.1383151544231 1278.030894242938 1.0376048653890892 55.095721125051604 1.6943837990044013 0.00013750764780100068 0.00035738371746060413
4386900046106476.0 4.2655239933247895 2804.7626527626476 0.6286535794945498 3344.321163712904 2.914312282986723 0.00021140588203555756 0.00400120989640262
3078278611506774.0 6.8208138135511405 2241.8244679186005 0.7395326549238528 3514.4020608632773 2.274271146500424 0.00026871674345763016 0.005593414484317302
1022896201833973.5 63.66671529879914 695.0254805648943 1.8514341502588947 384.3958115263357 1.6929290081480872 0.00017800124826697252 0.0056591837511183445
8.383130459597249e+17 10.920036470409443 865.8268978016455 0.9096387789499263 31.200130213085142 1.764605279442382 0.00020476743335476002 0.009211550177676168
3005082497083062.5 7.803742798179723 2124.5880375404304 0.6039644704313794 1784.737811572777 2.0073623470093453 0.0003041898905825761 0.008662984466421126
23402200906250.758 98.73318589993029 23.17112174668859 1.3737460563216233 13.492947491536167 1.6860495869949803 0.00016760547572306183 0.0027885240833007883
4341026815166276.0 0.667155727270039 717.7124349881266 0.35404130317892685 4775.340351267275 1.7780199675938226 0.0009957393517113066 0.008753536135716077
1284960802492033.5 4.248887853315804 230.9615467744384 -0.4189868060370213 500.9192958820016 1.7611584474324862 0.0001536784263485819 0.007498721144603451
1755721197302818.5 7.756230757397063 751.6047685808082 1.7289519587650692 1160.062785522234 2.048336375632647 0.00016813324364838432 0.00798890122734657
5.025465253351727e+16 90.02221278168317 1707.6948563531218 1.5405069497868824 53.24362996420628 1.724443735339068 0.0006591793615056896 0.005547527480044977
27473161942085.31 95.81365682100565 24.03007923061715 1.375371701565984 16.08145767441159 1.6911464001029268 0.00018344913976968638 0.0026841570940865766
4940835408768652.0 20.140551737858893 2020.0652025178103 1.93891917370473 3341.1635498341643 1.9014084716702562 0.00011110006364400572 0.009987889627105968
1668620305738587.2 48.205040255911825 1767.0816034639458 1.063821389701449 573.8260140779781 1.6120585282484199 0.0006093704878828638 0.007591758507688985
2441233858289281.5 46.52654102562626 1018.474101551958 1.8613172016084607 319.10576292162744 1.6381312439246538 0.00013967187701623216 0.0015990083658782954
5445380915061247.0 27.36768067017496 1759.9997751993503 1.7634497531413498 549.8701312555578 1.9267388670426393 0.00023408568685508882 0.006839644360978681
62954570965700.42 80.48381005909907 300.5173973764156 0.1730278509025398 24.91470885241177 1.7059173746387786 0.0005612997232562066 0.004016381407025668
60817569186693.74 85.68714830093158 545.2617876902643 0.13846338651534285 15.312964519665067 1.7165059799218176 0.00010083359909822108 0.007553728259176439
3.620206588226416e+16 24.317959530572494 229.74012303291707 1.6541921794613303 35.146688188552154 1.8450375682309375 0.00015243774851681635 0.009532324412854147
8813587622882400.0 66.10818016658455 1953.8596823899884 1.5563751280041824 204.78222368156622 1.716816213099295 0.00012279979610883935 0.0009153658176689174
75005601035861.39 63.89710731053151 79.25273282114901 1.77272028582022 93.16748857407119 1.6488704424258416 0.00015722910772347963 0.0022484057573778876
4123325417762905.5 53.3083297180795 2997.167068607287 0.9462560558236918 74.43497805820871 1.5797185124972486 0.0009086614966093444 0.00869304223750429
68494290256869.3 40.2667675214723 28.482824635816883 1.5971488380962542 16.9047388280623 1.6599694777366023 0.00013697178523031106 0.004403609861366696
6127096045897382.0 26.965843994816865 2827.52362077831 1.3959606342272335 1580.8466422396098 2.00161269684373 0.0002223000275048886 0.00765615244920603
122310817288598.34 65.94719675363292 694.407410022316 0.24028115432895447 32.35427468168114 1.7216374238010512 0.00010155372282660185 0.007083572107948069
4942761678253507.0 14.102990317212953 2468.939695840358 1.784578165363301 1721.529497433476 1.9058864767672736 0.00019918012983362958 0.005965789174815139
5.232584096507065e+16 93.85963991514518 1498.6736108785067 1.6010142826163087 54.09447967242665 1.775621910871937 0.0007069981860382255 0.005466221751099964
22726293503353.93 48.348536704142404 364.5696549749176 -0.06308210621291166 19.276941232171428 1.6014189458536374 0.00033016812095613935 0.008942424664591326
2385449320695767.0 45.82056617294657 2887.477146475136 0.9848719822436973 257.1553297382942 1.5265588413544442 0.00010087849387654161 0.0012224453321296991
69289484673680.484 72.41277811846551 137.415992826889 1.5345205667327964 87.05475241657376 1.4608124085770997 0.0006871373541884356 0.008975417436474047
3067798939112516.0 67.70998446219217 1540.4493296816552 1.7411946774337812 1916.3035042012973 1.8476598611516315 0.00028063992468438094 0.0004198204386326393
12720786575094.443 72.44366898480027 19.898244235272813 0.2658852109164224 11.550959366958388 1.5745399860814042 0.0006908657343760635 0.002923856004855345
6738609860735242.0 46.79474457115927 2078.449319349134 1.9949574467029227 702.0558578075215 1.7902779478228141 0.0007070824918632899 0.00024403384680999306
616902140158459.4 85.0405543151696 194.5553313668781 1.0499999354831508 11.056754411995042 1.626667336448878 0.00016220380624135824 0.003019110373222455
2293806112471799.0 27.141398579516327 2156.6076953415645 0.6871299910795844 55.16751070981067 1.5558178358935035 0.0007221729898405716 0.007934118737029861
3424020287607738.5 1.7609997559760338 13.327690532542457 0.6152928609221906 1862.5377060095902 1.7538620727857088 0.00010779404907950801 0.008642908536358428
1.1653711568906288e+16 2.05512308201709 2536.0120277728506 0.9450399558094982 955.0059752639091 2.12930776760665 0.00013371922583518028 0.0012097357946461778
223390559186166.75 96.23368970752907 72.79669186769647 1.9515582964318536 40.30804549945062 1.909980615844904 0.0001359500494486052 0.003990113753890543
1838633763321200.8 49.61616656159552 955.9016106572901 1.7470469243967421 531.1053367251563 2.0042539148386416 0.0006172016529292988 0.009388790497441282
143468575267369.3 22.00118942413248 18.333697602680008 0.4711978435840494 64.52123385583333 1.6222596991665656 0.00015964588526448938 0.007826002077265182
329777073475228.7 88.98509143136569 226.0132629059763 1.547093410123834 44.42084874933497 1.5612636735289265 0.0005402702225803824 0.00693365580363838
2839779204201600.0 16.575359937935918 1467.4625227806164 1.4010525459345058 915.4422660840603 1.9423178452302072 0.000776546799837443 0.0007444461799988077
2282155188259270.0 35.31377675208509 1271.5929950784778 1.9738791616160922 791.1082723136212 1.7207611556237787 0.00018905112567639377 0.009914003331621636
35639632120308.65 58.36222991410696 22.784204659841023 1.4390386008694167 21.414251361001355 1.7056790513451892 0.0003035552740389238 0.0010791999491914653
956376183010104.6 13.000919400148293 579.9294808499453 0.4954461415472877 74.86131968348161 1.6613495916691554 0.0008893151646429953 0.0070707027545666365
198795582967627.53 11.510676843078958 47.64726555227419 0.22134456646285972 53.111706307554655 1.5911631281810836 0.0006099381210090424 0.0061389081151759315
3.0500782986022733e+18 34.1939752335038 1118.4613078878342 1.4424250212973848 24.231416272146372 1.6278626515922476 0.00013757790673478722 0.009864388992941205
2242215043811831.5 5.528701095325384 66.3964336636698 1.535045615439862 91.55061539222831 1.8449821224089908 0.0002544978586007237 0.00699114152302468
228581416933478.94 25.558847715455727 265.5577100047539 1.3833013779182664 128.58645397728182 1.4502828093413282 0.0009122560904928547 0.007561623067118117
169544782058578.25 25.850353739302626 24.677313703592553 1.2051817043678017 49.12290005265445 1.8379256454542117 0.00015080521889501475 0.0004266418800980406
5354235306048673.0 26.195986374386152 2281.1689980906995 1.9641400173299175 1239.6967733141223 1.8753504431324406 0.0001003520010803678 0.004901422618630621
152189934556237.75 87.89511532721642 62.24296347800346 0.038923914851650004 46.16762926822688 1.903331257765295 0.00027017332848664876 0.006408193028296476
32291829330632.76 63.016190928841326 10.999504385795042 -0.35692969901821675 24.215162555470172 1.599445698007666 0.00014744030377034502 0.0022337357800592244
1643432249847052.5 4.449279366655983 60.313611714922466 -0.16685356088882336 461.43534391573934 1.8011936474533994 0.0005372613936083368 0.004049480832375635
6530262899530148.0 7.308606703002205 2764.752640961441 1.1128049133284426 1102.1040310867563 2.139779503349805 0.0001613220996165713 0.00015161529867900158
221391587906024.34 52.81908314263503 79.16603830355272 1.151926125881551 17.226772620070975 1.7248306462813852 0.00010159591285323241 0.0018376480847131938
2203558274495345.8 4.07987122388537 2522.7096368346542 0.1402945078478015 4819.029877866465 0.8519742582267028 0.000511416788381507 0.006468395821432993
52299070440765.336 90.93830404769552 237.41783993510978 0.35988799308673436 14.298597293620626 1.663040891496125 0.0004326634094924839 0.0057192241096293795
1768988217843052.2 11.615699966761252 717.0539132312041 1.6968052120904846 2086.6259721081283 1.46084266958909 0.00015296267697385689 0.005067933462239724
38249229136965.164 50.132460690994215 13.060604204254957 0.20052213734962465 35.66775767785544 1.5289697725231155 0.00030830719168487404 0.002440842284210947
137594748862020.34 83.02587077161509 20.30852528712847 0.10909207478859262 66.11402079636812 1.7379766133327625 0.00013957737674939044 0.00907860243287932
7471469420088818.0 89.2458183401441 2888.0370454267636 1.9757135477351404 2003.1088115384186 2.503692423698308 0.0006446186659778744 0.007277856420027655
2527623371542319.0 97.18754309097045 2144.1604419511855 0.9764054976981695 72.60685170041587 1.6909295598229819 0.00014610894972798846 0.00014697109584655213
23705306543825.24 60.43572669705347 15.570110838776703 -0.3961224835904047 12.251645522603923 1.6081483583591076 0.00036604951490241136 0.005913758264697285
3027759625661480.5 49.49050277299663 834.2580683956455 1.4214621069284274 62.72221715298698 1.5596219966639762 0.0003462694438874937 0.0009161530572567704
105143637877837.88 31.48185240026409 23.629507329921523 0.9684062183642345 46.330887643753265 1.7286800898460215 0.00020165860994880908 0.004937391339093688
1.597860614587805e+18 36.83882506367448 253.2397414324306 1.6700183111882128 14.317157667255332 1.7795811220893676 0.00024196769520136528 0.001793782620254527
1689413786964246.5 4.7393607448762225 291.56833769924793 -0.22601512406548596 465.6773838817535 1.808308017350265 0.00010849879450954284 0.007366317602888013
10779265029817.266 82.11083942592192 1568.7291364749865 -0.2720671232846976 20.843220060484082 1.6682847029948469 0.00016955611908815144 0.009913809342875949
3912052166311545.0 4.267315005432295 1949.1816496057702 1.152089235599072 3247.766610007133 1.8774611779143626 0.0004883493230747951 0.009825699702834454
2299361125151634.0 68.04243821150823 1491.6800856101784 1.872891785353919 1206.4682978564429 2.096720141082306 0.00025578819373181803 0.0019317970558096207
5585555348375732.0 0.13564580158832307 65.53904085258466 0.03690165230836162 3963.6069647830227 2.8137033592925507 0.00010410700626268237 0.007620340638853024
2111323696473465.8 69.3366566105288 666.1033292453374 1.2094895694039738 22.47274307601006 1.4863784892143574 0.0008772476974864104 0.001733813038480937
4112270299143510.5 55.35842968094396 596.8692284245989 1.347594571718607 29.911313711236083 1.512595629793772 0.00033099774075016675 0.004917167780863339
36134252669222.9 44.592794821470285 367.1319683944225 -0.049981169773135825 27.0172055912544 1.6130444122570375 0.00035952605932901326 0.00868396119063187
117017520000821.17 22.663639327633934 14.280704265863145 0.5234910787254589 54.34164525811905 1.6199147507779572 0.00015007767990518373 0.008153549770230275
1.0340235596917216e+16 12.361104794335183 147.40613295136592 1.715619997633976 37.04806754413443 1.5714868922888359 0.00015300498875938048 0.009944404147147166
2498372394001598.0 73.04623546587258 1404.4687355335823 1.9041135229991544 1425.6427387187823 2.1660971560952125 0.0002783460177944553 0.0020831653591773212
2729499107321271.5 8.849486803175651 1533.5324310185797 0.9764868554545374 1724.7048402117252 1.9444967367537571 0.0002599521574125777 0.008917657373365922
3268982246601395.0 41.56927864910108 1063.5917398619015 1.4703797803328729 119.66605409949001 1.6171636092015116 0.0003530157228171442 0.002100136641374703
4.395732616633305e+16 29.068298078331765 738.2784285274021 1.3831764574592724 43.97525172800874 1.6766726642783536 0.0004937700025485854 0.002432318778293433
2.7511309201211664e+17 28.827543295829877 2230.0491367247687 1.9963904535779744 208.080722381431 2.0508491436558707 0.000814647495193564 0.004637041503744109
295659685566641.5 4.813565060290236 216.63123085824714 -0.4771284265235538 28.059068968095694 1.548571926903165 0.000339734038959898 0.008970169401153224
5229764662724340.0 25.872355828466894 2082.8810358959354 1.7949609809416058 2499.802759681347 1.8337779881373846 0.0001587841610142472 0.008418099385960982
1.8828534319816988e+16 0.6073714002212185 1551.8155878702983 1.3379069885520176 1052.5878778781191 1.9088965443843462 0.0005843749549329317 0.0009396193642694332
2738828383696186.0 97.48276629279644 1355.916215414824 1.9042063971676337 1228.9334698059545 2.1843679392450452 0.0005799523069442943 0.008574913035314083
39496518676968.586 92.67218273875675 93.74199868246122 0.6490523081426754 45.19460398727545 1.54569261062213 0.0006627377402567202 0.0007955067987274488
6488844704888231.0 5.729301374498974 2029.1711952493677 1.9844632646538645 3898.248972975546 1.7339717237630379 0.00020438785381802834 0.000722392916499991
660816373253513.6 26.522015652966175 261.7403610329925 1.982540721680358 117.28189799738563 1.6781177232493603 0.00018493207334368267 0.0025501760165043356
1.6305881542901694e+19 66.65839698409059 1734.7821873760722 1.8365448009562602 26.941164492582843 1.5974022222873203 0.00013128945598276675 0.003703693922642916
103252899525287.55 42.539165721327464 24.349104965842876 0.8845050516361241 34.675055263804225 1.7640539102883133 0.00013174607481082797 0.0009709447558401817
915521536380973.4 17.918351141537443 412.70865871341454 1.976998766659018 345.03749773734154 1.9572943611078413 0.00011231126277015727 0.0005448724627338903
105389657067474.9 63.563640799107056 82.8880737264982 -0.15989729572132122 48.85624450683691 1.6970928799062757 0.0008016188961430706 0.005546734236197248
8471989696295127.0 61.673757527095134 1073.7868591269828 1.6509918756499964 78.43373332221627 1.6197984471831925 0.000746879747944817 0.0017636952977090952
6.098473297558854e+19 5.15819796409783 250.60093418072552 0.624260007223224 10.170652483808324 1.8568806218682785 0.00030254093884052205 0.00033095552940788035
1213045667691417.8 30.474980228162856 708.7227509002748 1.5960279280109029 1007.825160831028 1.6192136957207737 0.0007675415209527802 0.001810396763957469
4386900046106476.0 4.2655239933247895 2804.7626527626476 0.6286535794945498 3344.321163712904 2.914312282986723 0.00021140588203555756 0.00400120989640262
4879611574200964.0 92.92534398727108 2718.5132010692523 1.6340956243250586 2925.246605890642 2.691874217522102 0.0005218022923588624 0.003929747868960535
2629967261249908.5 24.6787182165858 1567.561498181321 1.8855685110755729 1134.5336707356323 1.5943622948840335 0.0007669245753367708 0.002085566256054175
1.9828329544186788e+16 1.0003837674406313 1602.5358722420378 1.3115049109003263 824.1060549096443 1.8948536844389345 0.0006187823621892927 0.0008554701152727491
6.564923200529488e+18 17.49044967230256 640.3014438509347 1.4680606749212413 26.542783682318408 1.693556746855252 0.0006937997390583404 0.0024497199201087352
184029268163522.2 44.76494121427231 226.48380854692223 1.1926095646724404 173.82080324798048 1.5562871555981674 0.00042912062774812763 0.00759492858102975
5181016043390315.0 2.271823238209123 2003.3316829141424 1.2219038616882885 2858.56937117453 1.9140104946481398 0.00020012197894295623 0.0017663166457563353
3021219804795086.0 7.675879455389171 954.2173267090125 1.9259885167591233 641.8508367915952 2.0344361139613953 0.0004942106973144458 0.0028750844795417682
9275726517831222.0 1.817623287268706 422.1542676066795 1.6234585602628844 324.2389711684091 1.924353296319565 0.00012182909608956564 0.0037852490865503264
2.5482655708880484e+16 49.03707425221796 1086.4040714763887 1.7266798433033446 73.94704550569847 1.6476371403727557 0.00043489853653878077 0.0029596379917707014
52000514936722.23 46.342324710608324 12.282445676554246 1.5145909416132781 15.882850584287418 1.7712799352122643 0.00013906411842247291 0.0030384222453358894
2546928196352335.0 6.2279071792098035 1865.2734324225355 0.6252606256320736 704.9100573047758 1.8142885051643483 0.0006092724219871221 0.006043693766356579
5587777670297501.0 37.82822718079125 2827.505108245119 1.396389489553202 1328.5324812729166 2.1963810381724613 0.0007310557930962939 0.0014620893508908973
4.494047708825455e+18 24.082629554117005 240.45445609003158 1.8150891339229318 17.145500896840307 1.7259212169494977 0.00027201806553942904 0.0004830486788760758
24287061167223.254 79.2700490227831 537.773512543907 -0.1546816883625528 12.985322134106399 1.776724912348632 0.00021033259468251998 0.008135107753978752
8.877117791979045e+19 4.004828918216248 379.0990168733968 0.6175288644239277 13.735872651115733 1.8689156705199044 0.0002878574512743791 0.00012527141192348462
6869432874445058.0 5.458516708893384 2024.6877546430117 1.7027237464191725 2005.1087328806695 2.451035586720317 0.00033954050491977395 0.00499263516802721
5849288997308789.0 54.73676438399781 2971.6258115030405 1.7014435490741873 3828.724240051549 2.0224186037261234 0.00013452132162304506 0.0014218590771900548
8282096878081149.0 34.52742872754547 60.23533419132677 1.2841738888794478 10.788640985406522 1.7914424503703947 0.0005621061115556649 0.008084688426511196
150031543340598.0 26.674557423383767 11.394903865385837 0.4970529156619763 42.8966026116939 1.7189077125145285 0.0001480672075847834 0.007781643093130477
7585189527804217.0 3.6024836598003507 2016.3472616288616 1.7000118950335577 1993.0389056049894 2.437762476238322 0.00032746380255774146 0.005171428028735578
3011836381722166.0 1.1568875478286742 26.628696850087888 -0.20008185370433762 2056.730924362072 1.9754808439431202 0.00020797850659705244 0.003524575020032196
2700618312660341.0 1.661920191704084 166.0381861750224 -0.4507637395013875 855.7743578706854 1.788302297092942 0.0008823919708126721 0.005708922642923112
6.160421586323524e+16 63.296431451490406 2048.3950931801924 1.6917007999850788 116.71075702123373 1.8795037605628497 0.0008980391058292104 0.002045433008957222
44670440752444.5 30.960025761728282 401.82595259256885 0.13720291049894007 27.237760301982444 1.5215206745236312 0.00019775208732475985 0.0038749972693193483
94139068600602.64 63.07463955945582 20.873390015088233 0.43238850982212673 66.7249114944024 1.6016360973219093 0.00020344991546026393 0.0012688927328466783
4407538185167411.0 96.87263364027439 1676.5681518796905 0.8080411016766202 39.060968827371426 1.9637337030188338 0.0001310463119621215 0.001039005967979561
3166352416900602.5 66.92274620399557 1574.04102449482 1.8040698532923563 2377.385264954282 1.8702669516647714 0.00026471207726776544 0.000644097928059183
13862408018335.064 75.66482961450109 16.817914819624722 0.22107126041987923 11.659908821740391 1.6093409218263985 0.0007114718405382388 0.0023449384506646085
137219488753379.44 86.16056106463328 1363.047423416043 0.20212296738400082 75.2583063129025 1.591706568237263 0.0003448989012044919 0.0009842922059492996
86252470173039.22 98.60884961274317 21.6378764839134 1.1084934827401958 39.685133593298524 1.8037878569409 0.00021300718538146376 0.0067300709999685475
3430352095333517.5 64.40857071778238 1607.0657822725125 1.940683154868414 3066.4301441292123 2.695947982828568 0.00014958223705019048 0.0016270433636176272
4329307276020433.0 29.47231159931864 2357.578048958894 1.8217768631238984 1659.3305166239134 1.9298901867098746 0.0003175952960452093 0.0023291318210447486
215675274835165.94 44.34090840788828 399.58851613523177 0.14889362410666693 73.9158649192346 1.7862700288916717 0.0001090047997486542 0.003052344688629307
141910864384458.03 41.52865839153678 23.664003170598704 1.8608167665179542 93.47751672448932 1.612955033957722 0.0004793235178971049 0.0015049718084160207
66921982563315.016 91.84033300990427 71.42295365736383 0.5795463039888069 52.88532534232687 1.6575877651252573 0.0006442992776641092 0.0008555075385886799
4936510120121118.0 0.683557430177193 51.518277126484406 0.24049004411930341 1097.793608460749 2.0505357476478627 0.0004405494421861299 0.0023272258667524238
1211922427358291.5 9.368696435245703 582.2553314525275 1.1732769959500176 308.66628400369547 1.7209217800467493 0.0004995456644712727 0.0076095311251530035
1.2682221062539922e+16 7.469534573050026 2717.230899104729 1.1696883219490022 479.4834613275842 1.8583254381390277 0.00019171400531467554 0.007021971793935086
1866873693974722.2 14.806522500482885 888.6561793438559 1.790044363287591 806.6868796216773 1.9590200099058301 0.0003263264469070343 0.0008210903762336895
739042606607582.1 25.049873531785337 288.4068611257769 1.9908045950823943 140.83901926485422 1.6798450534697278 0.00018488090889590055 0.0024368016734553953
7826040511525300.0 94.86044164505591 354.08810068439107 1.57347077127366 19.176039566293152 1.6514844510380597 0.0003080359459885363 0.008836019278326232
233268425200971.66 43.78515661234661 206.37088815275666 0.3756116419101414 94.42395024807661 1.764639124763121 0.0001886768814952273 0.00799593458240258
3105746368543748.0 39.7493325910201 1583.0677985121156 1.9712944355419486 1027.952689661146 2.073855080787451 0.0005850225005810153 0.008081003428767452
3754247383077982.0 98.4386473198881 1993.0831703858264 1.928283237281608 1923.3338356275615 2.292034829540092 0.0007929318341575629 0.006458456116009372
5316324433388626.0 43.1635962273617 1854.4388984939055 1.621316603181455 419.85358445726183 2.0065065942586853 0.00021144453214475928 0.0006371286222817615
5332558768294353.0 18.99881133081763 97.13352748732989 0.9769990332787966 17.16580749765101 1.696190288760329 0.00023349834993540835 0.008324116275797329
18055619486209.895 92.07442934811291 46.36039495053423 1.9964769429181364 31.799016484603207 1.4429075528312278 0.00011160426369724312 0.003929022303559966
4.449207518838841e+16 55.973241077651366 1471.2734663726062 1.1209514749058247 37.934312394230766 1.8126669672834006 0.0005514828666691878 0.007133438922819797
4383878483728064.0 25.248472317996658 2450.3256620118123 1.1452499456511527 633.4917241065623 2.0941033948933225 0.00020619428285148514 0.0008820286686184097
5780164923859343.0 46.28879777782667 615.6966852781384 1.5605405357796203 47.033808876823244 1.5790948771052413 0.0003004952813785465 0.005496891672103522
62991519000357.83 62.54693471680746 30.493305409019175 0.6918093902575706 33.2900664609889 1.7212670923221889 0.0005854201154273077 0.001842277671831803
2.3359055586647296e+16 31.879706069296162 728.2209394448502 1.4665402697640786 52.92211989965909 1.6528530879477037 0.0004704271422125861 0.002520504132244591
32892477487364.414 40.83474305590787 36.037154902733484 0.27825849855548945 10.398759517125542 1.5873047006899506 0.00034411874808824486 0.006941095427996932
4129533681391791.0 96.97267816987973 2324.4624019793264 1.6046402638665045 3653.1064749196416 2.744927100234972 0.0005374594439704539 0.0036399122077996567
4493629756528817.0 50.6473401413937 563.6047189076359 1.4734601176045579 38.56891203134756 1.603260703885108 0.0002907992639897847 0.005187932944435088
478325277221536.06 7.416283479043459 264.0813993055699 -0.3992318088609945 19.84155583130736 1.715170890478916 0.00024830053395079554 0.009161900229680608
211873188190115.56 53.971258185687866 290.05436184573585 1.903021668948627 216.79342078876974 1.45997899096784 0.0003318269956637731 0.005274382374543751
535058703259181.3 80.44065962005833 1772.7203869891507 0.5370652348736722 82.55336418716432 1.698398065798651 0.000998667752892151 0.008751877223066529
190083394348155.44 91.8565266498039 199.27735343257277 1.9979912312588843 160.1713384976356 1.6205284126818598 0.00019175221506307258 0.006341412136432474
2769455936271668.0 18.651169220565 1190.3881378962292 1.9628305041508929 2978.9210589344375 1.5145303211158545 0.000514257185151167 0.00981099980827305
3363936399814239.0 13.743717481263765 1951.0968873711731 1.0201535731473599 782.4587669563638 1.940245920048536 0.00020621869771468836 0.0013925027282776785
648338154508653.0 28.782062565043876 424.21552518084064 1.5986680557038677 281.42932854250273 1.7361931686477066 0.00018200612857150814 0.007985617322888947
4588547837648247.0 18.464444093655253 2474.030957971548 1.329401644090121 1163.3542009205514 1.9053000687761639 0.0008737505672735365 0.0027531116684788052
1038506491335650.0 96.9429498090849 2006.3430540896582 0.7378414160798039 211.1871088578233 1.6797077470479507 0.00011347814567554164 0.000722272012003242
117839003029894.98 27.19639359209348 26.740587382287842 0.7783660915698427 14.728942354009813 1.6609652679703568 0.00023480482124193855 0.008596499376676846
1.3749555151376077e+17 88.76726669984586 1008.8634563931611 1.4824061261864905 25.63465472621717 1.7706930807948025 0.0006149306457882165 0.006683388864576349
2428949616843181.0 1.307165276763018 16.188088808936676 1.5080862857298178 3141.045148062068 1.4356231243965345 0.00018446921391940746 0.008671689150999447
2683066846726221.5 66.30140718208187 1632.8111566721539 1.8319812953525778 1457.7669840356705 1.965618777312156 0.0004243399243700589 0.007857180959041924
14404426862058.309 91.09012781128361 26.829591866300394 1.197647320551636 12.138641326264128 1.536038623937496 0.000644789011129845 0.005791371822687453
42650671041791.56 82.13201917395929 69.73899851810422 0.8609106003454365 49.144753141282074 1.5418412224923455 0.0006780859745657204 0.000776021438369683
67900734650487.11 29.970615302169996 423.5720579889454 0.07538919722324866 30.714031413783523 1.5997725809145666 0.000200832595293853 0.0031864012654608054
35118258322992.11 91.10140517701598 321.95145817838284 0.24062217143198805 21.458901268016465 1.593354490001417 0.0005315662466554679 0.009509363651742143
2643313509982973.5 7.982238066026374 1135.9770142390832 1.5101208738835497 2531.966642073333 1.6923161515246459 0.0001728671625256422 0.007156243847882642
58791674708541.69 30.729007305090136 35.14433780802827 0.9836648019707478 21.946604274710907 1.5908355323859455 0.00010739957852974262 0.0018542064419791804
4812228927768987.0 63.159405484053394 2201.4044483967155 1.823295700431916 1693.3948708788523 1.9678482010682092 0.0008843926403280529 0.006574391387270692
318299313468295.4 79.79101422115585 254.43006331787413 0.9097368357303173 19.24184469289886 1.653434841353766 0.00017274804487515293 0.006219259444613276
724043383209931.5 36.60062923734456 602.7273216954183 1.4316476278418269 420.246232489128 1.694110788399564 0.00031570391546750765 0.0021637964246936452
3.73435837946559e+17 34.88052344400695 1479.3241217275365 1.0595060334612996 13.97849873382988 1.5342514098324274 0.0005572219368170702 0.007990732910202821
3082887208822421.5 1.3259239620973737 724.718256390432 0.5645180705941205 3779.5514976125164 1.8593348252036013 0.0008717185105182267 0.007091252785709344
50677984997495.08 88.61687188218063 1062.0368099543107 -0.1592700923142787 41.568146469457645 1.6784220529033338 0.00027803495885302614 0.008641138459775061
9021045419618308.0 93.99336296939255 397.1756703306762 1.7596832598445253 22.790503585867313 1.5479487682199733 0.0002655887919111077 0.009604379395121966
6772019301842625.0 22.548165427222912 2510.7852902195486 1.8991957741013448 1387.4611815750745 2.041979948418272 0.00027561936005718237 0.008910773104837733
4694989766051503.0 24.675442878310555 2131.2337958990256 1.644249117107778 1682.8398119899196 1.9246685387231524 0.0001229950087793468 0.007939489072773122
1.3464817610743838e+16 1.0058994764954061 285.38170599223145 1.6738393729438512 312.387972810367 1.8938980713685978 0.00010225278421833122 0.003182696558780726
1844147457538089.0 5.215939748326932 486.84909794832123 1.6619714020244705 958.011058415622 1.8310504314093246 0.0006739376696895255 0.003776699638836079
222103200079386.88 46.10858244782162 151.52549019184625 0.3155418248097157 129.99437885615126 1.7043177119756656 0.0001983193096468306 0.007828708769214456
56907782365753.69 86.13314552610566 219.13414407074617 -0.42417335716983295 31.02461079433092 1.7756664457417566 0.0006478337247026921 0.005514029123528257
38236232181614.79 60.85312304721529 11.982094042703258 -0.3421156218822061 29.340414983940427 1.6013702841859825 0.00030751071279588394 0.008426541127839655
250777935472068.22 15.749764650505753 39.14858362175139 1.0427119787942791 29.84161003771424 1.7108870591946326 0.0008929180859142701 0.000958024170459492
4425824807582594.0 69.42969623463813 1675.5551096640183 1.9410196205237298 734.6246075494086 2.038603917120197 0.0007358521487890346 0.006069730071692596
9.369955358623862e+16 33.78968538038417 886.6534250755545 0.9309372630368212 12.460310993809589 1.6273511215089596 0.0007690655444832707 0.006325330308130819
67008715751590.91 58.18323838175192 164.24571367254228 -0.26080388710922153 35.36296190444949 1.7309256824543395 0.0005508229184704505 0.00428775445426173
4519174965656062.0 51.03561054264598 2891.0228311123406 1.2435138713490654 3538.1939194442143 1.577467370994081 0.00013384058398212376 0.008327708948226466
5707053758687993.0 9.655843081887802 2396.851144090654 1.3534509190403585 873.955540997243 1.7548896111420114 0.0002996398672159964 0.005254944304000407
37950573615823.68 98.84773300903814 81.31009911498944 0.4932806248029193 64.3281267211715 1.4665719010208949 0.00011912562197126518 0.004844939611702778
2.7685505991288307e+17 28.73971579389698 2223.5561335497323 1.9952943754977057 210.59063297467003 2.049223748690912 0.0008053855998628815 0.004632946411613718
4122920386607800.0 4.9714913678559896 2802.042361166218 0.524605698516029 4679.077575783614 2.963884307856876 0.0002531758859313764 0.002844152692544892
7315540707774064.0 72.50593850044439 2804.084609779991 1.8605270429891845 2031.9916006652868 2.1462020742881327 0.000600281219126003 0.008166675981218549
103729926899068.56 93.95502395568334 64.67907338598103 -0.27011291071811416 59.629854320998405 1.6560034255636864 0.00012858255860299082 0.005552146478261116
96989220453300.0 47.90961175673503 25.72539101773634 1.2766672101130492 25.419838986808337 1.8336434170188975 0.0002646096470556133 0.00042050030573335126
669652241569929.6 90.35126864760772 961.0127144661683 1.1112472834197709 155.58144595161875 1.5582599247895748 0.00011715626894781237 0.003204171400431456
202397614513504.03 71.98959282646179 189.28717565930995 1.864149516576315 167.20467178094825 1.6795518100630407 0.00011660248410795185 0.0014260654925605195
1.064554376310021e+16 56.689811161104906 2976.7296613431595 1.9167017760999565 705.2186872344618 1.9286135954617272 0.00023244139269126455 0.0032203337665844614
4067008976374862.5 83.76179474884474 2576.372797501317 1.4644283109670273 1018.9973363326146 1.9117402577892741 0.00014057841686644857 0.004168949600900609
1.4946116160824558e+16 95.456824028119 262.94422612736827 1.6697528272915771 10.56954196972177 1.5405075002938529 0.00021108373260213194 0.009272047097111484
739042606607582.1 25.049873531785337 288.4068611257769 1.9908045950823943 140.83901926485422 1.6798450534697278 0.00018488090889590055 0.0024368016734553953
2875695688365330.0 26.824026561531046 1866.7174518017866 1.628153648010576 885.4779209401105 1.6907009183241655 0.00032453830713435086 0.004067954652574549
285006255033313.75 66.48589838441546 2302.4923571246245 0.2043054741005682 103.60748047942555 1.7133172479288394 0.0006630738442186027 0.008625031884849893
397421251093960.4 15.406308257902538 22.3693785421541 0.7627563158154819 124.71805126676041 1.833193825821621 0.00019548658143468553 0.0064534245665139895
506547030042011.5 49.573238169227565 603.9165332046144 1.1521191115006362 166.91522263576192 1.5741338066226283 0.00012341567197840265 0.006631792499834546
36970793393360.8 41.468551873216654 28.80639296453749 0.1131483672991428 24.800799648711127 1.649066850885513 0.0005460983630670287 0.000140602065832913
857778040058477.9 32.25729033225378 846.8578800815908 1.3800666650386473 606.9209731924377 1.6095208847229197 0.00048715088054663533 0.008934773396606515
83829448512295.98 60.562759669863226 61.88048838347852 0.8986798668258643 17.16381053317446 1.6727251178359441 0.00010944323961405242 0.00898305320476289
2226935287107126.0 3.8314684813338076 773.9612716359999 1.1090329397218934 667.3320964504503 1.8194190759191295 0.0002242442710263296 0.009668560716791943
11822422969924.203 97.34210219121611 35.83726877459547 1.7993989991490356 28.01774372718078 1.4313282605472428 0.00010684220641693193 0.0010272112407336033
2262374083200566.0 12.276913398181962 1448.6636012528231 1.2733084077081553 1186.8990030400723 2.402440804081282 0.00018627602391913802 0.002681382979053534
2370938039158244.5 2.507783800117437 445.43353226044565 0.36523328928746834 939.1486659605318 1.9478860683589752 0.0007412321800866978 0.008740068928437369
7.038907384768976e+16 85.89918237864795 1915.8272952413304 1.8647926798983296 116.464950421916 1.8697869219643328 0.0006453760862648337 0.004841959717934001
5658221256363517.0 69.86064336824778 2930.62472519867 0.978072744573077 92.98620851370372 1.7312983433099984 0.000681229270225046 0.008422713763309601
2013768008851663.5 75.88876977837711 2048.6272708584856 0.8157677273536139 47.69855482313416 1.7457449448126054 0.0003924779887964395 0.0016978791144288458
5389883315852182.0 0.5103477848589488 84.46556422925724 0.11602125680645581 2582.1991856754707 2.71746328654097 0.00011504355866265813 0.006486787063491216
3681528116968418.5 54.4104637239747 2095.412805518628 1.4252484455296468 3186.3879677540544 1.7006944150882681 0.00010486675573964293 0.006809220357056448
156078152581815.34 24.29736425133339 10.610226036330841 0.4500088943079636 71.32834007989376 1.7159698805982886 0.0008792674486305117 0.0008426321665307594
10647710758841.023 84.40613141952461 1972.6960319766242 -0.27414328106720665 18.251590419331812 1.64857080728419 0.00018081060148164156 0.009728565975384644
216078955238697.1 60.75196545606126 150.0354624031471 0.7995252211844951 34.62955272354137 1.8236284301947878 0.00017900432015518591 0.008874905926358614
101378535255425.02 16.451190826687665 24.432223273295083 1.0605646374505633 21.59422187728333 1.6040441011703739 0.0009707995141676821 0.0008381816725735918
2576523765401091.0 7.774422771563323 1258.7372932568833 1.055587164442781 955.5160359569784 1.967477794935585 0.00016924558719521327 0.004375638765657533
5.8336638072967225e+19 78.7876398683474 1184.2603349347528 1.7383593904912282 13.460792652391833 1.6263857723891173 0.00011965434979014393 0.002168793371007712
3037951971154617.5 4.238556020870751 1194.906185669802 1.9636085648829316 2191.626295460746 2.163783501212663 0.0001077330722556125 0.008672549830471504
2.6865952317363963e+18 36.20255407709486 1509.7368796693836 1.696724525727959 40.10878138259213 1.5902004545450124 0.00010322153169302996 0.005927750875013809
2333877745232782.5 70.5415124316994 1322.4985419712243 1.8644167779173992 1663.6380615790895 1.5429336272257972 0.0003944261167462986 0.007059465744917929
1725616354235852.5 41.02407704494029 1233.7996338077953 1.490707196454753 592.0572932292117 1.6742970976434723 0.0003307328090321281 0.003090462962388511
1.613947715538207e+19 62.00595630511572 1362.389259743443 1.9156846362503677 28.186182873504126 1.6378787362313205 0.00012500520586650313 0.003486088185430605
3276063186191273.5 69.7076084382101 2435.9358572014935 1.2993179504336922 1262.8525879653273 1.8999231620566877 0.0005323283145750497 0.0064286616302154315
79244007607415.89 47.95956067506172 354.21014108214206 0.02755567389807345 53.42789121444608 1.5914567335444592 0.0004654944677546791 0.005521782068219891
3818797104967404.0 1.7110593721482275 864.8348169687598 1.7120705823168227 2452.148755100195 1.6405301059298554 0.00033722157347638727 0.0061861075472623055
2392005017122335.0 2.390960960947471 208.99772530904772 -0.3761417544860133 1179.8062028631032 1.7556477104709196 0.000530392098842486 0.005974784962302655
1184044806336669.5 23.79404137763417 678.8980361733412 1.6649538030542912 843.9195414093803 1.6258728624386696 0.000875776815513026 0.001089138833065146
116040909254556.16 29.519609091893937 27.78504918058907 0.730323172001393 13.682036504474512 1.6557994978752177 0.0001943271223689907 0.00916958050079622
7223605331531377.0 34.499727482769565 2488.0941356835724 1.893712116706677 810.6195676723555 1.8133888109185077 0.000333540324164305 0.001430493335645741
4.565893621515335e+17 24.986390574433063 824.3466219386695 1.1736859253419576 24.851939198165017 1.728760643224982 0.0005441890774754508 0.0023955519210695653
5739316484092604.0 70.22744677254069 1900.2972484263978 1.8087266086654954 475.3949215148024 1.874933373363623 0.0004463554955246252 0.008909102336595642
1759668063728694.8 51.217576303192764 2180.8557431878808 0.8485934777449199 710.5908180509399 1.6293468839448955 0.0007788852926376722 0.007115238942322552
1.2413895372889356e+16 1.1790094786976666 272.7854999188737 1.6681331620161988 276.5023971149801 1.849153423843739 0.00010459907687403473 0.0031401735685575964
2.226620844690375e+18 40.235740375412355 2599.0950946591956 1.6941638472099543 73.84545644542716 1.8018597905366447 0.0001135195668302142 0.001774369052172799
5146754855163340.0 88.2831632201246 2585.4259182011438 0.6731520923801204 13.307525248993946 1.7091250561034008 0.0006794632561501784 0.002406766757760006
4136532231468131.5 56.599090879032076 2304.9686241045306 1.6050639474674935 2673.5010433138464 2.350810644391183 0.00027650809387772186 0.004172052169285208
2192374477640762.0 93.65319825518031 1730.4190970022985 1.0535109460216758 492.82805839560336 1.9108605531132725 0.00011548298035330716 0.0023582526744728117
3302687695870345.5 60.22578809686628 1852.0280225318777 1.8486996696455942 1378.4284374903532 1.9657322491052138 0.0007449451720016691 0.0060333606369246074
1.32140109017107e+17 88.82042494575552 999.4835495450766 1.4813079774484221 25.551113856116242 1.7687589351662374 0.0006060451352346721 0.006718717113814191
208336584523105.44 71.00157815076317 149.79812475720686 0.8004003100003875 16.594155675998138 1.7301784633841355 0.00014940543781663301 0.007617469352074427
23661223745835.848 36.573016065549304 736.3261103321563 -0.3061266421008334 20.187213319057097 1.7261497518261408 0.0007454567530488507 0.009908650863344165
3.06261485948479e+18 5.063489321736995 1104.0256696106383 0.7469622606408511 40.96281707432569 1.7616188315115804 0.00021302901287051108 0.009304499995554947
5579070745851871.0 1.582086535225585 2699.3639519696517 0.36535720281761463 3248.3092959710825 2.297132349301727 0.0007250633102721639 0.006317363099245871
101052709060728.16 23.963303340770132 16.38232248052684 0.18970869841527427 14.980967271598033 1.675166574589613 0.00035831943976450493 0.0008299103587325512
3628454424044751.5 52.841070231983615 955.0189639085203 1.9027680163782763 229.79265816329652 1.7515780733543767 0.0001544360614461601 0.0018324040564624963
79851632524048.02 69.40694945329435 11.496397828558466 1.9665243021375391 74.78452458438844 1.4956068530612965 0.00021449156729507762 0.003083767496897328
85605837880011.19 49.64951556957561 72.15212025774925 1.0059347137064178 32.895120068550625 1.696566016266834 0.00011878766348955692 0.00814678080822186
8111355119321306.0 53.44648569655398 154.9762749840689 1.4466824789310575 10.35428653997898 1.5716745216416048 0.00014379984603443593 0.008101264903710126
803980230888384.9 49.96489328165187 397.86716677364825 1.4957890536390872 551.6016398818673 1.6689743598853517 0.00010576532050173599 0.005344003833798306
4406466208967520.0 47.885671162952335 787.149178563035 1.9027866064768115 170.2133220397406 1.801963127353178 0.00012432657151219408 0.0013290257266312883
907289310132701.1 83.33799593715187 786.1450844122904 1.3629917391893172 883.7496079481176 1.6264679730826361 0.00014796820155052183 0.0037336332102713967
3583418001689823.5 4.579657336380613 1309.8305058274286 1.6396853874921629 4089.8821325753192 1.7942401269989254 0.00016176366326533896 0.007633788160466969
4430694395004358.5 95.96883798929177 402.6181142662914 1.417764724090407 20.712125882643292 1.6766011345960121 0.00029757456268052375 0.008701751587022154
2177392858124526.2 9.861624368219267 2277.3383992963686 0.5023398900700002 461.14471571851584 1.9066633515315476 0.0003030886334806444 0.007896050658664529
4258337001040884.5 0.8622472179324792 1099.7391852737921 0.45512457754030444 4450.328815070533 1.908058754746218 0.0009654210543276615 0.007054341386441169
2515282673482857.0 1.46532776540937 13.669367527645647 1.436347824512521 3323.0748280319913 1.3418212817907225 0.0001460569496131966 0.006910209245936757
90826387741433.78 57.167797099368755 42.25661592172357 -0.47762040705094666 52.583674057308315 1.5989730262576916 0.000259070998685277 0.0029844309413248
2833715732489630.5 9.43310676408126 2730.4796957474427 0.6392794311047902 686.0920769220361 1.8500002039655459 0.0006725576641637022 0.0070120391361288645
3190801748395172.5 8.517599490838947 1029.9919660183077 1.991708731227522 4499.030660963159 1.2889342304450575 0.0006471332135905858 0.004959242923813735
5123876447090464.0 17.31278671762577 2086.5832173299445 1.509298564077223 936.8901111440946 2.100297301561114 0.0009117260335720932 0.0034106587655583567
466207342711553.75 56.82407545546234 261.581118468481 1.6750836624071035 149.3762183372756 1.8554359972679013 0.0004822867788875669 0.007070948482558314
165772252638589.94 86.64441097386182 317.308449328314 0.6402784931341636 96.80324008192055 1.6821891662761934 0.00015452899634062437 0.0025260481786589842
5635693799668637.0 17.889498985241396 2758.1194960166936 1.602743403575857 2276.3875900348507 1.9244075945813743 0.00015477767905332872 0.008301744117087614
1682703824313403.2 51.03035388868447 998.8395720854296 1.477517516988693 187.725765714508 1.6020522700230286 0.0005621944942584692 0.0001914969527731557
1942473923364943.5 74.24209101834938 1288.3931526764943 1.7436900548776522 592.2450788350787 1.8658581589088323 0.0008558161115350643 0.008192588015695515
16800086160902.99 55.26042788915874 1382.5251384576936 -0.16520588021514337 16.957309060354966 1.7170332052321815 0.0005016819363577037 0.003477593452761077
107534878682557.67 44.6304226737241 50.68152643754071 0.8820874066795596 10.63463032913588 1.601636237041294 0.00012170848069069814 0.002215127781315146
360218317849502.1 31.95426757128607 83.19089861922424 1.9003280148534445 184.68767725669738 1.790878500990076 0.00047148799162727734 0.0026879381162381237
56845314655789.91 84.94030911672795 85.82389489644507 1.832435641682651 62.88065382871914 1.5279835750429018 0.000180316254880475 0.004308849817254571
