185431635739197.3 67.1966096064911 63.53506321696793 0.9588174255431523 14.40757242501991 2.0189490867563826 0.00010861475439786185 0.003147851971902044
379932672469909.6 85.36415079279078 68.62672142516078 0.864545850700507 10.198769978767844 2.1111846002263213 0.0001430207380640843 0.0010759932352318166
669672606204667.5 36.74052272536978 2528.578339349847 0.8732283620630259 1634.333451936986 2.388262325336272 0.00041758819289921064 0.003388525321883137
8.061527015749558e+19 69.24289356855544 509.03771833598455 1.6499470967443344 11.001732334724734 2.1493973141494145 0.0006277089801583513 0.005034417284296993
6.735743432246824e+17 2.9561370622577954 14.189329262905197 1.4105413064954855 18.313129055610297 2.2094932558175255 0.00012038102989635414 0.0031606843214787173
96385659518439.45 71.10989467648113 20.598124753516412 -0.006132382390322322 41.26673002343391 2.1487662411173014 0.0008244325227125173 0.007437727506751389
182609970214907.06 52.23981004768364 485.7566182315574 -0.05140707675228873 88.18965093016647 2.2857807119756597 0.00029547108979268593 0.003318292786671699
1.2178210660480645e+17 6.463995399745639 335.24399435238087 0.0711696280253653 15.049577499012171 2.1719779908471284 0.0003601398498838725 0.0034889406945191968
202232289568037.28 56.02134073973041 29.582765892260888 0.46265140867490406 153.52919449516588 2.1280085556542976 0.0007548529489899766 0.00392067499148926
1298295982870328.0 69.5335959389833 600.6286433241924 1.0857040983868047 32.72792398282354 1.9737129485671692 0.0003165924955929037 0.009618374891311439
529073753822661.6 4.9122945563294 67.318535313713 -0.21281415035710505 2893.9183341730745 2.2347100639145956 0.0005595261865017577 0.008918175552424482
119411808133344.47 42.684748830254556 11.746299706843528 1.169508998715775 29.71383340053667 2.1939077012178263 0.00010936430014850645 0.006662084556438843
774064080666573.5 61.88163891831826 1044.5233121057981 1.817305857643276 4909.992447921733 1.5681069768626261 0.00029272902087899133 0.007751348699667207
138916504777029.89 67.46649212456816 27.083625979232608 0.06173518232481434 24.974138569033443 2.2493924053736247 0.00028733680115258954 0.004033228968042087
3302295240452559.0 21.676968466171864 350.3103627398368 0.6587017479773927 37.28831908606426 2.282370467946905 0.00015616880079089758 0.006825249872103962
167362457672956.53 46.89812982902218 286.32338774898676 0.3238989230202649 28.58597842895932 2.0702408050299517 0.00012216455217254298 0.00926705186035681
167180591669469.16 96.14477669881184 34.129644356801144 0.5205357857659979 155.90033814992574 2.035431974524542 0.00027590050445035604 0.00936903239292686
186299985397286.7 45.78002269574386 68.09307642004016 0.9123213005651021 216.31319385803985 2.0328641757888857 0.0002429884964792162 0.002555921772674349
339870903657790.75 26.653305053442523 507.6640305590594 1.110898932327196 648.2965130005541 2.2150284906471187 0.0006810566503720154 0.005445907857525299
290131648826404.4 18.975257834519937 627.3608273156449 1.3143094851726005 877.6446731845704 1.8822983714501884 0.0009983450176358722 0.006331187166179038
1002536932237572.0 40.150013501076124 2220.323631292523 1.3745961021225896 3984.016857585664 1.836764480806723 0.00018205420871399483 0.0023465176218275094
90838809353149.55 81.6749737771748 66.69138458400529 1.1625844997291415 25.275137146888166 2.070069737581138 0.0008149886064439127 0.0045501987114901065
541283840838187.5 79.55302582224294 1689.1567717416915 0.674241257298902 351.5476458061142 2.2660548041274176 0.00012667625334122437 0.0021911281081013687
1094742607826016.0 41.7896928954195 2130.5286607823336 1.8188254261314738 3416.126872390119 2.3148785001637022 0.00012974057276234096 0.006539366397673778
1540850614260287.0 12.10619983179545 27.19350475924523 0.7111223189052429 26.532690499117386 2.2058653420123147 0.00018016697520013754 0.007941384379147338
88904673117930.83 27.083497160414282 75.86193324703298 1.3423377895620277 87.54072087731964 2.034004982159408 0.00022306348995785837 0.009846435086227432
171741285364810.25 41.93975901009082 10.90460527192469 1.337760320049261 66.30241260336635 2.2225750919447256 0.0001516409115140835 0.006305893764862616
1552390713764416.2 8.674693799450296 20.54248988962788 1.858215714685108 55.68434493187836 2.303753089637814 0.00010057145788167811 0.0003523412626726013
125910499247389.8 26.83355651254267 238.19266754080766 1.081356109272102 229.30821694439302 1.8917775680383464 0.0002402371139420693 0.0019447775749783696
232948694310303.12 22.16794669776429 50.668585860813074 -0.45302394681605485 208.74286905986745 2.0910162170445927 0.0003352893132475877 0.008840605733756337
127066506915433.0 17.40874578354279 72.98662954604211 0.7624339436000901 138.4388252342296 2.015543521952234 0.00011108387517634384 0.0014701265699570074
427080878832788.5 33.92821926935514 358.9662725920142 1.9275472890600143 257.0332903665256 2.4750935684246143 0.0008420227218082067 0.0027524340354143735
473011462424753.75 4.066947727435306 34.66271667759351 0.9658380702507121 1484.7080093086697 2.4333709381905386 0.0005622828085027407 0.005386088665810584
876062720397369.6 97.6172874699107 1739.9381293494725 1.4877358272095333 2641.0502478913427 2.711746360805799 0.00027266022168518365 0.009442764927898202
873349235658540.4 97.91632762050182 1724.2996320938357 1.4828541441649006 2601.6064574357015 2.725797605751811 0.0002766892234644978 0.009556654017016396
746095074443712.2 46.76193442111985 2851.359542919215 0.6822972989829549 373.9844462730756 2.133424812819151 0.00015028465198850343 0.00876733542536606
421270411180491.56 68.4721301076353 304.87976810500226 1.9287676726384821 120.779554960218 2.1831743760757107 0.0003392432901181869 0.00819861629089517
1014366021010291.0 72.08470117580818 184.92144035846354 1.8457703825947112 43.829773474292566 2.1140771686911606 0.000507045031747192 0.004928408283413727
8816413865744704.0 94.85103975449127 1153.0953092582463 1.0118535846427719 27.844553342341808 2.1919543266349923 0.0002967886312085575 0.009666988042116331
3.3986120306282876e+16 24.56370780517818 468.68123016070865 0.82033734974574 15.839789786867192 1.9917161547931732 0.00011175524309447413 0.001289654475736899
766265453642416.4 2.428146414579441 1883.1873086692729 0.13763250075169386 377.9563626359475 2.2611161808511087 0.00045452049917692216 0.0018136149851586173
1.59441280803022e+18 7.8459826111849935 345.77548950562516 1.442508915742856 40.98150882003358 2.148114538755235 0.0002541696289170308 0.00685543288946395
517696745519735.4 13.826405614753677 558.018436086106 -0.08222059293426276 24.39112282487433 2.1321110165626385 0.0002092948974551946 0.0006690674067491604
456257876612672.4 71.68257450574565 1093.498442123979 0.6950603158679783 240.15198874869859 2.335798846235116 0.0006766182938852909 0.0014816944629924683
373350253455785.44 19.224219633198427 15.389111386116975 1.8876095529165553 50.55263868553398 2.2693155367023756 0.0003678226712832026 0.009441998682791506
317998747154061.25 15.506171718503339 101.18545751394319 0.4192416569714142 92.2729356842163 2.255381289269254 0.00026203966750761677 0.003725362143614689
111726469356673.12 25.353667398138967 10.691063123989979 0.06117242636196896 39.40759597704955 2.0623790152527874 0.0004857883602044309 0.00342939375385298
591028823528826.1 7.017577311270223 1039.557584382611 0.5911672582730196 3516.984797614114 1.662518879860794 0.00011495608701325572 0.0034923287926491497
5144951248845239.0 6.455524599709953 1645.972983612108 0.6653059856723107 157.65370230244562 2.200616442861889 0.00015756143072364132 0.0073275388957202425
549449631231381.6 6.8617872603526635 39.13375229090644 1.2631891073542991 304.46251980207074 2.459841312656033 0.00010047716628364181 0.008915826951045019
498310698487116.6 94.664735792034 902.6937536851451 1.045019225983133 925.363158246181 2.324449210980901 0.00031030355530623773 0.007569507109428246
136775164764809.36 23.868482655554192 72.97020953833034 0.5648148873097578 120.19327444425653 2.0450659349824347 0.00014491563774761624 0.0011985676909490716
677581105160936.5 14.621028837560004 333.71103750415455 -0.26436618347121765 10.159184142274047 2.133845579317083 0.00020396006617835223 0.0029206133929466265
555507729233069.75 4.452064018258186 568.178251479233 0.7806866878773883 3433.4695660482735 2.670940889464705 0.000356405786728622 0.009859881844162175
912074327175380.2 56.26802052663732 1857.6080151027738 1.6991435502117147 4282.8367459454375 2.9026614072190906 0.00010666475760642335 0.004500241432114552
393885169980492.25 18.501142907030975 64.25831587207813 -0.017497466611861467 142.7212379920582 2.348117844998914 0.000324905971779276 0.008358450008845556
1.387948930739332e+16 36.48685655500657 226.97850851198248 1.832736302943645 33.89264849608918 2.0842664717948147 0.00011580811893839853 0.009432873532468949
275568506162636.84 57.63289239303099 293.358616230215 0.6924302867071624 132.16340329258531 2.3912518871691315 0.0002869447873176374 0.005194858768611912
56314947974972.27 81.21478230099027 11.890213931636437 0.7630787002496817 29.669221972748495 2.093354449366817 0.00012328641681045544 0.00859030736997762
1.0167026107204585e+19 0.923502523346106 2093.9398284628537 0.5445960614214684 82.89492209531805 2.240084400206971 0.00019382440192638317 0.0010957317181581423
256161015724754.84 69.70852417783398 11.639260780282921 0.4951422437654539 398.6072371929892 1.9701166977951359 0.00028686369989710966 0.009925982252047938
821826055116848.9 86.05284372454982 1956.7627767545614 1.2054340063595463 2559.2073184667383 2.7458795740050608 0.00033744193663401005 0.009918411073603781
710893240567982.9 62.0116816374168 1016.2859983508072 1.8119948750188566 4902.530100816911 1.5729418989901283 0.0002944736259658985 0.007777571334713324
2740145592823723.5 84.14492740636526 1013.2399411610404 1.721866140959964 116.61062988522579 2.0619334358722585 0.0005895687158667005 0.0030140311375166286
380746956478895.94 71.38886121142943 91.77126920322087 1.9636826967185474 27.11894894987304 2.0414436152823843 0.0005182140567207379 0.00619442062170209
430511771353306.94 12.18692409591216 70.03189726034911 0.7036528269630038 838.6304362055514 2.150496943914481 0.0003668720103175822 0.0031831915096746264
445851286714868.5 10.74923449949685 579.9122610867765 0.7394268690234057 1493.2556330219072 2.4108802303802115 0.00013490909375022086 0.0035615588664473417
202604859677771.0 95.33900571573062 2728.075881369714 0.1929599686050596 86.6655619702809 2.1372897840831557 0.0001529623716129484 0.0037123410642386197
608604555833007.1 41.57157457131821 856.2436000727148 1.7980378372455392 2473.1799242589204 1.7367192209699054 0.0006447411271603844 0.005907374056172168
559696532352126.6 26.386519663898135 918.6954566371215 0.9372418064742576 2092.4379355723036 1.9358637708057587 0.0007727589948685705 0.005793710769634463
71163150192892.77 95.49829607437604 17.556866429842422 1.981007895413177 47.55401438332266 2.131056167538869 0.00055403893577364 0.000705325972393203
507933367351294.94 3.4161599500494333 498.53873586427477 -0.1383341023650626 216.31207916531102 2.1357222623611847 0.0001229066260549551 0.0031251492050893073
694472237611328.9 2.861397926417581 2172.1363793323294 0.13402683614988098 378.0709306242138 2.2202120645064403 0.0004491292601685508 0.0018240710419859167
527966319301084.6 4.120288745713751 15.080722806144543 0.969892146307803 3459.1317958026502 2.4947222280723684 0.0006242358449993741 0.0034555677948525923
23862023553185.277 86.75781075008268 1018.6672765207006 -0.2946154055276915 12.639827916370773 2.233626460271446 0.0002695705921468984 0.004002640428166796
510223381216120.94 59.60132767444786 1150.6751535831468 1.3378100734831597 835.1325253742045 2.4012528675525138 0.0006625942097991421 0.007157204993919795
48414331312731.88 36.88672532295569 73.59928898315214 0.15822061196488219 36.53630364684376 1.926048759798561 0.0002973025373884105 0.001542453904339206
905536777107176.9 70.38456954586918 1384.1377824184153 1.8479412609095986 4230.524149353818 1.458584981383034 0.0002463818572463197 0.007972233504700686
108841578406161.53 24.62498729938365 10.5338128198754 0.05251779200572981 39.7091122518598 2.06764602607589 0.0004911629917696166 0.0034053439256460033
48932440368759.07 97.53368344093899 118.31779122136648 -0.43240610859915485 13.29090727750999 2.226973207060962 0.00013306430629334817 0.005884776134484796
411495156315320.0 22.14126943195722 68.56146485173522 0.9342465186645942 26.459508628223062 2.107962275317187 0.00010076003271432373 0.008684960627060612
436922674153716.94 70.75640672686976 524.202504595238 1.7409380844118785 615.7612632832 2.6145521866969315 0.00047498224398374384 0.0016057217725219501
102789082711918.55 41.7539723788905 15.466040427289387 1.319276472186787 49.05758878797693 2.0939232695752783 0.00042462827731063385 0.0014592317166573412
4297656300429489.5 8.118668128545949 106.68652538211354 1.2014675235022207 58.75961003451965 2.2915802164965853 0.00044560216797452504 0.0020122813920003466
182321317247902.28 51.557974507454716 188.10141728988185 1.323746325942607 201.11129658680872 2.287299677371864 0.000542762063416908 0.00763331159114581
64774711115876.35 97.72558888066767 57.91374274790755 1.8665183886372914 29.675835514376796 1.9921180137645556 0.0008351747137339401 0.005054571652482395
442436948748823.2 18.626192267147992 484.6323702903461 0.4914583654658434 75.40609970501754 2.134518743236364 0.00011964084189947995 0.0009523564529618903
409592875068167.5 85.85664907888486 367.24780924451545 1.5068935281693099 168.3012713585175 2.362872027372443 0.00012688639970937922 0.007052232461058771
1138269805134066.8 98.89188472289544 1165.9139553905643 1.7713697965436752 519.3490527137902 2.734705431345684 0.0001219532906525627 0.0071387431286291285
2865484174626714.5 33.83148513952395 807.5668813678361 1.6737227428140529 162.98460770226026 2.364120733940976 0.00012805002245787312 0.0070908815620064035
204175457130405.97 32.76383994411606 22.933102488349455 1.1310618258005332 98.42613606493217 2.236567049832017 0.0001254845169807672 0.006254536613180563
159068738502919.66 56.187688738303635 70.58643768720336 1.5337022909649958 68.50714925078218 2.3459859046937868 0.0006639743910476166 0.008585836718091686
2735799007429564.5 5.327141401936642 1018.1814502085122 0.864826216104833 198.5004640847222 2.0879805418243884 0.00019295193401017778 0.009306157870359044
487944098461836.5 18.465554769291458 774.5272769734361 0.7227345528568049 761.8333740234401 2.4233274973678367 0.000455511097129133 0.008681808254311993
691984277704647.6 64.56471165478487 2513.428372297554 0.7080137567509454 800.9395574926814 2.418350986724243 0.00038164253859685675 0.00806348270831269
1108451154030133.0 71.63328575273476 340.26828239372355 1.5162881968432744 56.07163292050899 2.1002558926127337 0.00043612488880002254 0.0038085839677747322
163793224407754.1 50.48499722840553 35.405249247542855 1.544616266590688 97.097327254062 2.2085302532811903 0.0009054037755586649 0.0004857538923088954
8997600261439258.0 0.7279101327207096 275.08577222026526 1.4562338366242102 255.45804238780627 2.2337493063792158 0.00010346923985165185 0.008165554042444699
1.767784972459759e+19 53.70179166013613 1773.602271446777 1.37720746689197 19.68617675073174 2.092801836853139 0.00021565882043053577 0.0018827462984958862
2.7858442661189856e+17 45.764248795891525 691.4369666381862 1.3976013965059049 29.99082304744928 2.236588110470691 0.00047598023382795627 0.006686752879480197
2.1820936569488302e+18 6.851567206638936 186.3633673958411 1.2870165033279957 21.899552308688662 2.028037337459755 0.0001899771766405659 0.006280433861048623
786992966769902.9 8.615365894111235 58.99075822107639 0.5661099849117397 79.72681185197258 2.3005010540565753 0.00026703703280174507 0.0019400694376982839
505963270917700.0 3.5354263526126424 517.0236919749505 0.8023761366288841 1738.2121426569777 2.557262813385755 0.00014618311845674827 0.0012303058391570833
550414109723116.8 2.510924911930104 124.89436458639804 1.3273431615682827 1861.6596678031237 2.890807435458417 0.00011616579671885965 0.005046000217148598
482540308565527.44 62.27413268197075 703.9618016022433 1.6081265183380702 435.49258939326637 2.4398896104178385 0.0009179056256231573 0.006337896279029217
1611567684788573.5 8.04971936799884 927.755947691593 1.668625968625043 382.55722361688976 2.353697104911516 0.000821529254485389 0.005125483540388732
1.9153462784795344e+16 1.3093382557865567 67.01409986691202 1.6914742793159732 112.59112895910197 2.2813956341256763 0.0006350697541168594 0.006769279994083625
454190946051046.6 13.645319087259635 590.7660691903626 1.299234508993719 545.7608300000728 2.453504853224171 0.0007241211711504289 0.009785392721743294
285521605683777.94 81.4195381830543 396.2388270459131 1.9418596505774823 668.0269125793443 2.0189041982337756 0.00010170918225687086 0.007468037279190903
512237964635752.56 4.307191627825124 782.3933302126342 0.20791961728971908 2907.6404343022286 2.2346291207959363 0.0009267882589506619 0.006288648752857262
427819122295775.0 84.55261293297337 735.9329761706315 1.3328549883253196 707.9804988138302 2.4576378416134865 0.00013568426336866836 0.0013212998998037018
226598884053038.7 97.19966034432466 15.63137838779335 1.612978898479841 255.16081507674605 2.032029436934276 0.00019373846968397782 0.007233475762402962
39619726206717.35 57.335109546931626 18.42846550374376 1.626706388491501 39.13821011447961 1.9587973644083636 0.0006562623173915027 0.00288024666012372
445851286714868.5 10.74923449949685 579.9122610867765 0.7394268690234057 1493.2556330219072 2.4108802303802115 0.00013490909375022086 0.0035615588664473417
57735027284675.9 54.54077910162363 402.37728587563413 -0.055012323213115 64.63469171032287 1.9374101171337643 0.0007776998217795859 0.004453917277402827
267089734048757.2 83.47654722363802 151.5846288275886 1.6208677429243 40.85252515461287 2.0570310124399755 0.0004489768946979307 0.0031214229927142524
47525837239870.68 88.37006013269728 1678.5966951472333 0.07082106010985802 39.52519779297209 1.931027453788351 0.000489635338629089 0.0005104876249878156
1.2293725299834608e+16 21.890916828957828 1522.840754396842 1.5394291080908538 121.59044812943638 1.9319948208432116 0.0001158741688894553 0.007240658585618063
856037688486713.5 72.76107003721829 1629.8322279992647 1.8799368875459697 4560.644569452496 1.4520052547687499 0.00022492258339597046 0.008001096196283815
487213105190833.75 65.98405614876083 560.2681952329762 1.799776560791689 1367.8453785622926 1.746129377908214 0.0002713096085594669 0.007035234410722973
105405007037632.16 27.68811282218209 10.49283953808217 -0.13653237148149555 45.462296962439474 2.0641391075181645 0.00047619043418876494 0.00368708112924163
307940431671480.6 8.149435555449184 298.29475437822526 0.4561841404577104 357.95130601989496 2.2246890269672326 0.0003978983895733035 0.005041793729535754
496840540643505.9 18.29734544849181 463.71578487170507 1.0858349111087944 335.4910898445478 2.5073522878062624 0.0009434929595419785 0.008847265838580585
440744022566411.6 90.53211458280987 2166.503476346042 0.3410563068355412 145.94875257195605 2.2382334367695336 0.0006817687912575384 0.001651904580477737
1.7872643335350214e+16 1.4611000789663535 66.41419106263892 1.6881449554974417 112.1410974835802 2.279481003009196 0.000631738718917007 0.006702993449189329
83321496998670.81 62.88208123252383 10.804161746561524 1.0240907064233755 25.747130957308713 2.168456633235101 0.00039077968226021323 0.0005295651302830275
3120967207169698.0 25.367586013437112 115.471090500482 1.2813215677607603 29.884663754116552 2.2057458035778335 0.00016161216215077547 0.006641489732166843
523202466962463.25 7.42799338112841 46.91391279389446 0.16163041795314403 3668.175643942258 2.052556872356054 0.0005815600491283703 0.007842828155851486
171096346098419.16 60.47174181897192 215.01664829808013 1.7430571168825106 248.4137841474138 2.2171039207105503 0.0007898074351445195 0.00017579448335668102
4012514897925138.5 8.028321618101089 17.078277026144765 -0.0026923808947187933 17.355761555129035 2.0357593119129755 0.00013262241485531622 0.003138005269382651
375510766447951.0 84.45236626746122 67.88927968879108 0.8688264249867768 10.177404972572585 2.107627853484618 0.00014553554262949342 0.0011160490870056015
290881527097460.5 87.9103124250374 120.595453388437 1.7510196635633144 42.505783304579744 2.1859586072488324 0.0009213225724664608 0.0058472477410262185
566549244332322.4 64.76289127409721 1940.0877365962892 0.6346082374343087 1386.8120595219975 2.126004617937587 0.0005652039232032076 0.008425103543562969
198415286361941.94 63.7313952304973 61.73939682161752 0.5042101138159408 25.525393106073555 2.2935669967341896 0.0003315134560503349 0.003720738722529886
984722306737996.4 3.503272983552847 476.9052945597174 -0.18394601285037493 126.33742975323355 2.1642145154821972 0.00014170377096448742 0.00304542102984209
536221896687538.8 5.895960518438372 207.55786119414336 1.6593420663453842 2181.7748603610626 2.1458269981326166 0.0009298958795988174 0.00631429069716871
433236007424770.1 10.643764188203058 137.47655297207817 0.823230805980294 356.3542371366395 2.3170766576559574 0.00011732638018793773 0.0007469627575545177
165339708999019.84 96.99569201276176 1588.5817925643112 0.26818188531188736 39.99731614680272 2.094216488039045 0.0004578757957604812 0.0010286331932504577
533576848204761.2 8.962618104500073 60.730103174892754 -0.0939109065701571 4321.692067501199 2.2069694806871 0.0009885370153926202 0.00911889347284951
1130828620865261.0 4.728854595294224 45.76264715613027 0.23978379598275557 160.59165978412156 2.3994321367526794 0.00015435558050837375 0.003932047286537233
522606228486133.44 3.0132959857944073 138.0368653771256 1.3236782815351222 1310.6571210129953 2.736232924258576 0.0001255331602670915 0.004745017588310961
122285157106390.98 34.92929649268787 37.78187911753957 0.9078842104206665 23.71357112451454 2.0950955431560736 0.00010381311893676005 0.009840365543152811
537510517359379.6 4.166744694406919 875.6768797659545 0.8746517646633232 1786.8550504089308 2.660052388232118 0.0004494701700078862 0.006814256732860844
175899672965987.2 19.083476092742174 45.87145763687171 0.3167223437862956 107.2105154873768 2.140937139342566 0.00017956632085088634 0.004589353770759395
116990962358617.38 55.6713833973462 18.044357080505243 0.1122566854651792 68.94924428643525 2.155123965180307 0.00041935796950484053 0.0028845937642945373
682641850727572.8 99.19091876543077 1154.029411409094 1.4081918170528334 2057.6133592400774 2.1774408422404736 0.0001814507749570253 0.008646842058133562
921683292076895.9 91.37426374693794 1849.2378008801743 1.3883852733624011 3573.015483803762 1.8192576338014481 0.0005107651702836045 0.0078015387131917585
766452587322610.8 52.52695911047534 1594.1197724910958 0.7575289452768879 3217.907978732687 2.0366795979932526 0.00025951763332294337 0.006236459019914807
211147340734681.34 97.58911282056236 24.034887554798505 1.5393072755746622 155.62534722631827 2.1756962557372623 0.00020998448467855912 0.0076605547744652055
158777399230923.6 54.49849203974414 744.6949552877339 -0.035305006926257376 167.95740555675332 2.0702422749441354 0.0004789922210065067 0.008806262765137157
3264658246663868.5 11.250276176691159 17.484191050903565 -0.18059104726822994 11.280866159282738 2.037627470906454 0.0001478418673840568 0.0017418259353968778
111164014668252.7 28.29572248845331 93.17862426075264 -0.3295134029038866 13.734804997921614 2.1041269405892433 0.00016356834273211477 0.004303162582141355
155576730967503.94 49.61841419054413 20.06462033721181 0.09550653269874165 155.08990773306525 2.101011866362591 0.000584851659195884 0.0050069215295286875
183339413392347.88 58.13645808218699 112.21074605455982 1.3987650139795442 86.95622869387881 2.3189034550925616 0.0006299213178933622 0.008394792076144878
212091261304313.97 94.79071290862288 13.784787329913136 1.6118726187231844 221.74680189863935 2.0373190821420035 0.0002179620251492054 0.006362432840916269
95778089575842.53 69.9211288487088 22.222630161544256 0.01613599866856008 15.141265026870794 2.183603799891971 0.0002725881311019469 0.004405841876337833
363438468977291.56 16.019274231766815 580.3671854061271 0.33510074860620886 1081.8735815304522 1.5648812961735723 0.00014639925102638226 0.008967990751279374
880000848224337.6 46.48172658609664 2134.294702551487 1.0357364877520028 668.354272666899 2.3979483094912126 0.0009652805814128318 0.00623279292217305
22809751718849.47 45.19020636559344 25.157113299571645 1.6123992934312383 28.288144608776207 1.8760775846309463 0.0008083229304256404 0.0008580032671901672
69639016821937.29 50.588105650711455 410.3260027623772 -0.10832666400004107 23.840958871448375 2.1754153466167496 0.00030541256543006477 0.005597716065846143
775485010059421.4 10.949713230247792 1185.844434579982 -0.03876991707477129 46.682668406065844 2.257207363902729 0.000102706424706685 0.0006816954257404641
7985648641332604.0 35.88035764669132 205.33779010083913 1.8168405001798327 37.93944236895355 2.1411158473504037 0.00010311008645890249 0.008894498178334827
62933662926874.51 66.70457133482847 172.80329064656442 -0.4060003742257954 35.1292301067512 2.07688667912132 0.00015306855490510404 0.009769946836520249
469125431629665.25 3.972738398560952 10.380651268502481 1.3596315236425158 4154.270370930485 2.911203927296391 0.0008166302976976573 0.004305461993352726
805873902681981.9 1.1616795483973554 2250.8263261054217 -0.021123771815755865 401.4652550633469 2.24674234755068 0.0005273126981808369 0.001151002493831687
123342649877572.58 86.85873509946185 67.2622911762651 1.1131747781271035 25.409377925463566 2.167523556164428 0.0001853473191538975 0.002743822633485279
631908010132864.2 22.101274963019648 94.25019437599849 1.0210777032256337 31.737691346993664 2.1207675282174527 0.00010217026428663082 0.008053029993532258
556233100115946.7 6.5931599933220255 646.0069433858977 1.7582760281489909 1575.949481711133 2.1266312230263993 0.0009525607154084751 0.008786102691644572
408152269165367.44 55.114292719476154 1525.435803571091 0.5815382829212812 485.89086470378714 2.229153695107447 0.0002677956828576596 0.0015103911587110478
1.5609130588916296e+18 47.0075284945693 283.57463390459077 1.8942135954843704 23.12787416946259 2.284657646646148 0.0009829093991443967 0.008152299210059407
1.2450696618883964e+16 2.3389285389581556 39.8616263402747 1.6904952611042412 77.414856726201 2.230170138207532 0.0005018099830323895 0.007493581529917848
77697482273508.11 85.41210104843441 19.216897426627387 1.4989674236919386 13.434220195482602 2.1626803211082053 0.0006888554221648753 0.0012745226428198305
176090920162406.03 28.806830587620457 2680.191220537254 0.07255379695453879 126.65273703047698 2.07068471161836 0.00013086547310847482 0.009370697337855827
497826428775194.75 3.4776724553337246 513.4927182748314 -0.4636482227084563 4384.383271700025 1.9638804249972246 0.0008910512915602162 0.009115969328054295
4.6008480785698515e+17 21.374966188282812 363.38999805655607 0.933973865858587 12.897283983426139 2.0602470448433605 0.0003107873086726916 0.009427501609457222
117033148316892.44 91.80034470750378 218.273116789781 0.2268989653757012 31.141378615649202 2.1963693875846655 0.0008351010890543612 0.0005512891008737953
55112573780393.34 83.15650167905014 10.878502567792186 0.7260398867011172 25.21633065739876 2.083759091363894 0.0005514620544270968 0.005429149663947693
174056556021187.6 99.04236220050367 2367.2572805649934 0.1751952161575141 85.26292322104119 2.060043296675464 0.00010733722591467532 0.0035199962021751673
223572228419187.0 89.81146594741126 19.664236642439008 1.3447052875882317 332.17574022714865 1.9478003119847016 0.00017975882973690765 0.005033092533236931
2.2492616298237376e+17 9.073447125480785 237.93695266659117 1.3086821508645383 32.03911516433508 2.0424880704525257 0.00040637893432932863 0.008414007620955052
171047584766257.84 94.18178705033387 98.65337561646108 -0.2837777111980986 140.79127556744436 1.997724423172578 0.0002339610194413848 0.00823340091694753
154444575369413.1 51.159960893832675 57.90479502298474 1.6318844259292438 171.3713974337363 2.1073417137475454 0.0008874538057684079 5.163871522571167e-05
3.0669376599335805e+19 1.274211208428726 2459.101766617926 0.5960516233856488 59.71320047680292 2.1398755050951106 0.00017783135474836855 0.00044917957418591156
479394249164673.5 92.79718161462708 1015.8032430102855 1.1704164669826074 439.70493478557904 2.2707950505385712 0.00032049137511814987 0.007291904238195558
544911838929607.94 7.310321186267178 33.97575283572915 1.5620896126961779 309.25815790746987 2.428517268680232 0.00011877190165821168 0.009121005869192844
428594922872142.1 1.1304594592384944 86.59428085308483 1.0473580613188094 1658.2926200003292 2.461188154595264 0.00010494175175235099 0.009040429239104013
3807516775778695.5 95.49028703662518 513.9404985371272 1.0258280573859357 19.830380644213278 2.1331785916780883 0.0003095020273318277 0.008715827266326089
428747739485133.5 12.174772753273293 628.8012304406622 0.4680867036658115 1314.5745832514185 1.931013315416346 0.00027406757681297284 0.00634652748475451
3100281747316819.5 7.007821423536093 30.337877539379747 0.33868862905494884 35.28475926418036 2.154322322302334 0.00015238935701912968 0.005751641852270335
533576848204761.2 8.962618104500073 60.730103174892754 -0.0939109065701571 4321.692067501199 2.2069694806871 0.0009885370153926202 0.00911889347284951
3.1482977895167444e+16 40.46093547288383 1093.170876525916 0.7648428475618569 15.268337069022033 2.0239102134028037 0.00013606908257096924 0.0014680466577221916
681202083912651.9 52.303023111323874 1327.3966135671446 0.9996628327078523 2785.8018680907426 1.8031774458187124 0.00010678355035522556 0.0011419094291229958
449655424984057.2 42.4797543514112 205.99582711479025 0.9592917908787734 49.17849560361139 2.152188482607235 0.0001090662945381617 0.008563164558135708
6.040701018195357e+16 48.664834811646024 1161.234369201444 1.4201588749526157 52.55113014370719 2.2253477410152773 0.0005534306135732593 0.003141622459371736
69483472475252.77 82.11153026572661 10.05992830297763 1.8987056626363326 30.989955131385372 2.128846082202847 0.0008326695406911514 0.00987608166825012
446886436711852.3 55.36503967877814 60.51813063579791 0.9108771441327976 13.059015970198734 2.1271725010821925 0.00010064382152958879 0.0029986550823305363
164058156622070.4 43.536369869411544 22.103907363466696 1.1132017540233408 78.25755733262419 2.2506379981116473 0.0001169413272461771 0.007375839192513372
406763041380357.25 4.057698439815198 104.63484798854952 -0.4660927467390318 478.90154411727815 2.2895947684805713 0.0008563641602720676 0.0016375970739188998
138471747124788.17 92.53414346517707 448.7637511169555 -0.2619058962121572 116.68917446237863 1.98057528149431 0.0002941145953028331 0.006133858566627917
635002552763335.2 21.658464550862988 2015.6541990406936 0.6789666150042284 1704.0833591213373 2.36295941406221 0.0003459136203133859 0.00932422704608342
7296786100242794.0 6.891763935063888 18.961390233880405 0.014229750893145154 18.485615297413947 2.043026772111288 0.0001312788357843548 0.0023782136641765537
6.735123419618084e+17 2.958559358980387 14.189736936963634 1.4105636471759204 18.31553675605253 2.209459146534306 0.00012038471829948504 0.003160913831860066
798795038286254.1 75.71652437383277 2452.2032396623536 0.8476619500739078 1878.8976890242097 2.161618948208307 0.0005421614495700234 0.009912249425416486
669233015436051.5 34.70792374941586 2065.2718581247955 0.6308521505136063 768.7558845303352 2.2826008379553784 0.0005867219086831256 0.00782697741619642
1.4537379359073446e+16 65.59038761869618 387.04442643574856 1.3353906427611095 30.43675313320639 2.2927623512645754 0.00026446553823002275 0.005083964210641176
3.0827291917250356e+16 71.98328489682365 2604.0600226588926 1.2662663913254812 51.20906800328939 2.018128927472629 0.00013186667534628374 0.003990030950935018
1216687206099814.0 77.51233442565707 349.6203131968499 1.0547384427294337 24.054574923886776 2.0640894024883947 0.00027039046704596453 0.009667524009785088
423161506083518.75 69.49685198033661 1053.4985647147507 0.7957370038441258 335.8812904413175 2.25774532400068 0.0001155232473484299 0.001195715226826145
8.640360053244678e+16 5.087977399649296 307.9700422959355 0.942124677431073 56.86355472166477 2.1905872873165952 0.0002561741847166266 0.007344717759531681
7514532831741430.0 55.97061035167679 378.2178349323388 1.2487721748746252 32.672393350281794 2.268433796589919 0.0003498026624180709 0.00199896799763526
359616622110926.7 11.963722248614008 26.591949818510223 1.05230742308101 197.68199809482942 2.2830839729932664 0.0008719207981167118 0.007104069787209613
868150094186966.6 91.39835262475822 1880.0026302332215 1.5011249789377765 2543.900447603259 2.5776999201786985 0.0003044186576346429 0.009647950536246855
379862727390529.9 31.949358195981794 337.60687156317886 1.7434794514074823 244.63293832636384 2.46599414873402 0.0009289971571463624 0.002597028957993488
277096756051727.75 82.84304469073813 11.424793391022847 0.4003499748766872 497.829248990316 1.8995168490269927 0.00025251453462673667 0.009859876857627497
179088154966645.88 44.65513139070244 11.156611774643086 0.25489395436497225 266.00016095216085 1.8930826748344216 0.0002866836900330213 0.002788160530393654
1.5540609051369826e+16 9.81084598265467 1509.3375912631095 0.014119530647280776 13.732461859076459 2.1542642255962945 0.00012164514069935518 0.009901106480982476
819891138647621.5 3.2105006300681467 481.41077232026686 0.44652169074777925 285.88665149196817 2.299805020838291 0.0004115017904573986 0.0023238986535512526
605249419601055.4 67.58008787546183 741.938200788789 0.8417203229308323 58.17146503121633 2.0830668385523383 0.00019329968924809476 0.009562980424992788
123159812163724.16 91.42657369217721 40.31782209914056 0.12609766242159415 90.55208756423272 2.0879084500943415 0.00032346269179285423 0.009720267996041511
135486343866503.89 80.32532235304976 189.59704679029556 0.3039723164141719 46.088432458999044 2.201391090609727 0.000686407351997028 0.0009753130618605469
143400007919917.0 60.782956653512 212.52736026347122 1.7506150187998135 157.91529020606328 2.1045100544439554 0.0007463244020947061 0.0037535452610863627
6.767867260649458e+17 52.54642550754584 2358.5360327434755 1.6536225123052009 75.76288879189748 2.3392792642203974 0.0005534411012143424 0.00122209517873232
3612526578568809.0 7.695196823568175 34.99607464496427 0.6258831821718382 21.774118409757083 2.084648036820158 0.00014327545009719595 0.006432294936539058
376381302906740.9 17.05413402370958 60.22210749309537 -0.24249860972020032 23.464292481591112 2.133890838681484 0.0005001462903893977 0.0034506077560465436
561409284221034.06 26.98940515994802 449.4931146302265 1.8564649820080545 260.868665346536 2.3694966171704746 0.00012369536815846143 0.004492452938535067
386288520447727.25 83.6864114079867 64.23018331313298 0.8530031392600312 10.29934931152437 2.112539528490384 0.00013583655667858424 0.001173536360935288
490554899505254.1 7.685071405686482 472.48973065329596 0.24081957640149265 1913.7043796870755 2.0215170223513264 0.0002258504287254436 0.006186268301122506
716474473490443.9 67.87329717630324 2653.109360784995 0.7738372605740781 1569.3677465963772 2.252359282739369 0.0005830727328765163 0.009020414654339781
1.7221741849431316e+18 9.218643336966892 368.12259734263586 1.4190510666405245 37.780864273467685 2.152039182316586 0.00025826837583884597 0.00674490607780032
314842530502397.7 11.289099590483646 183.3607087208435 0.9702295362578099 399.71494824749027 2.2471419904432284 0.00039901734187442893 0.006159318801146382
173144766981311.8 40.58586115935456 2966.678572520385 -0.10748025989336063 129.8533161702841 2.2428741064034434 0.0004744570148195602 0.009932591242562414
1.5931629098575872e+17 1.8752217036115368 517.1200645145716 -0.3266537254381091 14.317578037968442 2.1479089592920544 0.00041573253500049983 0.0027005454974169314
973052098436058.6 15.25543767886112 339.257404315492 -0.190802870616398 10.567516533567364 2.1408513282142705 0.00021255289293851495 0.003158068962581453
43313827222456.34 68.05931722525898 10.309741870929912 1.3288706273642203 14.607212125037556 2.088862258462286 0.00011263884469803611 0.009721952548320402
575467225533802.8 60.88513567161736 607.8714143077884 1.932091220703301 1780.8731350504002 1.7749790336404874 0.0003040666831108196 0.006455584443237135
163062043159644.28 31.44938536632482 23.594317145226476 -0.4468627440613886 55.2067391812605 2.195181876084629 0.00017466803111900757 0.004245000953660221
7.853194093241164e+17 52.93300173721669 1617.8195086413662 0.9570841902269118 15.666685472015779 2.1631367205557184 0.00021758418716048828 0.009068102996913257
763925728031960.1 49.530983337239235 2079.4932898713973 0.9167417546109996 3005.287892085756 1.9841184849357172 0.00011629846842649256 0.002318297650661526
553453177805874.1 56.93678921910829 1295.0356319466594 0.973082785674424 922.030573423432 2.32224565815644 0.00046976306264543864 0.0028793730415796427
5869956643755527.0 9.635159486461703 217.20410670007175 0.9518325008015189 60.785766039669426 2.228022553956179 0.00023304813659448257 0.006946407628940695
176399952286476.16 38.64302024068861 1439.6465381593684 0.13459950137402832 110.09183623996398 2.1001136752685734 0.000400241572169225 0.007446395189183925
1017756096616171.2 11.835190619503882 1804.6493716677187 0.8326466171042609 681.6550219899942 2.6010005912974004 0.0003272161952813292 0.008088811703170964
129439738592516.12 71.9651287444558 13.507939941640776 0.20157145858824438 18.772078961106878 2.2600116845062725 0.00021493489993928082 0.003555062152951205
493371766943611.94 1.747058059679473 94.83266044009139 1.3588475169169834 1255.4376549946626 2.8375441199775535 0.00012758008640078108 0.0051437257156506065
925726944109738.6 59.916617870412516 2721.0641066286626 0.9566739524607347 4294.256868430873 2.7139795501671324 0.0005349531596520153 0.0044059558767251565
255726603018903.44 40.23274428755578 541.1733928371278 1.8988099943447396 531.7654075888229 2.212239449989882 0.0003480349242915594 0.0004116580557025438
1190436963473338.0 52.00612633806312 2712.183584655888 1.101661585966358 1161.2016375110154 2.490582537755642 0.0006341694487539448 0.0003577900860170114
695676113991615.4 49.00035868457922 2987.8461010955602 0.6810037174089653 2028.81384117383 2.145236960669366 0.0004412605298280639 0.0025500904999508326
175688539750357.3 64.0329683061049 177.86275549144491 1.7947428742578986 227.10368465210283 2.1831209201324744 0.0008464698644633787 1.7701622600573702e-05
1.5666151375835144e+16 2.69744328029856 34.903108718843264 1.6453170269401722 64.6731928092435 2.216813840192638 0.00045726662437678574 0.0071795752770164945
1.9931263179344228e+16 20.104469393145646 51.77192070533172 1.0242951673949825 12.910785810124409 2.172986878748138 0.0003280261500033366 0.005035874168268483
420410259427450.3 81.5986430944303 226.9039510742901 1.6119003713629236 65.50155689595317 2.156507632436291 0.0001392461814782423 0.006646668571449703
46648029668057.34 27.768380488678226 40.534037934572815 -0.03972429214472173 11.503630693682496 1.882132165737786 0.0005898227272071941 0.006616447220031801
1.5402396727300943e+18 38.56842131685092 1304.4374913347729 1.2140299982066243 22.368245773881043 2.14705707942765 0.00012648336683344038 0.005708206066343147
99134377854447.47 90.43650192729875 24.661824999807394 1.535637851281551 46.66189959895098 2.2135065947313914 0.0009038024966233458 0.002454263299025093
5.03027330564509e+18 5.63176839352429 21.09038104724386 1.918783550843712 13.00222131376083 2.2897160950779654 0.00010160105975599856 0.004724755445373778
52579123817973.484 88.0280350815217 2247.3429757079657 -0.05553413358154691 25.159849473247256 2.120503500754931 0.0005093474124818867 0.0011709392023985642
644545372464242.9 13.576644161485165 563.2873472837421 0.7878727428201777 147.1204696807076 2.173051276819229 0.00011215860929708313 0.0007226346932896637
3629916126771672.0 6.701916349224477 22.45253696206116 1.9798866737874499 57.23570862270804 2.3320497838225083 0.00018952323343291016 0.00033899903534186353
7468085640296800.0 5.984989228969589 789.9414478104056 0.5494670627803989 64.51138555639405 2.005993611856948 0.00025310218659277184 0.009371703667713683
2297155101596463.5 6.04030025081035 25.593982346494585 1.4360269527063358 83.71973259556866 2.3616830009744567 0.00016587029426690022 0.0007017150166488866
368629185658631.6 41.871009478795806 415.5323452733232 1.2225532507279269 669.723007153239 2.257419835514493 0.00012200833675176333 0.0009284879041144995
1.0036334076194096e+17 58.52389797836415 1469.5638818207965 1.197001301830525 32.08574056616986 2.161835180768858 0.00013534567608640885 0.005663692644810916
75861155859915.84 96.8826784506517 16.729974954330924 1.6478148902476675 34.25843586598112 2.1670084032854686 0.0009033235404492331 0.00013903718985452127
568080249414668.0 39.578125400187645 1545.6669139219277 0.72099945857641 2228.826309733498 2.223741690199789 0.0002689887467241478 0.008133558608028365
242282896686808.12 49.83824913717829 21.273085027509374 0.608207998931542 11.21947537948712 2.1724814699451453 0.00029449794532182024 0.00015405716441037765
62252833559641.84 97.15325106926845 136.0178486111789 -0.369743091332318 12.814303709411899 2.2462328418577826 0.00014138030728116073 0.005858382660474139
353575129868195.7 92.01550496715018 900.6228041232183 0.5244855564183277 132.94479853798487 2.2143958296151056 0.00042920948703940886 0.00044087500849437065
365645734477514.8 8.88559693385588 25.262616196307217 0.7499449380495613 458.0634551671202 2.177340190976307 0.00014906135529096036 0.0008071530738135279
394354148499221.6 6.500179164848344 108.20234511237061 1.2131354594847656 1185.84433024478 2.0478473816483245 0.0001782083412754272 0.003443633801944002
1878192662379996.5 46.38978136018982 966.9149193449825 1.6008631400444646 148.39864453925122 2.071188379461765 0.00037645941098057953 0.008640245673453839
926649406667557.1 49.7897804070319 1305.1442327794964 1.642213246226081 686.8470606939093 2.464038833058971 0.00010026592854296037 0.005747261063513493
356402307509884.6 70.13767352656177 1475.6479934391348 0.39816097696689146 268.9946323964686 2.2146179401427735 0.0004257325610666142 9.858960029501124e-05
1.2589244453463448e+17 19.100718111097656 251.8676220310286 1.8901875037456133 33.84175717293859 2.0322823539038724 0.00011559638926556574 0.008623629583720932
527000026606560.6 11.165842271759011 87.29319161695739 -0.08095774757882879 112.86716540284914 2.394035604907539 0.00014087092719600164 0.0029621338764953833
770405544577409.1 13.069903746546146 1415.1319767797472 1.1087933026021446 1794.3683610816627 2.7351177192520684 0.00021193337238816648 0.008349067719244348
537498634279423.56 19.578734677408153 314.3889348544114 1.5804839910379849 151.55307169595972 2.263773412984042 0.0001081685533767571 0.004554319136963714
1101164726302509.6 26.036906067865132 2800.999910716472 0.5754369883863344 177.23801164922102 2.2306446658788865 0.00015292766734772634 0.006453971482315322
6450547146195286.0 4.957182216593491 23.766975491156703 1.490707095644483 46.894325321379235 2.2222779808552664 0.00016351969068365186 0.0004010928237278134
171435992173962.25 49.01499114994729 66.14567122440044 1.61078347853895 171.8118026039281 2.1253278062033716 0.0007702391193272191 0.0003827595477538241
8338626177646929.0 37.033493745662916 195.29873481505996 1.8420549886530335 36.13865652294141 2.1419626398861045 0.00010122940070367611 0.00887849753990268
162088789640395.5 38.9188467708905 2419.779779090264 0.12217873076283348 94.18873731510438 2.1328478471472194 0.0007482521525526697 0.0036609018640957223
7744623478366965.0 5.541827237765637 816.9390992679266 0.5498401719167603 65.62443132685365 2.0037726560585583 0.0002528779816557799 0.0094571769360456
65932044872784.75 88.02846639297823 43.288766788276774 0.5280399372697424 13.620629744845058 2.0901281245316716 0.0008048971752134164 0.005248971523409171
8.390781114569782e+18 62.687046669257214 382.6113073655499 1.5115413878448267 11.233203990889153 2.16811495052282 0.0005339576312794812 0.004699969523465844
119765600801443.39 68.0078832986721 359.9215886077736 0.06129253676043289 94.88151943347303 2.0498843712817654 0.00046798089422121775 0.006053031717257802
382025329893270.94 75.50656035140649 369.6096581062001 1.7167297500711103 772.6666523505214 1.9822430982786785 0.00011435682358445966 0.0020338350821987048
593083579571192.6 67.61246136344832 832.0437850571404 1.9091054952511675 2012.7171015204124 1.702498664951372 0.0002959669359864315 0.00680291108855301
6200406656532307.0 13.09594739464432 1834.9936880870819 1.8767554050826856 318.743205785511 1.9746078619807714 0.00013096482901153798 0.00717985139962679
1312764823603291.8 69.76981267806578 1222.6891278914236 0.8032478949407343 48.68133059510068 2.139122828536589 0.00027116061395207803 0.00825259463353772
3.461720795013988e+19 56.42581426341401 2363.2121059635974 1.2004741544225672 20.562842922679785 2.3119695077680538 0.00024250717141697473 0.0016223614520337313
472257037582939.75 56.763552669451485 1388.9217365751865 0.7505545298515985 1068.4053640223656 2.328747457534063 0.00031056326346964674 0.003269020535669097
189452340062271.53 53.830139635294216 81.69326534968584 0.9938677686004117 19.425409099481044 2.0147577322962316 0.00010482223085816278 0.009884208321447461
397101127595470.56 69.0514918104563 931.0983709135676 1.6828498051432328 697.494546597175 2.217449309221121 0.00013946870816609105 0.008657683532059205
2.4934681260764936e+16 54.24820019878311 335.40786670261446 0.9302519790990058 12.703450862431055 2.1421467701752213 0.00032605295133435094 0.0042333244146705185
5482381331153248.0 98.37407889629614 731.4320162696222 0.995116079972512 22.78901380418598 2.1907653578182966 0.00035505889639778906 0.008480107000515835
383095056156263.56 21.344802337142205 29.18137342187409 0.23704700312252397 18.50547647009827 2.1114775697162855 0.00016772769409622164 0.004429873145802309
621916369244617.2 64.28426890670087 1199.9035322397583 0.77137716041383 285.5498974581079 2.3391122810257383 0.0007684607796251422 0.0007750897287168435
203246624920257.78 43.95381549015231 71.54388629813262 0.9498829045160329 242.20714012436642 2.028762536492514 0.0002562709279775628 0.0024833579446765
69537462153485.35 37.425697402314526 112.93652802578535 -0.2922234898770779 10.166954578926388 2.1168136277739182 0.00019324628173995325 0.004091974519015723
198139017797630.2 32.372938176086706 18.65513589396194 1.117825231117697 86.92674380561657 2.210535593150139 0.00012604030727843166 0.006348929867957158
188614658203643.75 31.551820009521578 16.673443342092117 1.1874022773011186 78.20848124439148 2.2513589013653843 0.00010638935963867416 0.006707622863001058
3.845074646504057e+16 10.39171104252733 1048.771023804069 1.6879023641668343 160.0882041097883 2.2912339597346745 0.00024351758376618194 0.009547072633849477
628792054086844.9 15.33237195997458 2257.576520974114 0.6247338384543706 1853.4998547499347 2.3235061995453896 0.00012956323793046756 0.0010102811444992678
435991252110358.0 69.63741346468595 1539.2049589920769 0.510000595109122 278.56539715552026 2.239541777504954 0.0004250412242796901 0.0002082252184865737
849504936815385.0 2.0700531807628266 1966.596889927405 0.10432792680745788 354.47175574470384 2.258159780277756 0.0004536980243080718 0.0019570028560812348
431372570788349.6 15.124166349651437 87.78761931924407 0.6962520298386913 968.4471667421725 2.1301536768930633 0.0003588385138504076 0.003327240534298754
397083054903185.56 27.12884765628349 459.8720662341476 0.7446111404728292 382.32483189048054 2.4614798614894897 0.00048154395161507447 0.008874658954241171
147696875612783.9 88.90427557621331 55.96260879264631 0.13564351661552299 115.20221268219034 2.0878599902949886 0.00030096658388790645 0.0094802632497245
3442459470551803.0 81.7728940611892 317.1736986197436 1.6050088389219401 26.64900948085626 2.0178383591380706 0.0004309473186987767 0.002890674002832401
1800201618338253.8 43.91918419487646 210.97204389947873 0.4066680494801541 10.762548299995602 2.175474178520455 0.0009876987422501942 0.0010945865113541307
175595975319937.66 31.796333864070625 106.6054791309205 0.5256112150207121 33.22036467317974 2.0817858581861515 0.00021896637449540186 0.007158168294261135
297326553258529.06 8.32303435720236 18.957706883005002 1.1806799871971947 748.2947138465574 1.9565275766915806 0.00015896275556148711 0.0007539686965744759
96468675805820.05 51.40840034793163 311.4787970952643 0.22563745935156088 17.232977966503377 2.014758290226264 0.0009684711426095983 0.006220082607532636
143824990454472.6 35.99363635068629 125.01471304653138 0.12173698390824517 133.00907879391013 2.0471813272279435 0.00025238718157502896 0.00425316528363791
61046085051338.375 58.56184050204155 12.992781371238472 0.4325776949912882 22.647795248429993 2.1060662964496064 0.00011901509676330834 0.009893451223340243
390588828750025.8 78.10762556020913 1258.048186156514 0.6951253470204847 471.5009486616907 2.1673650279342107 0.0004462406391948811 0.0022655393875505555
1.1720812245698642e+18 47.91294408133575 339.89821984752064 1.8334471573154913 24.524347369251466 2.272703223872415 0.0008999775007958346 0.00793072957355067
253596898128119.66 84.74297457631481 204.84135482723718 1.8768135983457186 381.2409529586893 2.2385813058805804 0.0006289957581417402 0.0009040794329365979
487944098461836.5 18.465554769291458 774.5272769734361 0.7227345528568049 761.8333740234401 2.4233274973678367 0.000455511097129133 0.008681808254311993
1519758924688614.8 85.56240404265478 312.9471162674425 1.3867325452864077 24.935084128040142 2.0083292866044635 0.00029398436453126223 0.007830341219335995
408507370157206.56 73.8330959115441 80.87747798516531 1.9885362401214715 24.276727116908727 2.0303818080896874 0.0005180088519640063 0.006031280497997666
785719815594231.6 56.10725514851106 2160.81506882439 1.2343842300467198 2007.9899780945068 2.1830013808949777 0.0009476732728903833 0.00686672984407217
3.7164364614442285e+17 3.6278642831360894 368.7744748167726 -0.12005440845414747 11.710038691591237 2.156996594299855 0.00035540185101193164 0.00304936311401259
148148181542949.12 55.44083593455805 24.413540064053713 0.661683483770593 50.69318196275917 2.2301002386463202 0.0004698162495124513 0.007207588700835836
53496265280287.49 39.53796740848316 276.27392707919955 -0.33047589950824774 14.977712218771433 2.1623689747998824 0.0002502464188624582 0.004787292006405777
236076643680313.12 78.4521171156529 15.17542413750335 0.14167059577807195 321.39720007096304 1.9250726022787235 0.00022852449472161556 0.009989151408556888
5.909806718240009e+19 69.69553467419297 465.212638266345 1.6581929632757433 11.572804378024578 2.2113516634222568 0.000582393613501547 0.005057637535206147
6020784733458589.0 97.98335495387045 198.38275368499066 1.8486242470401177 33.34059006566393 2.367468951410945 0.00040124491159970136 0.004202801946197208
1969235080499576.5 72.58333878455771 485.4769166716817 1.8499948383564717 71.09205300618422 2.0385853913631045 0.00043857171515585295 0.0034655529184604112
34614916782972.008 91.17107007496652 1944.081277384352 -0.05485539141208606 29.17903502867201 1.9933367511697873 0.0005239340320946906 0.0007386249881408341
6007451268205603.0 65.19727076199119 1990.691373188968 1.9362322810078991 330.674325635073 2.2934839830165332 0.00043511674258308453 0.002125689341293467
141257246775387.75 42.72857334519975 728.4566948573802 0.24223386915669481 65.13538193372639 2.0541086704992595 0.0005714241020535278 0.004592669101890867
470749375001778.1 2.8639333935739275 11.44638024941646 1.3771971026427567 4374.460908847033 2.9907483992965846 0.0008066045924132779 0.0042879378502649924
306164176076766.0 18.48886867275298 61.55673334316296 0.21108548985168896 169.691519613911 2.309485787126086 0.00017095024066219385 0.0031400552617159307
2856438843734308.0 8.883910746354879 37.38415583875463 0.6948321108166442 40.010627591530366 2.270900529713004 0.0003141501719954721 0.001610181895958259
707312224795235.0 47.75705787090176 1048.0810322936654 1.2937799471401024 238.215928929815 2.0462122781043153 0.0002581598059467737 0.009212256052305879
5915710658612921.0 50.97664183091062 387.396079787566 1.2684495332750811 34.72558779846741 2.2242232287476194 0.00018428627835659605 0.006011274345282583
610581646216185.0 3.717169684678888 34.11037682604766 1.6884886798857006 3146.020703895148 2.8619957076176004 0.0001087433749751748 0.00734988489113777
1.6122133372686064e+17 2.3110903544944392 19.290212992566378 1.1350085097184266 30.539314630355577 2.1846892203163466 0.00010462759460646282 0.0025092072209271163
688653100391804.1 18.159505432741366 1497.6019560658647 0.9987299147097324 2254.5740628453354 1.991621078532756 0.0007287022444169986 0.0054176962966586435
832941529088390.8 13.992672436844126 2259.374102071194 0.44461164071567805 312.95367304455874 2.4030359134461317 0.00013941197870285288 0.00493485814727969
1553381021267317.8 89.73655195614501 655.5474472448976 1.3901793829348814 55.314230386697744 2.0590982753056393 0.0003902895825353991 0.0028731207693979957
1.1526444314871645e+18 11.642783366358358 611.9952309279988 1.5409416845982915 45.872078938264444 2.0152767416402315 0.00012344621822621448 0.0011676549786195853
7.098996157764708e+16 14.512537367654396 2351.8466409051493 0.10794928074131166 12.01728682475583 2.2742340492875543 0.0001373955037335896 0.008791097915741059
886502107583011.1 65.76583028122266 2878.876117030004 0.9463017636452882 3484.180047716404 2.6287366509590635 0.0005006585882707123 0.004224897851883744
363853897854627.7 18.594958517739883 471.3226811009905 1.173577484296373 1118.2183662349917 1.8065078024552674 0.0009277498004644586 0.006285976391879598
6147051708683811.0 5.7592878168775385 21.808061269574313 1.5578647518465245 41.48905618602874 2.239884713972934 0.0001580492542384847 0.0006492960872691708
448526847973113.44 66.84722243166519 68.46082548086665 1.9291880834030628 17.82195592271747 1.9640745965775959 0.0004928405735625936 0.006742269062338088
420329685514064.8 98.39086769474436 691.7885860628544 1.670437692730288 384.15620193620947 2.3821528777904732 0.00013611693446862895 0.0034503151011477736
514107613900207.6 6.404590831653476 285.52043275543974 0.23684256341791718 353.4204061090786 2.6120724957273014 0.0007742842296363222 0.0007968561354304536
243103334375033.34 62.43746877665854 2490.75084058248 0.21056524203359217 113.9282945337209 2.0970985588667217 0.0003632282968401897 0.0028552695079886044
107576321285650.36 62.62626195839353 294.0132284492378 -0.4518056425307164 70.79042575376292 2.045236985779137 0.00013464424356518517 0.009362326937307226
524625995353461.7 4.277520030163771 39.724516421085625 1.3536702767910205 1834.65460879302 2.8286618737507228 0.0001439341832851541 0.0052729337715091504
2.966970925736768e+17 24.101034709829975 778.4224451648157 1.420978024248472 39.50389595229179 2.090250788865016 0.00017390458659890287 0.00042944857104030643
184305462310993.88 71.3917856541093 17.8930722433741 0.4076554734217763 18.49384839188677 2.3482779223636387 0.00016074768293663545 0.0032206364483050942
70498085347527.06 89.04527933577562 45.86570858469897 1.6926594451168264 39.438341727694784 2.1588692855929685 0.0007618132277797475 0.009463289598744004
434023996522004.94 44.8744422112459 1025.0773346812696 1.0260892715262915 827.9468775055689 2.350621584098239 0.0008374670674797639 0.005275879646285775
845888222970598.0 45.27515578348613 2068.0216505096023 0.9861393831143394 4734.1180649640055 1.4622598869650016 0.0001325993765183604 0.00044430376906236073
183663042367228.2 97.09785751043042 2811.236132361121 0.18352613168314402 76.46774822878486 2.1022151209779127 0.00014270425977090876 0.0033020004590003705
8.503686801363634e+17 44.47947722977237 1551.4517272788075 1.1213648083451069 23.43193121150769 2.1955824310574235 0.0001285541990554781 0.006248434248433166
299629180581919.94 66.31597894880224 2642.7784594985364 0.19455427822802018 19.004011941800965 2.1656427129021565 0.0003572409992518923 0.0025416162093778146
223759299287753.47 47.2909261928815 17.96825964413839 0.05202532235668103 222.93205536719836 2.11740012859903 0.0005790047099841737 0.004645895985601461
717274896998393.0 47.871381951984205 1594.8040608591446 0.8968769370950311 3268.9992715287754 2.4141555339045997 0.00013726692170305674 0.006350654080666304
69682505444892.05 78.35483640810152 42.96556857236235 1.4009428517529943 29.38550835263045 2.084147764230089 0.0007332005490124777 0.0029793460381696084
554699238666354.7 56.82152754202309 1381.193480611449 1.1150139048765713 367.63379901859673 2.165139950258394 0.000855577898385573 0.0068967749896034
107055151147505.9 72.33339120758302 191.36134742773427 0.5175804683817672 19.27615519819499 2.033662959120292 0.0007764826364817973 0.004614922002796846
4.429377494876718e+19 70.23341623556442 513.7203814293126 1.652666670288077 11.381687894720782 2.1576984691035452 0.0005694460337329916 0.004428386306350025
49247836219263.12 26.96563709513061 64.19344405288864 0.1850814743387495 40.3862250488892 1.9183640513668632 0.0003431545085780503 0.0026425639672545123
48160645803410.45 89.12367693844065 25.093852096099575 1.7176143432795365 21.834849514719785 2.120474319458414 0.0005876441548608008 0.005489986219122816
6352993043476340.0 40.86473302514424 1952.6630291858196 0.43449637204905844 11.832807937906114 2.0611542386954627 0.00021127745644643173 0.007508576002893054
415253926244827.06 20.43203968142408 476.0882020686563 0.2522326973047986 35.80803257847803 2.1151392756185903 0.00014867456919750302 7.333883843736039e-05
739759284451983.9 20.246911767971753 1399.4474984575747 1.1159957984388502 3913.413724613091 1.9800281416944001 0.0001256717465204405 0.0029276202864465433
110442790201310.3 33.48704500260849 37.08019885516088 1.345721030005159 25.74013347454062 2.060487569543836 0.00045292844165963265 0.0002051562996395204
455096598154294.94 68.51415003397616 780.0118761255053 1.6511821312976187 987.0410803843799 2.2958850504154493 0.00016823985578233986 0.009350047763592976
7.995382293658982e+17 3.194880185439218 16.631812622895364 1.4710882403988086 17.0475156935658 2.1921693526008363 0.00012559447179431954 0.003657501222735178
37023157114798.586 75.63162298692605 242.91851403919694 0.06929406454124276 44.19220927291704 1.88258151275318 0.0007681919133948876 0.0039815939553509904
800625622884729.4 56.0534890517406 1184.8937613025334 1.7449725620604235 4404.392714378655 1.603205577345974 0.0003164900248318287 0.00780980482076739
247860225422300.0 8.552787845686026 319.26145185228074 -0.2758099484996491 225.65920001769263 2.024690495173928 0.00015952514722205043 0.002385550616001943
522950844104888.56 3.4388960367632677 53.76820173204791 0.7299146823152294 3237.9107739798574 2.1974659982408182 0.00021654544833627943 0.0006277548165456748
3294240180514512.0 5.859523679953008 47.5866804513402 1.2160581901031124 54.094668639188136 2.2211113233219693 0.0002067076988702637 0.0015636207040542038
2.1415576151917872e+17 8.328043137584867 175.26162131550524 1.4485120155239841 42.201688104918375 2.2592638706457566 0.000301768799847715 0.0070608539412534855
592164414214821.0 3.388639992679316 259.7294479655452 1.2433097834598716 3712.31593121544 1.8008913164014866 0.0002078987371305006 0.004295102105706775
1094142734373604.4 98.37785210445563 196.49029067915427 0.9150021585475978 13.13235760441198 2.142767094551394 0.00021065207557856424 0.004498933503624561
2971771285043672.0 26.444046192490816 1741.93295726967 1.4860018817603688 223.11577948362518 1.9571031107279313 0.00016134117847840717 0.005142935259883521
4246449133812612.5 38.2581395731586 2178.473516864109 1.334884982919084 176.9995004296597 2.082135975778657 0.00039174457914438563 0.00977238733727209
194543136692176.4 20.081395160469558 90.06588756552152 -0.3926369600638022 70.6333360214185 2.1985373612971393 0.00012040245209002346 0.004118620953144927
60278097296956.86 83.65160156167809 21.70161943601066 1.2098056861289344 20.56539506078153 2.166826167218047 0.0007804387695027067 0.0007672056589759586
6491055660682281.0 8.08678020419002 13.089328694664847 0.5376267661901498 21.30123635725628 2.143604179640509 0.00012077956261576644 0.004504782132319743
2843319160414192.0 24.534618200601482 354.29140448695205 1.1000443606281485 61.64511512311158 2.3030181801027707 0.0001707601736541883 0.004573199154475414
38537515314621.71 71.1788592901069 2409.7011201165774 -0.06567623610822787 18.39183164032178 2.089054106847981 0.00024790158365508436 0.00045916385478363304
129415419665636.11 57.45521196381508 258.8214881795663 0.4447161349307734 75.9384545580767 2.057210702075164 0.0005574622895860319 0.007302971837363263
185124015753863.38 91.91935898008721 78.58440308386055 -0.33760318166816194 134.66939063072522 2.0634788318060044 0.00021211699228571842 0.008520204940186894
198112622476738.3 40.24447146232382 2458.426797237613 -0.01820052568045072 151.11806772188652 2.161152278618368 0.0005622484762112708 0.009737121291415008
498172533896344.4 4.10125237855388 11.211931847716398 1.1830183829954004 3815.6815380582657 2.649692592189452 0.0006428071558491071 0.004507445787461715
108824648749757.7 64.87164997191043 14.545931981881804 0.8145165594250299 15.918566940301947 2.2308470185803047 0.0005182263979702194 0.000458937510085002
121209855411058.67 25.09849069071698 2450.960968000698 -0.41817377475651263 168.39470841762142 2.211232610748207 0.0007583275955276586 0.009133884857656415
603015105753358.0 13.213215800132097 728.0639672144672 1.6354754821532604 4942.478446327722 1.9107210228044258 0.0008092756907685622 0.006969989426950983
5.169151387439178e+16 12.154427400055937 256.6570372425274 1.9852625989090535 57.306296390947054 2.116898097209167 0.00011477604232030668 0.0094288606414152
174133906415405.97 80.53689759179294 14.037393094720223 1.9701249140172914 186.79030578037933 2.041085248373912 0.00022742326513381508 0.0065510929267370115
247748417630608.5 67.95131536955893 227.43699041897023 1.8516108852796513 447.08653061302135 2.0372538977140286 0.00011589011581996957 0.004680290881459175
5345832224473797.0 72.11759589242757 1053.239230898401 1.6127710125115733 87.17492810467976 2.132061238927111 0.0003416652389585313 0.0028707708680751945
1925734188239253.2 73.74670047385396 319.01603448567664 1.5450877909918688 38.995714514782556 2.101407498136677 0.00042961281659539217 0.002933766543757963
99305318316374.2 52.9872270241763 13.058268891045007 1.6288773161244487 56.423460315310734 2.1128868090391237 0.0005710891018969926 0.0008129660989839582
191755665666625.28 90.947933202682 12.200473625993782 1.574749904779468 109.09400209557343 2.2302063082023458 0.00010311543759076427 0.006500765341016991
106509256441922.14 54.250546041575774 16.48343057434808 1.8266260393743055 48.257175447744515 2.1479175815199016 0.0006751312133060685 0.001204052823393812
1017089548863441.6 57.05679152419834 2922.2722705836213 0.8617656208550222 3795.2051149817985 2.5159409940967556 0.0005712331149850608 0.008820187651212622
484465480826626.56 75.25328448202043 424.8609234862602 1.8853630533853192 186.038549447661 2.295831669806285 0.00011758686556267882 0.008546759881845119
4152886477209420.5 20.981797179000274 580.2416839832102 0.47353965686103294 39.90503778432556 2.3212356126426794 0.0009715927858737672 0.002411417699997475
712846257033822.9 88.90646751063261 1258.840364096209 1.246172515806707 1742.3108946621244 2.269403313960162 0.00015963547789613807 0.009785786604591472
108900442797114.84 72.2130847069133 249.37549909931158 -0.40014015489683974 87.45587054741951 1.927218789891864 0.00045528227431847705 0.003876032871842299
519566609627652.44 1.1964875721544637 330.2435000608336 0.7934436668203826 1093.3039114750845 2.546030204624705 0.000956765943627679 0.009301382996258527
213737996641748.88 68.74640840939784 81.1109748123594 -0.2129883767257591 122.86084805868569 2.2540211971835977 0.00037899375551322614 0.004257705013731573
803355405008713.0 54.82405990847983 1759.8032901158783 1.1105010415085483 4850.677041555917 2.332265161060813 0.00015421276546332132 0.005095331747814863
344285872324862.6 14.403811869044116 535.0825862347479 0.6910207680247912 611.9736569576038 2.2655513237770157 0.0005704908558855654 0.007544852290334721
574063473704752.1 65.79400997366393 2357.5440717835654 0.680999222842618 1350.2690254948968 2.224135055213991 0.0006171126774049885 0.008867655971645048
558562390634627.94 26.388034307325235 438.41031134282207 1.8707926400538843 253.12908287216374 2.369850410643247 0.00012108155222680983 0.0044118920733545435
117590235280093.2 99.84626480914388 71.04521523712668 1.9228333966786875 26.671234956691134 2.0055755778014452 0.00047201137877538843 0.003742449517275849
132717676069587.17 66.38334041795508 2976.438401254024 0.1590927498640294 17.385273799337135 2.0524631986641495 0.00022986114171436075 0.00017594870815531086
659017947128430.8 22.842927515550052 185.81904671295868 0.7471193336532664 62.12435572917731 2.2725443807601176 0.00014732965683477976 0.0076555669483944645
343843051084881.4 77.0207233806779 343.99377038726243 1.9691872397307568 736.3971145997252 1.9207750840272095 0.0001066762659045419 0.007140587964682706
683250818172799.2 67.048907258121 2281.430027658489 0.5795074195259531 2478.058167998063 2.905530957962612 0.0002848385961038251 0.003954827887402929
524171742320908.75 82.13602524138898 79.28710648625938 0.8606566198086467 10.427563925405101 2.113787010360779 0.0001462371746635364 0.00037754851126791094
765304882755515.4 1.7951808175126018 2723.1256313654344 0.09362424614844686 508.3241480409278 2.28743942831868 0.0005092836858655381 0.002552593921810201
872221413688446.0 35.4123667113284 1712.9685012295615 1.7867321943381642 1871.405582232466 2.9120574631230456 0.00022186193977672794 0.008650094522071078
141625901730359.56 54.0225026664415 49.12545209342974 -0.062273515960056036 25.868400672695316 2.2627766320566844 0.00028987445647677285 0.005733023253851841
57649478841678.96 66.47321179432194 166.18392734960852 -0.4641165564199192 32.45148221675464 2.09096529873866 0.00015134471464232983 0.0098680950600274
343023468755441.56 83.88355349686654 179.70596866829624 1.9648412027561861 92.89732735079568 2.372770783274767 0.00013414419585919968 0.007563639790553139
159434334016502.66 94.69628249183545 11.85107024114484 0.9866943721833012 194.09490708663805 2.018763092960509 0.0001974489497499364 0.005844504295519647
1.80278530956339e+18 10.045667418933904 351.3113349927437 1.469780340255396 37.469960711551415 2.1410239925146106 0.00024763715830226375 0.006996536001280406
188098500921846.2 47.98073532755427 414.0877114570049 0.6636010824718643 156.8575394440041 2.097273908029559 0.0005741061416811778 0.008798911658001988
87752455819643.86 51.109442409578705 301.434008518456 0.20332049930342172 15.761560581942414 2.0157045345062112 0.0009241672590082639 0.006215998674093616
1488997534443963.5 88.4503371399823 535.3016004241155 1.5183890412470509 52.99242599893259 2.0177024542240005 0.00040862882272781623 0.002478064908566906
82400772325611.27 77.0106896112409 13.510927696989839 1.6016074112429401 26.946842450491694 2.1823465955728847 0.0007556662866152997 0.00024937899834472435
383851555592623.4 68.22909972002017 602.9928846667149 1.723182631013589 855.1927430205342 2.1830595610590486 0.00012262907205697965 0.006938913235804785
669092952058006.5 2.6882117105858114 1289.6406605703323 0.30791995045972465 436.99516544456367 2.243555831012221 0.0003252017425336266 0.0009672100532259103
6.970419252606416e+19 53.81251488488449 2311.602155956837 1.2367199374363163 19.645432103113365 2.292571018706425 0.000227568994695434 0.0010014691263031238
91028468103503.58 91.48888390092696 26.24184740539022 0.36571710677012326 49.67563453670293 2.16709698879175 0.00040831039473521495 0.005677441570605537
393068303103193.06 73.18866449886734 1334.771371669649 0.5826368646226943 195.81945342634504 2.0990331997250506 0.00037973509137848016 0.002648998400658865
5.501474474826555e+16 3.5033983941173936 410.31562666467926 -0.3156523467885688 26.016799897947852 2.3196349561710226 0.00040923045061862814 0.0033760714722587534
804726975609640.5 6.288958101954394 2112.562207094218 0.7361686683752873 1229.3931099776598 2.711768446227651 0.0002794370567416315 0.008461573788432552
269515279776926.12 9.527512681531974 14.829042956904592 1.337027956527766 280.4428330234072 2.033176931772739 0.00010375750136331156 0.0015181704574283236
33384558577238.88 96.83292159257962 20.28708070276688 1.8602155337842348 30.682653682579485 2.066696045808653 0.0007484239209231926 0.009208439758275419
981918357054123.6 95.4193398598531 1893.7404407390745 1.43158555984289 2970.538883590873 2.7494811538085395 0.0002757623283112258 0.009784321899005145
2311152648403154.5 3.4905932255093006 1447.0342258930104 1.6158505246250128 588.7094761308183 2.428993072289169 0.0007179429754656567 0.005075284334416086
290324304196218.06 19.812887582698707 125.98648955368034 1.3598161463027596 197.9601430304573 2.305580956938038 0.00025932529430679354 0.009660741909529784
286174404139771.44 85.9666397301906 474.5740922640011 0.7301594259552748 288.41502239915945 2.3553222194740835 0.0003962185258848245 0.007837311052379097
21857371098992.24 75.03447387791837 2595.6036349331284 -0.17011615039145522 17.204030993594333 2.0860377738208835 0.0002534799574162101 0.00013983078155092692
1287055457461871.2 1.5439481244505728 37.29082484213444 1.9364940702871305 480.39783582429146 2.5268856679945073 0.0007904072021027167 0.007689407314085219
320666064130432.8 43.71603177849778 553.5265243104815 0.9636050619540004 655.0817727379027 2.21316063926294 0.0008013782450821178 0.005127581286598628
766045792121964.5 9.685145752959343 1400.5400262762362 0.9151330993766439 652.0923505084745 2.55327822341431 0.0009453451769502036 0.008016080856107485
398738873143841.3 12.003119409529141 57.643363521622135 0.3543633966379464 66.12634690590777 2.2408423599847347 0.0002767434729457569 0.002711295129790894
691847987623185.8 86.5993504769044 1078.6039799190723 1.5025033760513016 396.869544525198 2.4187942876884296 0.00018737071498494464 0.0018230581174776502
823364177742708.4 73.37865163167186 324.7950238728622 1.8813624688494335 86.09771196920065 2.1854881655150056 0.00042806964987487396 0.00819621035735157
2.595127825486757e+17 12.910018133919312 487.9638760721959 1.4136220119861118 45.37714400382719 2.128064303033645 0.00028122957242210014 0.006157939158698098
64292651020559.0 96.58166166443502 301.8705481776994 -0.2691456378937833 11.62292796999309 2.3001108128092795 0.00010583395082222163 0.007610911677247507
535959661341474.06 10.201484713069235 716.6140548379185 0.6503293648807322 3491.393723105787 1.7620474765239806 0.000277177762806624 0.00735357249811464
542092099499188.0 18.22892441704726 1433.3815927999756 0.6723797812802738 3430.6097839488225 1.7588620944277742 0.0007493580629132728 0.009035217064618996
152447976317942.1 26.58258444993035 296.4023089878357 0.456598733212236 106.52587048638796 2.027081423678306 0.000591108144792076 0.007195242975648521
313382370197294.25 91.45663728382121 1246.3003371765315 0.4625763337335529 154.90202699897918 2.19993967313309 0.0001149880896724392 0.0026458568855446674
88933229764598.03 40.7121097053293 28.293069817979244 0.06930430332631543 85.86156362249517 2.023840876953377 0.0007889659905797455 0.00478372038352951
1.809129374094729e+17 10.127075799581338 248.98255302850245 1.1059744381547012 23.568641249501212 1.9691015785286974 0.0004395679550468344 0.009831646705317712
4.353274749282156e+16 25.280127540646713 218.02883405747608 1.8227448338341867 41.54703402664276 2.3046451911096035 0.00011763165272045386 0.009604929142865565
46251364885410.4 44.9515436267312 577.7704347872597 -0.2052361435248206 18.050075564880594 2.1183114145801802 0.00014630960057268892 0.00825274318959507
1130545509475521.5 4.69058218539034 45.71947654713226 0.239490714898848 160.75890138796524 2.3995769888377274 0.00015434051859232895 0.003931693574494365
546182396396284.2 12.38709975196454 844.3101303804308 0.8463217547404442 1238.490836947678 2.4892319361796034 0.0004622098737143901 0.00923247808469393
258308312157855.53 13.240215882353368 11.915702985804938 1.077654505937098 211.48049246095206 2.1594060158324924 0.00011947774780420644 0.0056089291784280175
395250351906149.5 4.144095156746275 484.91698125891935 1.3362351222924562 714.6323682399938 2.2080652322843655 0.0006241924407328946 0.009954045995990582
562029480747050.7 11.437866763237466 649.7333061086966 0.7913765783744464 2310.364285526829 2.3063743973564454 0.0001532566835446353 0.003489112230497502
623909109265127.1 14.617952343731517 1558.5726505665266 0.5850872558212652 3754.733483482913 1.6824475809161443 0.0007167833386814539 0.008646186196045224
171435992173962.25 49.01499114994729 66.14567122440044 1.61078347853895 171.8118026039281 2.1253278062033716 0.0007702391193272191 0.0003827595477538241
2705364790628148.5 3.9662345836416533 805.959582854411 0.19411140569959295 62.797272394453614 1.9695671493697506 0.00014057002619296624 0.009913923184176849
498502671200174.9 89.82864159314116 1069.3092957329816 1.2473043004025082 581.7637138877826 2.2478841099739735 0.00030487340276309706 0.007301778507511944
4937777242496381.0 2.7683528311734404 900.0880041875854 -0.4056608467469096 51.7351224621465 2.347876646980444 0.00036418431535828553 0.0025360608366688775
255742961732132.34 50.50369308843625 108.11528182754023 1.0400109151276218 27.2740840781404 2.0985067968381355 0.00010852669908696813 0.009413055759909337
157105076938952.47 67.71257799769246 112.07452681708618 0.23255387359246082 27.045569406652213 2.2335548381836254 0.0003877250594880268 0.0024241916619456355
392013718093466.6 53.605450903714406 288.27485932156895 0.4136357439622586 115.96952438918005 2.4726553244043936 0.00028436143848410364 0.004311766182602459
6.294590742712893e+16 4.2438364802784765 48.27299482203491 -0.07715621930431985 11.080014330425719 1.9736589716537285 0.00012116491343092863 0.0029989268037040927
481735582950295.3 93.46470710336524 1049.1178948872634 1.1841830643751834 442.96807045050775 2.2720724944497275 0.00031997726278194214 0.007268152666004096
3.6387549601945554e+18 6.660602508166502 14.988583058469024 1.915384181037356 10.828761036115488 2.2806322453711605 0.00010057463607801826 0.0044928672452497894
4.401427145485615e+17 2.659910494035492 402.04420607169686 -0.2070932834133895 13.362159771867224 2.16848441854463 0.0003829415408967147 0.0035006243800307676
151293368936264.5 60.04364534082885 78.69192764104132 -0.32434471589772196 30.490735489875092 2.2912870748684897 0.00032456074459560495 0.004245498474894397
30680225749087.773 98.64127750959041 1772.9755487979485 -0.37052047426414636 26.36993766305396 2.2252825473782507 0.00027992644113001707 0.0018281117987339844
100317124754615.14 93.79489212156895 23.595406448695535 0.5406904840364615 54.490480719145694 2.1324171629633697 0.0003372025557300431 0.005613242214782892
227370684633381.94 55.886828599448734 426.3928690847829 0.9654669297579836 321.22652495786497 2.2665129424028274 0.0006689001909827091 0.007657546198317748
108670759344619.27 24.305597115833656 10.21751934378502 0.05607375043438817 40.00914190459008 2.066853948028051 0.0004964028313206721 0.0033765572193736556
576406268916601.4 47.5495802524422 942.9641289279315 1.1807765431790358 2284.8802888748723 1.7111943348942922 0.00037011908985542293 0.0057035998170673384
735076472947983.9 10.738697785032922 50.978674253552 0.0022720558852331596 82.33315345382572 2.334111234737426 0.00013543594805002262 0.0034947769198437457
320206034192236.44 55.22650307200505 126.52964557155319 0.977487451734305 21.84952297516523 2.036053456336917 0.0001368487429319648 0.009231171214229233
277285435592850.12 10.851598044817791 28.752211210582725 -0.4931763086788459 281.9011330138484 2.12437225862052 0.0003210090122419612 0.009425338405167025
3.6633709074123656e+16 50.4495105237965 415.03753489925657 0.945200965576899 14.129116044430178 2.171614361951283 0.00036419153628753964 0.004223553047010976
552964444821545.3 49.26613769781843 1030.7512086071256 1.0279461435209585 2489.7717355700283 1.8779234697848755 0.00028912075747462976 0.006063181365241718
144399780112314.1 44.32289473162676 11.198533183035853 1.381032078140667 46.757120913773136 2.1972778896315353 0.00010040296152813734 0.007422847685993264
373002689964097.25 66.5118625848497 308.493095158124 1.6017125416502904 742.0676374861362 2.041716989602288 0.0003785836028255172 0.0014057369401897354
133071828491383.27 86.23093779123197 74.98173302523736 0.49220949245084145 132.72754614308968 2.0629813171827083 0.00028973707307476725 0.008739012392309802
314729679357562.56 61.19315676889191 53.0984616476873 0.8817718143303181 14.327436941465024 2.144174204337954 0.00011290041618277668 0.0029062782669236472
470434982089571.3 6.115107574744141 472.950272392341 -0.16365526858478718 175.86459947501586 2.249418392380777 0.0009681298270187623 0.008230177725318862
509432492524494.2 5.485899487810487 11.607061052685905 1.2764752564327093 3170.324660817644 2.787424329422404 0.000619165993074494 0.004236033713292572
275039439269085.06 7.680072215772334 762.1372148023612 -0.43757447904058117 11.43558293672334 2.081946992961353 0.0002289853521636714 0.000653489448322055
7.43715880631131e+16 4.043125246002358 41.00418333898788 -0.07392913349735272 11.189534424341725 1.9742200012547113 0.00012072003685420504 0.001968127619889648
233825377873147.28 15.090926539374365 232.13630390293883 1.9675742453372673 299.08607484534315 2.316048085962696 0.0009609147617598158 0.0042446904213765645
436395785524966.7 4.924377847484934 94.99232756794649 0.6084680854340647 807.248624909309 2.302347633668493 0.0003073054778328182 0.002356671075078174
132614270023019.27 34.76512923929561 94.42671339138795 0.5191792331171204 36.07260244303525 2.1077383908147103 0.0002662923820940432 0.00635889208684634
22675331156745.55 59.35718934612996 2396.5176497602797 -0.13733776685646087 22.95585790326709 2.000371868311972 0.00038914745416365466 0.00017618450662099105
685593438278642.6 25.62065743189271 2325.50553827041 0.6035097725402571 1983.8333116336635 2.249761732384412 0.00033033050912284907 0.005144727171450582
1822086262063703.0 76.02185678794372 1616.4544920964174 1.2064259586197454 156.5318000187568 2.184985403801725 0.000568174053702899 0.007854798063569089
515526162975240.56 4.0158696311410385 902.9812718936587 0.25033977017720155 350.36966971142795 2.235125787193497 0.00037677307637088 0.002541798642580827
497571175538221.56 13.727496719952354 58.909511406687805 0.265680582501973 38.61464189510067 2.1592268034960522 0.0003195261785738464 0.00182004500482003
207973766273847.0 89.68213920843183 2509.315696501677 0.03623513352910321 103.71002042827148 2.2376019644312968 0.0007790421406402442 0.0019721456923952876
1617266784213058.0 12.904706072718707 34.191858518617245 0.7253662533148715 27.580134751690455 2.1906036476978565 0.00017436636360926777 0.007891818650259973
3.7055880152040294e+17 3.904563809747012 366.08795511721934 -0.08440448060077044 13.292379368669323 2.179552749456841 0.0003781425674063232 0.0030276189711311964
560799785229777.1 6.102679189574843 19.06913203059079 0.23678376376549282 3813.118824637734 1.846064165381027 0.0006046018529781821 0.00876819971944379
1280085769304417.2 70.83196153635892 1977.2840899937546 1.1883558063153001 368.583222524942 2.253362677106694 0.0005845364532374983 0.007253157100026613
62933662926874.51 66.70457133482847 172.80329064656442 -0.4060003742257954 35.1292301067512 2.07688667912132 0.00015306855490510404 0.009769946836520249
620444334993117.0 15.619356390285716 1595.4276776152951 0.7587884398555336 4738.965565241799 1.7439429083733324 0.0006493420463037852 0.008446651746337217
2.91516626883766e+18 0.7827093666643865 2079.3455071428075 1.0181782962820491 202.17802720806978 2.2021658491112954 0.00022481005816015273 0.0022254143316649527
472889025212747.0 2.4665440035956436 19.90333135532915 0.8522196013459443 2563.2065417273993 2.489659852033282 0.000649591161625729 0.0034071279259498773
742383495892232.5 9.192609066103829 83.63206599538438 -0.1104471601461563 106.25768398090588 2.4054683347818027 0.00012630115414380685 0.002954360241526552
317207287130598.1 83.33011825947077 222.15145466258468 1.5049358159739736 65.3450950524324 2.14574902901004 0.00016677428769686556 0.006649721223252945
59906502882082.79 98.0343997631252 38.162683447204365 1.76758740776178 21.667167664292407 2.06488444400174 0.0004101665988374693 0.0051584736341684255
1342215601638366.8 7.516785550987358 711.4152153834722 -0.4408560341250445 20.326573506526657 2.259999942973601 0.00016640050035456318 0.009400373031343574
2.534782584249267e+16 24.802435404915904 541.9217694320037 0.5513494525413224 15.517263612346815 2.1300396963799364 0.0005707435436212321 0.0018330330245184192
758105578124795.2 54.34437149350981 2403.831867148348 0.8039013938095836 2665.7230637702596 2.0250950297143198 0.00011248027754420877 0.0031248554281508353
179530948372043.7 41.77526478436587 13.63084974269798 1.5245137721621198 41.46290616192335 2.2728044758544654 0.00011890582803038695 0.00542968960234127
1099662706423548.4 11.313135169675565 17.490824403854045 0.21164027706491254 34.082413271310976 2.1582089844324104 0.00010313242664614169 0.003217482525165675
316129005775296.56 15.63642247405532 12.076622671997308 1.9503341231395595 82.46450542377775 2.2451885659088755 0.0002699937517992287 0.009430340676320103
200641465689098.22 12.641175065362475 20.07322388091648 0.5285782829069248 247.0941554559723 2.003956848163349 0.00018243739658192087 0.0030472197014382927
454701926309695.06 6.210264191162999 537.8801665951033 0.7268258778377761 1545.659382745137 1.9726340357991536 0.00010364140572697646 0.003250805285978475
496869078028861.44 4.504529267388985 1376.1941160951997 0.4634200640794347 3847.352689384393 1.8290344885019252 0.0002850322336888935 0.00809671156737409
176372849784560.12 89.9129938762323 21.162254929268443 1.3419582800413536 218.56193638862092 2.0117662917169086 0.0002615878885669376 0.005713760267774278
191829079978431.44 22.41837813118811 462.60966076870767 0.003431462139404262 48.16168250035541 2.171785083464083 0.00011163398794894973 0.0002051299946741721
1966823319468647.0 34.255490434053655 733.0811621688978 1.5930295104545793 169.15309933558564 2.3529332056061287 0.00013628645756887263 0.0068946334029326446
92676216898071.23 73.75484019191951 22.556973524100254 0.8876357736070937 63.27325662010914 2.105124958787065 0.00013769162218407732 0.00974843783442596
64691521709405.375 52.40610205804668 33.98927885112542 0.5507801545101285 11.027156354681162 2.007840052168427 0.00027275290702479557 0.002369443508222432
520615188950360.44 6.325251179439704 922.3915990083896 0.38586472989059595 1747.0914931614989 1.772471298108586 0.0001387723561727494 0.007627024741902224
324208275270286.5 42.58827166005927 41.712326245317584 0.9269701501107512 24.092889831612947 2.2978339064052267 0.0001928359910821548 0.0007584710958127546
426591061921759.56 4.5691103648632705 27.71252187839844 -0.4433105682672194 3190.3592924722684 1.9493984867226155 0.0005805166425971841 0.006926111050919036
907808208760072.0 10.846065849613947 15.274169698420684 0.2969078193936333 30.3307489763616 2.117711337812398 0.00011544536142722244 0.00404875448345543
3932266328382809.5 38.87020609078197 375.4146401145819 1.6391991149103926 65.29446231170654 2.2703553549089026 0.00013447816592097091 0.006256234311837499
573714840877710.1 53.461192605906625 1027.3077318800053 0.889085943430764 1053.2689450849439 2.7428835681283315 0.0006161381305778789 0.007192589856953711
305471722152803.56 73.60804926435227 343.84634899128577 1.9816704125823215 746.8097672238936 1.9057110464392855 0.00010809811040617523 0.007112864198638791
5316089261110823.0 65.2451428550871 1945.6586368801113 1.9778438475783515 347.22037583985986 2.351447061604567 0.0002784413632194793 0.0015734108062604535
374650289024570.75 77.19637652895858 1363.4344209957267 0.32973095519540285 181.3763894047634 2.3105732431994905 0.0008533774883091256 0.0008140459014737171
2748465861476940.0 3.8656776688995445 1051.259922243598 0.8538048633588864 229.78807516088082 2.1007850609481302 0.0001938610750791802 0.009324820715782752
253690704301793.56 24.556818506155814 43.185595300199786 -0.27240814719671036 145.48369747301078 2.1893378614425574 0.0002052930326868849 0.002087864852955342
2372631772101637.5 94.40091533523649 661.4705553741345 0.9527093540043701 35.545097088887374 2.247954991700076 0.00035595505388999336 0.008886182353610578
236528013682581.0 12.683961891061216 11.905896988759414 1.151913293995398 129.15985225415318 2.191692085585769 0.00010044665215316484 0.007042830691014286
1895972491268988.2 38.5979620453751 691.2070567208191 1.6491806638585966 159.59477340611895 2.358721838713933 0.0001525268504399039 0.006797213033415959
486125178144783.75 6.080958186054185 532.8449492510077 0.8690101853687737 1732.9787924232417 2.273306845040813 0.00014724145458094436 0.003058131014360298
207568143979990.16 80.38769544484272 688.588361458957 0.4894255466499105 72.59914914509835 2.1190240175817423 0.0006060299707752631 0.0012595929760330768
301445664157720.75 82.29269194925018 11.5022267320423 0.3971131612608192 477.1497634331026 1.877660826204098 0.00025022452984928116 0.009787884085734586
395250351906149.5 4.144095156746275 484.91698125891935 1.3362351222924562 714.6323682399938 2.2080652322843655 0.0006241924407328946 0.009954045995990582
736922750262371.9 15.710489641729257 2150.3005645061066 0.5598600635225726 3358.9019530269757 2.223595810390459 0.0009328508762309253 0.008959801389920532
6870113598341808.0 0.9623955790542666 369.1031952105852 1.2298496773728038 252.59585749957006 2.233004725633583 0.00013193482006224424 0.007053181122834705
184386018464327.25 40.74801469766405 30.34911327059724 -0.30935376531419945 97.45490821718907 2.162876511076987 0.0001376231269685417 0.005683299989259217
319588284190736.94 11.683511863599094 17.69320917688274 1.4490009020316723 435.0886226541072 2.0152089982070933 0.00013344988181336002 0.001121755624012689
9739945937971070.0 14.48429139556999 1356.3812268536094 1.8787876581560627 241.3868768151969 2.1786939926374007 0.00018451268016276756 0.008852224624375422
517696745519735.4 13.826405614753677 558.018436086106 -0.08222059293426276 24.39112282487433 2.1321110165626385 0.0002092948974551946 0.0006690674067491604
719094635460816.2 6.403741323060899 931.5170071077075 1.8604649457403526 1753.59096800266 2.9767425177934568 0.00021065502398961514 0.008483847783298639
183522228625816.34 24.582996898116612 62.68161844991839 -0.1044034343651895 220.1461791922781 1.9696047993739578 0.00023837700917673596 0.003703521131823275
291944555301064.06 20.857134191486097 289.0547816444692 1.412343609543175 150.71478342426354 2.1593412812380834 0.000929313690559741 0.003678767643303118
501548269935239.25 10.896926983456664 68.44377672671253 -0.30685322818335536 3342.435318965514 2.148923453052822 0.0007628825004489425 0.008418053890779032
1.8231553656178452e+18 32.56255119804409 373.27658877134985 1.538783222781232 24.694577262129766 2.3200262097946336 0.0008717715510801975 0.008199909794872706
355028868542075.6 10.248195035904537 41.866984055409084 -0.06690003059639293 198.98886436819262 2.310044185530373 0.00011085980682768527 0.0034055209687606594
320100050884562.0 55.41284371400335 29.019961657346467 0.5020990912127776 11.814328131732134 2.2226518884349327 0.00028237679297047204 0.0007494504921185233
65744990824826.664 76.63065457055359 43.83301753297795 0.3697609028513408 20.499233550300687 2.1282463966531546 0.0005389447200840047 0.003254102511374092
3.845074646504057e+16 10.39171104252733 1048.771023804069 1.6879023641668343 160.0882041097883 2.2912339597346745 0.00024351758376618194 0.009547072633849477
5550973101385673.0 11.516822598838322 1568.637589963987 1.9282780409548752 328.7067060454117 2.0613265168966723 0.00014377694103712445 0.006784380304478774
262351942576972.6 11.411502182793122 104.22151447846043 -0.11562886099440395 115.74932997975479 2.1395970438401046 0.00013597760489587193 0.003960404724178813
204773926780408.84 67.65050881405284 2848.6078325584217 0.22231186116392843 56.202234113945806 2.089520408663552 0.00025691394475535495 0.003248265894397488
450919978496157.9 89.13503205397126 1863.4130714968703 0.4336673317163061 331.5262828953493 2.2219347061362766 0.00010130367153527494 0.0013979861843788043
3732983086767779.0 81.62782984174396 330.2070659565493 1.616790244304266 26.41007404203674 2.006267308639263 0.0004462892205821638 0.0029207683565376633
228257750907921.72 80.22793869993366 743.0955057306738 0.41704403772701726 62.97161626702466 2.161191937583766 0.0007278944791685319 0.0011124925569901932
31265807006956.324 41.43097954245311 27.30557276012957 1.52230576605802 17.890371083348388 1.8729339462336048 0.0007069073481016267 0.00020280966582767986
315807289465404.94 15.63551765122618 12.068536482216983 1.950568593549189 82.50359185478428 2.2451932732644715 0.00027000690596966267 0.009432468653182114
148170287571152.72 77.17192265634668 44.9909443828684 1.4013092436436927 124.79907979586974 2.1252310602179922 0.00022349866569525265 0.004996439281395972
435446687889333.4 81.82484523724287 312.2392258692672 1.8344158207667478 85.794209916713 2.070530447283924 0.00013669475505107722 0.007414175998656201
1.0892389468866464e+16 2.143003642627974 62.07153471580384 1.4496140186428224 102.64631320358498 2.2980401977846054 0.0005383573653165698 0.006317556712441512
5692022228065488.0 27.467558392949623 125.97627464669948 1.285857526625281 22.166893054616413 2.1123241942432656 0.00023062607189114264 0.005546640305669781
3236875804382210.0 22.18172964338223 340.44567765781073 1.1329824114320872 65.85313171554387 2.312704568026977 0.00016493427558571472 0.004499009407476402
823364177742708.4 73.37865163167186 324.7950238728622 1.8813624688494335 86.09771196920065 2.1854881655150056 0.00042806964987487396 0.00819621035735157
40227776249796.67 57.77796786080007 11.49724762795572 1.5800351424437686 26.925086235911493 1.9593861830294395 0.0006803297044451882 0.0018559830028163208
9786216487360832.0 4.115640947427401 1029.2829225051664 0.3011229648487894 43.55424490646583 1.9115122975521284 0.0002782458597988461 0.00910923550655162
1275028617971547.8 19.91786058324541 1318.124149597019 1.4940747441518765 641.9532883065837 2.9481763667869245 0.0006620670872713887 0.0016178709731766846
481634548837116.7 44.35634429329282 1704.3203614122247 0.577804928256529 562.8338410760452 2.1123813500763684 0.000569538368761594 0.005857659906454555
127253111031239.97 94.48285341633016 42.40803999682511 1.1504769438440952 13.981985563326361 2.1165936158883634 0.00014413248964526224 0.0014982010241268795
216059747305415.78 83.33417150253075 113.93824600841467 0.25799800269923356 210.29755438781083 2.159559466331565 0.00017418222624157156 0.009489273859758975
60534360787002.67 72.87406698706246 30.086186927828876 1.0942886401347238 27.3163632485646 2.1737378608464524 0.0009050704495368977 0.003142303579293448
363813036821751.06 8.262472261313107 12.279974191270007 1.5243591126247873 281.4842879542542 2.2251910076971035 0.0007828677381443767 0.00716803393022671
1.2735580763763952e+16 2.349315789403806 39.75783948449105 1.685879188515393 77.3239795119147 2.223229222736228 0.0005031659234803825 0.007466832832333814
159557911363020.12 57.39032819996257 218.16881397829437 0.41364616349523825 25.398487954718863 2.105141560130231 0.0008885428594889778 0.005224322736051522
441828091944536.56 82.40035662309874 81.44332800538403 0.8818115140410501 11.248908273082032 2.116640800731797 0.00014117500680843639 0.0008009303998943642
18711366547413.926 88.93004248540097 1808.7748114231258 -0.2877881132638475 14.826551845792089 2.195417060147322 0.00028146369600454016 0.002131399797966514
502017060014462.75 16.42396201739288 66.40581801967448 -0.24602910560630653 23.66933122790451 2.1567658319850356 0.00048593211759887265 0.0028252014632432123
1.0766666770365794e+16 0.32085999240527485 315.6640748352573 1.5920695379697634 376.23424940064064 2.3938008615672937 0.00010358766098194162 0.007546632700909942
1.2323162372711602e+16 39.31865352726965 2647.9605530588983 1.7426930953406283 237.88200435439774 2.1269012054386 0.00012423905699504914 0.0074338814599633095
779022988966220.2 43.50858522992804 1564.5743350745013 0.9233596005409285 3422.8394873850116 2.5476137696541796 0.00017343385552742643 0.008036663446359591
9900107230000534.0 8.00197789680135 284.3482376053437 0.8607776327529789 63.90418341682904 2.2089929369688064 0.0003063250992879605 0.006702728013760019
134719018843910.42 35.91427843656791 125.41791884311488 0.1100915901623965 131.21697287749902 2.0418172889191317 0.000252231938089719 0.004293562819740866
131813134053312.98 53.382562498745074 17.194036905270956 1.825467053846398 56.735292830203115 2.1625062753891777 0.0006220065009618869 0.0006429090530696421
418830984391952.3 4.595423159856466 20.756471462812602 1.4091021443573886 395.503343973278 2.0911816462202037 0.00010953416931509429 0.0021761087175135316
407010263446482.56 50.03399813560739 158.80805451170662 0.34684563807712787 13.064608407431827 2.1570036970250355 0.0008687668594466334 0.0012545814438940234
1479413076232435.5 7.044714068136898 128.9446869031921 0.5582900811640574 89.99372732700617 2.316732048733522 0.0003641892706375495 0.0003972944954573803
3.0426333004965504e+17 2.0422274071724615 501.39616168956235 -0.34351951721572815 11.584141055419824 2.1766293190308192 0.00039498615436476945 0.002827325962042091
554932451947556.3 2.7388008655584057 63.37958265952408 -0.31532786176338967 3756.567871571543 2.2613754817343503 0.0006002462162567758 0.00854402810032545
368060550654211.7 10.426112606101476 44.66445896824271 0.5472707941576558 221.70244347042498 2.3879563427464445 0.00015722195176092894 0.0003109712314455816
1.4934719390966106e+16 30.029037525720252 171.82908130899276 1.3448499752002845 22.562913324457096 2.149929447685084 0.0002383083355923743 0.004521671442652399
258288037457631.62 88.08325322593251 15.409754213392231 0.9037717855266694 401.98045284326923 1.9355519317570171 0.000267016412240287 0.006706160346665322
333166542851657.56 58.61764419008037 329.1874905513374 0.47734128989551916 90.01471933905454 2.3773489665958953 0.0004000546660341456 0.00463101296053735
2.1415576151917872e+17 8.328043137584867 175.26162131550524 1.4485120155239841 42.201688104918375 2.2592638706457566 0.000301768799847715 0.0070608539412534855
451084428351373.4 4.504212765657616 622.7974905576098 0.2926779530363239 2597.817174190878 2.0734932995113584 0.00022809172990035439 0.006323643106358974
608688117811930.6 12.774201362048371 289.04242019721585 -0.09931692780384782 46.300978364803164 2.2855242780476437 0.00022616704083897195 0.0021547131819831876
470961493557143.5 2.2597231094961785 10.846921954712332 1.2562675712026852 3997.7927764374263 2.7733092984089494 0.0006416272487789707 0.004196841140458966
369366262073143.56 85.38470790613623 247.66098571083157 1.6721738648804623 154.08416347433842 2.4869653675172563 0.00015005164483560581 0.008020284640053332
154041210082762.3 44.97001679650053 109.00274022208546 -0.22768179544007783 147.6061703220391 2.0621018199016765 0.00012085279699118045 0.005463551215022573
498172533896344.4 4.10125237855388 11.211931847716398 1.1830183829954004 3815.6815380582657 2.649692592189452 0.0006428071558491071 0.004507445787461715
192871821493463.06 18.085873469708872 437.17332940814407 -0.11892822572248685 178.4825143375372 2.058051552474082 0.00014222779171063429 0.00270965032515465
644195693439696.0 22.335737132921647 88.66730790954996 1.0603481212584631 32.03079579505187 2.1235479859638926 0.00010065726407290498 0.007971323909309725
1.9531392330077508e+16 39.63251965367675 2714.205145622785 1.8179119609075913 227.60516063656658 2.128371176931406 0.00011852893621047625 0.007796374107909485
712719531723192.6 25.116647755854054 2236.2107711961294 0.6207357780644864 1922.5241158109156 2.251608624721853 0.00032334584905634406 0.005207445019957777
334524340954277.0 74.93439211560545 130.62721857998733 1.2028447909915045 27.232471442431418 2.1280040437353485 0.0001679591733668228 0.0009075487105532215
123272959761079.83 89.85660927988953 78.84974314897548 0.502776947688075 20.232406108316013 2.1659267210457513 0.0005898969415386046 0.0028350765663787475
181753532128367.9 17.403401492449454 11.343558424901714 1.2339369902889876 128.6019450939195 2.167388837149272 0.00010674128264976255 0.00764592869030056
228810646449812.6 26.06175051998506 33.23181636927803 1.0955793306791366 203.89115599526517 2.1606654764123325 0.00012125920589746052 0.0028377018599789615
654237893851194.2 15.712709916026519 1423.3540315013252 0.9937651667369709 2129.0136298720363 1.9085970352908572 0.0008241551562407187 0.006012051170649327
1.0430066765590794e+16 64.87648701446925 1498.932111801093 0.8516455286605873 26.62051708994803 2.169732198427343 0.0009526189985337738 0.00418689813040675
64691521709405.375 52.40610205804668 33.98927885112542 0.5507801545101285 11.027156354681162 2.007840052168427 0.00027275290702479557 0.002369443508222432
1839489024462661.8 8.015506116875706 125.74056630765335 1.0169806787775233 83.59135385183416 2.363314468227474 0.00036176454204213523 0.0016776562757512062
1665986494110865.8 6.98753878764014 1399.1306245353926 1.4009763474242278 479.7707053955502 2.3779953157199953 0.0007822612976748123 0.004512227661390985
1.8517977377917313e+19 67.80969443325323 415.32252549274887 1.598902255321389 11.208998371482922 2.1838107569456775 0.0006389522372738594 0.004826830798615826
2.2476372307793917e+17 2.8944453561495607 20.857021916120928 1.1716913351446083 26.99618789094787 2.2108587242001825 0.00010056440459511928 0.0019586188220009956
183847429102854.72 18.399332226286127 38.15624546968749 1.951442650980452 37.47448936587811 2.100868824217015 0.0003263149615358412 0.007458788799168205
1.5004180722879276e+16 34.05026084345626 289.73709075794085 1.7364848238019073 39.92960285696536 2.0883445084002363 0.0001506834837519065 0.008418257463547775
64830545678749.04 89.22473038362307 40.314030122214405 1.81693733627068 50.87578412290464 2.1822743168646133 0.0006711722524988466 0.008145407026356029
7719496165794578.0 9.106478397891333 198.28922395306276 0.9619845647971075 57.2191598965012 2.2520823145446873 0.00025065084201028484 0.006986166639264698
1451859550618648.2 76.16270917134028 2695.4076477220187 1.20775024646384 405.7075903374537 2.1715613174565687 0.0006383144657643768 0.008081494690557495
486207836125414.6 2.8871062551042854 1556.477338141056 0.12951660645707413 621.542223470259 2.243979778806319 0.0004609144303092881 0.002433065193062198
209857741153717.62 14.75282302762918 351.1557350177844 -0.12761586798444896 21.620202479527272 2.051218842539904 0.00016284478868665859 0.009729895850468675
207363188728256.88 70.77013087682484 386.2946558394027 0.7022799915090727 183.3983978224338 2.1874113909468216 0.0006972919788616784 0.0009632967647416511
419938447480506.94 3.120688977561649 110.67473554582327 -0.1941544141182333 453.8848301915334 2.100457929291583 0.0004545741782421593 0.00821816577300909
542876989791264.25 11.951801702399578 12.522615066583171 -0.13895371285449554 22.47922668412461 2.033598952233995 0.00021791298304772372 0.00212132241338444
3.006359386404239e+17 2.0708919727526762 501.23411252151334 -0.33074173277936414 11.805101308648982 2.1705192551154457 0.00039581471377463133 0.002860291183025246
139316996774207.81 71.62588052032814 250.03901579691976 -0.3559729242435503 98.22103895752852 2.0041230140521202 0.00045911749863872616 0.004135648022528145
6283710292050562.0 41.76812228645464 690.7036199645875 1.0147632678986975 40.556979615097575 2.2016452045111894 0.0006875180146193279 0.002062894662542487
3.7563216235506854e+17 3.6214896291404273 368.75864047094575 -0.11986754776353481 11.646236385172006 2.15709185677381 0.0003560654270700626 0.0030476105024613517
5.759146490506771e+18 0.876432133858966 2304.504065744171 0.8921120445360214 151.44942387218597 2.218129617246568 0.0002259032110988416 0.0017465144560174384
96385659518439.45 71.10989467648113 20.598124753516412 -0.006132382390322322 41.26673002343391 2.1487662411173014 0.0008244325227125173 0.007437727506751389
377394224210775.2 8.203835027551776 13.40021853458225 -0.35699861299803404 749.4330714541437 2.086845808848855 0.00042190978932246946 0.00745987966672541
1715974852797903.5 95.95041628220233 193.40440310194708 1.0571514476563804 10.290202107079406 2.045871616556548 0.00027575510634055624 0.0050871023077197625
223080049069578.34 45.27103297232269 595.8571613038197 -0.07749725454191059 107.80902306563294 2.3167178733992944 0.0006469205811933507 0.001196971301582985
3275846006440348.5 26.117479440582258 289.61616049922293 0.8180892631757911 39.12961402434112 2.3186979122566203 0.00014415595895239902 0.007095060300119482
377101643335823.4 83.18691268033913 779.0596188560913 1.9563075066156794 978.3962629935979 2.167740271757933 0.0001263268918193318 0.006533462400024053
348414791417008.94 20.67996474165215 518.4119776786588 1.0937603878414408 991.132534293486 1.8838519975177912 0.0007713918728971958 0.0059438858444936845
503352191896802.3 7.880320690971956 406.14520614289796 1.5031382627258798 362.8787430101926 2.299223140758174 0.00042328528087240506 0.005575427493475955
203088034839173.56 44.74096947990288 13.113576356421092 0.16609557239501638 271.39891511849686 1.923319190180063 0.00031035367922075237 0.003694218833503419
176681041145229.88 44.13327508173729 16.272463943252635 1.7331734197689572 42.86447495610225 2.24804074138836 0.00011402550048419714 0.005801357659863711
2685329013153619.5 30.105470297415778 1082.4781461404596 0.1249900804564692 12.360584883149217 2.244226386026325 0.00019327165365950233 0.008087561533906738
499484652904631.2 16.26281295694207 893.8886992065084 -0.034940782694698025 1630.7201703193327 2.117076374760103 0.0008038559799003406 0.007473399174524777
380299636888242.06 29.721764440133903 353.3610480601073 -0.07181698168290918 11.075108035388162 2.176545885129474 0.00033520797729610783 0.004905934252777584
211947486493349.38 26.55673674214583 14.420984621000093 1.5054314497865406 27.631723169400907 2.219202389356202 0.0003433756796843456 0.008803676992624269
503964689474127.7 8.457163990595632 567.6145624423793 0.5672095187816306 949.0917713857335 2.652172961446267 0.00035752726929662873 0.009710336486993305
1.4331979075403048e+16 65.87424245890602 530.3357015647225 1.3316515672398808 32.65691147787076 2.2483470937849543 0.00022689619627806512 0.00478576988087725
188095739397571.12 76.0908985920639 111.17622676231873 1.044021608453825 34.54168255783898 2.1762665774566594 0.00013694674872916882 0.0016484338147294223
177518165439506.3 37.06168632636612 10.489947607477651 -0.3737680500940608 188.35220633282594 2.1429638863412444 0.0007246890941363926 0.0018305810144759972
4.1436964925137574e+17 11.194371869229343 204.57235928862085 1.4766247941785655 26.45307252562708 2.0045834722560287 0.0004729668563855954 0.00983903095355185
111436911217666.89 62.41158118528297 39.576265142572844 -0.007709163582408474 58.16001351026592 2.161418432610179 0.00032733893555487434 0.005188552226804505
664410822883779.5 16.590086112261858 871.7908851658685 0.8422155887483239 742.5236530800948 2.901326694497138 0.00012908163259881038 0.007833617921573326
2136337428269495.0 93.85238413412054 475.15961122101277 0.9095334211693868 21.616277150270484 2.17691433371964 0.0003214951871193254 0.008928023187858323
9972279648114158.0 31.112855382928977 1553.9002521944685 1.900037758504286 211.00854021584686 2.138817585694853 0.0001562891809531529 0.004670456601514565
111730064894575.88 48.61451339800162 219.03070807097436 0.46239759635632605 68.23560271468077 2.045838807990096 0.0005846908925587735 0.00649325886970841
647644040726535.5 24.087449391199527 100.86126335604571 1.0245653745507937 33.16866180012069 2.142875038891003 0.00010422744171177305 0.007749111132794015
516506182302409.1 3.0624914646099626 87.84856410121486 -0.004795300920088286 4221.201682855383 2.2581767975148686 0.00046522837095811507 0.008644268029382047
504930284766416.0 10.973320906825629 500.8372629790506 1.756809159916644 863.2003472897733 2.632502476053945 0.0008407606439121251 0.00363762840271286
1.4125602618214226e+18 33.60681695184253 385.6182762207947 1.5066406977191593 26.256359913751982 2.3157177299191605 0.0008475480042879498 0.00798192755773824
1013341242661561.6 35.46626037700098 2734.8762419789173 1.1569032436063305 2842.289812127293 2.996639200301674 0.0004567044775329866 0.0045706476226123754
95737066492906.83 67.6670178336035 14.23772901293619 1.0025902186309084 64.30852335856797 2.111907793650786 0.000533031488042196 0.009112431329091501
439619490157818.06 16.265321450022427 115.25777805064178 0.394800414266147 1232.4693878224173 2.095331825570522 0.00012319672386852063 0.001767281668536222
358533923026671.25 7.1438694413057675 84.3969177287548 -0.4098113939384119 444.5948182416036 2.284907692374554 0.0007886327736081275 0.0011036184912278796
1.2014248977237832e+16 2.4804716183986013 40.01581542170166 1.748864437309239 79.47382260522335 2.2304154783946806 0.0005105275422802344 0.00783525367371253
287767089676610.06 16.35213644201781 285.72437439682227 1.8180768839179433 280.57329251944844 2.2624689939639318 0.0009679209248807933 0.004845279474570337
1271076118762780.2 8.467699666764915 2304.030576055934 0.4029614783652318 254.20538558059525 2.4222563896234006 0.00012839494609540763 0.00473054410640219
4605512357507288.0 38.978782458927526 341.5616172408681 1.6307552365486218 58.87852329112002 2.2766315759040685 0.00013361108235247847 0.006635493371892075
251263700743196.7 75.4951310990952 412.8766434204096 0.6404672127210316 174.57260508426634 2.212749414196021 0.0006790569334112624 0.0005857200867128466
513290254290908.44 5.352988255144691 566.2185623893871 1.7325509115102098 1380.8252544492698 2.1049032413837883 0.0009418623627635752 0.008833583603817226
190641316379757.34 39.66531212985588 19.92239932468225 1.3346058769969882 58.76553990760966 2.2669352365527087 0.00013037664493490615 0.005113824575511564
1173191913653962.8 99.45599972563693 1216.1549535441054 1.7772370979659007 542.0666653669795 2.756150257010573 0.00011910383760605238 0.007197611561262978
105419167856072.03 53.65833027423014 14.320782637970936 1.881413177318646 53.60234312389454 2.1651847952922867 0.0006616116930959608 0.0003819426192761457
777318517848662.2 2.578026265000041 1781.9298056580647 0.2247124362240318 393.8835254753815 2.2761109781632323 0.0004549822581036446 0.0019027608964206533
42390404640072.74 94.74511663370713 10.96303502201506 1.8401350720614762 12.628534613117647 2.130803767337427 0.0006721760471974323 0.00995134872157928
68048766959202.88 77.7636055086001 10.542773436007343 1.1278524376893344 13.708592043981206 2.1806147721904074 0.0005447011324871118 0.002512787051183481
140820430604815.3 38.407175671659 66.41664876874889 -0.4773022535381676 26.265910848175356 2.1826491585834757 0.00031146893594390926 0.0043865258638480405
617565832382372.4 57.940381934122826 1752.7266308126987 0.734781864795894 1138.6780294663995 2.272447293784972 0.00028788304132583805 0.002582371168977934
100539258713272.45 56.73800315086855 25.339631729563816 0.08288359222117658 45.98122340277189 2.172600887021808 0.00031931487994882747 0.003451140086471937
432895132138013.2 14.312339904145597 15.165599211460231 1.5435113849944706 413.21005076362957 2.3519686792231864 0.0008519898906217363 0.006042998195517413
1.0133940162749253e+17 14.66474580884504 192.19994414599577 1.3074078488551124 34.11690462231203 2.3179765081880026 0.00028295672044386175 0.007039976920013723
3500501435940437.5 62.64599393387415 1557.8154483129665 1.9028607031081206 300.03140067580097 2.3530572041968623 0.0004880954687513492 0.0032424610093845637
42239505079046.9 76.232292537418 11.863723512658769 1.4003265236366669 20.672422003117028 2.0959061583677028 0.00012042072129134104 0.009954487737065462
106835421674360.34 89.33542328706513 24.14838278819776 1.8774620597621032 70.9248452623922 2.1231316031450516 0.0005859756211330989 0.009035809543228829
211361389943253.94 50.78475928425803 43.86023183223512 0.563998912972916 169.77404675356345 2.1408169930552345 0.0007381232948631893 0.003231262611552584
6.923445180741336e+17 63.67291448502684 1705.639388311921 0.9658561988198212 16.02701725328156 2.2206306668686318 0.0001750440654832613 0.009201867535808882
592407487852162.9 61.559077017674305 1472.604722962434 0.917748370155352 879.0068385212886 2.478504718909516 0.0001531029883975211 0.0024221881898219286
1277792535963282.5 11.129851879987882 244.51755934913146 0.5605594366403863 75.09998760164287 2.279972936755313 0.0005854516293732783 0.009394430447928353
163793224407754.1 50.48499722840553 35.405249247542855 1.544616266590688 97.097327254062 2.2085302532811903 0.0009054037755586649 0.0004857538923088954
237069520761580.1 30.186460690999652 417.2530254266983 0.8249481017636447 235.26290977849476 2.1213414063956963 0.00033376339589486105 0.006912760716923533
542494781158584.1 8.33689044902405 1264.5808627131044 0.9644003447963371 4931.953398841206 1.8087502363152974 0.0008451693683325847 0.008212400582252862
581779552634397.2 71.34238402108173 736.1274288525617 1.1633875257051172 1073.6555567004687 2.6473000251235073 0.0007152748845173074 0.007246534138093666
743107333141183.9 54.72318728867909 1881.838225588506 1.038116479492365 2700.898780096563 2.3856128411984336 0.0008869831641561431 0.009193983456430329
450585655781858.75 22.149423963650428 413.49408190900095 0.32169269262778766 31.8665096463702 2.0851901090110205 0.00014533273154668786 5.2409488706062386e-05
338375745715327.44 39.85984144187151 1129.147063874535 0.08599531598056992 406.03665329692603 2.256129842678292 0.00026815914911037646 0.002381460989823973
9300576645236470.0 83.82751698940655 2264.806131188723 0.6872705430711413 20.861180871903265 2.2624580352501655 0.0003597924482685841 0.0005563691034410584
1991743190118077.2 9.396065324969271 109.28525048746192 1.1060308126432346 70.72167395179011 2.3298083817631476 0.0003247960972317894 0.000826672642308535
685331286075116.1 87.27277305394375 2810.621506795738 0.48758267308493186 188.99946757841494 2.2782340411579556 0.0008434321867854746 0.0016549524343530252
400274056479273.25 12.560292833847221 366.71597490856055 -0.29442767322835806 67.48378587411484 2.336959211072174 0.0003089166577403733 0.00103144901048966
130323075440018.61 77.15680523369898 207.22167444719923 -0.10757029791209449 14.698588398998487 2.2931127843615773 0.0001589265827334089 0.007816898306113707
4.665272083652387e+16 46.51482165305848 1069.7222690988826 1.4687152003158337 56.250353242466275 2.2280095986787374 0.0005913939467891072 0.0031245945455597654
114386695904816.23 95.23171690588654 259.0921460684989 0.14867614561496367 32.545208132286305 2.197322498033359 0.000895132015090195 0.0004940288896710639
162649177398173.16 39.232722926714374 145.05366231089047 1.055058954565685 37.636415342654935 1.9410296634702553 0.00047166114660241094 0.00418597789660839
2914475396273837.5 22.480240961187093 364.00180275533825 0.6342474885797207 38.80414770596794 2.274991988507767 0.00016312523152144508 0.006733863462325339
169868853769739.38 40.28593462528089 10.266439532167318 1.2428375709901878 50.010823392735404 2.207982486695561 0.00010368966808013192 0.006783798409744689
2374086219146608.0 88.69936025762046 848.8463079769332 1.3455560729509877 59.70424285871199 2.0723810271552785 0.00037679312024945953 0.002974598039726754
111137029146677.86 76.15895572375008 11.64877626888315 0.7950905747220299 75.32916240203673 2.098906202127843 0.0008583198022601294 0.008911763387430535
362502824045886.0 16.219167686138917 259.31850978549795 1.85594654108174 195.13983283460541 2.3290691691993146 0.0009403172081379 0.004517696364620601
392004451412091.6 32.94918478768067 663.04521039468 0.53762895975372 237.23499955064577 2.379513259399131 0.0001034496062756152 0.006442645081995033
4239103086282626.5 5.825983658937221 844.9456149631282 -0.30512301631964023 23.982790672185846 2.267452473023571 0.00017101234531169957 0.008789681960342067
426509221235206.44 4.359058671052731 116.14477196413792 -0.4281384135758776 460.91990688592574 2.2921886494407615 0.0007780367184215414 0.0017266799140339812
1848350129580929.8 44.12701692892114 867.1014897079721 1.5078196372564148 109.60201466153757 2.0312609827086927 0.0003633850226223381 0.008957783793250542
793313472386710.6 49.17789539838622 1454.6463718464718 1.3260308699652241 3300.2358708451293 2.17095852902949 0.0007910953360247497 0.0018396191555414918
4667081039209871.0 47.767567077979336 1996.4794523357361 1.6842691304895914 293.96043057081124 2.3003574234493964 0.0001693729846218828 0.004162570710420107
119909292173838.67 65.56252080824754 10.290887644566405 0.447380418997334 50.0849086954298 2.1640205640343053 0.0003634792559653188 0.008746513753015342
455096598154294.94 68.51415003397616 780.0118761255053 1.6511821312976187 987.0410803843799 2.2958850504154493 0.00016823985578233986 0.009350047763592976
3318019309200325.5 71.15511466765568 487.8950794340949 1.7429509207754155 57.78686825916106 2.095364792867171 0.00038748016853415765 0.00973623890742181
1.976156673299124e+16 20.519789364656624 51.609409026286905 1.0260015166844607 13.02589275026077 2.1697702247274195 0.000330304848667542 0.005015686078970053
1118417548176722.9 2.5130515233956743 556.2318387432776 1.9388694288448873 487.7160811525198 2.4447862043535364 0.0009858685053390135 0.005334576725197449
1045952432775348.5 32.88897156445542 540.0826890862048 1.7700015428142726 187.27516907901443 2.3099685065261224 0.00011810773815422051 0.0044926758115250084
1.5254689087785064e+19 36.020981292009665 808.0864469845963 1.8098078026564561 32.27774411273553 2.1777497158609003 0.0007819643635533654 0.0053729546284477896
2.361381489500238e+17 1.88643168671533 376.9630816234314 -0.27818486441394463 14.068128339354287 2.106857151286195 0.0004549846700987731 0.0021431815569785797
3500501435940437.5 62.64599393387415 1557.8154483129665 1.9028607031081206 300.03140067580097 2.3530572041968623 0.0004880954687513492 0.0032424610093845637
85135080900419.33 94.71389966997114 187.02254892408143 0.11248404032779907 19.36124387175685 2.1685118971369235 0.0005889397592827503 0.005778762961191891
6814066245145887.0 78.32608894638294 374.6064888612479 1.6729264213178459 24.114839175811717 1.9420417461936625 0.0004366649643146335 0.0032611183335946375
2.9522323196354924e+18 0.777841225496049 2460.704801982707 0.964441172134429 230.70056630680912 2.3341834617448756 0.0002368610158470846 0.0020892921921119734
259333509912279.56 80.98085137775502 385.0461269593753 1.9781117789774258 656.5176923499747 1.971056048844489 0.0001046557236988883 0.0074410875259812975
1.7039117873374675e+17 3.916735357618558 330.17667102711965 -0.3010743449210762 10.073804639484516 2.2035066072816423 0.0003975797827432385 0.003638456325822553
1.1018019274650702e+16 57.12720554793685 2982.131346104911 1.8592746379649647 411.9138332028184 2.497918397888979 0.00021794286571040334 0.0017272440275422577
113446837958003.83 66.54751492614511 19.238681589244358 0.8532603691714231 72.72269111790739 2.0863346021851337 0.0005840452915442615 0.009100349091212656
2.3652774226297795e+19 65.83740931473355 379.5123945302763 1.580623389239661 10.665188952814033 2.1842854343785088 0.0006303426426904355 0.004568358087089949
488483340171983.94 4.199784634144137 16.62383037574372 0.25738683862958056 3529.9090841433435 1.9170394286242287 0.0006016409305437473 0.008296815784593991
931544424527105.6 3.742270971148846 428.4317124574595 -0.17670503142214722 124.6172497052253 2.1671746580952127 0.00014155746398990444 0.003049724252961834
472880056429479.06 13.585220559868905 1378.640950770296 0.01474046034138099 1562.3484219043503 2.2126051392680695 0.0007564439396606469 0.0069010182326512525
69080605583067.74 98.42730487706856 11.90380731543213 0.31864526442433894 32.9225433874208 2.0990057867855922 0.00037591724922895147 0.004394178927390769
313370656296447.75 4.8923117907459925 10.108963411564012 -0.37329237259777703 584.5294129294778 2.0206973877201513 0.0003932880967578749 0.007557920598048693
51710511135860.67 90.34621966924644 191.85824574124285 0.1319591648950187 46.00642418235881 1.9726296914274557 0.00021928648401207026 0.004700166985422254
246163835053993.28 3.2830542506759173 1631.1777793759516 -0.3065123592260284 633.6766468429333 1.8710934315504326 0.0003349601188790589 0.009718684901981127
773351129174201.0 23.804742042621314 472.92364336253684 1.8568493853413979 203.37259485061827 2.2871004325717452 0.0007078339627016477 0.005904032433668008
1.1991314597599606e+18 11.214186052818423 624.7581792102872 1.5435571898525051 46.04148089296646 2.0185942195267756 0.00012267019029592693 0.0011370548438598667
475583849873225.7 6.049912101813579 451.23349679463644 -0.16190154336703677 176.0730315422072 2.263452981442064 0.0009844103413565505 0.008328168837852087
840266268587189.1 79.39233901605633 2350.507193209905 0.8813101579640702 4830.313353254255 1.7985687695444308 0.0005932228350974514 0.00941217766724497
247003761014645.56 42.61242007939457 656.7333126765003 0.6785662117392287 288.0441581941201 2.0820461070676974 0.0006139044136402595 0.007884053993375013
406500889348287.6 42.26906773259156 514.6154824000264 1.1089330128703094 217.43437785220047 2.2423741578295733 0.00014136464734213275 0.008307319758010837
169801799146575.44 87.39439603101744 2733.2679899250434 0.005969085178895606 61.70045267209838 2.278035376101414 0.0007887274296555067 0.0019559140362712555
220014088721539.2 22.656253914658905 18.24737421252693 1.1477110695063422 181.1084165284781 2.076220901993007 0.0005982010862501058 0.0021140200384679227
592537030698695.4 11.070291563996122 2428.732971617147 0.34708470435915906 2957.6194744834884 1.8579417999773646 0.0001337925513858932 0.009991217095916763
661128225428893.2 82.10982234982977 464.2903105924124 1.9975368698557623 158.14521723795514 2.233288502902737 0.0001158988601985302 0.00920753714036322
519494845976831.9 6.518485860969093 714.2829309240217 1.7845898183219715 1633.0372216124358 2.10506576879645 0.0009514284290080999 0.008751751993048682
218676086993768.5 97.63150314115235 28.560968097743803 1.594021983461446 164.41532318714036 2.1719051157603415 0.00019923312302300587 0.00786480875445078
544379909892515.44 5.067618837593583 200.2518527105549 1.655707963686512 2161.513086015485 2.1505607053511047 0.0009285043509776659 0.006211486244105984
5.164469453950905e+19 60.66034910091151 1567.3073012267328 1.3114934128243145 13.967720973436087 2.1305807574763898 0.00011567440846527604 3.283517120505723e-05
44270936135597.99 71.4391175591164 14.52464958329817 1.3742293327489508 17.166124944880327 2.113526809024115 0.00013019511618430528 0.009293009642976368
9753443201544058.0 7.771513960706605 493.48861544307954 0.5045035674821639 25.422685796367897 1.8868420752174337 0.0002485743684442106 0.009642041251303034
57294155647986.75 81.15457504043756 14.527042247813515 1.2978951960317104 23.91263265337366 2.155848472047637 0.0009827848325007547 0.004397659645004605
1.3507160742304829e+17 20.73824009120335 478.92713026385564 0.8917072869158196 17.471804625920388 2.0207806857821327 0.0003016386437966058 0.008574925791576437
519361142986403.25 2.564020806573012 90.60982572069628 -0.035344408237689695 4153.9752184012095 2.245440522692102 0.00046955625840317303 0.008495641861429232
71493349432345.77 75.89623172419465 21.854192966329673 1.5307331287238362 36.82531720340639 2.1899752590128516 0.00014178715492399037 0.009341494911419092
585295997201132.6 4.065279595694371 136.9264537286911 1.6155316897206948 2643.3831360816043 2.200228246542581 0.0008290215107337555 0.008459355915054772
2.9904949858551024e+16 49.44420533681428 872.6815642848195 1.2637735795593226 47.48926184766654 2.3329921779882627 0.0002586229525060187 0.0019020440728959116
211773246389641.6 15.590684626804855 252.04494025577083 -0.12977128066166987 233.93128530767606 2.0307677676956986 0.0001480644911603157 0.0036540062207775703
2.917825475660591e+18 0.6154381549211765 2420.1262874810122 1.0001149806788427 242.8260206401755 2.3414434243805053 0.00023150105450526633 0.0023026193299583533
2.838679388327476e+16 33.81836983279362 2178.0589973632163 0.7750301663048754 24.397883184289658 2.014382098527143 0.00012252811383793246 0.0011039736534409592
4.165168200362853e+17 67.13432695516457 1241.2946641157528 0.9967932674882937 14.88004328384213 2.193240321789468 0.0001848142464811823 0.008416535392639585
5720847038173007.0 32.1773672950865 1677.038044657504 1.1323540126926148 84.86623605502051 2.0194246305109766 0.0001408378215800866 0.006449469678019712
42243874979185.47 56.30191389518405 146.95269536228173 -0.48695971065291876 19.57337067045974 2.13365752083436 0.00018898875238227396 0.006648033869454921
79649582189237.7 62.78192435279304 12.27272321603862 1.6448655047810676 47.785906170519866 2.060582884195101 0.0004451076719354379 0.0020748870086023225
6419497311898022.0 5.263506079438322 21.86311782614755 1.5024023870706456 43.46465254789511 2.2114097263920534 0.00016163622350654115 0.0002115300777295933
314277890230085.75 9.521340278519368 89.10281156552327 1.2985031457147533 206.6966051739753 2.282532974378686 0.00026092612256855733 0.009096255797965837
542471716586012.4 10.50839411462988 161.45412577566057 1.5027389692606272 1797.5213067426455 2.187321783518963 0.0007791151475727185 0.007982862860091436
5.448900692534407e+16 25.809001511275618 186.4543589399091 1.985536338011434 41.82961810607353 2.336176423522634 0.0001153948994491441 0.0099945680227586
5164502386083882.0 2.1102046951398705 55.0636134723363 1.3004238437877702 157.34555410214568 2.380728069790892 0.00040934569771427116 0.006161179814809555
4.678882443376351e+19 61.89765554892686 2301.3093298048757 1.1360624253312879 16.510813754171274 2.306467019440346 0.0001533713925528853 3.059284599023562e-05
242043020524775.56 31.711004951507405 56.149679052615475 -0.24950283560737896 297.4376691231793 2.1111973842094858 0.0008425347835043441 0.003282064543727674
695068963798363.8 76.44335610885173 137.4326803596492 0.847864136866686 11.37785848208309 2.0761694845429313 0.00010180345468190045 0.0026829837254689235
1.5184942804731139e+18 0.7025279973602808 1807.0909079225084 1.0259601500653424 234.7101346708718 2.3507948849193285 0.00025888089970817354 0.002463492748791273
480237752782851.0 88.29596534305533 2671.9769302520194 0.3576492768810239 141.37266346565215 2.2542255124592376 0.0006958936843524719 0.0014786533317253676
737109072758366.8 40.29207875810469 1832.0936046925467 0.8286051988013757 4949.180126980254 2.4535050139999317 0.00013671972944791482 0.006690557307549148
307987245038330.06 52.56151459066892 685.7431304185363 0.6949321669805805 601.9109428138308 2.0574120597487777 0.00011278435574435847 0.0010870568747539452
7.405957379005224e+16 4.019684008803196 40.98580697516728 -0.07402522579292503 11.15207426702591 1.975844563210528 0.00012052431619071612 0.0019700518133686706
4.085004358926048e+17 3.0339850439588147 18.33968220542058 1.4741167483366153 25.169976879525432 2.242770652553193 0.00014083305594257304 0.0032321843593874707
42239505079046.9 76.232292537418 11.863723512658769 1.4003265236366669 20.672422003117028 2.0959061583677028 0.00012042072129134104 0.009954487737065462
363233550189271.4 22.767940175837992 227.520165949915 1.764098007516353 164.3827440390593 2.3881171926452067 0.0007476663193219409 0.0032926536502286352
1.1342619344169738e+17 54.676475885061784 1127.0117118058783 1.9772883357587077 84.84100555369952 2.318638202830062 0.000763598963094883 0.000836362173969425
471121720812821.56 3.156826948600589 514.4433170977059 -0.39679873384645803 3933.9020181582764 2.0845487885533838 0.0007817242152363145 0.008808494210287551
333133481261686.5 11.485716381463376 61.183005460451824 0.16406683769282715 175.32508202873277 2.3224248382911306 0.00015733826735411395 0.002774732401953933
5608194693481889.0 9.513722790723218 219.2836163447326 0.9577097478589417 60.47929358324646 2.2449738425322496 0.00023326430654138836 0.006993170180409299
64422956662679.23 79.62666132768392 14.858533869119581 1.2872368567262218 24.5984894791944 2.159689762599687 0.0009617356686805105 0.004386125395843517
3.359699670762847e+18 0.5185331189194713 2988.693701409261 0.8744445181161961 278.8107313037272 2.5551306695523266 0.0002465582279102502 0.002414251320426187
649093469659340.5 18.74823486567057 1599.6027262158375 0.6887917292820467 3373.96558920957 2.367590508416989 0.00010155509773911598 0.0028345210579727442
2956497987849486.0 24.077803615235375 511.82317591148114 0.7823724557917047 57.89588666745126 2.3190220091958653 0.0007671368917765053 0.0029237963305947254
5709771280634914.0 58.69490032437858 1268.3230326684013 1.5038557568635873 86.72249767829209 2.010886715524143 0.00021757421330348924 0.009929844725640213
741466666968062.4 1.9861329872188185 1419.9829980794625 0.06059175033356612 391.97958449255117 2.2389294760486695 0.00046470237953457103 0.0012839172838296354
569938109977648.0 5.429466428840081 1427.4996947949464 0.435746756851784 2063.7779931169725 2.487994641850669 0.00012642741031596114 0.0024229062759577
426127493085697.6 15.390498680167966 75.1158521062201 0.6908264592754448 979.0396140136967 2.1263156054522403 0.0003871950675719934 0.0033401419985017774
2645634330985493.0 27.938319375276567 1770.0496522207677 1.435339903145861 203.41999981129766 1.9618114787679874 0.0001637966792352568 0.004952917822425873
5710545426554916.0 27.212902792091924 128.70059080099162 1.2683350212680506 22.311298466753083 2.11509188225835 0.0002317041378720445 0.0055246809478131645
718647980620186.1 8.048157233812752 11.121645872347498 1.752842282816617 108.87112976919668 2.3820880414945877 0.00013054980600014002 3.847357049825608e-05
4.389906479710097e+19 48.71910139490636 2619.871212594118 1.3783363077079371 29.93284781658537 2.302621975465409 0.00017933301965107834 0.0003951946469100496
1012109111705809.4 9.59461849377961 68.49386145466968 0.5213329672947706 62.61053412172846 2.3256061722256613 0.0003155886859849894 0.0004765956093010907
166309932735821.53 26.16450097231389 71.51545756161514 0.11251586371994726 201.24528996342525 2.0500813177448727 0.00022134819442800945 0.005546472745949306
5822330108136792.0 64.20118303407877 1973.425629811903 1.9791313854356496 361.63940028953607 2.3523131704667617 0.0002684283546036296 0.0015200004783382753
45175117730640.766 83.61644841198608 34.52480842881444 1.2781480394453109 49.21908562058907 2.032067353079247 0.00054295794993818 0.009235807718845876
1216842928461335.5 14.22374663829261 2548.2552730597777 0.4485615297611266 270.9988823106419 2.474904519503168 0.0001211218865388116 0.005362861644347382
516921084350153.44 7.8894657777371435 27.656939800452324 -0.4010431674686308 2901.1093989499473 1.841875422861798 0.0005674965459047956 0.006884834046377289
275051350956258.2 89.74148590275651 85.04973617104325 1.8842550049418914 31.46827566952258 2.1543971898576806 0.000975742487424332 0.006286532960659478
199687282217637.12 99.15215618398528 20.146848079450848 0.7048821179934901 324.5788976172652 1.8713878148908325 0.00026178025621241346 0.0072249729573980685
34334283066634.332 52.939840400088684 21.888295543504864 1.2932536065900702 33.631393634213936 1.9563128290302378 0.00044579245148096815 0.0020494479599470145
55112285733506.28 84.51213440760725 10.966422482279853 -0.08556884771934414 25.584677552803267 2.045754923762359 0.00033152059772962835 0.007989574314449289
907800237171097.4 16.69890114050338 771.6588547963538 1.6286609194616988 323.1347553512126 2.3459458404832554 0.0009243932888360894 0.005425472481410329
1079154873398584.0 93.79932364381472 1149.426911996762 1.7313735151088503 328.832600026576 2.3786185972000577 0.00010302349061655112 0.0066933327395000825
864775432978591.8 70.19831558397786 1298.2735143852422 1.9212281690887199 4348.517766605987 1.490720796130185 0.00024451706656185035 0.007991112061788817
148634502033441.06 24.31445660856265 527.2719481448964 -0.04100500814678232 48.37346329400028 2.1575957501167977 0.0001150489525573171 0.0006188166265586213
5532197959155453.0 9.498087823063642 219.7147565956684 0.9555739167118217 60.9783268511434 2.2383127774350844 0.0002328070073836062 0.0069722652700870335
835383364017042.6 72.84367247152666 1586.3277250639517 1.8697015017977885 4451.9896844648765 1.4445243772795746 0.0002250981536316662 0.007996850982857243
1.9804243464305324e+16 66.78620540469456 406.1019360521495 1.413444327059326 32.93220981574752 2.331867444833325 0.0002656014332455769 0.0047537564931951475
316849558305659.75 46.33958322805216 1052.8973584534358 0.231717111070165 425.4981956669758 2.1603101285866355 0.0002516969847399296 0.0025904008161474175
9.772000459938282e+19 44.62365942708914 2742.7980307113826 1.2790657660974127 22.30846956698513 2.208289311994397 0.00013495109445199168 0.0007560389051013329
198169712980395.03 16.967318682988065 181.21657789588406 -0.1434383592173074 128.69328207344606 2.056458138127051 0.0001673527602809146 0.0029379327473438663
517680593410251.06 3.845576170116755 250.35469522191747 0.7082936810956293 606.0901865226415 2.7384661825452663 0.0005216819736961208 0.007383550058761807
1522801921202269.2 7.587038049463466 20.38399175806151 1.8429656871545284 72.7921937602898 2.343599318538753 0.00010086343506058978 0.0009923847147652798
322949715490151.5 9.771959952274692 487.01602632997816 -0.022318384545782388 187.6420423342258 2.2822227407765503 0.0009909099263973918 0.008507361870348316
228772193764756.75 49.354023701715434 262.8483969598257 0.018355298034983154 97.78588746098934 2.302907273623684 0.00031806244868684623 0.0023528385427579067
533877761139733.9 5.878456520620194 30.064396461026213 1.1901428324642926 1212.0954929810573 2.917691837317928 0.00021222762488314967 0.001568673768451342
161295629601914.75 70.01800720263208 14.896839876504343 1.3025745892836296 71.32228134877143 2.2837812494880354 0.0007197301380474369 0.00944431857163765
453118955403156.9 89.44722683383654 2227.329224983498 0.36172453409247063 140.32220583397054 2.2500420572374473 0.0006842469859499948 0.0016416141945150243
538087841902011.75 18.38041456141789 1248.3856165056407 1.0441122127608282 1967.0140726544118 1.8865553046449313 0.0008740307785895129 0.006140650289348409
272791140105185.22 79.74395531006749 145.1941373574681 1.6129687021036547 47.85712015101799 2.142107372593843 0.0007855912175662967 0.005845808418154598
531960568963022.1 20.196999096475714 501.93510499375293 0.6708362441554099 598.4664105764322 2.7799195249339332 0.00016284631414019275 0.007823805501231103
785912757514282.6 10.999382698217193 80.32019939421612 0.6203552993553073 74.16650248761309 2.3475636358484833 0.0003079086532882997 0.0012076099340800964
148148181542949.12 55.44083593455805 24.413540064053713 0.661683483770593 50.69318196275917 2.2301002386463202 0.0004698162495124513 0.007207588700835836
110484621003442.5 79.3764525507336 73.9598184963712 1.212841053039546 28.903438214978525 2.086134829548854 0.0007174196082774969 0.004746146921309414
1.0640702631436866e+16 7.277619850099573 293.9526024065784 0.8513025787567776 65.49992693092739 2.202853962024469 0.0003093506683074098 0.006657165661912549
516276666097659.0 1.9663858114664379 143.20111487293627 1.2385040071329387 1398.867230147517 2.7190795920551327 0.00013990556063104466 0.005016932060830078
6109387067061116.0 32.14850475162267 1555.1723381194874 1.1752408614413916 97.0341657086824 2.076515167150326 0.00010829118067036636 0.008237468781634264
2.9921732366398624e+16 49.192390045516696 890.3103259542496 1.2664269088165145 47.12526846458957 2.3337146058201808 0.00025713832123965853 0.001877924456889347
824215279217882.5 24.436848977695597 1677.1142974151935 1.2017392893364953 3514.3160370688984 2.662882403251555 0.00010904919928088493 0.0012149297888172468
2709454643522548.0 8.8938063143233 33.584464196527456 0.26822699645649095 26.584017871177227 2.1306303070168138 0.0001524036317536739 0.004567724829059742
2.1454735343534853e+18 6.411851177243991 14.47189503869959 1.7110467839480386 10.85909947714024 2.2541203557505165 0.00010202213999659271 0.004335201213251029
2301591740394747.0 47.72663918366858 84.87994652343983 1.7241171669497088 17.901103216237523 2.0635746227155196 0.00010089834694587988 0.007725754186641238
144601908828403.03 34.57082987818935 137.00215149684234 -0.002136670076697378 121.27312675000516 2.065840255583978 0.00024157418514206427 0.003235428758484356
5.1293010225558464e+17 17.81385690231337 560.1042338761728 1.444686885944394 35.16149215657571 2.060057769711248 0.00012781877056784884 0.0009648010016695303
105169773375333.92 78.74494704747349 22.709518011426137 0.14882318287692065 58.62905213888604 2.130867224767023 0.00039975634545159065 0.0057057531889206006
93433400109895.89 49.65402122192191 244.76918195343586 0.27046697349350113 16.779504170504104 2.0048129177752845 0.00096220057237996 0.006345085556765898
582879482260709.2 29.99409421495433 2100.056447166599 0.4530390254054194 1023.6190303513492 2.1543381909735118 0.0009675371506490532 0.009493315075827912
399042201592166.3 1.8840028491212273 234.75065075568176 1.6080275898774627 2268.8712592508937 2.1910543172402313 0.0007642613245784216 0.006969905017188263
697834160237376.5 3.1101479378370067 2019.7623021541763 0.1941403031345723 509.69652231949027 2.3130382709176414 0.0004101182500180796 0.0017722209333780534
2648205743715948.0 1.0898821043276712 384.8997522013564 1.1772463758339093 291.3414121232094 2.1823172849429846 0.00015057318751927594 0.006825049827970415
772667672887305.8 12.378576480562014 16.966648987837743 0.24417802784246367 29.004645516185597 2.1127761398599083 0.0001197440140394499 0.004256083202139558
53008155350625.48 71.86417645586819 19.997682838586297 1.328493285652977 17.002787730697975 2.0979530088548555 0.00013386542235397728 0.008968428845398765
99571040652087.7 64.03619026982493 389.9982925162228 -0.04660072842593453 36.34746621143993 2.2226735799894137 0.00035571835366859136 0.009400119965919456
107964944807470.12 54.324384776883605 14.281731545663579 0.8671055032307002 42.440407440848745 2.188170334208364 0.00044090796036755386 0.0013016418736275953
156095372235157.16 34.70895085397069 79.94774876224061 0.40020607007027703 25.8002663879043 2.07526327077111 0.00027523371475420916 0.00605731250810276
984838779268134.4 17.014000983462125 471.6780803893149 0.8944349920684289 123.81986100296604 2.2864274256520782 0.00011056941713208303 0.0017688752094683533
227925547346413.5 29.271876263019475 22.5173078971244 1.4363864314828176 355.37644265561954 2.1126454391398743 0.00036723065745507467 0.0021175029132123454
4365342700615727.5 0.6241532989837237 294.4962359986759 1.4176988748333748 352.33389034446265 2.315642793719248 0.0001055193573435298 0.007952674928566206
5.8391118285467464e+16 49.52958524019788 1139.8793876603543 1.4211267269739847 51.86538559213764 2.2263022646082797 0.0005375904202412163 0.003147634994262196
3.8491599381649195e+19 56.1611780227871 2639.945416113731 1.3072512970607995 19.27979630026509 2.1385990074933874 0.00021654939104356785 0.001273081052464658
132689970504663.06 43.54355315019522 20.422965817269187 1.5078135831595754 75.24528111655682 2.1593977489805236 0.0003819692887241916 0.0006444685991013289
304101350335954.75 15.890415144657275 92.00957265003306 0.7106843994162114 426.9338547823235 2.109799338398033 0.0002211170568743868 0.0032355318846793695
470722901614005.8 65.1995673944898 692.5020196189724 1.6002677745400324 439.0577422149754 2.415567610265765 0.0009727248196390091 0.0062677353535367675
40392573994490.836 88.97157679323776 22.00581064977771 1.6101238889759804 21.99593529356912 2.1025069470425946 0.0007732511614360123 0.009055374026644709
498299902948930.1 18.800289146855725 941.772811335722 0.5720097729079766 1893.0893960922024 1.8331408407628986 0.00016017397228611422 0.009560266920822433
692761386857572.4 51.98607645342905 977.5229787658036 1.758686809728468 556.611119299833 2.443595040565032 0.00011757360723449666 0.004383268607580122
575741286743601.5 10.957644716741473 2010.5568324932738 0.3885373159814818 2707.6451248469625 1.8655340948382566 0.00013366353227481533 0.009745987196635423
173315178013056.5 95.41930412256588 56.23795638312572 -0.384158333252377 148.46034679126282 2.1059357935305223 0.00021567462123163724 0.007974234249169775
114439313502657.67 57.09534389799662 178.38039122326518 0.42403481833875967 23.54619770365701 2.028003489869831 0.0008572192945103532 0.005492050264561934
322996265901113.06 34.75700857727077 532.4486935953115 0.5327685559959061 408.2789389565274 2.3602094978688957 0.0009981136843128235 0.009766582784368736
349773583231548.4 3.2939864091855497 935.9028505746893 -0.3225784485380865 175.00480550555918 2.138936278931298 0.0009928282660942255 0.008193253014907833
441758209372290.6 9.229322161208906 285.6293718783812 0.6493258038596117 1050.6848131107354 2.291558618599422 0.00015730290654927264 0.0017136839208654665
230737864379561.4 37.85879347160663 1202.0077340337077 0.13598320240889372 191.2155429948027 2.1591673321885088 0.0004555769398108967 0.008909266900164909
278698908513227.62 81.35337118724884 226.29932880514602 1.8344311493650902 430.14328744107024 2.222955252324185 0.0005898436866730071 0.0008323735247216073
366727029511078.75 11.890775174987802 12.336186387807327 0.32282350408160765 431.31349627721414 2.233877185153121 0.0004153439702078092 0.008680074663439893
3375702290346887.5 1.4574727485872998 398.8685333927736 1.0473109006424424 218.5704044695815 2.103382041752187 0.00011591372782175656 0.0071631364005382316
606210380912750.1 0.8333905765893199 111.26718736701763 1.2789801660349807 977.5436958777203 2.7387151007662704 0.0001338902995205025 0.005427929471695377
387105795803381.9 73.10965069783785 258.9408469913928 1.9703129614770143 88.83942216688915 2.118306023396655 0.0006474413392887807 0.0038256995825215094
192036180865260.78 34.138249233623775 10.10385825725689 -0.46835383358089455 213.02933424154466 2.1446217616983945 0.000795963940672299 0.0014105302535241627
517039478142350.56 61.71099768998014 1414.7492737674497 0.7464373506155157 614.4933684754232 2.3590720698275276 0.0004219862415409466 0.006635210427701333
751652080212287.0 1.0966687945900304 1383.7138172719172 0.40702291858888184 946.8538749265578 2.603857918342624 0.00012522685987539442 0.009072517996265152
276361356441423.88 57.28713503425523 781.773109866551 0.7645996035929926 247.6231971715167 2.096175970772426 0.00041777119756424024 0.005284877612471394
241188042947375.2 14.39054816046501 28.279992425906254 1.1418726378456987 450.0162565192275 1.97916151925666 0.0002178806400592214 0.00042554447183830446
775393988416278.1 55.569283571757246 2053.6800797940878 0.7305725762989956 2337.1419966422777 1.9085267562730799 0.00010655717234931779 0.0034224615659108953
476655161911761.9 3.6790620004181696 14.57275309616712 1.1701083578058715 1882.928857142381 2.537159507347551 0.0007179816752506845 0.004669630205721574
82943923103506.95 83.59931049409573 25.593679359208846 0.2917155187565601 46.69832244232197 2.1071825385196874 0.0005497595729485275 0.007815964846633838
917194876579006.4 12.071280922389207 1600.4248415322384 1.8110359835295926 2256.9411485778464 2.8738087486003137 0.0002541229285843411 0.009761604619343127
6.306722335975377e+16 4.216786386693531 48.26763333761196 -0.07898963085382693 11.077035316942801 1.9733330412589682 0.00012096313294515232 0.002995575016713691
48228048115472.74 81.17565828059281 32.253094968429565 1.1925025885209728 21.0553408145934 2.073279514029457 0.0003645417449126863 0.0009759800322291057
1.4061268632230355e+17 5.555978493740529 321.2589750355384 -0.3334949842134196 10.072983531769077 2.3108653610696894 0.00039840748019745486 0.0032264724132708335
2.5203482010203696e+16 32.07476250728744 246.388816213305 1.9474346206453765 36.40992857188213 2.074518220155085 0.00013973183690913326 0.009501205606407138
384660014560661.94 18.057123096392214 14.019871504545439 0.8011292191998675 451.1427172575874 2.364272825242443 0.00012092715046803749 0.0075794021563951935
73065634090707.8 77.27440433460066 58.74749904530558 0.3785284534417128 16.55287981476787 2.0963434983506746 0.000733972017060242 0.004465141157402292
1.053851159569574e+16 7.256733991585865 296.1840684391606 0.8529970110014413 64.60417562024749 2.2089185012960346 0.00031038166595249983 0.006666971401513984
226552889805576.12 18.669100345349314 14.967021437382929 1.1124542631132242 349.454317877617 1.9723483284358592 0.00015714094442104772 0.001833344616474929
5150018061322012.0 99.8878814961177 1134.3077709951665 0.8174625043290515 24.4506338367642 2.205499089588301 0.0002843095608173446 0.009507406939699824
752671043764274.8 45.439494180343345 2271.5384952548357 0.8905399303927866 4206.8902884879135 1.6238888182092672 0.00010054426363468946 0.0014030133543008344
821484640404278.2 58.557725006865496 2591.2627360271044 0.7953828039305468 3660.373627878104 2.509189019909471 0.0006228196409042147 0.008810493684205759
90424472097640.98 77.11121358067814 63.766915103992346 1.5907896755984727 95.5585748454949 2.157480967894833 0.0005194586626184365 0.007885796125366853
12105625810333.432 85.787957639051 160.27941826762458 -0.07330899661556711 18.454828594995053 1.8440519113381184 0.0007794257480870455 0.0039278890637434215
215018183731749.4 44.56916235359522 1022.9983260179938 0.12798421314424613 171.23417748801478 2.1501798956369575 0.00045385538472044265 0.009513598678190639
1294753591164921.8 71.3721760142495 558.3267781657134 1.0390695089902082 27.403545324174097 1.9691343405117316 0.0003226339711759475 0.009667778097340393
94539387037427.73 98.23564645552094 38.577158666422136 0.5769037849905354 15.64154939057591 2.193279773405296 0.00036942447821229597 0.0015447836452596375
615419584247723.9 68.5548942808458 531.9317093913384 0.9144771206929524 41.289101523262055 2.0802720698794674 0.00019872075610477988 0.009187440754150856
135922187667485.36 42.45384723191796 20.348996625537396 1.5162845499708504 76.87055726417628 2.158592487259808 0.0003763650951746905 0.0007514662240771909
827712330207266.4 1.6164867265003362 1161.9521102564636 0.34592627693575206 725.1474097815087 2.591496152687018 0.00010061117329560923 0.009473593849471149
528316245591947.8 3.759837331593843 424.9410128142026 1.028367259548002 4429.386623432468 2.2341662885734284 0.0001836568522661793 0.001418377147306693
69247284517482.62 85.53580478515894 21.641880267706124 -0.4678886464946097 45.581007812777735 2.059248135499193 0.00046166079042164645 0.008363709598291757
3391953321338503.0 7.818106013333398 128.2168013610676 1.1471526478878589 67.11110441681932 2.2841035921567983 0.0004052915955786865 0.002006065779562461
703824418709388.8 45.32197665556741 1035.6975164074343 1.3939258215525727 2979.6629046940966 1.673868847351584 0.0003108213152409088 0.005461822005689741
169508741223295.22 90.03300119007378 15.346774011460317 1.836829429697811 94.51942067231995 2.2384848056715656 0.00011962771982442274 0.005861995771840049
1.7039117873374675e+17 3.916735357618558 330.17667102711965 -0.3010743449210762 10.073804639484516 2.2035066072816423 0.0003975797827432385 0.003638456325822553
202786839738513.66 32.003019859001334 17.860538809364076 1.1900198248211253 78.3887118800109 2.251625646565061 0.00010846949935646915 0.0067071103359720744
55443655493811.06 76.69920177802359 13.237475390420851 1.4216025812252977 17.859885671655295 2.1324855269595475 0.000372230579012359 0.0005459076872013869
339530527743921.1 67.72984853739078 1166.9095447583154 0.49316532664956914 204.3245779043419 2.164336840434736 0.00038066813090994724 0.00033445354225749863
143400007919917.0 60.782956653512 212.52736026347122 1.7506150187998135 157.91529020606328 2.1045100544439554 0.0007463244020947061 0.0037535452610863627
556195106627165.06 52.074959187695214 432.8789726478915 1.95630839366429 1093.1472057157716 2.307376682523988 0.0009590145052621592 0.008304257191722522
166788155374913.47 91.89041955530637 43.55644821043982 0.3238015573089936 131.0001945015593 2.093481932262607 0.00022921183586330216 0.009880581798708906
1074988107117305.4 23.606606414251054 144.619855921743 -0.1173159061117296 13.139850398022105 2.2484314357834077 0.0002407896619137315 0.0006909117606827176
6.210904478661285e+17 11.620596457664517 507.16760335141026 1.4400233758898506 40.12066535102332 2.0285696689511656 0.00013483226491208284 0.001845849592941086
783121822942178.5 1.4999515723453527 2938.2978292118787 0.0994447794482951 560.1731120794545 2.2885598698465537 0.0005249854501225797 0.0025612939766355117
5394337940898545.0 65.00948719427541 1938.2175157965755 1.9580836516392368 325.44197706980106 2.29363263390243 0.00044223189878157923 0.0021400021621485405
264281767251390.44 75.6344739408617 11.15699820774186 0.7299279597485184 379.37489144899007 1.9537210478498275 0.0002473267776687866 0.0081269427780371
885379012856609.5 10.272934040127234 1403.9052736842048 0.8004232922759088 671.2423410795104 2.6350995698124873 0.0008346473529968871 0.008580957567748924
263962940743261.16 16.147400803393992 300.098087015458 1.8148445095314716 264.60453886447596 2.2918304757341885 0.0009920239483045803 0.004665124208413502
1164995188913482.8 59.750951224216145 2876.887305961742 1.2945029537135084 2157.8984901729023 2.884610001148058 0.00010253160559587057 0.0029581451018282036
9003287461744475.0 55.36186469888542 415.57671181101875 1.394570953195178 35.256998793232846 2.204316842650952 0.0001915700480194966 0.006546999517707321
1288949368368668.8 6.6371062002846415 112.64720110818199 0.6284820443904451 69.32935212233558 2.176779967444939 0.0008728379330338892 0.009913859044733648
1285312207405129.0 40.692547218725196 1697.3789633071092 1.7891387361457471 438.4342491185077 1.9440830557040591 0.00023570600147931086 0.008560039353444073
199486347698387.22 51.03473101529102 84.04907464907691 -0.027169164013459868 218.24050279716315 2.048748565771236 0.0001010310158811976 0.005594851149568744
704845140936618.1 49.52384778173677 200.06421667692416 0.48300939688393174 20.99311085137411 2.249445443488775 0.0007570618063425717 0.003003176785052968
411754713362491.0 18.532738955317022 22.038221875381687 0.2819320935233036 19.052329447057 2.089600256466912 0.000158551769641375 0.004376162037348746
548970671870272.0 13.153925480554197 180.59917695827494 0.19932068412716752 38.532406736689474 2.111941681482036 0.0002844807332418276 0.006164775238227982
192848025974314.2 58.47725202182115 47.64896169969601 0.1381576582731272 200.25838673355986 2.0810374149630415 0.00011867441078966657 0.00560286467349016
136480140022764.44 51.192079618121454 57.99692862114733 1.6375801409181392 135.52420931251226 2.121920559219213 0.0007461822697811985 6.36521262070912e-05
580552650925675.4 44.00316001135652 2026.117161246421 0.6794970743483271 970.2734567240892 2.183652226294229 0.0004580222199314754 0.008319144196757897
262048717794748.78 76.02776316513216 244.48364714226358 1.6287055048314103 505.95186567450196 2.041026920275674 0.00035541840397355814 0.0014470022753367375
94012394229027.31 83.832236598582 51.6341962247085 0.046931952704215074 71.54528007900753 2.0613024229206443 0.00029471771884727533 0.009678633118439521
8.047519268014506e+16 12.547041565402424 1705.6742834461372 1.634557759748309 178.0925179611202 2.3112468059157836 0.00017201502376580052 0.0072916859760606455
72818436457349.03 65.14228086441207 15.738473289184446 -0.09922854859990238 41.98823120518609 2.054573097460832 0.0009421723184311917 0.006558537467110081
538540499763760.8 56.67863910367598 1101.0017467577757 0.8433624707044517 293.7107915531805 2.2898277121501702 0.0006500571757428349 0.0026032920692356056
1.5540609051369826e+16 9.81084598265467 1509.3375912631095 0.014119530647280776 13.732461859076459 2.1542642255962945 0.00012164514069935518 0.009901106480982476
491893280209420.3 1.524629363380214 341.32213915639585 0.8394016151476487 1221.0437483208352 2.509966794113256 0.00099226538770844 0.009250053270672503
197069713339646.7 36.20280068712298 14.928893663316483 1.2798508307051293 63.77295354936659 2.2457341007157834 0.0001131604417557841 0.0066414972854094475
3.5398578567823674e+17 59.19249707086581 1082.674184804804 1.0759677564330326 18.043107753976226 2.1953127567875472 0.00017708359153529462 0.008723522023262101
318160825233023.94 26.18349350405495 389.1820995254711 0.6572358034856239 134.40824271993895 2.2264031116073357 0.0008085704300566501 0.006979438167632142
137684679389559.22 86.67000195168828 74.82188135194639 0.48922979931179933 130.94951776574086 2.052475154939715 0.0002955815770614827 0.008669049537280513
1.4934719390966106e+16 30.029037525720252 171.82908130899276 1.3448499752002845 22.562913324457096 2.149929447685084 0.0002383083355923743 0.004521671442652399
567845717038213.4 28.736975300805724 373.28451081502106 -0.05341277259735511 10.726072025248344 2.2073101853494683 0.00032241234706150546 0.0056487774628828594
123277648827839.86 67.3744707982597 701.618478719141 0.17732583080378317 46.286592188882516 2.0698532099431395 0.00010111013943484636 0.008741347239514224
762507386727719.0 87.18233213062115 1080.8418454223647 0.7730559720727652 206.76086866122264 2.477224396422578 0.0007160490513799766 0.0038248506584925915
2.003828700648798e+16 22.889215213597815 45.30439156512177 1.069214224777364 10.896704730729056 2.1607990747332315 0.0003247704401055748 0.005341070337451964
201208986887460.7 37.56418950976521 32.48288320831091 0.3170335164082388 234.01766999142077 2.0708794829311854 0.00016176495566569052 0.005749595249441868
491147178998747.5 38.624194800184014 234.82611201819108 0.9205140705075019 52.042515883851486 2.1686285301188177 0.0001034138144954587 0.00858021476066859
712881656083920.2 47.85443472250627 1452.1045559580004 0.9709543368069999 304.99425671438775 2.1542565713341446 0.0001375971479905715 0.008618228551640232
740925465160270.5 11.751938720581329 1252.9516233491581 1.9503524881838246 2730.215373961908 2.985904327856175 0.0002920729012988835 0.00846572469347853
1122689478461392.2 11.289111873726114 148.80433144466988 0.3302200884778402 34.38666563429364 2.124918965260583 0.00025548161935766834 0.006116528494474855
577283250349402.4 61.571626664447294 1485.136946917424 0.8960700940709498 821.7754867092012 2.471152311761351 0.00015693156918897267 0.002425137364379676
4.763728185148387e+19 61.945776733331144 2304.8988221774785 1.1378548558316417 16.524075673172188 2.306564719169899 0.00015332014894050427 1.569127875808386e-05
389567787793772.94 14.430250598531272 51.660575276970185 0.32704976173894107 62.6121775102911 2.234634276307579 0.00028095618131502225 0.0029473656370286993
443698069179887.1 89.49736268270686 1656.0196122482703 0.47575622887143687 304.65049683921194 2.2571782754509937 0.00011868711440529257 0.0006585599515023707
8.316820365094024e+17 16.753858524209647 337.55387296535685 0.7447675893802261 11.86673703075326 2.096892185708604 0.00032464684602012293 0.00909020671618336
647966566452517.5 17.72613656650566 1953.0864072951701 0.605973349409126 1795.0866817192573 2.2964038054058133 0.00012004421579773621 0.0007038184108019707
35817509049914.875 92.46321317125539 1735.5510827895278 -0.09121787969471518 39.85426006468859 1.9592687674674123 0.0004634484879295315 6.818104428523439e-05
466076098477997.5 2.8245936632192823 60.46011062792319 1.386565377844886 2384.4502593138 2.5139605083492835 0.00012040062532114343 0.007819014516895692
1830899596993724.8 78.5354126394697 2149.575748357159 1.353206889966052 294.7836365866105 2.1631749266247264 0.0005389604507376446 0.008459246195434889
736922750262371.9 15.710489641729257 2150.3005645061066 0.5598600635225726 3358.9019530269757 2.223595810390459 0.0009328508762309253 0.008959801389920532
228556149488318.5 94.18044513505922 15.095027857082398 1.5464315502883945 259.18563944846153 2.0457520247871193 0.00021174845737795947 0.00707084275709736
53985673356360.016 97.83769600578805 10.623507154154412 1.829060079596358 32.507697377785426 2.0756415794888805 0.0007958577027946595 0.0003584457167763481
63399808413672.62 81.39336428112064 14.451912997837823 1.4383373794162249 16.176144217524833 2.158051591086715 0.0004420492447034781 0.0002834569771167526
418231358296468.9 39.971206294232964 1579.9839134051529 0.48957172799082244 73.45411876833408 2.0577250979500215 0.0004894585384824676 0.004855797688868955
4318937361160767.0 8.01557568847381 105.68884426063683 1.202668082248684 57.979484486946184 2.2918174105803004 0.0004463538034397701 0.0019925721323248357
817470244632574.2 40.364033930579055 2857.2801828168754 0.7176541585352174 1445.2690447150646 2.4962423104867986 0.0004456217340901831 0.008494827564588655
154444575369413.1 51.159960893832675 57.90479502298474 1.6318844259292438 171.3713974337363 2.1073417137475454 0.0008874538057684079 5.163871522571167e-05
951209936781156.1 66.07365967263772 2938.67627253977 0.9569284555211675 2313.462669062667 2.2330513056045707 0.000507548780244059 0.009772576027400427
4015679745132977.0 78.34899458419002 2768.5313214270445 0.5322124950290061 28.209638935373576 2.3466843358089906 0.00029697284705152755 0.00158703672929712
144777931331358.9 97.53279215254354 10.360267289292105 0.787133416840651 212.78009940043398 1.8621948615689639 0.0002432201028648899 0.006508352224786116
3099494074778440.5 68.29445257001592 2351.2054537887548 1.2733745740974018 225.1411081682189 2.273792046625948 0.0007751688727175827 0.007748020302575121
379013708880571.44 18.256040688397462 34.33868855018578 -0.2871304521727578 40.37452645282705 2.235667327070149 0.00013308913443414803 0.0030044534149417934
476418944628981.8 5.374931426619305 122.41620240728163 1.6673118887623082 1626.3354223322726 2.353802050793532 0.00018270808972553775 0.0037926864066934215
2036983531592404.2 9.03858257938482 96.92435081624208 1.0998583484676714 68.55252238182007 2.345746547886312 0.0003566568635873173 0.0013377669314131252
103331697005926.9 96.63025004937941 26.870742924647686 0.7883372517700484 11.131533116530779 2.185065468774983 0.0003306094648522973 0.0016718806011235439
637533968705232.6 21.316181185920826 1694.9956999091512 0.5755569494095911 1621.5781808896031 2.284328050363513 0.0008620608743944986 0.00885804346495221
966252824346751.2 83.2892474726325 1488.4255448947104 1.5176489887890534 514.1822306658886 2.4076544392874415 0.0001974753218508459 0.002844134652708275
3.43809925873198e+16 53.14048764767804 958.2203456514362 1.1837931382311886 43.08384692946824 2.3398765898860807 0.00027407197901457945 0.0020916157667434446
441460702148647.7 2.9158891867937173 14.727019418972404 1.2022172525968455 2696.5657824586488 2.5083450599555417 0.0008455061353633236 0.005210171629751882
258906987899717.56 79.98552485767112 2498.9934721402997 0.21407881012233743 15.932391968280243 2.15616970500735 0.00044967640981814425 0.004095689321200742
387619384942212.8 33.06443861229371 414.575506092833 1.11162614261406 663.1613898884873 2.2000664343121237 0.0006749969667038413 0.006101820046785724
