71703406845602.78 78.99733031994447 197.23774648432422 1.9059887885680316 252.71920917989283 1.8146812733582052 0.00010606202311023378 0.00934380948435194
559406458202275.9 82.21387779631232 357.64601618071583 1.639503307404714 37.48309365963311 1.7989309813581533 0.0008330402404569145 0.005849008979892992
192100392890873.97 48.90252419693574 1679.250306695299 0.5982031997301516 258.2027805155114 1.7781967098458176 0.0008114028333956591 0.009936973508945207
25983614952690.004 63.22394159565465 97.55040413333731 0.3159391602596937 34.914985991895385 1.8488642398340658 0.00020307567605439876 0.004143587170441453
68678317378527.17 92.55674564439906 139.22190253732208 1.2281165372706169 23.27836442923808 1.8177784929210854 0.00010886826933100471 0.0006182396313080866
12181463800171.988 85.3593098136829 10.092854468843791 1.4949250663973803 21.741936595704086 1.8447549542536883 0.00026044397526759364 0.0009436986465263695
23488523472513.164 84.52119241392433 18.029648097428733 -0.4221355363529422 48.72452579453502 1.782710679269612 0.00022222608053550964 0.006453389090412901
477310279436392.5 89.67345372190928 518.6628512591418 1.1478566982902256 21.24338072030445 1.772906460628831 0.0001148398296463537 0.0026317589930284616
4099218109748844.0 4.084051776764619 98.67139709789822 0.06656667264089433 11.088288589792233 1.756152528952819 0.00021029673230988597 0.001062764465721578
261331525730924.22 32.61458818015101 860.2598141019376 1.1605557427899214 226.40069066242526 1.812225411697381 0.0008016827538497774 0.003504292223234264
4450835474196860.0 3.5989753806227895 118.61194557712878 0.1409156273632146 15.972285256505417 1.7660068355086074 0.00023699904617818394 0.0015268735250559724
12978914097160.887 89.61854293115528 18.958070774377397 0.5916404999627227 25.541231215523414 1.8320985119668052 0.00011651403444496832 0.008213080931388108
239490225752883.97 30.824042912452082 683.5396498131108 0.684811069431436 53.160226729094205 1.8651098417868233 0.00014434957137567214 0.009452634667974915
33497934892107.91 22.28604395561107 13.784227368482156 1.8207243207489059 45.91087840485893 1.8022268631771938 0.0007643735422531087 0.00583016540106753
218151479570369.62 35.344445029182175 645.6406742720056 1.4940985433093563 407.9770066346385 1.9634809346095299 0.0005157948337890084 0.0007898815230212915
19807165478271.37 97.28812804545298 12.487776286286781 -0.34960891611263656 37.45399010080215 1.7992066285214676 0.00017551794614469515 0.006025117688773872
1136012094993856.8 85.88991106570445 1456.1539564698217 1.612288536296352 235.8244130527883 1.908685451424635 0.0005327421553159923 0.005012460381787121
377411220355403.8 53.872672338983875 726.0649730341078 1.9751778200745136 256.52013427970866 1.8845168083433617 0.0005438774297729126 0.0005679163077909532
4.049708117124261e+16 40.99872598061127 2481.104705860256 0.8539655663308835 12.43648967488299 1.7840378513536423 0.00018181576880123892 0.005694874373057253
217031076121677.38 34.73441751193525 535.1643639925445 1.7197382674851713 546.6950183229836 1.981796472720242 0.00039665465702257217 0.00028370420677566004
2775811576854792.5 98.36808288591106 2527.8014053372444 0.88462692217731 15.079496979223075 1.8052306589417433 0.00014412458228492585 0.008039218801149176
108345834588028.86 91.43513747329301 684.3068283041488 0.7824189424713349 82.32655853741356 1.7852915576124797 0.000832732869868584 0.009987196582307836
15831376448524.96 90.97258398518115 20.53915744202599 0.6822619962490808 30.89826897566844 1.8263418059626024 0.00010439268764000563 0.009771765098487806
122072234812796.61 7.725649559581898 270.054655222078 0.6588637582217363 318.94876178247813 1.797764729638308 0.0009114888235147948 0.0021524724124761686
21667638596095.21 54.16809542446925 25.30487987116725 -0.13922031323693007 36.62684495034249 1.8103569390696281 0.0004409566380152123 0.004036608173083101
14070728429506.873 65.79194969270297 19.305744495995597 0.7916952041661245 31.274687423379568 1.8004730553031205 0.0003038036127459713 0.0033509071786327863
42069724505326.88 92.20868647824254 12.873625128482498 1.2765188024665284 76.82718633554582 1.7917937114127864 0.0007160664554742117 0.0017987426221987152
11257663141781.174 64.731984181264 21.16861811391385 0.8007880695077169 25.499241459507644 1.8012466934127678 0.00010436177984290148 0.009884663442272124
956807135122792.4 40.29851665404223 2630.0355873798803 0.8279374378361831 79.21998527803456 1.842444465577509 0.00010783708885117605 0.0068354257692775314
505902018720559.5 84.87943299099221 1147.2572175723728 1.0282980627387768 47.71748033851592 1.8154173357012013 0.0006200616112844655 0.008516254272858213
20046667511710.105 29.398592799105415 11.253152666222672 1.7376231145986254 31.30451023894942 1.802887194911486 0.0008265865718300397 0.005136748065177374
26820166852293.035 33.70444808635585 33.91100868498749 1.6139092415957097 51.38031292282386 1.8552801746709047 0.0001556950945303249 0.0004288857378239052
206849672936322.6 16.56008101597964 922.1655953478569 0.41308122603038455 35.850182670594 1.7887624842903738 0.0006292287913822191 0.0016811100014761295
33739546218765.355 89.31116726806734 33.599984155715454 -0.416848802883103 55.97194057701206 1.7964325803170489 0.0002153546917665157 0.004709932936823704
57363475991266.98 99.6641554363359 212.67446428049425 0.6318980323713879 154.05574197597326 1.801326064598379 0.0008876678770486108 0.0021724646826378384
24513326135053.74 31.778119022631948 35.87539347170517 1.614098141906969 51.471272369217814 1.8513270636816825 0.0001413408329579691 0.00025282156790987567
81890121026633.84 97.46129168223138 348.16896701649637 0.7704862264381324 212.014304754962 1.8097921307110019 0.0008539067869180336 0.0017046536459246649
485443074531784.0 23.733194612925427 930.8040830816366 1.575788019841545 311.655080716048 1.9183052166852728 0.00012572630132176623 0.006568169120056943
2213545523772973.0 25.04559049235051 194.74272131831293 1.0802491456464305 13.270152841744492 1.7413705015192318 0.00031476521918907536 0.008955730350289435
2120089548953067.8 97.92986963460402 2650.462402992208 0.8172290499353284 13.199246349012176 1.8061088112314043 0.00013589573368096461 0.007876012210526034
15317420330217.064 91.28781856288998 19.87258801699687 0.6613027559521032 31.17589077576565 1.8255849798220525 0.00010241050975014325 0.009653478697437715
10942870032134.41 69.16276441639026 32.08065883757217 0.945923597021712 21.92531075515821 1.8043786998886104 0.0005878695884105881 0.003663419834045236
303707784025871.0 6.548137658804976 1386.8228985897365 0.48936999410257054 842.8630642355548 1.839601259094691 0.00024335238646927516 0.005280203705313383
2341658258191719.0 94.4753667070199 2533.5038107042697 1.6016632698159992 278.1879265978434 1.8871832195613676 0.00025650845538442414 0.008481630270089455
211841849322148.2 27.958426277987172 2595.817542359132 0.47859880398405086 102.83317681419288 1.779613989657869 0.0005345079554776715 0.005591294772848442
274801070411343.56 98.55038587168855 929.0456577397231 1.3150691554065972 796.331971856766 1.7789576465042876 0.0002466976524969905 0.0024578576270925215
1071395227834794.0 11.959832119648148 803.1474525394208 0.4246323365732946 20.044521336107067 1.751030632649408 0.00025756703297996825 0.007898259650739262
169317653118757.53 70.30117694178666 708.7166582454769 1.1283727109735286 386.3178416784202 1.7886540024812894 0.00019679616184234845 0.0018740031969031448
919651707832567.8 38.16706995012542 2314.966648099623 0.9081318037900769 93.17103011399158 1.8525754181319258 0.00010531672717798042 0.00674883434318149
19064803943883.453 32.951094277891805 10.584060345312649 1.908272093554537 30.789305782120394 1.795822617703597 0.0006731214256605433 0.005689591726733738
202890401539524.84 43.438971182896154 1718.8696301881312 0.6233827486402477 262.6429212027408 1.7712308423199148 0.0007684465196975458 0.00940999014867649
26702859440142.945 52.93846938746242 78.12810597671766 0.2648056331825105 65.26707503084836 1.7508663359367236 0.00014025367056354367 0.0027548947789960707
499861000180022.0 47.220443569407834 2081.3787475525255 0.8785404021340992 235.38022680567735 1.8910127245171917 0.00011856211566429435 0.0017769767078226638
72201191098639.72 85.23137380557169 339.11292256455005 0.5573041851747453 163.46252943526935 1.7992602753020874 0.0006981141738840842 0.0022497237278536614
2390740204963713.0 45.582750832967704 650.7202261068447 1.9399662520620087 73.48614858976713 1.8065423735680899 0.0005885226894469295 0.008665716381076183
2098624064597875.2 45.216879567027476 677.3621145407207 1.8995130954770236 77.94745665508648 1.8150958946711127 0.0005065644851123154 0.00817507620237598
10807282722782.041 84.90787432574037 31.40174724677845 1.7057427156003402 26.057239876180983 1.8119652793562677 0.0005896853159087774 0.0024749558155500824
2428778804218651.0 87.52822684612417 2356.9540191135648 1.556378736167002 206.32796410728943 1.8532229568706722 0.0002326826129958432 0.0070038556022158725
6739658445021712.0 36.85630637492912 138.6339579247209 1.8300346681630457 13.628920845181511 1.7282582116593386 0.0004281121394156008 0.005635829525775283
278883124605874.6 90.10797036953367 366.4847115984383 1.480454025966156 47.213953959035535 1.814800144498193 0.0009968350778185228 0.006928236058372091
128746657806649.08 6.182078447997698 17.276338013227416 0.06187964680803684 67.13152269153777 1.8257207011159848 0.00028983665694687377 0.004798558720062601
383217720857536.7 2.926638731575917 2340.4348258887267 0.37386338254797663 1425.7602182006424 1.918463465323644 0.00020933320122817786 0.0002543680547411435
17076331517723.463 66.96865328098588 12.017300229750242 0.8798499134876413 31.07140447633526 1.8096549966751296 0.0003307863836178208 0.003931527126692057
291450714154738.7 49.09927903447841 1088.3802773000855 1.0409491599306586 465.7383263904886 1.8478154735756296 0.00011934109008035524 0.0013782550216606038
45893289203904.875 45.570450021542996 71.04277284945273 0.7941596347846127 12.841089602458196 1.81340599873963 0.0009339655144479662 0.004094461180441031
17249166239368.45 91.8913037342194 14.353966261746827 0.44703370442535173 30.59950813990324 1.838001138176971 0.00011689920859665677 0.00869133183458708
76234608897076.0 50.196805313224225 169.647549726212 0.9771446317195654 34.1187623104361 1.8557274906154573 0.000909678208606101 0.007101331332668656
186028014752448.5 61.145218740160885 543.1833201358584 1.601282758235509 442.5169581252702 1.9147654215842054 0.0006234029002845195 0.002493930949984889
29012501222469.508 35.82845656879595 75.1329486225848 0.9907659648485689 35.812164332048845 1.8122436554662875 0.00014081890383024244 0.001224931126838072
18198885082492.727 56.81196957631865 27.492693767300025 -0.2208620240061887 28.882163088978547 1.8129029418868663 0.00038824251099553 0.003878448095717987
239892849460537.06 8.452545475619765 908.2972003503505 0.733379277009096 570.2749768306221 1.8593803076694302 0.00017754848915708986 0.00016251050954768295
96801034933674.89 37.021774740990764 272.859627978425 0.7640220938530564 44.542412808357255 1.84531253685104 0.0005029239054136171 0.007981651926805933
85445032056219.66 81.50626141104162 228.9838515636426 1.8299839560830613 283.65516279542584 1.834217411654212 0.00013621983312963722 0.009186532720768581
13927419877451.87 61.47387572138695 27.61473214203114 0.7862862363132159 31.865627754152158 1.8061897910566074 0.00010819583752055022 0.009351817670849734
12654189418501.31 27.791876806417505 2171.889020309893 -0.08936708045817476 18.13934939366829 1.8146974195560412 0.00037394544325865915 0.009612068213860405
1197488985462132.8 89.00335209297515 2232.807153338866 0.7577210379178785 13.62414322799895 1.8151162260007134 0.0001299097662112578 0.008480213195294642
20613573567702.793 27.125436279988236 57.30787556794764 0.6654477401702975 40.99502723001083 1.7603732518339763 0.0002292499535670527 0.008490096578995729
416537386223244.3 12.906906718068319 2412.739566368974 0.6383873020502486 820.9758254501929 1.8502052692159563 0.0002849709352151536 0.0020705473124172677
646710802315781.6 86.29060341635602 494.3045834407446 1.2158181352143744 19.769098139258315 1.7690860084467597 0.00010247016519062092 0.002297012282432103
4.806948615652329e+16 40.31899363948713 2750.821873440317 0.9192713642217092 17.196739077975806 1.8138922482381723 0.00021279389968507424 0.005788950922452923
136243229997088.88 4.307045557858373 15.933136747640274 1.6931444900743302 207.13428442092905 1.816522368846447 0.00025771205637115715 0.008453165450691684
204944249048557.97 4.36099839479637 2137.019236235236 0.08196323750868151 375.962160920173 1.8410523116181592 0.00016749625635380046 0.007542740875878346
157734897377601.8 4.009504956714295 2586.7778884028007 -0.17009902560872092 24.484835240678795 1.8071758041516937 0.0001365666603078204 0.00940833335132963
654538425237240.5 15.052488750185406 2399.350905815898 1.014105509705398 1327.6391054832015 1.9500507719916638 0.0005783617627055128 0.00645098472202529
3205542586509689.0 90.40917536326577 2919.727918967106 1.4088648385994111 123.36730558187777 1.801191847559734 0.0008337823682498146 0.008486193710464999
13010683113073.42 55.97926298095784 32.021674569636005 0.35674252069435286 22.24730077564654 1.8200905799446017 0.00011517313680158426 0.009271440725652533
478951037606032.0 24.995003558283443 1143.1779133433288 1.2532653391962258 236.6009343418222 1.8431213965557716 0.0002191703166826994 0.00589271829705483
30833475256118.863 59.949375937687414 21.056582121348733 0.4380027116423053 64.87110040837693 1.757099615645572 0.00030145973159101305 0.0025558238289648547
284619617777065.4 46.71695377210234 960.3222480994851 1.1642721997289613 172.66583984573313 1.780600872119989 0.0006805735451984413 0.004353651878195133
506886385476158.3 67.1775958097299 2765.2538803828706 0.975487724690467 332.56758552648665 1.6987201239802339 0.00015042986784927592 0.008154983569315181
11091833044099.904 95.10839930481822 30.429786081763236 1.928628027311933 28.787052561024733 1.8315995092505857 0.0007878357576326111 0.0007586289759975206
122072234812796.61 7.725649559581898 270.054655222078 0.6588637582217363 318.94876178247813 1.797764729638308 0.0009114888235147948 0.0021524724124761686
295726870586909.2 51.238939654554116 1098.757011308135 1.0672130695450242 382.60019494139317 1.8408412701681671 0.00015540671930160032 0.0016418655249816811
10115203646341.428 70.47801762230321 30.50234069849609 0.9455582163447096 22.70350900480497 1.8016308426285432 0.0006147046873768621 0.003681857555232785
172010848898997.03 4.879440241217729 2149.361252264949 -0.11769879518322901 28.139036928685325 1.822643461377416 0.00013765845583406044 0.00927605369415413
172010848898997.03 4.879440241217729 2149.361252264949 -0.11769879518322901 28.139036928685325 1.822643461377416 0.00013765845583406044 0.00927605369415413
323766075254747.5 8.476997913721581 1540.0774275864974 0.5090761625862562 783.8603427675986 1.8699822893050093 0.00012689599898796188 0.004430384774292179
121969259768050.36 7.757686707053145 284.33859901042007 0.6728463513188397 326.18623565507477 1.7966199278041293 0.0009245094716144354 0.0021002777244581074
827464196423350.5 32.748012967104714 2658.976823510885 1.160615626085049 1471.8247991306393 1.9262398332519972 0.000277504488978762 0.0036860508559953074
148496722754075.53 7.188543933090571 305.84486409255294 0.6523677724986863 378.4531696524658 1.8388975717495721 0.0006620410035182254 0.002890652410703299
191139922070395.9 5.89238919716604 24.909118045254647 0.11387374300751973 55.88941347016196 1.8536997995868059 0.0003152864229848384 0.004728527467480662
29670948764227.9 33.75400795964984 16.014147424148106 0.6243588593689031 57.70601391705433 1.7787041468977214 0.0008424438685855505 0.0051348222898656625
478796623849885.25 46.41488943672364 2882.3134935606504 0.7448106639503288 206.39261733306785 1.8659146281845282 0.0001143700038644907 0.0003377634055312619
171455261674315.66 4.810729041739281 2232.265004670495 -0.13333654547124907 25.182386527322976 1.8174900655592385 0.00013373846257724487 0.009349027804583361
334299954537090.4 15.634624114400488 516.3747271060232 0.5214880698963749 41.633286928662805 1.8614234168229222 0.00011328732195403747 1.3363015088600305e-05
379868823827897.2 94.22456002201298 2100.739594945759 0.9087347068705993 271.86328922742354 1.8185522544222488 0.0004793763537951176 0.007016947872478936
10200203527309.98 34.39783671967097 16.92819447498602 1.4772039281710017 20.222644434033242 1.7740773645742405 0.00010564895944080888 0.003219665144934802
241684452756438.22 0.8593582374133604 17.733897603374793 0.01427831433860164 1303.5698174232673 1.8100123156780494 0.00043432870233175107 0.007244609461776483
8.557530212910421e+16 97.04817566364203 603.8693743143887 1.8284475343201987 17.53133024476959 1.8176936794685066 0.0007426422656131398 0.004147895816669314
15702625926125.65 69.19545043694886 13.616115798443856 0.569617725185005 30.567674340331898 1.7960721936777004 0.00021646249306788947 0.00804397246368465
63591830920213.47 88.38209687336416 27.470998411446864 0.981952255022848 125.31679650942635 1.7801016184422682 0.0009377087047672241 0.006053222390053395
211020178351268.2 21.56020406987384 1448.1329309667913 0.34590160590796304 546.0191128694397 1.7496402852678175 0.00011136378656295124 0.002152108100186732
274801070411343.56 98.55038587168855 929.0456577397231 1.3150691554065972 796.331971856766 1.7789576465042876 0.0002466976524969905 0.0024578576270925215
28874530252064.434 81.6726672446952 20.322528993357224 1.5118222649266229 50.275650716580174 1.8464847151321016 0.0003217573796698252 0.0009739354548298166
270325178348037.94 97.78905586206427 1606.8456744025686 0.7684506910158202 415.27219536085073 1.7913765247087738 0.00022369960998246282 0.00854165046659198
66954655441016.29 52.04982926528543 93.98583906031473 1.7891850103787863 187.7864071171023 1.785329165109257 0.00048118840003636223 0.004936503666129223
55850434410641.16 99.5543393717523 194.47896224917645 0.6483349152373059 148.4620286749249 1.8011021380914607 0.0008838050354753302 0.0021555841669694074
60962091183619.06 53.410773838498805 131.5570009517744 1.7688125841371842 211.98126443235077 1.7708451362923086 0.00045541648529607524 0.004459597858684657
51309596465853.67 55.15446612773617 40.09477586396309 0.9736047488988104 107.40476678885094 1.8067679926076772 0.0007183657112539434 0.009901065885988389
383302628878201.06 89.67654762689288 475.72445980767543 1.4745321755460576 52.67818918120021 1.8114122477705972 0.0008913919482919422 0.006775878690227602
222516287006126.94 44.99627369801793 1530.1739202746526 0.5247764478592234 555.7075644452996 1.7469238230190942 0.0001265602761921941 0.0013377179730508088
493052962911101.4 30.35393843944061 1103.438728198644 1.198202394816402 210.25865079786718 1.8966621199084879 0.000248497515679338 0.005921293120471984
10275465697926.148 58.37674031043155 18.726916339291893 1.0690218556060518 20.9225893342543 1.8185412908872538 0.000429801282198681 0.0030946135086804133
35650367517611.625 61.47350506716843 131.5140642266663 0.6281678585932207 93.13620008205329 1.762329146174887 0.00019312715182355999 0.00023060535909830322
191019754047814.34 5.543491879978962 23.135826828683545 0.1025128833459541 55.351962704962276 1.8520170081463423 0.0003222917353154981 0.0047380437753956565
20549693619841.28 52.46976706081684 15.199494783283846 1.8458926424930304 34.564129110372456 1.8624452493273616 0.00014364395157441656 0.0001247589160473996
2028178043268558.0 89.17834869967055 2587.13406337718 1.6553383212595567 374.24252449345573 1.9238400723108167 0.00026979735746745516 0.007491360771366245
1354617368082559.2 48.82651176431653 585.3471913997278 1.8929079643051077 78.17614391193793 1.8236556541314557 0.0005671684682852369 0.008323689899188575
56896241718235.29 52.59220352419797 107.06722645770122 1.783495947768369 176.66255499260257 1.7926371487502986 0.00046408748809839484 0.00443431388789357
69968427768973.516 21.640877281141883 218.42248925746443 0.4679171852131889 82.10176937765327 1.8607220841102592 0.00011424421101669567 0.008858856198474784
25821953929443.773 27.554876421324213 1354.0262207896217 0.038269348508848555 26.93656917646399 1.8077249766427408 0.00042676961343998275 0.00982134163201833
851159000293167.9 49.70876783917866 439.2934230987377 1.8878001222409142 68.05348944665478 1.8205659528486948 0.0006531573670175638 0.009205572859443067
21772033633784.85 56.76167056984332 41.58228264634093 0.8250187361931646 42.18332816095769 1.853917349564617 0.00011061989996755311 0.006206250787461272
11788971543317.828 59.93095913474414 23.558562083624125 0.7826864088371414 19.203824184496547 1.8305994919460664 0.00010099501045502002 0.009828772727667877
478119454627005.6 78.11220320308456 1925.213403005033 1.0866524992436168 467.67327151172526 1.845763365629053 0.0001763920048734976 0.0011506935491259005
33341390181768.29 13.801532179684916 1210.6766287452879 -0.09868457278799425 45.63801729673739 1.8130869449534732 0.0003245853683014296 0.001432645869922621
211200331158464.66 46.212490926809046 1614.9964027383526 0.669454278873739 237.98621755994694 1.7886551930081682 0.0007993947400881566 0.009631874412504338
926296063641493.1 97.84259821289058 307.5989128786317 1.4203051851952255 20.70513056659828 1.8860410517732682 0.0002726354973167499 0.008114877466258429
262642092180042.8 45.761560029255094 535.7103717514748 1.9107022585518298 201.71991717069875 1.8699472764134488 0.0005491286303909853 0.0004308481456125944
91128874779072.77 6.7715026452443485 11.327184322802145 1.4063775984596432 116.28790550011813 1.815227100392051 0.00024452845306617365 0.0054913474382201725
128856592062074.58 60.25314417867598 104.3430076299142 1.1457863077335273 10.745244670175563 1.759134539196415 0.00011447904961424302 0.0026255063753626014
9.126605830493776e+16 97.73710224285205 659.0137562273729 1.757567298148608 16.983909894617447 1.816992548353689 0.0006716733177541271 0.004275834143624374
199402715984804.06 3.1686188791869405 2092.1981859931484 0.03224811564680197 366.4039722240108 1.842515822045124 0.00017813789552470109 0.00804940203740379
142918004141391.28 4.194915224549224 20.254405220272442 1.6169153461419463 221.41089157421635 1.8225387133467346 0.00025148237929399137 0.008316505014114685
661031140835004.6 14.435336664916534 2728.047357158164 0.7191654059864604 233.54513333026753 1.9070641791689356 0.00011338140873435581 0.008229350016455906
525137286161995.6 31.64596078533991 1339.3647300249088 1.1620559328289113 219.08051486719788 1.8547493019159869 0.0002328509499257449 0.005702436923966907
532830476747429.7 67.90005772097079 2823.545116079756 1.0055489305816034 367.792758219302 1.6969843879975972 0.00014254489215454816 0.008027344102528304
66271141191413.53 92.09766026993123 280.00352934102045 0.6855162328424523 171.13969263236737 1.7995264734089134 0.0007358364765795586 0.0014664205256615633
184919020251323.53 5.017858143748036 2043.178544327107 -0.09725993616272632 26.916433010808337 1.817319626790163 0.00013458996135545253 0.00914784514844158
421165505642413.06 27.919778240691556 1424.3327434482062 1.1379679527963154 695.3368650179766 1.9166078474689512 0.0002788905502136742 0.003371309325489554
524522815928849.1 32.8277233348207 2042.8116682356042 0.9729986211851628 667.9623149413325 1.8494863793410752 0.0008941889756707685 0.007401918609795115
14547170895296.352 85.29078617937898 14.135873554716726 1.649050193621475 30.57037339714272 1.829513905294749 0.0002793169256294107 0.0011137263368404494
288728017787540.5 51.00729349206217 1299.4052455499937 0.8171854933309326 546.876212067106 1.8082488062778481 0.00011239637432660895 0.0011590271591952628
18921062249091.03 85.8140401563171 10.393563780321891 1.413526418474409 30.327283222016256 1.860201149176588 0.0002514848326465274 0.0016509979292765856
21460191360350.934 64.1541306205806 67.80781754458748 0.710988765746487 26.00114073031264 1.8230827153461158 0.0006263512309590972 0.004990556065640089
113136133762898.3 94.34903616668625 261.38139534892684 1.4808477074099984 63.58336577466572 1.8291575757834984 0.0008504182260901537 0.0010749527889424813
12287835938596.666 30.76356597475627 65.79935229402093 -0.41972826061990176 15.128360740149112 1.8262271715623015 0.0002486412131800494 0.00915425634815722
24817273316040.227 28.52349458847102 1032.7474978451812 0.0069634206446000935 30.26278668816684 1.8069729706711597 0.0004564138718099655 0.009570756859303725
2149228182025963.2 45.57865965559498 561.7796017291421 1.9247178379203735 65.01153469374114 1.8127860208260849 0.0006353534359498261 0.008741184029660712
7038299356613183.0 94.784311036086 1362.5430132081492 1.2988581689837262 26.906925951241302 1.845836413870285 0.00021772304735949663 0.009629434106052874
18275886768078.266 56.17816888668178 11.736237653357977 1.083842673444034 31.838133009277673 1.812080489357908 0.0003538044170877122 0.00509689639731261
372291455323439.3 3.8620556460849933 1664.3289642298114 0.35212350846599083 1337.2633210827948 1.8859386445892166 0.00020097541680184585 0.0006605416825314894
484658180390353.9 30.42267123329258 1098.5960321124805 1.1871788357017183 211.68491427604616 1.887685772152465 0.0002510674987187054 0.005931937019923125
6.828178500431538e+16 97.12199507738825 646.4832730971145 1.7783844949785883 17.932957962423078 1.823857026930319 0.0006995959887645858 0.004282638138543359
302260939007925.0 63.26312074490392 1063.4562326946102 0.9865981667198005 101.37993418940927 1.7982622444918075 0.00033379891070541744 0.003420897554739421
129677396076108.05 88.29321519507266 268.6538045586605 1.4286672300646228 55.008010747907406 1.8333346723157748 0.0008233119764030299 0.001724539216276578
5895362528117544.0 0.4798691775907227 401.9534654657696 0.5730708728827657 165.1564141359711 1.8316846522865091 0.0005031581272917802 0.004444099359981878
26900023273341.156 59.23405091423942 61.49170936195675 0.8940111262684951 60.314806281723946 1.8442335145798823 0.00014859523815483595 0.006106653712330807
25951860434836.207 63.59134516701142 22.88046718244907 0.27009019868019946 58.86400503063227 1.7248698013181811 0.00012115810725404482 0.002320107549434013
381493883837295.94 89.68778594811995 475.4027341997506 1.474769563761033 52.6591348308714 1.8125388642090652 0.0008914735409514019 0.006775271604417815
42664424723867.31 62.77084601196432 23.579868755676088 1.1494025104609262 83.17701604531771 1.8163369052664116 0.0008135664472025546 0.009988684711068703
14939535520675.186 52.99451868350616 76.022093649315 -0.43901067082653134 23.048052808293978 1.8185436543146374 0.0004040103136427507 0.004773425205264835
38344761021830.72 76.6027389162226 44.4707524328507 -0.4456983826670866 59.8213008302058 1.7946846340662488 0.00021394508003002658 0.006839143244885846
528515253795151.44 67.44601813449435 2809.65724525636 1.0046041956675924 362.7659644429451 1.6937644879992058 0.00014159715546258078 0.008181757460361355
263845960369578.38 42.31036022263508 1369.5376657958045 0.7635686549758288 99.98094431005791 1.820030547725442 0.00011677718938432949 0.0021361454795865674
175255967921829.53 69.64418985732289 684.6798535417806 0.9908317286108992 88.52432348623344 1.8089014850395804 0.0009438869360289032 0.007242631381895123
172010848898997.03 4.879440241217729 2149.361252264949 -0.11769879518322901 28.139036928685325 1.822643461377416 0.00013765845583406044 0.00927605369415413
526014910207107.06 83.52207671946427 348.27273072396383 1.6313824985789407 35.833074667268015 1.805720036776078 0.0008939817398797853 0.005969885653242881
118207438583280.02 43.746955857604576 981.5530095703725 0.16945293203324963 318.63620772030146 1.7157904553505452 0.00011509076493064167 0.0006935571226991469
286863278435982.7 97.16097032830108 1629.8044615212955 0.808206533536884 430.5825158416232 1.7953983053929483 0.0002715284490744018 0.008452320706393818
108899833322051.81 30.35098684933427 449.15576238658963 0.5948059881449793 40.940760224770834 1.8195681818582592 0.00041113592668587205 0.008106761375703504
14320442985618.066 28.93601489962885 74.38261377122129 -0.43616488978768686 15.744791087097584 1.831254154297212 0.0002353409310178601 0.009468443604977048
10972611207696.17 50.19153740250047 30.080423052145786 0.32595577285356464 23.55720673526518 1.7785777686366997 0.00010682910993247984 0.009413712326674645
210817587035675.25 3.7460267753384002 734.1720300398537 0.3584371783519048 457.62974859793917 1.8552594487178782 0.00020397167412229472 0.005652702096406775
729044689436182.0 54.00754445906029 2920.8465953604496 0.9428492523434511 215.35144939249568 1.8426436608134442 0.00011990948208623368 0.002401859094094801
18560006046206.227 51.567576187542834 32.88689814173327 -0.29330119293225243 27.47176617920372 1.8133724011453671 0.0006685057442985617 0.004935739555982761
46809524157076.44 58.96481747186063 96.05304844872266 1.4826095046553502 147.37846670781568 1.7919430047091383 0.0005216965574609296 0.00436884271915049
692479373326278.0 30.86831589082796 2595.0556424140436 0.7554234676901941 79.62052040730995 1.8233685941837086 0.00010163142977369527 0.005652938086851031
1699452561280142.5 96.79906888576 305.48181232975617 1.250360855398968 12.62318745296128 1.8857989074512618 0.0002005996078794095 0.00938792062605685
84687983347529.77 80.09481091548498 287.84441959100116 1.1606093448123387 92.93826037121151 1.8468912568482 0.00010796552387343161 0.0019196973897624302
134399373941601.45 91.20235686612422 313.5573568749299 1.362617073361533 61.557017943677046 1.8142852479768692 0.0008158463251666267 0.001445427628419497
116148289440818.75 25.38749550121621 2377.325142753234 0.367583519849051 77.72764085512497 1.743769109818841 0.00053804811214824 0.005190473544372127
44189056689608.05 62.53253743369703 23.685963020320887 1.146754363728854 84.97450079834651 1.810279741401763 0.0008135543274509208 0.00995262401119304
162772439536941.06 2.3315472506467927 278.0226771714242 0.013615149183807546 384.3949645698414 1.7573065713749707 0.00036640822084339016 0.008439380358949103
16715880726704.045 87.26046259939842 12.514138814513789 -0.3353844072039429 36.66668963017811 1.7737056688714656 0.00019280432624422392 0.0061947370531070306
2323460690947633.5 98.23936321212392 2659.023116008499 0.8383202446259933 14.234316672472628 1.8079422445860287 0.00014149619358539559 0.00795890314981874
17347689907201.854 53.48539550893173 28.12118213655432 -0.030773878143873556 28.4043627520483 1.821799394062238 0.0005020669469198849 0.0039054168283007666
756345478105782.6 94.84562215816887 382.93053802220925 1.3342870661337174 17.152661712814428 1.7650791386829823 0.00010646802255110799 0.0028448884086232787
70699941241718.97 21.663345447337726 222.67663906674662 0.4664083191441958 82.50400661828577 1.8565284413490963 0.00011763144713996079 0.008819225628167686
26718559786606.38 93.18142100346773 18.234946945677436 0.875502645530204 58.052126397624306 1.7706537387590169 0.0006547366867358367 0.008507771859682914
166181569571131.5 61.7610405912818 670.9063620758308 0.9539174443963954 82.11880924720207 1.8063469133765775 0.0006518241054731245 0.007772816873804755
14510883360399.158 87.33868259438223 14.687064381805758 0.4645495793456945 29.721281856288282 1.8016232250274589 0.00017572578928913595 0.009359634709421905
15239848542693.604 82.38613020739268 40.31324207815408 1.793722175279561 39.8590219487232 1.832942495145406 0.00031593980934924376 0.0044648332611607775
1704251036766898.8 94.89861878955821 315.20033420768306 1.2556053612163613 13.438770846253945 1.8905282501924177 0.00019838542933263369 0.009209115354363098
16543596190626.94 31.84686731332551 17.112344195814504 1.3409568178572768 32.04064887160734 1.7798940806162702 0.00011662071134691231 0.0029407473335900094
41304988608420.1 77.46135717177995 50.51061951529267 0.22524113004114266 92.80597003504941 1.7421155315840937 0.0006834271420768538 0.00320584501521063
165981733123967.25 5.268167297464849 139.90737526295908 0.4121516809875134 188.5513830677692 1.8926766473440217 0.0007692682489451906 0.006109950263777373
250432528847354.56 99.8354444248426 233.31251625837152 1.4081040112297523 22.43856294160839 1.8054564966709243 0.00017166649853378178 0.0045156275990115334
101512408535070.84 10.007638156758102 21.59329908948895 1.494521251173077 177.81214925548184 1.842468760244536 0.00030712194877853674 0.007816693400213797
442735852006360.4 84.13056845191049 1145.2673480655944 1.0152912914708399 49.77559731955991 1.8145361686301957 0.0006507323162563044 0.008505610788849715
38474785633966.55 88.21215051128468 37.69193292524584 0.8715089310240203 83.95058307988145 1.7835875264022187 0.0004952749350798386 0.00775780799918597
1107762462905692.9 40.87144803523479 580.7555440184184 1.847273664988061 82.62221297495566 1.8057922617707705 0.0005850794178530308 0.00885117278424419
47097376869331.23 93.07596467420458 25.180791677127893 0.13280578920172426 113.29336799035771 1.708507049361117 0.0009826341551706663 0.0028189421719845347
831522095567277.6 33.940470896529604 2308.99993057269 0.9508666170349702 140.64304558297246 1.8398881411430403 0.0001150482690639565 0.006168294181381722
17249166239368.45 91.8913037342194 14.353966261746827 0.44703370442535173 30.59950813990324 1.838001138176971 0.00011689920859665677 0.00869133183458708
18761202723571.625 51.31031649872643 51.30434305226036 -0.20415553559430055 25.923374716954367 1.8242058721794838 0.000450678593737525 0.004910960533594877
94420302797743.8 66.04050769797166 86.34319559011361 1.122045516021168 10.431079725928758 1.7786408038221897 0.0001272029861874583 0.0034018975801553037
194239058985217.75 97.48175039508268 261.61417536820096 1.5515827778433267 43.1545170402821 1.8247516658569132 0.0009259362642289936 0.0008111989586484262
173844640246020.5 59.773774199031294 492.49092964790947 1.056894765634123 63.743439228338225 1.8169844114063374 0.0007074623699396793 0.007218831103675113
2628782087173628.5 21.936161667032135 259.78426252679736 1.0013456887968322 15.69065229940892 1.7513477065347998 0.00029920873335966236 0.009312107275445305
8.64692122132097e+16 96.8235593651601 598.5250452298274 1.826956004913717 17.611665556047704 1.820765398679969 0.0007431943132759467 0.0041437761225396885
401144753522954.5 89.6525718564964 445.1399307864172 1.4554617316108254 44.043102745618036 1.8210005501137607 0.0007310003511856289 0.0067525916986595266
24702435371348.543 39.21740326948051 67.5169280840764 0.892913865657817 30.532071043972138 1.8034906617202147 0.0001118577660127415 0.0015560429967468618
204618460558043.7 2.728309677516748 820.7741098063326 0.120107999797195 471.07509865465613 1.8524684493064216 0.00021977395408604241 0.008121574142888369
252984857563724.22 99.75283987176495 1614.4128058269368 0.7608800220428629 368.92851293017134 1.785240847691058 0.00022260799062993693 0.008636154672808316
201044977549438.4 13.424923897527254 2844.290205248964 0.3365967661093987 88.10234486011493 1.7726855092277927 0.0005806616825333715 0.003820657106626598
4.084737544415048e+16 39.75666765440556 2489.6633877599866 0.8435015042069214 12.15285205971182 1.7797338403101588 0.0001890117230022805 0.005436179237304401
2619449808451066.5 92.09012059141253 2477.716258067997 1.4537289007815741 128.24109884273074 1.8073906525974008 0.0007008941610158636 0.008609190189393667
3530802856612354.0 4.086980439967728 109.67627938676407 0.06305439953766756 11.596548529687437 1.7629307383790778 0.00021374395418459935 0.0015534012202029711
61156851001340.305 53.93789662708548 126.75595266983454 1.3479271706497467 31.67222818423849 1.7985120362919615 0.00010870316014954644 0.0007998053151452335
24979310175282.387 20.055840489923725 214.00153573693834 -0.11809584869651707 37.42962053616204 1.8038162611634159 0.000248794042903783 0.009468450848229157
2483767946233304.5 46.38106773872636 628.789474227657 1.9269522001209338 67.20067287586492 1.8051136959296887 0.0006790974091279842 0.009184523520611814
481607004893045.75 12.03887132485486 660.2811204801552 0.5611057023861215 62.95769020082681 1.8868154254461997 0.00010397464192217814 0.001277388464858499
17572131556488.842 63.60368987153713 63.276697258405044 0.4711984814520714 19.697771539298394 1.8347920788040455 0.00046532825172017713 0.0006489530574949852
25698498394901.457 85.01200142867154 15.219693681365245 1.5313159955958429 43.24385117953374 1.8528646757940055 0.00030252837509375845 0.00086984826696086
482809310809079.2 47.95442519962182 1920.523652064054 0.8788806501766953 136.87269732381927 1.8300064938414373 0.00011458826336265148 0.0028245220203659887
547926325197659.75 66.15085833093372 2993.811574420405 0.998564582991981 352.4657075391643 1.6839783414577594 0.0001321370792477459 0.008198926963713101
61885730916967.836 98.47480859297664 168.5363943742463 1.8194522560593045 161.64118339548378 1.8797174581313314 0.0006772874205813659 0.006022352290524853
34548895768891.86 79.05351593400952 45.31147007524991 1.7448770923624601 89.86575014939986 1.8058112229751846 0.0008647040707194107 0.005576194157963479
13678357950219.123 28.969696835410968 77.22646248131329 -0.43610387769941805 16.310597739631284 1.8334916179485716 0.00023083445863085591 0.009487971246768354
157425828381915.34 4.278562667140507 2612.6175802168664 -0.1584493681953998 23.283745081315264 1.807332126620198 0.00013288142977440473 0.009474822019050972
243050860681762.72 40.34146029175918 1952.908936036656 0.611650880905699 274.5551035878467 1.7965138867938821 0.0004450557252650548 0.008715891881723135
31584344530102.65 20.195527781629558 183.8485153278278 0.01152388564192211 41.87303305132117 1.795130511927749 0.0002524631673210102 0.00890697630958789
136812589656124.53 8.1771746348781 215.43772308297736 0.427104969594048 285.0205483946147 1.8401462234887058 0.0008328415436239916 0.005890115613381836
1109091584378331.6 45.479714248236576 478.6660969283418 1.9285801794065989 72.2047574956438 1.833264366627682 0.0007623400072105459 0.00959820775471069
25211318666420.316 86.89893767834286 13.269972740050124 0.9472566505558864 52.99300825211474 1.791677202791435 0.0009570190503350156 0.008597500091794828
164930429981047.25 40.06291172386688 670.3792019383621 0.91622150386242 227.3066165426295 1.8579892062204846 0.00016205719572571906 0.0003049839554793198
51894794707363.96 17.52268087407431 10.0708249512146 0.4903793417730209 89.55479397143833 1.8054810260546759 0.0002124966847876996 0.0012916896709197906
19859762595520.605 31.45721379738178 12.199569243440214 1.8298472474531917 29.476695625768503 1.8063363400824497 0.0008340087173030761 0.005036275006947237
8.64692122132097e+16 96.8235593651601 598.5250452298274 1.826956004913717 17.611665556047704 1.820765398679969 0.0007431943132759467 0.0041437761225396885
72978184196629.64 41.094286501245506 88.9418487394448 1.1852820036552447 23.29858861648861 1.838748281975371 0.0001415796250641586 0.001001548438395599
72655918163899.73 11.148609831217165 26.5058954703396 0.2206531853347412 105.69734746176995 1.8133291072162223 0.00017644680697577749 0.004614346604375475
355591769626701.2 17.088563114159168 879.1836085409956 0.5714662679485099 41.32023291914599 1.7910680179878051 0.0007738670179519685 0.001244422334085915
16626207628630.654 63.96873992142923 20.302151188089145 0.7914630046233069 34.09151648310313 1.8098283955032146 0.00029178142499985385 0.0036839293462525725
141842102844346.56 4.887584885481502 10.350708782674486 0.06262049124871405 112.20092359959787 1.8356395540799428 0.00030857438026346085 0.004833959210172909
1953770447753891.0 7.415765299598849 574.156411710295 0.8142493836976449 58.44926316362569 1.800116992377533 0.00010416743103039114 0.003450980682444973
319841362826811.75 7.471129834614548 1115.8011460365801 0.6486484886386095 500.0459024845721 1.984226078321249 0.00013520747183489197 0.0002086510340556973
89443317375893.92 36.076378444446476 152.58512293376967 1.0989132510832484 38.99477344197824 1.8543961468835168 0.000115791465468362 0.00025173245716968336
9064334774487920.0 42.91081115419368 94.67220039881826 1.9941633408365773 10.397239667872276 1.7415560722669245 0.00044266812586756784 0.005928198177708652
231714626006493.47 1.6708612155299782 1795.8974646224456 -0.009595020818570332 393.3324405642872 1.8425173647797661 0.00021361742213108547 0.008479027859798842
162151670753406.56 2.4577159762680085 349.6375454474596 0.013399519398846767 385.04259521364577 1.7483808436827335 0.00035976178557494526 0.008539884508293712
177979613611998.2 11.454419564849097 921.0823484193694 0.29336525195393703 77.35061413266696 1.8560182299920518 0.00019969087121923112 0.009531996393762208
57644582381926.99 98.10910627503254 13.152690371079167 0.49180949798706947 128.1756213132328 1.7103933717493707 0.0009327773470410557 0.0020678067848958035
173754112137934.06 4.738725765060138 13.218316246655958 0.0763618210884549 109.06352904788893 1.8427035365141802 0.0003104379603626658 0.004710875512222771
3578920419259608.5 4.022137681552463 106.71662349865272 0.05006337036893482 11.283954417764836 1.7622893074793906 0.00021617010983820622 0.001518003215277488
369798280008289.8 94.56815733434861 1801.4303385545743 0.9414038096910284 482.040190625927 1.8121544534015472 0.0006009203165021152 0.008403959514500004
516670324823964.25 55.994532568456435 1733.0422892025222 0.9874540808533034 168.84862140653382 1.8427704340951025 0.00012426759447081788 0.0022669118678166032
176963909505021.16 69.81742767010562 680.8959874551542 0.9883594947194452 89.51836226686203 1.808827304693583 0.0009756913293854007 0.007301523884521752
179662593167930.2 3.719483656569492 234.0866193624823 -0.3652468728229046 22.675754943225982 1.7811895701995422 0.00021794030303824317 0.001606316846662428
666535227064810.2 24.389763030857033 2871.2639422546044 0.8821331654813492 1445.8857025197958 1.7969571227696608 0.00010388011140015551 0.002602281617912327
198856712499674.4 4.448990918706045 992.2475536656154 0.2406123306221677 370.4003688389326 1.8472048471862081 0.00024831350302517604 0.006903798580231645
121230214674576.14 56.831799936875626 123.17749107594862 1.1749169589347839 17.197879257937398 1.8002692345746734 0.00010795832543297463 0.001934992240039782
161837643406131.03 20.128944624550293 660.1322853052758 0.744869276505275 283.43334841137533 1.8510789242940113 0.00012091394218535282 0.0003844932400292834
25861207897077.93 33.41216305915293 33.47270898521772 1.6130644081756373 51.63161407790178 1.8554387401715275 0.00015465327270626437 0.0004121351503476589
8506201271676688.0 88.98742481243494 2653.446994019205 1.455438475892324 63.92445413092317 1.793557047422349 0.0005066525353331277 0.008342492446363921
227051692670751.06 95.41335177642247 1101.9061060232152 0.9269817622507326 391.80915128136223 1.8095549183203063 0.0007222040832710355 0.006899249103096966
353327227558903.94 71.56055344533421 2575.033579701742 0.8624468778663252 258.1397906619404 1.6803931538958814 0.00017902814694816828 0.007901360753110324
237617286914325.06 48.48500043661914 710.5248814366357 1.7538730389915633 584.301914681473 1.9472816704958207 0.0004927447627038053 0.001665938197666112
1945756323234970.8 85.0996674046763 2219.336715709984 1.3941762920513503 128.7669342063791 1.8046241762017292 0.0005497589040249805 0.007993442685167617
6725735176468214.0 38.63271511991467 122.89383819790301 1.8648576698098538 12.866512286547309 1.7382435086283348 0.00039856566072809477 0.005405332327089222
78536825172025.34 99.44724908761353 343.5749392237688 0.7722582685358694 206.87881090917853 1.807800068368353 0.0008371317972423308 0.0015441073945639048
207600766594036.75 81.66282544486273 1205.6532779419556 0.6087366227379634 369.26822900357973 1.8129340636398175 0.000704907103732922 0.009192340995570644
331557583200056.3 15.922367100235816 886.0259396928327 0.5412543540030805 41.76976394272925 1.7893727012923384 0.0007880666147280407 0.001349722904560301
203671895541635.25 44.06016255226634 1704.960187020786 0.6310526976156574 265.1757652938092 1.7720851130243396 0.0007901589158175613 0.009468979178125989
867661531821086.0 37.16678423358859 2662.622380297978 0.7870816615879144 66.99207464659547 1.8263861037655698 0.00011513583072388592 0.006455459008383735
5487108443356589.0 36.923045651410035 125.08387355025607 1.8404767541280962 13.467672638731333 1.736849698188564 0.0004061588201810028 0.005718454379645864
165704356355197.88 80.14463977818438 940.9188684213168 0.7835323384431546 269.8275589538493 1.817548781729052 0.0005668892251683275 0.008060586598864194
121969259768050.36 7.757686707053145 284.33859901042007 0.6728463513188397 326.18623565507477 1.7966199278041293 0.0009245094716144354 0.0021002777244581074
76007103395773.48 17.39829968923415 298.174791731215 0.38919605705060667 92.99044923981054 1.835173671631207 0.00018591649272043517 0.009420722921739356
109416974753957.28 91.83543394552521 675.5702143587537 0.781802906676156 79.20831403883943 1.7869257316769658 0.0008005035150769496 0.009803352376622785
2449877479281139.0 93.08300422075074 2178.4193506938836 1.68573483970219 230.1717951702624 1.897217831726818 0.0002387450668888711 0.008046463729046001
37299430199562.59 96.13497377788592 143.54525945773548 1.0443231042968315 57.31572124864374 1.8302734571150114 0.00013578393120080798 0.0011960252887517732
22150399781417.453 39.10601524498248 13.155694695994873 1.961580661224724 39.10996521426077 1.8003515960110184 0.0009125326598135407 0.0042094312436045086
340214248091504.44 97.29495228273223 1842.6251919225172 0.8493903872138592 424.25543221972595 1.8208547900738534 0.0002466685345615976 0.009469068126315053
73241385307574.28 96.00463194488322 343.4867813483531 0.6595086441363918 191.51145217378306 1.7937666931222804 0.000806838279372583 0.0018635792682012617
531104020993781.6 83.38100351931838 343.906078909406 1.6953491751561613 40.79823284761265 1.807184316004548 0.0009009231557636696 0.006117403570673046
251606796904767.88 0.7482731389994157 12.630919092447595 0.05088175031982489 1282.0618102020528 1.7977403889451187 0.00045374897353250555 0.007546094313014191
142873418534383.2 31.84999966243351 328.36820742244964 1.2996391646537262 86.08991656048678 1.8020742619124426 0.0006797297966826511 0.0021754198406625054
3226623461900920.5 7.504435797135427 564.5597993607631 0.9217101854366102 56.36164034577572 1.7908937137275907 0.00010168361297587241 0.003919309455668045
8506201271676688.0 88.98742481243494 2653.446994019205 1.455438475892324 63.92445413092317 1.793557047422349 0.0005066525353331277 0.008342492446363921
35116692720616.926 11.79007577436715 1404.42014384693 -0.11617204848624554 48.79110104048833 1.809493685570105 0.0003064262436684596 0.0015452517152556217
44479788354421.23 84.61265241237678 12.819348513286242 1.2558631177789787 84.7260439928101 1.7905868736349022 0.0007150875535469198 0.0002268285889544053
4.084737544415048e+16 39.75666765440556 2489.6633877599866 0.8435015042069214 12.15285205971182 1.7797338403101588 0.0001890117230022805 0.005436179237304401
44565287798099.91 52.43629024854607 89.40621635255054 1.103885951212746 24.71812630376606 1.8402891717996899 0.0008005495675353748 0.007636918024503414
2812999886604071.5 21.250508902125574 237.73649186087346 0.9335943899251157 13.352423270696976 1.747505566959061 0.00030616786018186333 0.009658255471158094
1264069622305253.2 12.098522408172673 448.62142118371264 0.616719557678635 24.295166485422573 1.7619667047213161 0.0002531356197040655 0.00851794144583298
546425666407771.94 87.40143608607637 343.9166883868009 1.6159966900652192 37.51939520672191 1.8233691162736476 0.0009607334844871785 0.006170362304987336
217635168404732.72 83.88075283530554 2027.8852765047113 0.6811100581199258 274.89482483592695 1.6996795671569995 0.0002765417682619552 0.00849889170651083
428076322290619.6 4.1526556248807935 2083.18544669221 0.3775735080426914 1425.4177752906567 1.9077623415661809 0.00020292270822499148 0.0004367108299237121
191657636420046.94 5.659795434213493 2332.564059588535 -0.08800031326937574 29.08583171631745 1.8412760422876446 0.00014212997517052797 0.008904575454676735
333536399415971.44 12.160938330197318 633.0577188766549 0.49194357358899443 46.369799982361634 1.820638456230195 0.0001762431786754176 0.0002832673449194006
10366328197494.176 43.780566867772485 19.261410905620686 1.2522212114209632 22.945519881329382 1.782791058277279 0.00016942174351628297 0.004192486423945576
12043226895844.6 98.19266461222927 32.781446968273684 1.8416774487549556 32.02716449729387 1.8352710825017855 0.0009039223140395662 0.0014518122397170635
308312321088297.5 5.532084879847652 1456.620825873135 0.5237268208795088 1083.140370305195 1.802331292674291 0.0001975048348945504 0.00036699034040362476
27253461867382.105 39.61450156920898 15.139083125514963 1.8388643859036826 51.26038046633555 1.7938224448199898 0.000816824566216067 0.00425662633409249
9.036573896890637e+16 97.8621650668055 621.8310579977921 1.7859959142258672 17.393852437406792 1.828344220398316 0.0006827211552734017 0.004163997256606581
154569640641961.8 26.59588767045843 1018.528371240711 0.49324384820973566 368.30967893020033 1.7656681158481127 0.00014264351250965664 0.0022257019343314933
697782651653693.9 95.83106878882562 386.8202576870702 1.359960189360839 19.095112632987856 1.7720459902556294 0.00010911052172847499 0.0028740827525761663
191970681877237.97 10.261190730396393 351.31546636820684 0.42398863927042285 48.36496325649748 1.8272142133180225 0.00010066018584560139 0.0007613794678499259
20308609012388.84 31.719952989247787 11.964625422577422 1.7829088613354662 32.55287287195471 1.7920833451002627 0.0005911105556418564 0.005773530504174062
397399767755425.56 11.297593741112529 713.5881761775233 0.2908974077563612 36.017138932335236 1.8942922689693342 0.00010070783926300069 0.0002766070402475977
135427426614002.36 3.5911954462369735 260.23040859043465 -0.37076340501968263 30.83322903911346 1.776881120300665 0.00022960282029422198 0.0022680535380006825
57157809082914.48 39.10653668831754 72.01974444374619 1.179544271342665 23.91586829948324 1.8434190134025874 0.00014176617644859224 0.0008737317797305505
2549806085825611.0 96.61401256794785 2457.9918849915803 1.5249433235204646 166.06061456776868 1.834960367096878 0.000177841674010902 0.006556490362984295
12873756113425.902 83.3224155320212 28.891511328502656 1.8280992133268938 35.61382849709516 1.8230010281480582 0.0003619741459427915 0.002825005396812102
460439435371224.8 94.23593355527242 370.8947715180725 1.5198577997312877 33.749048804021086 1.801174080956864 0.0009545287298656441 0.006435440540488527
93816404084997.4 20.344549082968257 148.36294221240547 0.682326892718857 220.96267779136045 1.8111643146109935 0.0008929308692548142 0.002490441633077811
410156540751069.7 89.64752887908053 483.72165826908855 1.170053586278396 22.25467834904128 1.766622016535481 0.00010357999828439965 0.0024116949095083764
140836110948368.84 55.12585515911016 147.79257271724362 1.1576570117415639 22.27497134658315 1.8394850705513934 0.00011026735241920874 0.002550932085910426
270305016445002.56 99.11934636297178 241.95486590074486 1.4233344022226957 23.1701943839144 1.8058374712093008 0.00016659570724941746 0.004703643711803401
526014910207107.06 83.52207671946427 348.27273072396383 1.6313824985789407 35.833074667268015 1.805720036776078 0.0008939817398797853 0.005969885653242881
974782139151648.4 45.32685868029494 526.8706764080898 1.9049258879117785 84.01017521691844 1.8241744345739268 0.0006251377126762415 0.008626425124569959
19807165478271.37 97.28812804545298 12.487776286286781 -0.34960891611263656 37.45399010080215 1.7992066285214676 0.00017551794614469515 0.006025117688773872
87306720616877.22 78.46781678347367 301.12268555848635 1.1366532425911529 96.90817637079621 1.8446327469721646 0.00010853457138483937 0.0019785936451529396
28790513619300.746 60.87866111614644 19.19108122711554 0.43511870538693254 61.148275379278424 1.7559568314911802 0.00030411880763575176 0.002592490406054371
71356212130610.34 25.472477215136117 411.42941435081246 0.33200737296117355 40.34141218412309 1.8468019552371822 0.00016163280077426698 0.009656530587981053
26391427280254.69 91.17090066044597 14.176389363614676 1.0995930572560013 51.13483789845393 1.7984514452138662 0.0006723559097194431 0.0019743180237733306
319670056662174.2 99.34493947010557 1922.1830595388626 0.7803390935127217 505.4371715438857 1.7826580417244597 0.0002386852667329774 0.009417871205032562
94167718651613.98 35.92682561564531 362.92196251556913 0.966612497117152 174.9997006813647 1.8301220401302418 0.0003723265706636334 0.008620495671982375
353327227558903.94 71.56055344533421 2575.033579701742 0.8624468778663252 258.1397906619404 1.6803931538958814 0.00017902814694816828 0.007901360753110324
324714236036506.7 79.61119089401551 1382.7213230123418 1.1455461129696625 540.6058358207389 1.7914356475670363 0.0001552276994546336 0.000570866399505584
12317136923690.352 60.01425481304489 25.561834237112894 0.7923994846553174 19.820716817341655 1.8327001384341397 0.0001101924081832991 0.009674970535593165
3278779723001213.0 7.666958739373285 576.0136141129417 0.9205614587449367 55.987764885551094 1.7934825226500741 0.00010381883848078407 0.003904504923464047
37427031514204.91 27.482827156267632 129.1749796099479 0.3767401770845135 35.88050686996576 1.8192694849745354 0.00012035292963762529 0.009651813275158138
16633435812839.996 62.39561039752613 58.74503083306146 0.47435248247578155 18.24875338803362 1.8331748347431729 0.00044529230050961575 0.0005889748470599798
741676174842424.1 30.467069780936978 2824.865121077757 1.0617899125580461 1492.1694249572388 1.9101042907641734 0.00010421355560598582 0.005222143505394759
22150399781417.453 39.10601524498248 13.155694695994873 1.961580661224724 39.10996521426077 1.8003515960110184 0.0009125326598135407 0.0042094312436045086
117241741057553.28 45.54077645873802 1018.1504202026254 0.1539149078578924 314.7812849210936 1.7114306729923716 0.0001120515470788761 0.00044496545033879606
85032735396637.97 10.72542441390393 113.24650907392764 -0.1885186932908851 239.60195418533607 1.684217171518413 0.0002046740908472398 0.009453652112826063
528870066126126.9 47.67073229602239 2991.3024769545814 0.9067998050868233 334.78263429607495 1.715389996563463 0.0001442406603008664 0.006694771264245289
754305432171531.0 89.72095076889903 2287.956818657764 0.6628954999677671 11.677974803964547 1.8231679023823022 0.00010599148231731401 0.008761126655920153
199187641522455.9 87.86484957597801 426.96172899555154 1.3931998445547964 73.47059913529137 1.816218586489881 0.0008744789138487931 0.0012216931199915118
25495310222224.953 91.78999279008619 11.176127805977364 1.0882380779071106 47.976671217344254 1.805219573512101 0.0007412916301176542 0.0019890860465606756
125321185995014.64 6.479549144775676 18.44173963199393 0.07689895780364209 62.796390984081306 1.8283832532729196 0.0002865200638962557 0.0046432462245519154
227630294589559.84 91.27118790656043 822.6202559807335 1.4393073377782002 726.6184099076319 1.7706825720872397 0.00022828507469967705 0.003957832333249081
29436753602343.113 62.506729447209544 73.9635531347908 0.9413586792244897 67.67641025189027 1.843185690298103 0.00016508063617057142 0.006092996087299631
399911048360573.75 34.320455852920794 1917.6057627129003 0.847651524051849 346.96500657594993 1.8272689990652098 0.0007711916016883115 0.0050218863884873375
408730210640321.0 63.944753251189034 786.9589722145781 1.9205570527189586 266.21747392128003 1.8540663955672398 0.00010555496292109663 0.0033039577651202273
72090272692733.78 51.99950427134462 130.57876178554906 1.7205061836513198 214.21330733998448 1.7999489551028895 0.0005130412654655372 0.005202186281548345
35538437615393.63 84.96089584439676 95.09483480767697 1.3348772273118883 33.1328345182131 1.8287805255941625 0.00011567272878856312 0.001240381561590016
2606037046423490.0 89.74938076422166 2335.388565559548 1.5984632534882097 206.11625508495263 1.8533040777584884 0.00024343437494755087 0.007381179905939678
226977085950360.3 4.067000987449575 572.9491070047636 0.38532733560503574 414.2063289705937 1.88845347889461 0.00021281675383335598 0.006121406398887694
526892004599008.1 83.07412762500547 351.42026469651955 1.6824604444609674 40.99744606064065 1.8073763063136319 0.0008531487555762611 0.00601322020399851
308098325710570.5 93.72140540059176 1672.6881992483968 0.8793789850188505 206.53301503263734 1.8189167409768183 0.00043102900629655283 0.006988377933271362
169220994727447.2 70.38912083590309 699.971015850807 0.9104838858876716 252.58359262760214 1.8285548252231334 0.00020700394350189414 0.002138962315399123
35535425829130.35 22.11775801397266 140.85503844935513 0.21121912162236944 39.31930985315573 1.8117362928843215 0.0001240689650399652 0.009745695838130446
46875119219611.8 31.3124963282214 86.41509797589605 1.0688426536220825 35.2142773062939 1.8351363959150018 0.0001360413609278198 0.0013941037890318937
136087175459637.94 5.608522799492915 26.939673576614645 -0.00840283871785491 66.8548740949201 1.825845422285921 0.0002762780785912099 0.004411494788993466
166639667117129.62 35.34797185985885 895.3023459158579 0.5904243033826551 419.01964247259826 1.7696418593671477 0.0001108472038269058 0.001751899578401988
79758674273192.75 18.75641795936314 333.213807496194 0.43892096915767637 84.3861456455282 1.8189218962328082 0.00022173189858503732 0.008473864441659712
247487295550736.03 0.6848636469900597 18.112583885443502 0.014489825317078209 1293.4525452475866 1.8007722753777915 0.00043299528113184814 0.007250766003433743
356724129612273.2 87.88273355078198 438.8634943592121 1.4419015832450341 47.162562606008265 1.818119010070722 0.000985942844684643 0.007374287093827805
38129980348942.625 34.55448576635253 78.0753669884482 1.0359622323288762 31.591437668313816 1.8237330713386164 0.00015067430877006133 0.0015241485357043241
413032491257713.8 63.37310315804088 773.8066735601694 1.9299043914732619 253.02411713277954 1.8492294501978814 0.000106551581829558 0.0036184197370776666
1079921662736413.5 13.20388149324559 771.9596871495097 0.41459414562527996 16.848286660283193 1.7522102570246592 0.00025039278829727397 0.008365976542793897
952428900933663.1 34.0495549012885 2555.495407813639 0.9072502870782745 114.94421628305456 1.8365834295055987 0.00010281473412982917 0.0067067498785381065
191616079812602.22 16.896578563597764 929.6586721668293 0.40336938786333193 37.63543353852059 1.7923555838344947 0.0006029101841637081 0.0016834170837151967
12143246104798.7 60.04576152508117 28.087622687829217 -0.31155220493724217 14.157263761295717 1.8248908004241915 0.0006136886239272002 0.004939903944403143
139428685999908.28 21.527231350899985 931.3852607101162 0.47985948269427525 360.0489675735428 1.7589185599516555 0.00011945039798933568 0.0017017605680737058
43453129613502.89 88.43006805156294 14.54182297409496 0.2580250517700212 98.04343945547234 1.7139011109588054 0.000778262570997346 0.0035591915780754727
28790702697489.016 88.22202438749717 26.73762165322101 -0.3950983599993916 52.24870555888053 1.8043542921207212 0.000192039424825709 0.004960490492760178
317905874776640.4 99.00022491603 246.08748458026736 1.3986630347447946 20.571720281904497 1.8098717443937722 0.00013338441302039456 0.005612457827968059
122492317622556.92 59.71695008618904 84.91665199617334 1.1782363672305762 10.455536752706264 1.780154289797666 0.00011431586106818566 0.0026973104431104542
841288379723122.6 87.46783263139753 791.3135174811914 1.399822899721411 52.50705805471209 1.822369693591059 0.0007445529240795132 0.006520446830220902
38599036522004.414 96.47788110199716 15.499605845781499 0.5719547732901112 84.24825254318337 1.758396937377519 0.0007308311141282184 0.0045753121700809985
81159720845099.48 11.024698656957412 12.457637794575083 1.4721419702465128 133.48663039418005 1.8247811398282259 0.00035786651623611536 0.0059921466530767015
2388711498971595.5 45.676716960246914 653.1398029368747 1.9438057286292083 73.98449909767162 1.8068610199444437 0.0005901175931421013 0.008662242658825087
282972159176724.9 1.3148098166979665 245.56935285368587 0.5359817111792187 502.3080076020419 1.8953807670672924 0.00026842662937409325 0.005662868654689549
219994344962828.78 3.7515884222444633 222.2490559687544 -0.33621219122540547 21.668591550340032 1.7796959890662443 0.00021775995199097513 0.001586132238907214
699426958395518.5 32.71294026767485 2871.654728630237 0.6832502086067858 72.56964962340417 1.854968319382238 0.00010920332301556715 0.005804658615644012
92329041225158.97 43.02105171043538 490.57246049168066 0.8672289911078835 146.37768627572117 1.7833456593904558 0.0006771725020292792 0.009555840725717635
16381450343089.81 89.64210686073321 11.306497041811957 1.4036894288514006 27.722533480969332 1.8546842602562017 0.00024560088061732977 0.0016855475109912583
197861634036778.44 11.429692206793128 425.5526756812988 0.4093860569418446 53.30560935295962 1.837062761723352 0.00010168932413105284 0.001874444681775969
2725452292404527.0 23.825953162423563 262.2370251250677 1.0462908165580154 14.834412290810558 1.736261816419788 0.00031649537744555216 0.009274923184039533
14774228315788.137 90.01007040592108 10.073091889346198 -0.40905948885892407 33.625065540000264 1.7707846827368197 0.00017953814356715884 0.006078469817172591
201693980965479.9 91.15931843089352 436.66919612300575 1.4128853654761824 77.24951798043368 1.8153488114526135 0.0009944006703920367 0.0010241909396273008
129505650945525.95 60.24331074649132 104.36781997961157 1.1454700344618374 10.760604445960753 1.75845474275384 0.00011456783193590321 0.0026273178370747182
195308381634771.53 28.516821953494347 814.3958141799191 0.54381563877244 45.33039021843455 1.8654751078266822 0.0001480530014309275 0.009718926494272861
2679722345484466.5 93.87460243616975 1556.0664421446565 1.5239506295571696 84.52261462637208 1.8261585434835044 0.00038476996272118893 0.0068109059601798305
101580210503071.22 94.1600540159432 632.3094602785303 0.7918128855725874 74.48379024207695 1.776065053202761 0.000862876648042176 0.009900899362107083
43973728237396.55 20.51692340332711 16.209475273599168 -0.03550627567238829 74.28057188949249 1.7887814424824988 0.00020089338312999686 0.003807086282534373
116331269867278.64 6.205335113657526 191.1159251364333 -0.18421701523227263 301.7051918059601 1.69863314551593 0.0001958168060652208 0.0096014152982546
224527766286839.4 93.00568080720807 250.14580297948217 1.3214621392126014 24.1707929122893 1.8128822474307675 0.00017308268249011642 0.00469403558869017
96149900564713.36 35.90772319116029 356.43299339713116 0.9564228874808539 179.1417368706156 1.8317376264145695 0.00037133273364949764 0.008550697544154072
173753241371232.66 64.41788309331979 695.5879897520166 0.9401156338136444 80.64901513189159 1.812117398182918 0.0006941734075704609 0.00701851912784862
460414910580952.9 96.52964677039468 2702.7481026079986 0.842627409936636 268.3209627546105 1.8155782710183768 0.0004958383612049527 0.0074323963801042016
310312701845024.94 99.316359515029 1876.1796727303083 0.7769418236048685 498.29429779459593 1.7858403840033592 0.00024018511785547738 0.009406435799493545
49731571620271.93 94.76308483893423 23.160994269765023 0.14023264203291674 114.05452888842207 1.7130728150969825 0.0009897669466273956 0.0032565282516418327
120773232409944.38 57.864837122365216 341.29121947461493 1.800537299418195 368.92028158375996 1.8610379276246252 0.000127264368198084 0.008073915783367198
706899614943570.9 54.55066813338309 2681.1652428354855 0.9476844677751167 259.2571431118537 1.8681810082324917 0.00012214266065999123 0.001850083301764094
470715449351843.06 87.12708435272927 576.5868854790139 1.3098578832018009 43.46727946618703 1.8158613249956685 0.0007378490444192506 0.007448965504365305
226455102019166.22 2.127388132716036 1223.0152780613907 0.003031351126094123 344.7772609417681 1.841447424018454 0.0002200251747953812 0.00814077883095619
424451960875822.8 8.685137042811117 2536.103512795479 0.5277818025910361 904.9683418008198 1.8346644521359519 0.00012290166356890845 0.0037677387411542106
205912895842593.12 60.82290312644289 567.2922411834543 1.8304562317304724 243.3268239484118 1.837062025196479 0.00012381696416916409 0.003955089788585707
43764173110275.82 16.52632082838588 1274.3532163645502 0.030539208703770304 35.37693382799911 1.8103382145866944 0.000300334937900815 0.00880471586325117
20066650119428.73 50.24838096431888 56.342142790821036 -0.40339082517318503 26.436509136732532 1.8292471985059815 0.0005012451418387949 0.0052282892123958055
105224994907524.77 12.015020550679552 137.68809810915957 0.03270470272747317 295.55930588425247 1.687887546816069 0.00025155829745803274 0.009365826195777216
2703167669602711.5 19.24625000787757 257.22224426523854 0.955963064074502 14.860584277074775 1.7488443882696831 0.0003269499863622127 0.00919006806544485
176635625203848.0 31.573008494117417 690.9242258314325 0.8917328649129599 296.88250674663055 1.866723702702587 0.00012174339858613151 0.0011753229316281977
81943618272928.52 17.475382783530193 347.82353613686166 0.4098443811833557 83.22944569505044 1.8175747642825861 0.00021459054706470407 0.00856801179031162
21467128425712.766 54.314894876452016 50.10392530913159 -0.42781524372506485 31.220556091137798 1.8148188026110077 0.0005481858552429296 0.00512118973722544
12784863998502.486 56.402243754661036 16.36647604050381 -0.326322648999075 18.225949720740772 1.8045188461032593 0.0005107249728369476 0.004428356867113464
30087827729066.523 93.1150985568672 10.52522230038796 1.1209641860223534 59.19394020895577 1.780763249434134 0.000943763217824502 0.0017845587186104618
1945756323234970.8 85.0996674046763 2219.336715709984 1.3941762920513503 128.7669342063791 1.8046241762017292 0.0005497589040249805 0.007993442685167617
20231222792560.234 41.6405717160477 12.015021377299004 0.8710173111802968 38.59350206128447 1.7792587625107315 0.0008845983289712359 0.0035404743304127935
210713487302391.25 70.74202708476683 923.794878059993 0.9018376844038501 298.0030398159059 1.8288012367863224 0.00021026742607507397 0.0017274362433853294
7190473698916146.0 0.3777672273252084 437.160686670527 0.6308775315068671 187.64433752316344 1.8352889937916128 0.0005188207502216577 0.0048528588920373275
10695148358520.225 68.46468251002813 28.598114434212828 0.3257340477078276 14.382216292712672 1.837487543386526 0.00018874256597912806 0.003174285018813416
14767779762402.822 63.96595916586715 21.240215797299594 0.8053732612588529 33.7243665052745 1.8033319217080475 0.000293907345515818 0.003557762480446778
244694226291324.0 0.6872835360903764 18.14755474214106 0.013916559460907418 1306.4259633166869 1.8014093567924263 0.0004333364085774126 0.007263930153211898
2.648263498540518e+16 35.882592737645524 1517.5162803413953 0.8997699699609544 13.272201029516973 1.7758356992275963 0.00019956322234750403 0.005229817070820413
112002912719027.19 8.81459185793068 239.99554597465402 0.6780612894815865 282.44474333038215 1.7998021133548798 0.0008414838416691716 0.002085216442098562
28811579652170.617 11.334243878834034 1473.1632206416007 -0.18858625148790886 47.923476111134875 1.8218473032900468 0.00033695699121296166 0.0008796494564892073
11600058731358.207 58.48701025839367 38.148325181286474 0.11904442191196024 14.58654684021732 1.8286091860308344 0.00028778438847611176 0.005470781168815734
328099179822318.25 12.403207897498572 589.6618297123023 0.48072058241573756 42.94830686407947 1.818187277663548 0.0001742629753679601 0.00021581096521535863
215748263638742.28 39.464020922975934 509.5734270436905 1.7409624738114493 195.38101864727415 1.8404193797311776 0.00014363989810694015 0.0031817938640482015
148065488606171.16 3.5929477224371307 248.80623950805045 -0.36341235232613095 28.980587608995204 1.7750797855905545 0.0002292637170887934 0.0021709295498428304
54321134355406.21 55.11246651573729 75.57377676152628 1.4091588479135593 142.5237845639345 1.7972031621944389 0.00048392016780181583 0.004411883256510999
219197779353423.66 47.116621068581416 641.1459354912065 1.9059384944782416 636.1992142771402 1.9348904833905975 0.0006334237676543019 0.0019646944171413635
40129384765822.86 93.2727863693363 12.855531047878028 1.2633540578929237 76.96993520172393 1.7928637012748723 0.0007190623664519354 0.0017840388379291895
225460840123702.72 95.4361440041572 1104.6701155232481 0.9292065181759113 391.67535505252056 1.8071634825784533 0.000721777664630548 0.006901505052714073
51689219209861.33 54.99611817274948 40.07105936517156 0.9741365622011129 107.3835045932511 1.8067287589301133 0.0007153562311213754 0.009887986707018286
384186344116990.25 94.16818912163802 1425.5076704959688 1.1069990670705279 943.3049942032898 1.8825106598447627 0.00031802684062430406 0.008440517130264148
121802949834057.66 59.87065209296353 84.20001684560513 1.178052502021444 10.528558797630007 1.7801468181030147 0.00011530436683741691 0.0026896652403927356
1196849434220091.2 43.062917644711696 888.9704424044047 1.7446508258096463 124.31531680672337 1.8059566966053093 0.00012907908422593066 0.00370049172687885
2846757111557512.0 4.315587929930887 95.31939914290028 0.05954285406035065 11.997556092997245 1.7652354742718903 0.00022075749748101832 0.0017323711820518015
1925146865516535.0 7.27321391107393 572.0487464232867 0.7996324716391462 57.90678249604064 1.7989110120308356 0.00010511240399602174 0.003400788828386971
353327227558903.94 71.56055344533421 2575.033579701742 0.8624468778663252 258.1397906619404 1.6803931538958814 0.00017902814694816828 0.007901360753110324
28185489177393.953 31.866204124671647 61.69737327355382 0.8536515666361328 23.946753228092707 1.7919081948112043 0.0003323867829637615 0.003782331436278927
190546978997372.72 18.001548648956874 715.6455768415154 0.7728201611978259 262.7190248664427 1.8783494345014515 0.00012454565862340703 0.0016621449386462778
104862637886018.25 77.34086355979477 299.877665454277 1.7731001970062832 305.9604629672366 1.8757188709173562 0.00014946114177061127 0.009592537151737456
118893050858576.66 7.572342445993565 201.61864235596383 0.38649844477838446 212.5761471390341 1.8390085920181007 0.0008741965778715599 0.005790857630800197
56546899341383.91 92.53409729965753 289.32589481232594 0.5465302568996813 145.7518951320461 1.7791661167868003 0.0006329043485077708 0.0012590697288500019
20162079873059.56 55.57714014699995 15.83563334155442 1.7507711432654134 34.44307463180993 1.8618016689678591 0.00013799718885888524 0.001035866194448189
9042308583488798.0 42.92163827147558 94.68847508808517 1.9935177298813742 10.405225879341938 1.740885961965736 0.0004425707917497673 0.005927889920519984
80394516814354.02 98.99477733405305 341.1603931563981 0.777934740269757 208.67867656213662 1.8090026071550642 0.0008743806649261141 0.0016193690070486926
495342998924995.56 93.29079494269618 404.78829544754933 1.4627609103712274 32.144246757552665 1.7939978991418557 0.0008671637786354479 0.0064437445435970315
11569495299389.67 36.33249312160716 16.200589879430325 1.5033924353480559 20.821328915778256 1.7843423784155712 0.00011707172539077924 0.002842417614874244
624583580483252.8 31.472021605130113 2289.3004384088576 0.7616107880277073 79.28798392830346 1.8198419309230767 0.00010443833225023071 0.005611022980147167
268943054179157.88 44.737584756055846 521.1253149636187 1.9309580494657994 198.88602522646903 1.8726060909204172 0.0005471522732997247 0.0002560703269196725
447593639939635.8 15.384116004106074 758.8501494338989 0.5864620801837865 39.33090826189723 1.79499630588021 0.0007611080183181871 0.001275381330688761
6258084646989683.0 44.79832982235664 185.11232191802512 1.6630936387260542 12.766555633292404 1.7325837076332942 0.00033690803938603753 0.005773110650323257
26937245205952.957 70.26413441226893 13.648264525270875 0.5461095544447244 54.81549495563507 1.764651876902758 0.0003234999563963144 0.002257261190301527
604476129839518.6 23.486490625634644 1131.189662734233 1.6401039016709054 359.2937134115311 1.9291110763245616 0.0001205735674194402 0.006436396980707672
207863757553422.28 81.68311122157246 1207.8785442567541 0.6083570303633935 369.7292319588444 1.8129484474171076 0.0007054718544032899 0.009194934140298306
49803163077838.14 33.880527076280934 24.29359802484542 -0.20663838447804128 100.59222053718567 1.7784645803971535 0.0002299449046787677 0.004101812225357613
157397554754508.56 96.14559587156722 334.1763214062593 1.4936408929561673 76.47425341016363 1.8314101036100423 0.000918326201990494 0.0006921473545276708
22016035407929.66 30.21384458462272 14.22147376779401 1.7549278476381445 33.27423828814226 1.8081421002798819 0.0008339463381153014 0.0050818779853285725
333206644118360.0 17.40142467928445 562.0193300009649 0.5417491451975671 42.85387129567757 1.8763891100084928 0.00011683509747084723 0.00016610369979757668
97254490198716.56 41.84580621420216 519.1812988644023 0.8552573477100982 164.61035344298264 1.7851674719175592 0.0006516224924474815 0.009128227042950902
79285797570835.69 99.20223411744604 337.70075143319536 0.7668520850120797 209.94930918280704 1.807887417173392 0.0008409510707867682 0.001557178645148578
6028233023195181.0 38.438119138473475 120.67259563743747 1.8600290837077327 13.202366883346366 1.746755013853158 0.000406252968594861 0.005721728961638834
7286933954941188.0 87.52779249867213 2937.705999303918 1.4698479585243707 90.79401248803194 1.8117455032287557 0.0005351216186484728 0.00773185872525412
437743674295987.3 9.797373960138433 2239.6139735729594 0.5081050118656425 1158.8452384356165 1.8968013387780753 0.00012895138503201976 0.004690785491131735
16381450343089.81 89.64210686073321 11.306497041811957 1.4036894288514006 27.722533480969332 1.8546842602562017 0.00024560088061732977 0.0016855475109912583
468902466812293.94 93.42093660684031 391.19217046696104 1.4917604509747657 33.27224762204199 1.7910603983871987 0.0009518352560355014 0.006074085005005013
212958778464595.3 4.384711186255245 703.045728420467 0.3850343563083867 448.2564884343186 1.8548869425441878 0.0002057515814056538 0.005693882485609389
476650698741778.06 26.91641479789221 1058.93181402511 1.326901990836166 234.83690247457366 1.84684516154168 0.0002118024532676402 0.005651315847341227
170785599823341.47 3.1219234333052404 31.159650276582255 1.322458437462241 349.09375920961884 1.8151331338734087 0.00023975558056919057 0.008093323758121416
17598193423896.28 36.058635361601205 35.4335244931894 1.2895025316531543 28.98447767658965 1.7952447761953765 0.00016186755936461152 0.004480571011271663
151599889188003.34 93.9474429300956 318.3474531538422 1.4882954804249284 69.21911111877468 1.824845848505595 0.0008639923146245387 0.001036890864584378
96801034933674.89 37.021774740990764 272.859627978425 0.7640220938530564 44.542412808357255 1.84531253685104 0.0005029239054136171 0.007981651926805933
40478038261990.45 80.5900712252613 18.06831308146961 0.7528585917238804 83.58053373301902 1.776372122174532 0.000769180096279613 0.004940454859027764
8.974985707026982e+16 97.79839236853833 661.8396098703812 1.7576258520123693 16.765919927201992 1.8139033677178953 0.0006750552708041107 0.004272973123088703
103163160964268.33 75.17683919237962 344.9709160664636 1.704899877727911 336.98582702965615 1.8228284298904107 0.00015807562106165372 0.009723607606160237
117426262520497.66 8.18142744726525 191.9671427117882 -0.22714788341608627 301.2253811961912 1.7005138547525591 0.00019836509540054227 0.009573011684163107
1929574726030953.8 7.380263370879106 574.9691147304561 0.8127305447281932 58.16371092427364 1.7985665665289097 0.00010397958794886451 0.0034487615234276674
154550646868695.88 5.114310149402474 1952.5356321341594 -0.11151543520955132 30.991899345977053 1.8280248220114241 0.00014137323076868173 0.00912264774253891
341427331267299.8 11.753764576873623 661.7930921933227 0.4815503332210839 47.957446247929866 1.8203296602273593 0.0001785506953859083 0.00028165867654676713
168070845845147.62 36.27290862216954 1006.213330991875 0.5243960564122786 459.01854954404945 1.7490374751098754 0.0001037082819611411 0.0018683234059086872
116458009399884.06 97.42957010531937 200.56301741234168 1.4723354142659222 35.36652717726779 1.8008274979544947 0.0009773164966206385 0.0005607907030739882
59092874712218.49 98.48178750539807 155.03122246860946 1.76827647724035 159.21526428996128 1.8916160745856527 0.0006797691236770424 0.005917984187812714
2773117987243644.0 21.08238193879763 245.843531029505 0.9506253138711732 14.068907630393154 1.7511507074137933 0.00031524121718306565 0.009712565105330428
82426029243103.58 77.64028845625435 531.0401166482635 0.7306490881107881 49.30583545585644 1.7672590980071843 0.0006138611736984561 0.009988782836064932
99784810602669.52 10.714517486301816 129.68225458599335 0.023250800741535516 269.02172762724643 1.701134407096855 0.00021854312089267038 0.008674843998441832
37877979126795.92 61.8900243155476 126.21926193704499 0.6597645153130182 101.59834379347882 1.7614650045494362 0.00017888778133213478 0.0003451553450107177
28228581168789.797 20.487812341876435 644.0463846980476 -0.03511852597998222 33.51040322853741 1.8147954685641892 0.00030595891003530785 0.009150421326118882
150016629162739.5 3.2631541264252206 261.7671862240018 0.04326852893402311 349.73093489206735 1.7518829409418974 0.00034182939120690247 0.008048266337513578
25458769330276.58 37.468194551566725 69.89235985014008 0.9019150139489579 31.31199948969342 1.8015099839742605 0.0001083081053509122 0.0016664119169512224
149907515863460.94 98.49597224664993 302.7912601736916 1.4926942837653967 64.172341792654 1.8229733885353163 0.0009705457040254178 0.000823074848918047
153343160957087.34 35.16235276217469 656.2224523376625 0.860375376378729 179.64814586163934 1.8267346087375234 0.00039992015056794343 0.007301097529469328
30507398571950.754 57.23151260687209 16.175780869774286 0.3975171492655558 62.87620120099921 1.758218806246599 0.00037571779048426644 0.0012597761212248394
1987777448522604.0 46.63030415269828 571.6666152259063 1.9084511594341402 67.17030966256013 1.8141932947393429 0.0006097670545039892 0.008692077272169436
195811395925514.16 86.76607681734023 230.85685137890053 1.2917087345473264 23.04622744991561 1.8086586671093505 0.00013498259153361207 0.004944654440996314
113305825370270.72 5.467752142749976 125.22390536534071 -0.1479886328633888 316.0163265712694 1.691389642449181 0.00024251989106621237 0.0096526336675402
236142744934849.62 14.76578565769615 972.3062695830187 0.47360149813526065 71.34438691692806 1.8409398460995345 0.00022397842310435424 0.00961972560424199
1475522636891400.0 89.01862050319752 1722.724246990427 1.69402791497991 268.1698365503923 1.9039017257726372 0.0005018524117935832 0.005848767263934401
119847325719995.22 43.92370470798618 974.8991681704372 0.16441251971911774 317.3838968586059 1.7186130063448621 0.00011511136907057352 0.0006749608271841116
28730941431703.816 58.49067573642365 66.75629409128732 0.9232178961789573 27.55039097870885 1.8535181850894675 0.00010343406860504249 0.007881981025702027
40835222611144.25 80.22366173660207 90.72440327394534 1.78814964813993 133.30119129664797 1.7977648255629357 0.000875661231115508 0.005288680984063225
12012662213278.398 63.24585904081024 29.766590771116405 -0.2344229087149936 14.199137860919613 1.8411291666771157 0.0006956999051163531 0.004179654655113469
62879583637187.87 23.5771550181568 185.42146026316473 0.43928568154478387 77.96298582102388 1.8613281356308562 0.0001220725600493219 0.008685943440084932
7825041076579697.0 0.2731813956731486 418.9823297369785 0.6506689535804899 195.0277750954552 1.83357020022757 0.0005378749053641126 0.004708910684917404
230929670792922.97 94.24557969761415 1079.082454342631 0.9544025530833797 358.14366918688677 1.8269019763466852 0.0005965082019691689 0.0072154620727556025
10495749304873.58 36.754363623100254 14.856130994612661 1.4883545744286402 20.028733802730013 1.7843689444780826 0.00011659183541134525 0.0028678102990612143
143498489014062.8 5.091220631669412 10.481918104756149 0.06362416187574954 111.5788043600202 1.8464489249064284 0.0003123061037788905 0.004844841887143813
144514389053157.47 31.82443077349425 1006.5143000365808 0.48785540229161706 370.8422682961113 1.7439309848963715 0.00011832613239142462 0.0021290153629501306
38556741512073.35 31.10173493166496 86.94814780998355 1.114658997260014 41.3976694698074 1.817432118468678 0.000145586589788161 0.0009614449992948627
80332964989410.17 97.58627639091051 346.8132983258169 0.7701711369933177 212.53430859797703 1.8127125474989794 0.0008548763968174212 0.0016877246057262658
39482669247381.586 86.99717452974741 12.470761207079864 1.156162887339835 74.34992593587775 1.786980058097274 0.0009262697246073511 0.0013710788219111446
20861521245424.33 91.91833868016579 15.555822229492955 1.1073933046643814 44.386972795404525 1.7853645474414974 0.0005544459659836602 0.007245956721330578
14058194612608.922 62.02341591206997 10.8276406269733 1.1166124448396522 25.951459534973395 1.8157109158847864 0.00038371516282396814 0.004927290488866308
5.496612159786516e+16 41.22590893196217 2855.4877617389975 0.8512040046850763 12.192924475550207 1.7819754087611475 0.0001863267351322592 0.0057476994526334604
2673203744481213.5 46.94275403422278 619.3587820482304 1.9456127036166386 66.11130304777274 1.8054441413766902 0.0007262365610842974 0.009369990930567866
38556741512073.35 31.10173493166496 86.94814780998355 1.114658997260014 41.3976694698074 1.817432118468678 0.000145586589788161 0.0009614449992948627
328099179822318.25 12.403207897498572 589.6618297123023 0.48072058241573756 42.94830686407947 1.818187277663548 0.0001742629753679601 0.00021581096521535863
600684054631984.4 31.41564298009918 2226.960547465497 0.7580593809302342 77.79838604600283 1.8133085707221612 0.00010846286113801747 0.005715820473818876
62865872224814.73 64.42884073236635 300.73582834636244 0.5080870023012911 148.5364566385401 1.7342411119050045 0.00019078985294996372 0.00028155543214420254
266927392012527.03 3.5203809384973583 939.6645717090548 0.3520256990709161 629.9399237480869 1.9113952825867633 0.0001659506924057405 0.006217141317352506
198291009852570.7 70.59416485248512 480.4121875102021 1.1227611970141498 51.93223671525687 1.8152622220660408 0.000663478883748441 0.007164979890802536
193350215299168.66 2.1325282967697845 29.57975775497789 1.5906951513423078 483.28031575064097 1.8228752431646587 0.0002117596699643434 0.008160771981065875
22295120462974.074 79.6525753737575 14.372829265049319 0.7686787130982384 50.65149333671551 1.7678732773929755 0.000724727332858102 0.009386941750798964
12092678057334.557 11.549586869269493 1280.5942519245314 -0.3212014116430081 38.50316264538487 1.7943888265115022 0.0003333831606022475 0.0012873891181236514
42876018630128.41 38.748237206285154 78.78937193110606 0.7577707081923477 17.982472676439084 1.813924772311566 0.0005610404203298121 0.003926231297054595
209597369354360.53 34.4255946450843 1125.2690699474103 0.7205337298476922 89.33799481829703 1.8007196843331166 0.00010799877643734959 0.004383977385237261
468902466812293.94 93.42093660684031 391.19217046696104 1.4917604509747657 33.27224762204199 1.7910603983871987 0.0009518352560355014 0.006074085005005013
92375979351035.8 92.49439505157643 306.1994933387874 1.7990035527195458 300.03862926634616 1.8480699030691328 0.0006686929962793419 0.00489925335653006
1490694924874439.2 49.159518947831884 555.0995444912497 1.948631808736017 74.6584616869015 1.8280722760170314 0.0005823838676528899 0.008554483142065073
688640125065772.4 19.107863085529775 2418.3886968449606 1.0119466205190069 1276.8486788702023 1.9410375468109837 0.0002691659224257158 0.007011288240337749
16142860438822.9 90.95197174148366 41.67488836031357 1.8024183334858548 30.497135225705737 1.8372514584326332 0.0006485476344030836 0.0005936191797184754
202890401539524.84 43.438971182896154 1718.8696301881312 0.6233827486402477 262.6429212027408 1.7712308423199148 0.0007684465196975458 0.00940999014867649
21066799838651.58 51.47015125151199 16.051456427722623 1.8518006035451846 33.94813252013719 1.862936530007361 0.0001415893995099013 0.00022095482206513188
474122522798818.9 5.22232613816951 2739.0893526046193 0.40169625168270884 1073.6155094406004 1.9205117776019345 0.0001105108696285554 0.0036049295296547964
370359914447370.3 70.22705934227368 2500.6547862194298 0.8742200078801987 286.6912292205358 1.6975683079615105 0.00018554950429130188 0.0076316417964290215
238317636104465.25 6.915835529958912 978.3626161686485 0.7054001328248278 696.0723621761581 1.8341365314501408 0.00018129400611746862 4.689052280880922e-05
17100866947199.797 86.99189860494957 10.151736169469178 1.3796414837575735 29.946522009506612 1.8514449658630074 0.00024565493456670597 0.0019319349948589276
90311381484076.84 12.067815049540215 10.883176647218583 1.5267661469734948 148.99943144334952 1.8347176136002994 0.0003618221792680792 0.005984283676179045
7655698696968566.0 0.34436222031870756 459.8007746115671 0.623949940181928 185.53597645315114 1.835619028512039 0.0005235326070554831 0.004804056008063158
141706471877680.12 31.67666271661423 973.4175984696716 0.49040634201742084 364.7975086026387 1.7502880739184463 0.00011657742153453492 0.0021727108670827125
22777169421262.25 37.163020110156936 14.346902887916306 1.9917454874023766 40.161223972107116 1.8034904926263327 0.0009068618420296352 0.004439132129807238
202597605635278.25 43.8216435027912 1728.715058897739 0.6275996223209142 261.40702384154173 1.7704130528035877 0.0007785633031455422 0.009432963289463397
351444616898525.8 47.18850629044276 1494.2797805767675 1.0577537664653032 572.1269188140109 1.8485126557546576 0.0001129865845037008 0.0010212330929263783
75012064688029.78 90.36312535340198 250.96550596797357 1.6811334519477836 222.52215633611996 1.857723662220569 0.0006166466380950022 0.005050695369037218
2678313525878174.5 89.89956823036421 2703.0375648261916 1.3751201101241186 116.92731720394787 1.8113226255724255 0.0008259498287333049 0.00852611321446776
13191139059902.855 92.50179859104489 18.835299972976518 0.6523395677428041 29.205619579252804 1.818949735952356 0.0001000311994634041 0.0097509229358154
3.539266156443378e+16 43.84742027159965 2247.1588989905426 0.866044071624824 11.526884180597632 1.778261172711018 0.00018525233427590235 0.005282656623302136
2821926658327631.5 22.891263357737174 256.9604915020012 1.00349867902706 13.620425945098162 1.7316133462168355 0.000303937415872258 0.009510305632296578
326409677994800.75 7.268033449764985 1268.452618224891 0.6343323313990641 541.8592997557729 1.9644400538311437 0.00013323006849395093 0.0006961416947880508
1.0355558523415296e+16 43.679668506711664 94.18121075674584 1.992534345757151 10.066594279941473 1.7431983522821806 0.00043772673280135886 0.005921829062686721
9042308583488798.0 42.92163827147558 94.68847508808517 1.9935177298813742 10.405225879341938 1.740885961965736 0.0004425707917497673 0.005927889920519984
10613361062561.281 43.42759636317612 19.50150872737912 1.2571387425448495 22.810841137895597 1.7783908629862182 0.0001663519370294816 0.004153499756435213
14736076383165.125 74.42192206072616 29.684327164993654 1.6617234312973872 40.72695467083161 1.8228586230901824 0.0003034681514118344 0.004665353795093037
43616827469335.84 89.46103365721719 21.650158605576518 0.27650661846860575 93.82079237857891 1.7284605036085179 0.0008134443453807345 0.0027922379812898492
184275054515345.9 58.497963318146766 743.2476528001528 0.9494102236346258 80.31866469541195 1.7986103058752252 0.0006839267521626328 0.00715596739421702
250263645657003.66 5.975815304816344 2571.411087773042 0.2388023094388434 135.0028563623913 1.7942154023152315 0.00032927657293785095 0.006048718212230963
2263700571287459.0 89.2939961830357 2131.4260393706577 1.5855069043260372 205.27959838453918 1.8875610320230374 0.00022266539448219854 0.007604266164164775
199688186519153.66 60.528732504093774 784.072309499351 0.9340880216494682 77.71789056472639 1.8039983630054741 0.0007797339076443557 0.007413903189801089
61598658118263.336 82.66892762337152 206.8778452006331 1.7692838726484694 163.06203046400526 1.8571405892264132 0.0006710977071534426 0.00523103836017442
1029870948218234.1 47.865974281474514 478.3901031626634 1.9376853748711962 73.23597423214795 1.8228533531835078 0.000716822617284961 0.0098197086480794
14911507111511.504 69.45099147445168 68.0439418804191 0.24675350546307273 20.754577873288493 1.8352141741257384 0.00017961474269683538 0.004136713008755607
226699827972846.34 46.80731124729597 642.0000378373938 1.9022846079104854 653.5364877303438 1.9353415298906707 0.0006456909411998672 0.0018716670950133605
15626448847646.52 66.41729417078963 16.063890644194416 0.8103439199473021 31.483706154007717 1.8109556534444788 0.000306972751314536 0.0034592439395950665
431367041342229.4 75.97568017099915 2363.934430178634 0.9869901713698433 279.6352753297904 1.7093643692460008 0.00019732276430674736 0.008567645184716385
31488822874844.867 47.566385869062145 59.30997057023216 0.7649149681163603 11.629391124805782 1.8088346073483104 0.0007917265529640512 0.0035212775811622656
561491987725437.9 43.152736208571476 2474.4737928500904 0.9072153361024584 388.51062339839183 1.8295710686114974 0.0009915710541249865 0.005611985880117663
13345005210048.486 83.14791210709487 30.101643166714016 1.8257319558352907 36.95501548913227 1.8235144027659653 0.00035360096901788007 0.0029300059731086287
6001268975521923.0 82.79060082592038 2400.467844213186 1.4536691224879725 75.3106243904597 1.8025936488123193 0.0004955495007847614 0.007983028365361005
20174580742899.777 97.18656365262257 12.65536842843646 -0.3946558643381477 38.08365693396227 1.8015775268518097 0.00017221950824997502 0.006103514208055024
400446602875386.1 4.773853054821714 1909.735303582229 0.38338006225037397 1225.6189187997836 1.8935311703209463 0.00021561735515673915 0.0006909442959352969
140836110948368.84 55.12585515911016 147.79257271724362 1.1576570117415639 22.27497134658315 1.8394850705513934 0.00011026735241920874 0.002550932085910426
49625730527506.32 56.2370112536363 40.722210756837285 1.0077547813067194 103.81526505701487 1.808369635745704 0.0006991155118444721 0.009559093740141095
742233174677954.8 91.85115881425136 537.0688203068046 1.1806400625141993 16.30223268057662 1.7477198639862053 0.00010804268266074024 0.0015893488707256738
377198381751214.8 2.2936402109385625 2105.2019567826223 0.2932930549975363 1514.9987114463513 1.9480961760286204 0.00018765332266960035 0.00024579657158819816
161043870484332.88 24.910983352421965 182.7557219748333 1.832104511172774 63.31654836366606 1.7824710721039967 0.00013474657484726076 0.0023842865372002493
713211124570112.2 25.505497556020302 2913.268136502477 0.9107710511382762 1556.0776242650415 1.8017539225254082 0.00010213115789737905 0.0025981591936831017
35885408756690.15 61.48856589242955 131.73736104478826 0.6290862365779769 93.19053892837583 1.7617137270241867 0.00019299363837731325 0.00023045014517299916
122308040979646.97 94.15368460421755 421.54055036296063 1.307106326126231 423.56595013650997 1.7796086852715267 0.0001732876204724438 0.008946815748639843
2679722345484466.5 93.87460243616975 1556.0664421446565 1.5239506295571696 84.52261462637208 1.8261585434835044 0.00038476996272118893 0.0068109059601798305
204944249048557.97 4.36099839479637 2137.019236235236 0.08196323750868151 375.962160920173 1.8410523116181592 0.00016749625635380046 0.007542740875878346
10209522175932.758 56.48654570602366 28.257832347273986 -0.4795211628261683 11.064237685341006 1.8331542889097523 0.0006469824691214536 0.004950468989763097
434233700946150.25 97.91436516607584 1646.1867327956156 1.0599290967897066 1112.4299940005865 1.8345408782609334 0.0005687816851692119 0.009973639860186206
25477939229329.242 89.43358473742039 44.75006524520838 0.3721467548997829 67.13506588157585 1.732224305236163 0.0002922489607218459 0.0034628315615779955
389506856333013.94 91.83825717908793 353.4664365507142 1.5381143531568746 37.75932769756774 1.8170647428087783 0.000947554811606024 0.0064250836547691224
38659900022424.03 84.10312190422049 57.696308895182476 1.9072790087563676 108.91285043259344 1.8135022458263572 0.0008743278403131543 0.006036062899803657
231325208751979.34 51.77905757628544 1832.8624458536751 0.6551747037176823 271.87820672513527 1.7878335777955618 0.0007371058109984678 0.00982469533051389
1158411980482598.5 42.27553365935926 888.9763474420366 1.7418550777094282 124.08027192161873 1.8071831807053331 0.00012644608446029905 0.0036418822277023344
16917020310652.898 71.46141429896792 37.82484850399637 0.8132649251891788 30.10806547570787 1.8427253493500384 0.0008044693497856021 0.004479891495890037
14939535520675.186 52.99451868350616 76.022093649315 -0.43901067082653134 23.048052808293978 1.8185436543146374 0.0004040103136427507 0.004773425205264835
254971814639082.1 49.56404505414382 1708.4476967527564 0.5699961505064328 584.8206328623809 1.7500114570701906 0.00013103674664245095 0.001625146260989706
788088117627723.9 55.291826874859105 2800.080876785619 0.9654069896649216 204.38941559207188 1.8648287566315842 0.00011832095916926538 0.00159388712479782
33925433186842.516 91.6593407147439 11.798625127727373 0.8155611851694063 72.37325686501339 1.776815532193314 0.0008860884166977547 0.004424609392735325
192100392890873.97 48.90252419693574 1679.250306695299 0.5982031997301516 258.2027805155114 1.7781967098458176 0.0008114028333956591 0.009936973508945207
56714551697663.695 74.96530921104963 420.3962514666687 0.6016442234006866 54.545394145776825 1.7789151850856038 0.0007627491682810295 0.009708287967272602
516323824349164.9 82.441926026966 373.478014602671 1.6456767799739005 43.39655513459329 1.8121354083249188 0.0007853931066432344 0.005974457816568104
5.496612159786516e+16 41.22590893196217 2855.4877617389975 0.8512040046850763 12.192924475550207 1.7819754087611475 0.0001863267351322592 0.0057476994526334604
366736724968365.3 28.433623151925843 906.3313085425871 1.3048709556591165 257.4701226979597 1.8904424213612612 0.00020530396953088537 0.006620747667496762
220525143612536.16 87.87440910605793 1203.579587977191 0.8200465669221081 137.2354723770672 1.8107916964259165 0.0005899537052990451 0.00883339463655453
7215231459350906.0 38.78645206219049 124.51417538960982 1.885246717093972 12.830759040119776 1.7442915190481598 0.0004040507668384424 0.005375818591396298
446043956298427.56 66.07476697429075 2631.880132902953 0.9173032657985519 354.56750391080885 1.7086571669494925 0.0001471048671471097 0.006920342037997249
89461243100703.4 17.213186255063512 365.9792602726362 0.4795406802358558 156.34366312476348 1.798110982455618 0.0005882466720625116 0.006096066127426036
329877379514752.6 17.928505006665336 877.7548386188645 0.550228123934785 35.33677839062479 1.7808641044391456 0.0008023674206545634 0.0010589346588900086
79799920917050.75 98.74076194269048 333.6697999608008 0.8038584768078031 213.8651637137179 1.8078024339466687 0.0008823383204128735 0.0016184446709162732
79710904951752.22 51.78178512727896 196.2487386935863 0.9666634815038394 38.3212213298784 1.8490518067938706 0.0009514252061435626 0.007523926247815897
28361973029991.207 16.74728902024532 2035.8255423658763 -0.09081545462997642 60.71135060086312 1.7947877405915718 0.00025556062748759747 0.001457769892800627
7467151293589659.0 0.3750372128592958 467.66250637282053 0.6150424717187696 179.01736089652076 1.8215144583616816 0.0005233474583186916 0.004827123045577104
7883888295734346.0 0.2631833343392884 418.26555636040683 0.6485500438812739 196.95284686027398 1.8359035593871664 0.0005366028973026918 0.004728352793060464
136973203327030.34 5.729639211988847 16.28824566778307 0.07940383021784458 79.21696676774012 1.832986399972773 0.00028603218638720675 0.004638082864254115
4.436646543287143e+16 40.479755086260724 2635.046814169521 0.8471222150615272 12.282485709737532 1.7839461922759323 0.0001808911802750766 0.005745505675426076
16194006557245.137 31.858880812410597 14.429425161784675 1.7135703837141327 28.021394732020752 1.7922655036254773 0.0007838664831223999 0.005318201580050275
6183520965183376.0 40.9635476015959 149.69656094447208 1.776280137812783 13.168627254508396 1.7363285308842151 0.0003947466697779463 0.005590567625641758
507245417184874.25 93.21162077490537 530.9030956420593 1.1741601564873019 21.730268620296535 1.7712155961247895 0.00010280096921231306 0.0024894704845051826
197288039598280.66 11.39542853491185 424.4264868581427 0.4082337455099738 53.22743800026537 1.83741592277517 0.00010186680601848735 0.0018814596983892425
20633634389233.26 66.6722067853228 81.96922336811403 0.25150301633820815 30.21888574852479 1.8494476601605199 0.00020492532253135604 0.004063990128678165
273446876767193.56 1.7645539877255914 263.9918922124174 0.5750161134544108 521.3098719265377 1.900729942039643 0.0002628674860798965 0.00538183443798401
430504755621330.6 85.17037920923258 1021.1383590932014 1.0403972788449025 51.264675151451996 1.8175058022590385 0.000567443114656067 0.008149020251329584
3348862378545686.5 3.8567991464430307 121.00377824375859 0.06455215861377214 14.00404181248967 1.7678187102446417 0.00021517286029626754 0.0014133627769851416
263799833456179.1 98.87017533936165 241.8005408206025 1.4100582994340614 23.19318625075427 1.8066357101596273 0.0001650115292592313 0.004571412065090978
197746112459479.22 3.9384214692996125 33.80243440976297 1.700037753969135 507.3196880705715 1.830908712586898 0.0002161919395881485 0.008718465505502456
233071359666858.88 0.5471342005574904 18.02496706173206 0.013415495327596116 1304.2700869136863 1.807348178436892 0.0004320112403390772 0.0072649966336756945
249703038445134.12 0.8262048914711428 29.279373068465514 0.039622861464223336 1004.0552893190421 1.8133837559416546 0.00041333866905723666 0.006977461487848708
429145531470735.94 95.73507051349377 1577.72409742667 1.066858779163534 976.2609177675082 1.8490624128692947 0.0005537976042929092 0.00970462593829453
175847132375818.25 6.120898591575232 21.743479474121315 0.15163513135949414 53.890897351922995 1.85339159988369 0.00033553810109193867 0.004741336778128684
84029823348945.22 11.34900794564303 189.71989025305933 0.5290302165017167 134.19732172963455 1.8457992509674463 0.0007094474790941114 0.004881268407668323
39381917843125.48 44.71420122602408 59.303593369827084 0.7618777510762602 11.704621406580955 1.8160042180501699 0.0008113604879404819 0.003902250394495848
400952439976443.8 15.415847752991871 902.8155890618681 0.5107631615352015 36.288439076548244 1.7959658471710542 0.0007989196026863732 0.0012055884751560782
18862647268164.582 86.86638824620141 37.31030898706297 0.02099733540489357 51.19286062038516 1.6917375579973308 0.00025565148341564423 0.002808815451493335
35658736771573.414 90.90619425788368 42.46543324133997 0.24883356590229644 78.11607966016626 1.7519776119931838 0.000680600099029777 0.0017175386559359837
5895362528117544.0 0.4798691775907227 401.9534654657696 0.5730708728827657 165.1564141359711 1.8316846522865091 0.0005031581272917802 0.004444099359981878
3055594145318704.0 99.36196966654663 2884.215844487981 0.8686831688624974 14.546733493501529 1.8047998607244475 0.00014549095032461888 0.00811184275452727
118893050858576.66 7.572342445993565 201.61864235596383 0.38649844477838446 212.5761471390341 1.8390085920181007 0.0008741965778715599 0.005790857630800197
30211483799480.355 11.807749390319522 938.3684626730932 -0.060538465317593104 25.542836131430608 1.7641057174987287 0.0002857370203131655 0.009068713141442326
217263407968742.84 10.457708198380509 342.4351345839038 0.4277526636569736 46.67095357471404 1.827197230249606 0.00010057172451686929 0.0007415706466727661
14388920675297.047 91.39968347455573 19.285695520174794 0.7027518996700157 29.990658207450714 1.822687342165914 0.00010856606803240728 0.00960427631359368
2753051533095850.0 95.44850845384865 1619.2835908616423 1.585770072065669 95.10964969324941 1.8177501241584755 0.00048805688791549363 0.0064964526515472465
8.156423114423838e+16 97.51048456453864 639.8377071069483 1.7916396413256355 18.13447871312067 1.8256445583328924 0.0006787958284707089 0.004200422859139445
630454703153282.0 81.57363059112605 2441.0473774064258 1.061850817207718 633.9299522503067 1.845037797651101 0.00020686087335604274 0.0017148233659903455
31333755152113.08 81.59485125339931 71.2980978973881 1.8038693010953075 90.09545418905957 1.8499704556170176 0.0008303009326219202 0.005759548400060349
81107615587172.89 77.72962159280335 547.6158299343439 0.7225136475981828 49.21121712340378 1.768581253102533 0.0006245290340546846 0.009997257314766042
20785597515574.844 36.105486985416434 10.08668863955614 0.7659590979796164 39.10055526296249 1.7696331496532682 0.0008978632428572332 0.00434675351769435
22151129229779.754 58.39290143829048 53.5493251517084 0.9005971480314239 40.88228948394725 1.8491838897766226 0.00012955923400408096 0.007151559117059643
80394516814354.02 98.99477733405305 341.1603931563981 0.777934740269757 208.67867656213662 1.8090026071550642 0.0008743806649261141 0.0016193690070486926
2412774403629689.0 95.39312582580864 2659.606597273819 1.5990382109757506 284.16748487058936 1.8872395869863485 0.0002569198040090971 0.008531730113952337
13070219307723.605 28.801559431866295 75.09060572699583 -0.44419230605063587 15.39237251058758 1.8265776157179623 0.00023353489549573229 0.009517811039635289
447593639939635.8 15.384116004106074 758.8501494338989 0.5864620801837865 39.33090826189723 1.79499630588021 0.0007611080183181871 0.001275381330688761
41676838779584.63 91.40329912899732 16.581161135701866 0.49741665235167304 88.73936395425257 1.7623247191008884 0.0008951623182452001 0.003857841057332138
30087827729066.523 93.1150985568672 10.52522230038796 1.1209641860223534 59.19394020895577 1.780763249434134 0.000943763217824502 0.0017845587186104618
145565151855511.16 56.550603991979784 453.24669882548267 1.053501831310661 69.23937419484501 1.8148577824755088 0.0006904318150712986 0.007356082359214772
82677339690065.58 97.13717535407824 210.76416359331907 1.8169252417063864 251.49032811186447 1.8584532777659826 0.0006551394051727521 0.004518857934371943
73129494810602.56 10.114165413340363 24.894001276287526 0.16947844755968716 107.46040479373902 1.8099625511054016 0.00017328527142566555 0.005030072947459639
1363811832404909.5 12.228064895144852 451.4718603330451 0.6209770310474599 22.73999834839218 1.7653585481632823 0.00027109398607456133 0.008365768707910665
185143634506366.94 16.221918295722173 924.8640445567416 0.38303097445955325 36.14494433942719 1.789455581311503 0.0005993855261844242 0.0017346808485795002
29599935610210.19 58.776938529111774 12.61197748087843 0.35285677518832465 64.07938786210039 1.7440257068196499 0.0003766483147774668 0.0009896409323133983
1344070187364173.0 43.5730915541031 530.8889710966683 1.9370846696757467 78.68764414815114 1.8319161447260965 0.0008141692074189478 0.009998448890473428
37839043924959.445 22.982230195177536 2039.3277288006784 -0.005210614494935428 61.64466081342933 1.8028025614815055 0.0002959764333694734 0.0015667691411017834
121702732684391.61 6.246127110537721 16.70800304760592 0.0614537845623188 67.51528017740081 1.8277318174423045 0.00029049548080491394 0.0048325731138387255
18671934603926.39 36.38909580311261 43.39028163440406 1.03902532507199 22.220304519424563 1.7816661927307018 0.000394137174447401 0.004376719568618339
310444736641630.7 77.12250907684734 1286.114077522891 1.0950294746583917 533.9435345664066 1.798140316679402 0.0001603896126122796 0.0008881826469292676
148065488606171.16 3.5929477224371307 248.80623950805045 -0.36341235232613095 28.980587608995204 1.7750797855905545 0.0002292637170887934 0.0021709295498428304
34261209655867.72 30.31812742807339 72.39266911102804 1.350375837718007 65.01662757217792 1.85361010331203 0.00016164000678113824 0.00104473350938869
94048109141897.05 42.72795067032985 100.44309812309727 1.2792243994516028 25.350670176334933 1.850124322428166 0.00011862205360665634 0.0012485338508208957
15580858269790.904 71.10474786760705 65.02178975487054 0.24608659310221132 21.480446753546843 1.8354657345379346 0.00017808924301779887 0.004157379417689127
1109091584378331.6 45.479714248236576 478.6660969283418 1.9285801794065989 72.2047574956438 1.833264366627682 0.0007623400072105459 0.00959820775471069
554764739984133.5 89.45509983851467 775.0913179520945 1.3538375725728535 75.70198817457094 1.8411419342035478 0.0006212038177184034 0.006510930675433207
5497768329864210.0 94.45660314038587 1373.9653577997342 1.2640156497315649 27.38492399136754 1.8418309704127898 0.00022031350729139436 0.009792886749739702
426882812440982.8 92.3238127812527 494.0608006334406 1.1869653564211513 21.82970710835186 1.7633300146320856 0.00010179512643992985 0.0025383515236481607
384785957159668.0 55.67178745855011 754.7476551778706 1.9295007468355065 269.28134660670764 1.8863259130844203 0.0005458580578446459 0.0009382349814242019
15231043207510.184 34.43819079880808 23.050344921347563 1.4029443511813071 27.586969352093718 1.799661934080685 0.00011304955792697711 0.0036590326150322
38024737455677.64 61.65524158326643 126.47589603960368 0.6588731169514401 101.54605031176595 1.7620758737257578 0.00017827934408631824 0.00039876659190014527
1490921792166542.8 12.092865654996604 692.4714073278037 0.5100726140193395 21.183241707591883 1.7647654321642667 0.0002515616986376118 0.00858172734662338
14933085371889.861 82.35524239871418 40.190720858592435 1.7947814278218905 39.50511842566544 1.8369388259268524 0.0003161994539281381 0.004470182766276664
1834500614221666.0 7.333503343252204 585.2616776943623 0.7806205704566785 56.2005149011571 1.7987932104760722 0.00010696425197380134 0.003595705022019912
262201066137140.84 99.80141870282866 238.70285551565075 1.4193081157520124 23.056958784878393 1.8067532758198086 0.00016219339796907432 0.004608098156524866
314656148724810.1 35.81006002970575 914.1885358397642 1.271603394386986 259.1527428383052 1.8466582788775026 0.0009147474389015055 0.0026424987553455956
2274569825385714.5 97.70069088484698 2879.368891822519 0.8400988562997502 13.288461824572652 1.7805525993914832 0.00013631191948874574 0.008426937166848135
34591192602395.668 90.14929296768891 89.25319875017544 1.9511601179381957 111.46973298896361 1.8332390794939917 0.0008339328584904874 0.006132735831740812
5439627832499666.0 99.90219534005283 1170.1580235553113 1.2659013434927457 22.56015314494341 1.8367279362912434 0.0002615399823101666 0.008745331181733235
260975773505631.25 0.895828818480183 21.552286252471905 0.06344927402652623 1119.8058803222568 1.7990651479632405 0.0004314431222210248 0.006883107868455743
1546782823795992.8 48.01436041910824 636.3342418894902 1.9900540474774937 94.37766880683442 1.843673691669378 0.0007473930341283345 0.00955562046317802
342079102812663.75 16.290952743458483 1557.174012037926 0.6786356432311926 666.0558657577546 1.9569397706833846 0.00016074712467473807 0.00031742839353794206
73485245814913.33 50.77565850710752 119.83171541637367 1.8523911457673918 223.36643164378714 1.7758284299982958 0.000498038212309731 0.0049714550046339925
123090571142154.33 6.934941551269873 193.30062217176226 0.40024465491812045 214.01245873151245 1.840721515709763 0.0008790346110845618 0.005876138660795132
410332313945677.8 14.803146545446118 924.2589032072125 0.5141748597361154 41.77822054482128 1.806687883818279 0.0007463501371654046 0.0011713692195741052
3220669009614652.5 7.27819826106419 573.003157298873 0.9112495093426407 56.78960627183452 1.7939691571060403 0.00010289122934167979 0.003910626139356145
406611529650818.6 93.53838267547647 2402.6977291469257 0.8149681946737376 230.71439284387992 1.8136166152580184 0.0004751342565561097 0.007150114081759487
6739658445021712.0 36.85630637492912 138.6339579247209 1.8300346681630457 13.628920845181511 1.7282582116593386 0.0004281121394156008 0.005635829525775283
486773753079745.44 38.146244627452525 2965.60346705423 0.8680238668276565 323.14513731908 1.707615174284803 0.00011116475420673478 0.005054953756110609
144073196408209.44 22.088973198901627 394.4677221162238 0.4756741947170756 21.783404597399915 1.7903764929803676 0.0008664760115940106 4.708555345687114e-05
1704251036766898.8 94.89861878955821 315.20033420768306 1.2556053612163613 13.438770846253945 1.8905282501924177 0.00019838542933263369 0.009209115354363098
20326847065494.12 33.81777192661589 58.20267611616521 0.9468045163915306 31.338734800624014 1.7794301806034332 0.0003922404431305907 0.005385656036085676
49229606752277.055 87.28752755359739 16.803030510298672 1.1466738655242126 93.16939973519155 1.7882615728383364 0.0007511616345275347 0.0007827077374178244
163561985111706.72 52.7013486100311 488.95787844854317 1.6193725181953464 318.015051206774 1.908817349541657 0.0005864907368510828 0.0020544465543446445
429307510805147.44 14.354238053524018 643.0682306204338 0.6108031222762749 43.79628882360831 1.806516961311578 0.0007265893612085057 0.0017304567836212415
10763778210928.744 43.91846271198673 19.44393642192205 1.2525713707648678 23.10575209531375 1.7786373902267978 0.00017004341592013775 0.004202027283313137
3089024376438304.0 99.28546868925598 2804.4325860863946 0.8703736901937635 14.597955859572254 1.8050273878887817 0.00014606892289792617 0.008057393091181487
41718609878870.64 88.41822821058648 12.495474869655883 1.2645586720441653 78.81408091134911 1.7936479905383989 0.0006860014010370746 0.0001520682140191184
123333043700087.44 60.115697921398585 85.50636444637296 1.1772038936068567 10.981195997114474 1.781437299144411 0.00011670532054935375 0.0026728800645190055
27364593765877.62 94.3977913904875 11.109701390021025 1.1895975979595728 53.43755635675674 1.79853073990371 0.000989802107757063 0.0008604418423515774
66183292370009.07 74.65441826294634 551.8234998215959 0.6579364395521504 42.82164557545992 1.7643297910506728 0.0006435817938143571 0.009488298324111178
20887394877538.02 50.27820390211212 58.722726538004686 -0.40447986842536143 26.573957333035747 1.8421736353085516 0.0004929819019691877 0.005302020405067338
242729023209759.25 30.314230674646566 1149.451316840314 0.7217209278666447 107.85909299189423 1.8265940523473096 0.00010054672303772108 0.004464944115544673
124206692546258.6 5.029408046579206 205.09588974505783 -0.2425343035520664 327.350514067808 1.6923805676978694 0.00019833717959765197 0.009876256458093407
38837962123760.1 38.61340595968852 54.30269610797486 0.6352428412729737 12.01420061495654 1.8450231961260475 0.0006826185104072002 0.009403205332074654
704457002996553.6 86.08735419155707 2143.5298423528893 0.6933271123503101 14.389439975360148 1.8233181066980724 0.0001135157405708912 0.008395409399885971
202630417688245.62 4.75423237619929 838.5841944635338 0.2699869202716251 408.7729681199712 1.8765786572024146 0.00023061382280061804 0.006758950135552867
314267613138488.1 99.38974304060288 1935.5556966688584 0.7802726607007965 503.5313677383801 1.7862651687474487 0.00023839168219957018 0.009443931276591662
136956593480396.19 5.73474315893014 16.404595412850924 0.08034385764780705 79.49412247047151 1.833037547345069 0.0002868822188871276 0.004641598986091905
134160778339103.39 48.914315986492625 398.6391062862385 1.83325040044083 358.0858458077631 1.8794278830075468 0.0004359184400628282 0.0003253791224059818
55162146289296.07 20.349680710075 21.342041134453904 -0.12179554595363173 101.79009667497317 1.8033778319960163 0.00018325664377390075 0.0038833053651943453
243282944340374.16 91.55344108360177 1016.3672764782884 1.026248892356778 176.8581394378933 1.8119788111374233 0.00042197858370995395 0.007260830241797215
250432528847354.56 99.8354444248426 233.31251625837152 1.4081040112297523 22.43856294160839 1.8054564966709243 0.00017166649853378178 0.0045156275990115334
12331953692473.348 61.170350166882706 37.34234844292949 0.8674568448489117 31.456182214581965 1.7844749677837215 0.00014345665518592006 0.00771613674230867
19359768872868.312 80.18848547281895 10.475431938370827 0.49946982709707133 32.89624502776586 1.8315948321343298 0.00014823229542257834 0.007599568666666897
309956667855864.2 99.13777609631876 1653.0579905512798 0.8763622685228676 367.3575112960515 1.8165549975911686 0.00024743265943158856 0.009197619990393075
25247452959074.32 32.136841458933105 69.95462928274159 0.9117835459736723 32.33196454584106 1.7824840580536048 0.0003697445291772468 0.005012193446157702
55162146289296.07 20.349680710075 21.342041134453904 -0.12179554595363173 101.79009667497317 1.8033778319960163 0.00018325664377390075 0.0038833053651943453
342909835375390.25 91.59623896438026 1260.7960300967097 1.1615909719698805 967.3348440494481 1.8012861609345203 0.00034433653592830216 0.008739548846343015
2231443177767779.0 92.7655452828287 2655.142293446967 1.4877902318455876 212.91520892124205 1.849012518049661 0.00020545646795510673 0.00693736688882156
157621753151949.7 3.9988468634826617 2587.6517146726646 -0.17027678148606262 24.47280786401954 1.8073674586784376 0.0001365587477665881 0.009409171275587006
204228157000872.7 56.99851583169407 1563.2525301390842 0.6718389009921326 284.76120214579606 1.7743583027120569 0.0005869297806658869 0.009353887572941099
65349127556199.14 11.401039206153339 27.226591558823625 -0.2783012246257206 99.25865262477176 1.8050162517142043 0.00015487002985908207 0.004195888005112303
14521877730275.068 92.8487477318748 11.561378001034074 -0.23421353209553164 30.447728506026383 1.7887899181360298 0.00016156834050258683 0.005158831382312319
161043826245508.84 96.35067532886434 765.0583690987903 0.8253018019023922 310.2891608238625 1.8326752928012793 0.0007257900573014872 0.008798092550081718
633284979576256.0 34.477836082119225 2382.7598556318803 1.0614628301944562 1239.1673538462717 1.9069878481207145 0.00024569074499445666 0.0034215578180316814
37702689242869.88 30.639051935203028 85.11512908929319 1.1667072891155623 56.83474006079197 1.8475136459333905 0.00013779792708895375 0.0015345371998030832
220525143612536.16 87.87440910605793 1203.579587977191 0.8200465669221081 137.2354723770672 1.8107916964259165 0.0005899537052990451 0.00883339463655453
178872903665640.75 3.7693689467595988 242.85675208676446 -0.36204830372912333 23.79125955439483 1.7898027080650716 0.00021986842193113612 0.0016702575047284755
16413670038332.326 89.90303630451183 16.71470422488436 0.6225612219648683 33.79310013751662 1.8079551023443285 0.00010177790526064941 0.00969619784837301
34400084803648.98 24.93901102722524 13.319262004251167 1.8476954785372266 47.43557065422211 1.8197838966206707 0.000802834694601823 0.005728138422653264
80354480247598.33 12.030125044139272 34.52005772102417 -0.09803584572701704 134.53597273822197 1.80678374313998 0.0001732093235375387 0.0037451070214987447
19201080305468.414 57.93839695856138 33.76997385485371 0.6366333177670975 39.145577890578 1.8139084549447873 0.00011760921746781622 0.009460593573758712
113949222703071.2 58.02315803017609 105.77952955860523 1.092851284352228 11.460793917277568 1.7690028170168934 0.00019268377822922504 0.002224875412967225
23453126702886.023 53.77528417677818 66.4406537272548 -0.24198427127565547 32.736311870098646 1.8276862105204468 0.00048353279110381544 0.005847668557094997
20454266465378.92 88.03318870840944 24.86219996771778 0.5909982822234688 43.939406930142134 1.813487905965503 0.00010761181621331687 0.008768612524062296
11786804921917.865 40.82413591837141 13.234811732890781 1.639316201521047 25.357287050650555 1.7727034923047482 0.00012246741066994506 0.004697135095286366
255546463222481.1 1.0293608356232022 19.785188553213214 0.033389791289793525 1183.5210705729955 1.7907343542768932 0.00042479017629943586 0.007156017761621236
182314877237641.84 59.85420308707045 754.4054917683055 1.1193606390704685 409.80541761493157 1.747331828717025 0.0001223221321868297 0.0007791242437742785
186935594366533.84 13.820689350444383 2769.0658132774115 0.32980759328541986 91.2068569125429 1.774629088128543 0.00046482705447729655 0.004006540001647179
2868081757937491.0 88.12357577307023 2505.177375807861 1.5705904849959949 198.0789060760699 1.8477994968605285 0.000227221246468527 0.007249549902125976
1699452561280142.5 96.79906888576 305.48181232975617 1.250360855398968 12.62318745296128 1.8857989074512618 0.0002005996078794095 0.00938792062605685
8.970024231997403e+16 97.78600191428761 675.0438888476999 1.7531753856491528 17.33355766273324 1.8308933264958096 0.0006611210001526859 0.004343410272086057
307239040018858.4 85.06560024414425 395.58001742537925 1.4154619918062543 46.37254794811869 1.8179371925633994 0.0008818641833546349 0.007023758493798371
109181783760832.05 5.250433232555224 2108.6520779996677 -0.1303898191043953 32.22226848268654 1.8247395972368001 0.0001299105563636199 0.009101401597553512
8047904804903881.0 42.45911284038892 91.89730701157983 1.9782839410707367 10.088898889192649 1.728185043394913 0.0004457974993725551 0.005816168587914408
29205754846788.0 55.658317111450394 21.161233268704162 0.308887250534918 67.94483205820023 1.7375722800330555 0.0003874284865858525 0.002184198880693126
1190899646081939.2 42.01145037229776 875.8338716498725 1.7474787045412699 124.46673836779156 1.808075205927925 0.00012571129484670679 0.0036311569930169993
2993494688363892.5 88.10954139483806 2658.071466048536 1.5354133709171431 212.25285355388218 1.8811892875590277 0.0002293281252218064 0.007106802566039998
95364853826575.56 32.48879606081099 288.38870638380104 0.7272680174246389 43.84697888131503 1.8387018746606703 0.00042562031783732485 0.007450076460398406
408479907948822.8 10.433007695087703 2452.0368566651473 0.5293301110155539 855.8244406984069 1.8324567713119322 0.00012956084725587247 0.0038911421478262332
498815779273328.8 46.65330977498877 2885.2996033308227 0.8840009518226596 308.6170732375923 1.718794165575252 0.0001443564472552539 0.006760484329888082
44189056689608.05 62.53253743369703 23.685963020320887 1.146754363728854 84.97450079834651 1.810279741401763 0.0008135543274509208 0.00995262401119304
46597279155407.68 40.69687047199948 22.28429607749702 -0.01629678979226684 93.47695880540162 1.7825679340159866 0.00024529152412061813 0.003955443474455943
11117492576136.303 59.578753463927804 23.175582885968975 0.7777190708442429 18.380097829292968 1.8317762518405638 0.00010260202422193195 0.00974924939054925
163491457215676.47 2.3499150192917 352.71631923983904 0.01135206202469985 388.372914174938 1.7482841060577985 0.00035910168052029383 0.008540226558666205
10495259945021.422 70.62700367308297 28.424656084435444 0.9081568037801255 22.535449797403945 1.8053243404011983 0.0005906111526591322 0.003429722740678419
46291169244226.79 79.78993152724362 29.139729822890565 1.4546560806955244 87.02263730554141 1.8511632211985047 0.00029272849164564376 0.0008794101335624672
98536438516927.86 76.90974805579557 277.38623537223015 1.7183659135311617 281.2677360503168 1.8715995073472902 0.00015251545641335675 0.009575690147972792
185671801144589.9 75.11085133987288 805.9399071066102 1.0668873397159042 395.46380064338047 1.7825884329116186 0.00019891153090765464 0.0024662882232295443
271895600107443.56 61.97849864489616 542.087700956412 1.8484759142948013 183.67379201064657 1.8800348566596512 0.0003712346649255076 0.0007179596840887013
434469323535811.8 16.003157728441607 812.6241479452059 0.6020627724749137 41.37627876807438 1.7896592192104337 0.0008484417375495869 0.0013959734449889055
1.8850924914688732e+16 53.71648476862448 1585.7028164595965 1.0252351713676504 15.973472511109694 1.8038406016605637 0.00018353243426893784 0.005502248932705532
458836174131713.6 85.90465941279089 1115.536534863862 1.0144968573184188 47.11266830489253 1.8166504002613626 0.0006193108693120686 0.008439252740605226
93243687795275.06 5.341304611437264 2328.4281473187625 -0.15101561025876642 26.694412094478576 1.8122256648864201 0.00013399050038228526 0.008796804249955721
57834251122694.81 94.99403171191615 164.45034786793553 1.7803119016338513 156.98878382063603 1.8716346571563578 0.0006491950497825545 0.005365984395722542
27886273445107.145 41.78111025840563 28.1560864912092 1.5521728222617857 49.98624950032068 1.8612333917547275 0.00011676946121097228 0.0001852496172977747
1071395227834794.0 11.959832119648148 803.1474525394208 0.4246323365732946 20.044521336107067 1.751030632649408 0.00025756703297996825 0.007898259650739262
115362079358850.17 98.05055785780117 197.0627693929446 1.479545843497799 34.5628757715514 1.8000214607211062 0.0009917689246440467 0.0005402893536481834
12708175837482.184 64.24259279674256 26.164182816349843 0.7054932992356796 19.163456645090882 1.8335847212863596 0.00013443900423184256 0.007610917327853282
5011595045598027.0 36.45888902189571 123.8100149800285 1.828688980051981 13.395945851389135 1.739028330149018 0.0003993038563359526 0.00573372881343359
72090272692733.78 51.99950427134462 130.57876178554906 1.7205061836513198 214.21330733998448 1.7999489551028895 0.0005130412654655372 0.005202186281548345
123392122858749.92 23.642746017021473 2845.9691617674494 0.35887009520940605 79.39107507921597 1.7434658248270754 0.0005509225032743265 0.005296588054421997
12835897679630.178 57.11010375154361 16.352605233629262 -0.3905683292927533 18.144603342152955 1.8051971162232723 0.000538931034244819 0.004482407283972139
11355113138970.15 22.912026015597426 1610.8668035743501 -0.20797692917859878 18.546600715768523 1.8649427230428477 0.0003403095433445239 0.009533976249169924
700057608788940.6 95.72265399388135 399.6849385432151 1.3477779525888829 19.118818758758515 1.7687059482426892 0.00010708293626279864 0.0026278860565689
63676924893314.6 53.37459238908999 101.91881997031976 1.8098547996691272 197.7405856350988 1.7862384680531929 0.00048667584872360826 0.005087496753890821
23883225403734.55 54.19235806775794 64.76047826303164 -0.23594201313861718 33.0290633329514 1.8266939972257197 0.000482255470244803 0.0058162244671097945
204714598682717.53 32.74943683601271 473.1601168270439 1.2534603214564972 99.32006434559729 1.8061692301827885 0.0006104570187517833 0.0021284953457310195
13388579901007.566 94.1021673241879 19.891603138496773 0.8282518277468063 32.31570699789587 1.7982472504481306 0.00012158082446626042 0.0094717495734614
1679639066085061.2 35.995525611420184 1049.423191136274 1.9779713738857718 181.751205425231 1.821548222948685 0.00010379700742220214 0.002506408170669802
7190473698916146.0 0.3777672273252084 437.160686670527 0.6308775315068671 187.64433752316344 1.8352889937916128 0.0005188207502216577 0.0048528588920373275
23430069466079.41 37.71743939128241 10.472817771391869 0.7334034406320694 43.228422830514646 1.7826398258401386 0.0007317202487896248 0.004254573808229712
8498261669877731.0 44.75709659352887 104.19561314083946 1.9225409636998607 10.547114559275835 1.743267618328489 0.00042203567470034645 0.0059552092513218925
705535412463513.2 17.482986532227926 2787.4308061031893 0.7443122852271641 214.08395697065956 1.8790041263890593 0.00011044214929730704 0.008535378332985337
7467151293589659.0 0.3750372128592958 467.66250637282053 0.6150424717187696 179.01736089652076 1.8215144583616816 0.0005233474583186916 0.004827123045577104
42472263978474.93 18.878047146550486 15.132127462852546 -0.20841496528694403 67.51874620192119 1.787329569169405 0.00017549490141831027 0.0029827544331502897
55830766128410.23 85.63303401454255 16.357110142525002 0.7090658796526885 116.00577843858292 1.764920011007017 0.0009064197863486482 0.005947477112411747
300042061223853.06 98.97742047394657 242.33646117689273 1.409768606837512 20.994197292901628 1.8106197317362045 0.00013711665001891942 0.005631447514806761
11257663141781.174 64.731984181264 21.16861811391385 0.8007880695077169 25.499241459507644 1.8012466934127678 0.00010436177984290148 0.009884663442272124
282159122575726.44 80.72449379538578 778.5418516188909 1.0141378351525714 48.07658404245113 1.811120892255984 0.0006438821042498142 0.007989216031431753
675260507571377.4 90.30385651532677 500.55564106848954 1.182755626560104 16.133154146661955 1.7534786143340353 0.00010684611403029427 0.0014776361882685087
10611907734800.648 68.49843333981119 28.96171277649619 0.2003068510075357 13.451103913274187 1.8353564301061054 0.00016027203902792926 0.0025993823628770235
259358154264029.1 0.8483599961484742 19.992743756347263 0.04331534818657201 1114.720875519106 1.80631289226434 0.00043398103012864047 0.0068600218218389745
465788460305947.4 46.64780456618102 2647.9276684674887 0.9316142297683274 354.03271127090113 1.7174984241112385 0.0001477741175080137 0.006574235309465954
37271486067347.78 72.25533837690864 74.83983246371955 1.6285307048296767 112.74533385554291 1.8273734100577004 0.0007200228733157731 0.005602938988541873
2494936504738443.5 92.07719775090948 2550.3170450112 1.6762078778330545 312.6088778644355 1.8903802995646335 0.00021931803801038618 0.007541975592282138
256582450205816.66 0.8855565891153176 13.981695940789356 0.07423082239667156 1180.6408268224807 1.7994836540737071 0.0004391960098827632 0.007447369681707387
47896290186497.23 92.31685932223046 197.61646290513687 1.0980791929402958 77.3355681454778 1.8383614276489182 0.00014583566304154956 0.0003609659222113958
7.918405264303246e+16 96.23717847533919 600.1041026083192 1.805337820883075 17.441595179540695 1.818752233467248 0.0007364998578582292 0.004198854551703286
86217219896578.9 93.57356451448175 295.36806277538136 1.825851787033434 291.1305090617913 1.8526507363546187 0.0006499664996088312 0.004829084367327491
6028233023195181.0 38.438119138473475 120.67259563743747 1.8600290837077327 13.202366883346366 1.746755013853158 0.000406252968594861 0.005721728961638834
532267054678548.4 22.459579892880246 1233.219623824231 1.2831995924442179 264.76280411618694 1.8470580107113939 0.00021479847188156175 0.006036175718224916
255058864859619.4 0.7895608648107242 20.004977123673115 0.04169771033506331 1114.8234388100384 1.8082104466035585 0.0004346843759002355 0.006863211382723531
217642087410873.34 3.578340625864797 917.0791486676574 0.16249657844769805 419.83573955286187 1.8602712178731844 0.00023217471031336428 0.007293903769698741
684723292469611.4 95.51174925707 2748.5401002217836 1.0664987636034744 795.7087617991659 1.875473511167493 0.0005095347398472872 0.009435123285013457
42868600706396.63 92.82963649895862 99.93519098873854 1.270049604882414 25.355081933533626 1.8343728640743577 0.00011446531590489619 0.0007507685802492026
18671934603926.39 36.38909580311261 43.39028163440406 1.03902532507199 22.220304519424563 1.7816661927307018 0.000394137174447401 0.004376719568618339
37512301343866.26 19.577885576581462 10.094465207425634 -0.41620161078481865 73.26154848018973 1.7649740876261037 0.00018659403208568266 0.004798130092318314
143507980960480.16 15.068345821890276 1191.8824715737 0.2738009619781391 248.9099453264667 1.826503399597708 0.00021416077107238319 0.007513033584263525
165116349273216.8 3.706099316824521 239.2059780462647 -0.377351307623092 23.109340649337152 1.781812237797466 0.00021801553472862857 0.0016147317234614005
11793071766352.418 92.83886563925617 15.83499918760563 0.4743075872592082 22.319959972765847 1.819645688065219 0.00013236231488198558 0.007531038853676904
638599365517490.6 35.595984401237025 2403.7565481274446 1.0512950741023777 1238.8822621901422 1.8211758552500292 0.00011475586164987556 0.004888260058994028
788088117627723.9 55.291826874859105 2800.080876785619 0.9654069896649216 204.38941559207188 1.8648287566315842 0.00011832095916926538 0.00159388712479782
4.275888137638738e+16 39.92685712694531 2510.6218607422156 0.8420328614853809 12.032045523510734 1.781899864665002 0.0001824421604195751 0.0055475038478407625
6315845350876418.0 40.98495069541819 149.2196612084852 1.7768181853541958 13.166192531556913 1.735583443450618 0.00039392512194819546 0.005592028675014377
23745863390304.395 11.535418491071804 1534.8235260718823 -0.22981068853993833 47.92857947434179 1.8333313647101976 0.00034076365485446574 0.0008030074256971352
145106612017541.3 68.62000678986819 110.77288984795912 1.1466586873593956 11.058648403817617 1.7844928363245454 0.00017918223016689082 0.003206457743425985
11927561318588.326 92.98102417357404 14.125877793362848 0.26197307037919426 24.029057487324877 1.797849664978027 0.00012634027024928303 0.009198151593392644
23188054548472.324 87.72313709424542 56.250177762982844 1.9544319606091283 33.87778936998837 1.8534170560263168 0.0003773478588546527 0.0006982580307351051
463112913207256.06 85.85627885595302 1110.8522056482343 1.0151929531411832 47.211543752605024 1.8163832504464996 0.0006195729001931591 0.008436964449501615
119847325719995.22 43.92370470798618 974.8991681704372 0.16441251971911774 317.3838968586059 1.7186130063448621 0.00011511136907057352 0.0006749608271841116
517052833866001.6 37.67104928647036 2675.5895242164142 0.8277681807551756 388.42954679117236 1.8306042831202516 0.0008779818266905396 0.005068685740890307
140599660903064.23 5.145564211489496 129.51044580554947 0.3838602053895562 201.5555638178676 1.898130212783612 0.000860383068451238 0.006231474086060748
30514126787315.434 45.221103029287335 53.947432061990924 0.6448306687442436 13.231913207650331 1.8407702245080944 0.0007118999020860774 0.009209745195922476
40613076449935.17 87.68788729725921 13.854612823267594 0.18956572317896225 92.71260609396528 1.715010033022706 0.0008573546843752078 0.003442871562702859
209597369354360.53 34.4255946450843 1125.2690699474103 0.7205337298476922 89.33799481829703 1.8007196843331166 0.00010799877643734959 0.004383977385237261
251641575212805.9 0.6501750639256523 18.712504296233085 0.03517208961367374 1165.6922416506914 1.8267793751586288 0.0004415610767705291 0.006897896936735433
104421880409423.62 19.318304728444595 831.6822087875713 0.18279055209550688 172.49111935190302 1.8342544641147078 0.00019633951891889791 0.008411479691391836
123163151666520.38 31.57027314234056 297.4965221937668 0.6703046971716636 33.57402901528983 1.8440893127695748 0.00015309807956728197 0.007783071621770295
27513536959047.473 32.60424580910528 37.536284275092804 1.4875817081916676 51.80093581778837 1.8560603081426073 0.00016297827277194198 5.6094109646692356e-05
122684627206207.69 56.12187022599911 143.06242012271258 1.3064675679712954 23.11060192044609 1.8063098428022706 0.00012360859906380595 0.0009707488158943699
2.285651356174438e+16 34.90040077620556 1372.3517717784478 0.9215979294920903 15.58718661674999 1.8038541540756934 0.00019676907764376437 0.004990159214641338
63546434937624.266 53.39964297877639 101.6030862898775 1.8127717629359537 198.85476893235162 1.7860432739507324 0.0004884838757508376 0.005081067650093321
223295434571421.56 46.3787969248912 1919.553381782293 0.626959057188769 220.64506311389286 1.7891740626849044 0.0005793015339802958 0.009721387775211091
143266614600334.72 4.0695809328505455 13.184373152252302 1.5625334443108423 244.90911062865362 1.8097834560002761 0.0002754554741590669 0.00853783161866738
549087487962245.25 26.2775771814158 2480.102874823211 0.8890515657099607 1231.1429989420408 1.7533793657946088 0.00011965819230571593 0.0026342681314988543
383935767455085.56 98.37588233800373 1889.0336054295744 0.937111956839581 425.5044704892999 1.8363674097027198 0.00022895179012445284 0.009580784602048711
83940976318428.61 17.563400367770456 334.01669126063587 0.3959439767790619 83.22143168804084 1.8303534227361589 0.00021301216244588736 0.00846418577696855
7456377515813761.0 0.39325126906976493 467.50906360766845 0.6150199708311873 178.96352553749347 1.8210805499029727 0.0005232528752653223 0.004827232525917557
18194390767784.562 72.22923881083872 81.37909860631025 0.26300265891920294 25.174185787159345 1.847334327375183 0.00021721007387305485 0.004337473760569699
7825041076579697.0 0.2731813956731486 418.9823297369785 0.6506689535804899 195.0277750954552 1.83357020022757 0.0005378749053641126 0.004708910684917404
41566751958814.23 59.542243296303006 84.78554288235318 1.505727593871871 137.28768345227763 1.7673961739338493 0.0004872288913974563 0.004199677400210907
141952549593320.9 18.41321725318706 157.84368175203144 1.9916756308648225 68.52026649570007 1.7815425998162673 0.00010954149836174372 0.001574960225243908
487792203303245.75 44.73605835758627 1879.930403707615 0.8947329581709521 144.06174651218492 1.8394790940462178 0.00013059987242579248 0.002658691565405597
191347411805261.78 3.3044398680377185 29.158276820178912 1.7153722202917452 526.529641671526 1.824687036376624 0.0002225447320101493 0.00887203427805925
14190148418811.068 86.89230815026058 12.107500017714559 -0.4797914369411975 28.935084186433194 1.7853577649077776 0.00014080483142280768 0.006053649956841512
475319081984274.1 26.9470105863109 1058.3140612802085 1.3259188904321377 234.82197212488867 1.846668539134629 0.0002132754302040135 0.005642411491011912
574817185842962.6 85.3369517402829 366.14131261892123 1.6468000157779992 38.20966531362448 1.8002993788502502 0.0009238817808480929 0.006749306845129501
183695184205915.16 26.363288114709327 405.62367696945154 0.6312323873428521 33.76715858034155 1.8460161994500146 0.00012551737027779425 0.007350081501448083
72655918163899.73 11.148609831217165 26.5058954703396 0.2206531853347412 105.69734746176995 1.8133291072162223 0.00017644680697577749 0.004614346604375475
71964764562685.78 98.71590244593436 317.12726517579307 0.7132826367077818 195.61529338909216 1.8113017093063584 0.0009003364255345787 0.001020487403452273
574353565819915.6 51.24838465203359 2258.066696095766 0.8959724548803104 221.77378921215814 1.9052995033111622 0.00012637278277288156 0.001765038093865411
233476111716467.6 49.06026676590377 1561.8930137718496 0.5555888501364856 544.905927732609 1.7531530049986859 0.00013210389526853292 0.001950739291490253
668335520493145.4 81.18352889229988 771.6905304844275 1.3589728264194592 59.205848497545794 1.8245510755638632 0.0005378381279603758 0.005667712503831658
7398584866808045.0 86.92863930731156 2731.3021799854164 1.4597026380786766 74.26886780244857 1.804690766324033 0.00047395053809758754 0.008329056275995535
445467522609608.9 76.04905934375302 1708.0761813827353 1.1056480208827024 537.5030746348814 1.8424123567217772 0.00018433544253837516 0.0004990414705372832
112956508513426.16 46.85905344494135 910.0920548450455 0.18261119070227316 314.176429999104 1.7086969188563115 0.00011308303988964222 0.0001923501112145291
217567853233336.38 65.08703250283645 880.0801148971847 0.9362383753040365 83.36055492641039 1.8126441975016974 0.0006960571213713586 0.007529234493216538
146362537066281.1 48.48161821879722 442.1799913490223 1.8223862735383205 373.74148044070324 1.8837485778400946 0.00041526075736136696 0.0004356765038102707
418754418320005.0 86.14071591534314 1013.1766479563781 1.0350012951551637 49.95497044494741 1.8194859722219316 0.0005917546185234695 0.008350805210695405
242148030026986.47 2.9745889422882215 1107.299307854607 0.21521870173134494 559.6496284750436 1.888773466560349 0.0002235813200819724 0.007358930177913032
47068417850601.59 89.11952008963175 224.08743453322427 0.5223770102882693 119.82860664981851 1.7804694106454628 0.0005309042924545134 0.0014409473563879865
456994414093294.3 4.05515948894525 2693.162460718817 0.3219325203766088 1552.547535636506 1.994842064577669 0.0001685035281821664 0.00017434209541886602
922239629723910.9 91.1207444310565 1331.9097692884427 1.5634083578287346 194.69727723754062 1.87435914927093 0.00031658245949582777 0.007300428579274128
195665731813813.4 4.570614388256894 1897.13902988006 0.09156657385927461 346.34277871848604 1.8375030864547404 0.00017560676192743553 0.007709728173479587
21774947930939.016 92.75413173170878 16.348834775483752 1.0171415733744722 47.94232251398274 1.7787061369150086 0.0005915264791980245 0.0076444167417479315
46120936084143.875 93.87373531018119 13.456842907040858 1.174033723751866 80.15266529185985 1.815640408693868 0.00041372656708261617 0.0008865485564158741
60570473542279.016 13.340336459486988 15.739460604649535 0.19430601208166115 105.98579199511958 1.7980137841570643 0.00019689958409810942 0.0024869502521285758
217630313867166.38 3.577928604555453 917.0852273557684 0.16248928837008225 419.83664954002126 1.8602851211691371 0.00023217306284122093 0.007293942588053269
42869498967300.43 81.65895404368536 110.23963400106766 1.3035281334753095 35.59840660969066 1.8337720546182579 0.00010585502962572965 0.0018430832258606736
130061253780242.1 93.69557353104318 317.2780182216758 1.4694593770993596 81.19174361166992 1.8277264937093691 0.0008689560028863494 0.0009884438909197883
371915807415011.2 61.158505799023644 475.69470745143167 1.9052264852119518 148.23621430276407 1.951439689696624 0.00045440740211444275 0.0012588148203203958
119993898953713.36 49.992010632641666 369.0570640024229 1.9034503295250396 230.06042944945 1.8758460102110492 0.00048351598084943955 0.0002707543791803414
285947524904099.94 90.86455346687652 1394.5519371399355 0.9109485339847474 175.53823740543592 1.818433190902666 0.0003875542666503643 0.006499438194782441
29962886036614.613 59.25094929284525 20.175749407865776 0.43191066041387405 64.0146145882288 1.7557288406534086 0.0003046661485824496 0.0024962596856667203
329831541744446.9 15.77129480310466 530.4370535391532 0.460252103968639 36.888788414656126 1.8581826901333227 0.00010494107847681398 8.901465702055959e-05
299421540037755.25 52.26314229425343 1232.3441729246958 0.9719448077434224 497.05817168640294 1.8320607304592487 0.00012241113305050275 0.0020873658241014727
34182724988599.98 78.5214121615782 122.12750243992976 1.0610548349992646 56.40377617586146 1.8285407432991385 0.00012927158830810292 0.001406889732276468
16002880820176.293 79.55342790028995 37.92556913389899 1.5584987723322004 22.180408105950516 1.8396602216186442 0.0005545634975971731 0.0012025598043284543
14428162590906.135 63.8905038865574 20.547784951933 0.8025848146391499 32.9305926134811 1.803684796417598 0.00029590510440533947 0.003574981496808894
18299092877702.68 56.34001528581726 11.848508383307738 1.0892400842950671 31.90144705214118 1.8122771766545869 0.000353615407081201 0.005069936432416676
9188164891013950.0 45.81402121077318 91.04030964780678 1.9987754943187692 10.111979471182982 1.7478048178609633 0.0004419202325963986 0.005680326487503757
439307085785941.3 46.98608226552705 2436.0333630450077 0.7861546917364857 182.14549604370313 1.8452132457590222 0.00010738771815130656 0.0014160494640670421
542651569023220.4 21.983029529538374 2338.2295136498647 0.9384657185468142 1133.5399195778396 1.8828426611433025 0.0009626045413424448 0.00840788484982884
9.284797315381144e+16 99.2891729294993 630.5558437186933 1.8056344770945203 17.02718592474273 1.8253718994322308 0.0006982503678159924 0.004159450832927923
13020360580113.627 69.62138801841795 33.61769089598616 0.9235231730559467 23.520356541203043 1.8191423029792015 0.0005460275109886166 0.0033992756056665293
172777686462586.6 50.53197067386571 510.53495184488935 1.6582341433854308 374.9509162030359 1.9078879014393213 0.0005877864532810458 0.0015465110159030464
5.007694088177198e+16 40.11728038662743 2785.1775162843255 0.910951173159983 16.7772684593981 1.8131510916720093 0.000213812107541538 0.0058150146573976895
11668322384642.543 15.826771286419842 936.3105643133896 -0.29368288925275354 39.82910053188792 1.7736896514538505 0.00037291939385011185 0.0029531266519382377
3169194226584403.5 98.7401445687828 537.5652269114003 1.3293319646388495 20.17960219126977 1.9262102927327478 0.00019520721962148615 0.009488639301163452
331557583200056.3 15.922367100235816 886.0259396928327 0.5412543540030805 41.76976394272925 1.7893727012923384 0.0007880666147280407 0.001349722904560301
127590651542226.81 55.82170327647883 339.3983509278157 1.7300022903774568 401.09032686810747 1.8536545768060444 0.00012676476411451019 0.007928885101195278
39664853368806.086 36.2356006515706 73.70938617779306 1.0977470985798472 35.48587892789928 1.868838886612829 0.0001529786867585079 0.0008332929690125918
105844112142644.34 7.756110309467186 25.936470333893766 1.4947835041931938 180.35593669777217 1.8197801166762224 0.00026098739051293044 0.008001470673315119
2231267758083497.2 7.299024475763944 537.8006914586233 0.8003068311937309 52.27173168441557 1.793756662778553 0.00010921376913779572 0.0036121700161482915
93781134799422.62 31.5594491412155 140.43229802328878 1.310351930647545 47.207186862010275 1.841876896292769 0.00012931862682784756 0.0021919451157545347
148736111999293.7 4.157136491376292 23.58520496671026 1.5673181358842243 230.7400449998597 1.8254971562050888 0.0002477606631184635 0.008238969205956166
1798331059831413.2 83.76285263294922 2151.8637177571386 1.6014227806987975 303.2955655630414 1.9044850258729236 0.00019888410991710157 0.007961296940117582
77505201254122.36 40.95932369100282 90.4699099512303 1.1811326447289434 23.39163959886582 1.836396101599205 0.00014296616586854312 0.0010865247421936715
167688768602276.94 70.35047106078551 697.6949277768315 0.9090575260747525 253.2485960301355 1.8286213415796928 0.0002065374626366407 0.00212509245470909
196508468077705.7 11.36933378370071 425.5743419302956 0.40845862149830847 53.242238142207334 1.837000192751957 0.00010168825872096359 0.001875223201225206
30992671326983.594 23.398581374307174 11.259161286502811 1.7921332299478436 42.48913094664615 1.822656224790591 0.0008124221556022559 0.005886342234583535
27754289126140.8 87.12095144524734 14.901622006796204 0.94304906412278 54.79721093382105 1.7949922357998975 0.0009365675385329396 0.00857182420585719
42998138896671.516 31.675235173467634 86.60827843683487 1.0726229681111903 43.17145191783139 1.8415152467176517 0.00015158525954255507 0.0011671575738248004
27224132015007.113 55.78180069401826 75.76078259500838 0.2558146490107589 66.75958893895287 1.732484716736343 0.00014497814376054278 0.0020765381433225333
1987777448522604.0 46.63030415269828 571.6666152259063 1.9084511594341402 67.17030966256013 1.8141932947393429 0.0006097670545039892 0.008692077272169436
283582800149999.25 27.308532558578513 716.9970089052914 1.064397641790354 155.96020840707249 1.8922588036809238 0.0002017200708929967 0.006012218792901631
2816329198971041.5 20.982959455718962 242.59502140281052 0.9461724509295675 13.670084393518746 1.739455371640948 0.00032089569622366067 0.009728082212676218
1631052090819887.5 97.46849763193524 2159.7763495602726 1.5587953288508227 273.2783694495741 1.9104686313233166 0.0005608458768742813 0.006524106490150257
14951537674601.623 53.2035754415225 68.42147148138369 -0.47589970385723257 20.37273269393697 1.8284175327932897 0.0003793756628665246 0.004718279773269906
1918931661397035.0 7.32140344025035 577.6398333262028 0.8103816786430846 58.10131251009591 1.798871956700151 0.00010421837576610031 0.0034269285711956555
264446652114472.06 1.0146381078608755 14.038351284061283 0.07480430778229973 1170.22664021541 1.7979825215671683 0.0004395160951172633 0.00743071691400102
4.375220178409142e+16 40.213710091797054 2487.47813707778 0.849051009698709 11.984623004972418 1.7798513611588276 0.0001836153907099579 0.005535805040726064
183037392801883.56 5.343538607805982 2189.471289905347 -0.08727727506128558 27.20265230025024 1.8155222440437413 0.00013837650863691772 0.009185598599288691
127018579365199.56 52.46946687446075 125.43998831122238 1.2797838745791115 21.05294221409943 1.8148439128857472 0.00010444936203298682 7.927300918663706e-05
15977361127844.658 31.39951494946206 13.000829770480207 1.7795547658591353 28.65821295776014 1.7932918319532951 0.0008370444009009483 0.005409667429395152
175847132375818.25 6.120898591575232 21.743479474121315 0.15163513135949414 53.890897351922995 1.85339159988369 0.00033553810109193867 0.004741336778128684
616098754034346.8 30.90944191670883 2693.5891007856612 0.6942675972322144 88.14891517243156 1.8551725682373608 0.00011514031643862927 0.005823758753209759
266953069413582.94 96.8885931952425 902.4345068602557 1.3300287086495173 746.8138105816046 1.7800866327028357 0.00024929025232396234 0.0024062363443543523
688812361794532.8 17.501335974933415 2770.2215582422905 0.7465174786162622 230.02002297176335 1.9043534529292647 0.00011503162066255288 0.008193573216351058
9743859205134576.0 46.06519247927179 96.26776385691964 1.9898995889276576 10.14271305263952 1.7416961357835614 0.00042795639426381664 0.00593994191703871
41545343955485.1 90.08691330637086 16.742923334093774 0.4862257245628523 88.49323983366567 1.761109610074754 0.000865921265489896 0.003784450441044005
498777399342617.2 44.00363313944734 2140.1703034072657 0.8153884238817548 174.99222232234604 1.8766224446255995 0.00011228007958359513 0.00023093886127847907
478951037606032.0 24.995003558283443 1143.1779133433288 1.2532653391962258 236.6009343418222 1.8431213965557716 0.0002191703166826994 0.00589271829705483
27699197079850.445 41.53086350875943 13.188128825405938 1.980200910064682 53.18559089915482 1.7976837732526374 0.0009567366431663805 0.003750014184145078
284709007318944.6 15.972429675881589 485.5434541217742 0.5651143053391062 40.328141961748635 1.8258167848842606 0.00017022882308838775 0.0002599097153907796
218479435869984.7 46.48125182588459 1863.7621232569775 0.6285501960548368 217.40444383558383 1.7891353098727703 0.0005733708177029554 0.009706346251594174
28185489177393.953 31.866204124671647 61.69737327355382 0.8536515666361328 23.946753228092707 1.7919081948112043 0.0003323867829637615 0.003782331436278927
168114491372620.7 94.25004890089735 586.66034832207 1.6132696528991206 485.86805980786994 1.8031029797385782 0.00027346151089243796 0.0020197877503172605
3512207825149478.5 4.197299751048735 109.86454629423862 0.06337309732331453 11.751442301848265 1.7593529776748498 0.00021509187371784196 0.0013052157957115697
41728954154534.96 12.762955191098307 1257.2932913846448 -0.08397187431433636 52.532303873079 1.8385028313003402 0.0003065070383317509 0.001210380462891598
34814885738293.36 63.08743137074535 66.67962819123184 1.5687669762004008 114.74294347902757 1.759248010504601 0.0005085286659097411 0.004519757038842067
15239848542693.604 82.38613020739268 40.31324207815408 1.793722175279561 39.8590219487232 1.832942495145406 0.00031593980934924376 0.0044648332611607775
623412449080464.0 31.318033791659435 2341.989871741439 0.7597249015644808 79.79438539142372 1.8128784872564898 0.00010579062384846501 0.005665815681427133
287532340746082.4 99.3474085990089 1713.9449137306867 0.7902712195319097 450.1211711940243 1.7863897146181724 0.00024450478583739927 0.009154811207244625
192933136051870.9 93.30783308576929 1405.7898683083522 0.706589438046573 127.03029171104534 1.8042027835419694 0.000689874935607872 0.009396486754785913
315718256643858.25 96.9886655919928 2185.9791096862887 0.6941992430864676 424.13057854825297 1.7881823323877508 0.00021054238796100092 0.007964371676731625
382361615375700.06 4.477006855513624 1778.5152426840352 0.3725332949796154 1177.1736545617846 1.9178959131931257 0.00021836092741818613 0.000724039823345503
84496878542261.12 17.4757186547087 339.5908886134578 0.39419425139191255 83.51922860708781 1.8306405564159476 0.00021156792332280479 0.00848365626706783
117683766286610.8 39.28943127440718 736.218184151215 0.2384882697272872 299.77107959811013 1.7494783173484305 0.0001464963676693037 0.0012790990178634578
230990211310808.47 93.7346266317076 1118.5943272600534 0.9717624636321837 372.4059017617621 1.817937345064645 0.0006318212082167597 0.006974063363376496
372864526814849.3 91.11840081110671 1757.409812029066 0.9602225768793117 455.2328314486907 1.8162881829027122 0.0005818204933833168 0.008107472598780306
5.521282962986035e+16 98.028103675116 666.0933380514318 1.7177197821631163 17.044010992969927 1.80675717514246 0.0005960863771112678 0.003914992801514087
450405336152414.7 59.32814331295473 1824.6681898516379 1.1017315342543954 553.6672066555707 1.8512038641193989 0.00015535576580425148 0.0016558376129389594
1894294416000161.2 4.361231609543188 139.7863783471558 -0.050630779199830056 10.125461289291529 1.7571625429000248 0.0001913630495072101 0.0015963009765669943
60962091183619.06 53.410773838498805 131.5570009517744 1.7688125841371842 211.98126443235077 1.7708451362923086 0.00045541648529607524 0.004459597858684657
95767564420024.0 8.909253932229804 19.68015376862908 1.3728863874139385 154.70189019563688 1.8373360581773028 0.0003439239432621739 0.006613529236464931
77826311540006.66 80.13224902807778 270.05899463698375 1.1786566433106374 89.5582088471008 1.8537458049553772 0.00011177883130262148 0.0020177613051088326
22097678623762.562 28.33628348469471 57.96970617061855 0.6976236008856135 43.461626269637094 1.7710524227190705 0.00021552192857070154 0.00852928977137465
769457549750474.1 29.571929557807962 2874.7988107914266 1.0487667386673325 1407.9920057839543 1.891929986325937 0.00010407768274185743 0.005621040747560436
1265693544914364.5 33.41646053269101 1003.0938208816973 1.9966325601260149 222.8382301150789 1.8812108171851116 0.0001078856032940686 0.0024629568861388416
24797779672675.55 12.127200566247918 1513.9958756336105 -0.21499365364581435 48.43518362078508 1.8368827540893835 0.0003422629954310703 0.0008117836799668601
784141726919362.9 92.25002421788606 545.0719170445436 1.1681334468411937 15.10025326561977 1.7441255469253722 0.00010089928658585747 0.0015949836470779122
12153116256382.812 98.73008744494979 32.06863878545912 1.8483425013863064 31.776288226641377 1.8366658438962356 0.000910742660870969 0.0014155050027409369
46611475656197.41 62.626658461899716 84.23078990156165 1.5255647013835687 137.9437286636417 1.7862513233557777 0.0005443050853894082 0.004296887989114616
28790513619300.746 60.87866111614644 19.19108122711554 0.43511870538693254 61.148275379278424 1.7559568314911802 0.00030411880763575176 0.002592490406054371
16940774167982.256 37.47805610432186 26.10817196449363 1.2567980570390542 29.96114081254653 1.816836665271822 0.00023924935759420815 0.004728338636426842
30726573641832.66 87.09805234792263 18.24555129609907 0.07473950080472758 77.27511046306488 1.7035403101065008 0.0009093982374420734 0.0019991511183272003
163974663619724.56 50.07420827713073 475.3627014019696 1.6836119631899638 320.810941760789 1.9284848773429109 0.0005755704256074865 0.0014858393817767926
143431851715933.53 5.893575478882809 205.8133095149706 -0.3778874637002052 413.9752763676259 1.6906545296562898 0.00016803694832628657 0.009731413022915377
43912314332115.234 87.98592001454374 15.277267688979995 0.26265952514276536 99.1776572140136 1.7202534854999647 0.0007640443157883016 0.0036171223060397183
83403598139859.52 75.75110807713398 271.05648830403754 1.813970251579804 279.0176379515111 1.842735907911825 0.00010123283044972492 0.008561669449536966
12352005896934.95 33.90083942403603 17.498971222299744 1.1089322239713304 22.84417601493825 1.7848876918718657 0.00013588195927905907 0.004641625937597133
4099218109748844.0 4.084051776764619 98.67139709789822 0.06656667264089433 11.088288589792233 1.756152528952819 0.00021029673230988597 0.001062764465721578
594572550184609.8 31.448637431387866 2240.3603572071806 0.7582829054248965 77.85467280505283 1.8138966962244467 0.0001082694067887686 0.005724926749952306
167065877155644.97 23.921609952573284 656.8209350991701 0.8217216251152524 286.9128512239063 1.8436128679505501 0.0001263391657272842 0.000526616843054595
94048109141897.05 42.72795067032985 100.44309812309727 1.2792243994516028 25.350670176334933 1.850124322428166 0.00011862205360665634 0.0012485338508208957
19514004621384.33 29.55639733563232 10.69841299671255 1.8268918935776295 30.490144122268646 1.8048890274709122 0.0006108518683337592 0.0057351451008168155
34205415014382.5 65.96730194890642 15.91657016496216 1.0631738779872524 67.43858446431736 1.8045419465054051 0.0007012722837167295 0.009597157359157558
330260346813826.4 89.38438804699491 1189.4209464599135 1.1235652953373207 938.6592397703221 1.8020540737609736 0.0003471016633873044 0.008783951761057153
522927829131346.1 26.24933721292218 2294.58167386837 0.9178657391438464 1284.0722373526212 1.737267135856499 0.00012006233127530068 0.0023653115737115897
5.532577148462806e+16 38.20961337604916 2818.458996875876 0.7967943057040874 10.561853311500608 1.775134690808433 0.00019193232407451616 0.005239341074847921
170282094069342.66 23.846763306472493 2648.7235922321615 0.3961908910193206 87.68092331193971 1.779467907933784 0.0005430203485067344 0.005280788093821261
256647500909922.5 90.91702420396228 1094.763127744596 1.0250066480799096 181.6956967811829 1.8141980803886901 0.00041144547851580004 0.0071725977345131284
407805556703834.9 15.70412552489704 835.8736613629578 0.601144905291812 40.75641878844988 1.7835179354821702 0.0008580745958694646 0.0013482787328281082
116331269867278.64 6.205335113657526 191.1159251364333 -0.18421701523227263 301.7051918059601 1.69863314551593 0.0001958168060652208 0.0096014152982546
27811161728685.73 94.2028555963552 10.0631835391903 1.119322469205228 58.98371122686183 1.780342339629761 0.0009780571642655116 0.001738551007687824
526014910207107.06 83.52207671946427 348.27273072396383 1.6313824985789407 35.833074667268015 1.805720036776078 0.0008939817398797853 0.005969885653242881
133408225732797.52 5.465307294663692 25.03641695486587 -0.020100910393056726 67.74600880295905 1.8261917587225702 0.0002823645249435672 0.00446997555073627
422743998308081.8 41.05752331380616 2833.2384270912526 0.6917845700253137 283.65306675103585 1.8460588705905967 0.00012571161596248187 0.0009358515885192539
28641744102145.008 70.25775616814441 12.148841764393577 1.089087884651038 55.123903233065036 1.8039440631497685 0.0007365726613545114 0.00824171482857079
273678342886810.84 0.8277015217545809 16.311604275577736 0.018777954511394968 1280.4170030962043 1.8228314227469755 0.00043936877356255915 0.007181743497732195
52174534389726.38 16.252660119891118 13.517257440909571 -0.3947488794464171 109.48406531750317 1.7581040613975107 0.00015478860269582242 0.0046419431011992945
348550306144611.0 54.36922147911717 486.408007921957 1.844481292855903 150.10238938255338 1.9358649825007466 0.00038093794763144047 0.0006477348342035219
23906396126151.277 29.985412985249372 61.674927722618705 0.898385136918302 30.275562113329897 1.7825178083075288 0.00034523345661288093 0.0045666533888397386
247846530618058.44 3.4205791438564006 1112.8751464532531 0.23033020162116613 559.6621033477059 1.88059288190905 0.00022501324309748903 0.007383804583337188
122751227748272.7 7.1294907504228995 165.64390933257687 -0.2918999082246714 325.32704020369226 1.709725214802992 0.00018351305043299134 0.009341699189302725
3226623461900920.5 7.504435797135427 564.5597993607631 0.9217101854366102 56.36164034577572 1.7908937137275907 0.00010168361297587241 0.003919309455668045
361056165184923.25 53.33544002780184 1765.9340240222966 0.7997269022997676 709.1864112626625 1.813932207800843 0.00010703618559251629 4.0130379401018615e-05
273446876767193.56 1.7645539877255914 263.9918922124174 0.5750161134544108 521.3098719265377 1.900729942039643 0.0002628674860798965 0.00538183443798401
144294069477834.56 4.331905615781036 23.40415294483472 1.5642768375336522 231.06865829125496 1.8257091602223336 0.0002481270522566582 0.008239326623681166
267222500416358.75 33.06995819388613 231.23976532413513 1.5906037680641043 51.474909795802986 1.8036406936692109 0.00015776294181385166 0.002212968539039262
