212494769987635.28 61.15182580702143 43.676217734926524 -0.3919201078647463 120.33184850620864 1.7300575798721025 0.00014071037961505323 0.00890086428968019
4139123212326750.5 2.403370162763845 2587.8058237777273 1.2631599326819802 1858.6410239830918 2.0489819617813687 0.0008725808472082993 0.004294739312136191
1701472601472486.8 56.93841642698405 1263.0192775972962 1.7802002305820261 475.87002663777935 1.7344010698970267 0.00011065917825158022 0.005538399402937708
123449229361229.06 69.99013515481518 23.897646795038092 0.14019185645549848 88.4855478382898 1.6694140568546125 0.0009331254548277731 0.003164605004046427
1.9180700022059776e+17 0.7001202051536108 824.1866212049479 0.21481968473958468 101.92763777550834 1.7228450671932305 0.00029488815920847495 0.0037878587122570943
109638734779472.45 52.31711205185234 90.86875679038398 1.2841835841084313 64.99645400310773 1.754341127417829 0.00015640789833498226 0.0020675001599514383
423822697004056.94 92.88583161726369 10.459984802704751 -0.15622220499527417 197.50712677244937 1.8260811196918205 0.0006985517209335276 0.007278575079589731
99758885671268.81 38.67401504117021 61.1988504754245 0.8791096020250333 58.02302782472298 1.7520834235413703 0.00022311406477766092 0.00042700782978528744
101595844937036.05 62.74746579118538 110.35711690828964 1.0315727548711346 85.01432294277696 1.710034006089313 0.0005860507756773509 0.006550516470485561
100474288209061.9 35.32603369303267 17.555635846427613 1.695530541329541 38.29751646438492 1.788985714385629 0.0003476664090670697 2.958408690159446e-05
1467789931076409.8 9.929628702687861 1032.9260129920697 1.900451376946789 1166.1865382963965 1.8017384519236783 0.00010419666714497016 0.0030385891150041073
191812159538630.1 54.286490131642424 12.810778969172706 1.1698051482395304 115.63015959974724 1.7136570511960314 0.0007428410150045514 0.007862740296044043
76451755522140.73 91.28620295528228 34.5495526888546 1.4057955116128493 54.18409301892483 1.7834683170783874 0.00034757370408111784 0.008751731234126292
301060668369673.3 34.51058597984156 194.05702840898786 1.9739420856257426 266.30094063206275 1.7412474120635064 0.00044524794749986585 0.00586290196345223
841938559672981.1 51.22268985635594 728.8751991462525 1.621476620599503 252.22575507833122 1.6871376584409647 0.00027421383772718735 0.0076768214754416786
1115597275888690.9 68.82076518378102 395.25006280375953 1.0939952990907895 26.983039232417674 1.7161945325398487 0.00013929976861453759 0.007219389668406095
4032080919536300.5 52.33658133893544 2969.7776816524106 0.8739365183494713 66.07166758065235 1.7036417053215376 0.0003660691979203658 0.0037050164132223008
4935713145029139.0 34.47265046143239 2827.8242679635764 1.892426497714795 4633.140969518256 1.9384716752134024 0.00022604353772442273 0.005495105580266819
75996835522154.75 43.6185110549727 51.702499948789956 0.8572426961029189 48.777596954943405 1.7333256772338381 0.0001871176557960326 0.0008186747183450936
1.4269067151074814e+17 0.7649612288229566 883.5822904953583 0.26820232245747777 124.79928044584885 1.7425923787615578 0.00032347459161424227 0.0038513536016429465
2469334391232110.5 1.1366242244076576 19.226781281728826 1.916008373687604 1786.2953096136862 2.1133255043171006 0.0008449731015835634 0.0046121939602786185
1661544899003972.2 0.11851201138703782 10.463425772292785 1.0737958059527934 4288.637858600741 2.6624186624151998 0.0003175186856664555 0.008251530809396815
28073447115503.934 61.530818547884465 14.41921406298961 0.6129699983459891 16.37573589845526 1.7244331532156791 0.000732177491335755 0.0005994616552484041
312581554673346.25 19.8083541593044 18.853125991890206 1.9438234410348008 216.75492896580843 1.6543596733745376 0.0006303243794704304 0.009018839356125909
396068953018056.2 26.581542738159754 71.91862349058073 0.2947988008738518 218.66793086764318 1.746717912078173 0.00012582445462987538 0.00994880330662132
963983829212179.6 99.30701904675651 649.3567102386176 1.9505049105781056 615.0222338250887 1.9903685000403053 0.00033982033611892995 0.0025599739009647304
190867501663767.34 19.066361794515178 29.618633429932963 1.5520550060361562 92.70286571179523 1.7148202618777857 0.0008666654304283976 0.006900355304674808
382272277132916.6 17.802099542622493 13.543666004455448 1.7978438991424874 216.9267436034552 1.7180755847276563 0.0008627999247194484 0.007355942491833448
3591816645359836.5 4.095282615832041 2528.3464610486076 1.192100671839222 1672.0153442260316 2.006577510117907 0.0008574494336357183 0.00430170068976579
983148820538828.6 9.946954502147832 63.28186016794878 -0.4873541317845278 492.5143840078216 1.8293697455256532 0.0001252951089037071 0.004346247277168018
234525200917161.16 23.593947748520524 91.12940680339821 0.9175360007111656 136.92565144288255 1.7616678752015318 0.0001665426780890209 0.0010949124871622307
144793062371675.84 85.16293654151487 24.519952877562737 1.5484585523585077 104.37311652130452 1.6624546031549876 0.00010067630681458777 0.0020381313711337586
320707500420657.5 89.4530627230877 13.963304396019057 1.708107697882157 220.60509684435073 1.631091193285486 0.00032932320102482896 0.003296166828815726
1403432752008168.2 1.7466313717602224 45.33387343770243 0.9124015010258908 888.0221238791935 1.6417507819704278 0.0005119008897154358 0.004824966890583773
2606092412157305.5 55.40252548575855 931.555688466596 1.5627407685045722 162.51878008555724 1.788310048784606 0.00024844365225386707 0.004246146127000519
370957091366601.7 87.6722420698214 251.3304890434096 1.8816742073023083 150.59444898113165 1.8708165759528959 0.0007190096953436619 0.0004276675868876319
374264969595691.9 88.54458303753393 251.3979997019782 1.8814373801266993 145.26787189891326 1.8649305389597233 0.0007233400442519433 0.0004426321711107422
159228128693203.06 94.60120651060774 10.922069958893184 1.5855038516056366 92.29067386912736 1.73584114213501 0.0008572178187896427 0.008889352908955421
313877677370126.7 99.88794368158393 14.287229124611825 1.8946698939604756 216.50629277013024 1.626042049993527 0.0002857317629360905 0.0028949507924874098
58796459119311.375 69.67514328268969 26.79934367441456 1.3218392400379857 13.819637380227672 1.7658814821618045 0.00018629276164546532 0.008723319744946195
112488792165762.84 82.54183338638897 12.286071332267682 1.4382018209803533 73.9916332970204 1.7032276150197911 0.0001077830871285002 0.006961822059450361
1623921681029740.8 58.10745998561751 1200.9421834612544 1.8049524974414874 448.1759567190054 1.7202103198733358 0.00010641428662258385 0.005513179306284106
853264122700695.9 21.419106197716346 198.5274391561044 1.0288488355627314 47.95944779547647 1.7649866088921637 0.00026879171045281897 0.004940823670646804
1552920778089007.0 6.322827404983947 790.4727738867061 1.9779028295519254 694.825446350642 1.9144489069839135 0.00030831286364209007 0.007432180346226646
1389646804852392.2 3.27141298332609 23.161545929661678 0.578099328441321 708.2327970386283 1.8017697551580694 0.0009960980572876557 0.00010759386721787088
1546775022116938.0 1.4251813656268757 65.471704381139 0.8584691264601374 920.9924086991297 1.6672681558085145 0.0005525765685569377 0.004651804160939013
1.3019880428491398e+16 72.88004694759533 150.85521589657236 1.4896550184285684 12.198820758942718 1.8058062527535053 0.00010959380052229977 0.004572343176010267
45032164894656.58 53.076442113297254 18.673700520334403 -0.24878285451061366 12.367905128323523 1.7635150240474935 0.0008294760212690892 0.002531015527038176
118263941563178.64 90.94249995277859 158.14368969010357 0.7278785737860318 107.59622034502587 1.6820460676210902 0.0002101542152662382 0.003861974134334375
323699040832930.3 98.55954393556183 179.28073213687358 1.5191036862211904 296.3463282852113 1.6819891684626038 0.00024690616411980073 0.0016347684607594254
3865010830767522.0 38.34819666750002 2937.603708843834 1.363369845657406 1482.69740824906 2.024861800655468 0.00025838909898052883 0.0059178501663257384
1325688423349074.0 31.238715715257626 975.7804711611394 1.5017672815165632 882.0144102675433 1.9277051233326297 0.00015084371033713276 0.004093029544927322
3637268770676039.0 71.09719905286323 2796.4850569776327 1.4490649563284452 1265.0709609985586 1.9383329107893281 0.00012272454712903226 0.008286832115589046
527724524194285.6 85.3056877265083 349.03438027805345 1.888470508818719 223.6194136325312 1.921197975021826 0.000621750776878598 0.0012625811822628077
25049800077949.93 67.2226734797053 12.467134470781422 0.5754041196595487 16.005837030050092 1.7166028172991956 0.0005863763836241943 0.0010370851553459046
460444085528451.56 94.13781784476333 408.1060555634707 1.6455459784162572 429.01773278699244 1.7235449437787733 0.00010203355367692769 0.006774757462499367
58109500382010.22 48.746494610262886 28.024824864904552 0.640054895329708 10.974923453030854 1.7297349309447598 0.00015135280357550046 0.0017922364450380862
5209197869931624.0 30.955614102597508 2981.8529679527255 1.935302145004632 4769.240911555523 1.9169206536845569 0.00024018180144868802 0.005520013886131656
267507612757545.1 91.28375772574236 220.45895998022456 1.438707027247538 269.70857872165845 1.6887999995853396 0.00041172674810685024 0.0018403513954700452
307256681311392.0 96.93692650222766 15.468430434084746 1.724618506239807 210.38195940868678 1.629906169731666 0.000300431448145583 0.004142468507195086
1530542257969077.8 55.86973976882541 1185.450877340701 1.7714599729338782 443.16695329245925 1.7076793291037347 0.0001036817189111368 0.005214333450505054
501249985358136.3 8.456933538052752 19.410082435816534 -0.4918958703988474 55.15706716081583 1.7226657756046204 0.00047458436402570683 0.00204349706194699
427645523270402.56 93.02008217936486 10.525531580689394 -0.1368318543846878 199.57598631352678 1.8258470218565503 0.0006958788644439354 0.007284100991426713
999746662952094.2 21.983158646763165 716.3584380649503 1.5168969887445858 737.6967139408991 1.8160799794031748 0.00019652195091252164 0.0009943005877267892
3472624464721969.5 37.29697160385462 2928.3260549303423 1.192205832920371 1249.88382245006 1.9748437309552322 0.00020767223981225333 0.005423552754079506
430920572991015.25 80.28721943564112 406.94289658371474 1.6373211238748413 393.52591582738347 1.7254764312208843 0.0001423757580664469 0.00660936831922498
169757766795093.25 49.190261909345914 15.19634376812134 -0.1553550905446497 121.21609597804402 1.666064738832083 0.000586650562810832 0.0019037199208187085
29430134643529.953 63.67503019122894 14.91943088758895 0.5990627213600606 18.643680845535393 1.7198766651355013 0.0005096161959828931 0.001005471496578051
138539870396652.94 85.27316637102344 171.59690031538491 0.7386249724345539 118.85194186872106 1.6952060067010044 0.0002459091386292096 0.0037451162726442255
29430134643529.953 63.67503019122894 14.91943088758895 0.5990627213600606 18.643680845535393 1.7198766651355013 0.0005096161959828931 0.001005471496578051
490403972960771.94 84.3709875048878 477.7521741565101 1.6143766607800056 415.1527380532919 1.7430713301367509 0.00013450775077869346 0.006808385725172728
75996835522154.75 43.6185110549727 51.702499948789956 0.8572426961029189 48.777596954943405 1.7333256772338381 0.0001871176557960326 0.0008186747183450936
174773154918184.9 44.71625603571515 10.983526002665824 -0.1567177431853145 131.07349395386854 1.646941953182398 0.0005943822248336063 0.0023412216383546383
3826342853890316.5 70.03546704203632 2873.099619995527 1.4242879374680562 1250.3220843915014 1.9585475409504547 0.00012548064913288617 0.008131788935706598
1.0682001175573149e+17 82.60584820103891 162.13523708644132 1.9717547079621378 11.548013449526119 1.7454463248324352 0.0004020539545609914 0.006421654931330745
3965858250602200.5 53.84310073944497 2862.87738120557 0.9064875995741958 71.69198825077784 1.7032465883153574 0.0003417801413208579 0.0038400543625672864
103991852246744.48 34.402631423471135 13.332358055326464 1.6788787165598582 39.56619406401734 1.7695746504836287 0.00039899352588491303 0.001376616142480561
4172631254509120.5 18.215296962405198 2577.5292980660056 0.7955329833752428 114.06884645085269 1.677758000968372 0.0009437638505268409 0.006398591573870353
743649468790531.6 76.25605866755785 805.6649653813218 1.7206246084735142 540.118778747917 1.6902997090592464 0.0007199877245918631 0.005258668700483545
273740002074144.16 97.98563671130029 11.090841337162972 0.11517918063410348 131.6507958682741 1.8004808072059413 0.000748219519977297 0.0075202515539580595
488092641936564.1 92.74240489769664 1059.711370832125 0.7799668219825635 69.24489408041 1.6776254085762545 0.000750757178103482 0.00333035731418629
294576168730960.5 95.04958219509388 251.08284428993522 1.5394114123274185 287.77665834925085 1.7221813346421564 0.00035229882646187357 0.0019192508291886942
1.4269067151074814e+17 0.7649612288229566 883.5822904953583 0.26820232245747777 124.79928044584885 1.7425923787615578 0.00032347459161424227 0.0038513536016429465
1662220275493616.0 57.23920728399095 642.7462944856547 0.9503038556887274 40.42537720069861 1.7949970232382462 0.0002440294675826164 0.006354886671727763
247349916608954.16 76.03187003722108 25.350270779469454 1.9963573506519627 121.73040500446514 1.788583121286143 0.0007720904916457016 0.0049606504457133495
857705709924278.2 10.36987472275834 91.96529266138081 -0.22492738549598634 417.25757714332167 1.8149505199261027 0.00016936237865453535 0.0039035604143266207
830282865538134.9 6.598416688733561 279.46643993021223 0.9978288462529382 416.26250537257624 1.8144711463492795 0.0009324154171913076 0.004783118516467656
5040956192904838.0 0.7352209627531777 1409.4400152552294 1.9146157832975046 1467.587620305555 2.210690169533263 0.0006756390581949268 0.0028830045900438347
306802146689136.94 61.05584908904501 82.948571963934 -0.11476659262383859 160.36792920956577 1.7621117072797237 0.0001033476286003854 0.008614448506332886
75781418828180.25 98.77258002150637 40.08217164422718 1.8314642731009736 74.09804878237388 1.692498604761743 0.0007264877176764373 0.005996974294783683
1189911970221119.2 5.210510237895207 12.990671855033785 1.6999953861040453 472.5885052967807 1.8586491540251804 0.0005236241530406446 0.008788346740948635
495132719543626.06 8.644839572452774 19.95970287405742 -0.440413349054775 55.32830206236478 1.7255814555574367 0.000461019506185437 0.0020664310186108317
3637979316176720.0 63.26372522802678 2141.3390514751886 1.9655170979842778 1220.6778110327648 2.0851656266111878 0.00018924272371654313 0.009097670522100323
52736990421637.125 86.20648058278968 11.733633070151983 -0.47637525830881655 30.99814678649823 1.7239217819883452 0.0003537797734274888 0.008975765162159208
145868460723290.9 32.12202837673491 21.21297571386853 1.5485029934502843 59.51984506617677 1.7818024468043565 0.00040264607320687285 0.0012055507509621676
295312692920891.3 95.52430558252055 218.60910791494987 1.7925641636411145 75.17871905066706 1.7188370823234262 0.0003127579912998984 0.0027142967376454245
2186192428940957.0 19.5294485372755 1303.2261161743959 1.7900253556187735 1657.2927992770663 1.975105419307084 0.00022210997453158402 0.0021244992862265518
988705713975313.5 17.72583846828769 666.3998158020238 1.4538348669840366 741.1909789283281 1.802008125662232 0.00018472937509112533 0.0011024788347212377
584603084475013.8 8.26284676623974 21.418766469028576 -0.3492969158046839 72.43145781454281 1.7629476340220176 0.0004876863895168803 0.0025295236894944256
2481827143411636.0 1.3191613951788614 864.0367984353089 1.4532710302968483 1890.8652805762476 2.1082992576190263 0.00012385347986144864 0.009153562674109413
1848797789684888.8 20.516452760876486 1392.5391950282296 1.1663764834792492 617.1111430254934 1.930261957226279 0.0007037317644492173 0.0027011910828591067
494654428189797.2 16.971045917738806 68.48032107632453 1.9588405821038541 52.92900373154776 1.845327826496948 0.00011912872520880181 0.0032602801525301937
2558866768034347.0 1.072498423891247 929.1820495060374 1.4374548880913882 1886.829316030491 2.107263842153689 0.00012111094964418266 0.009081732530998754
1355563551466795.2 4.977264385697975 96.71350465810794 -0.36454696265896946 656.1831574631951 1.8571413317075933 0.00011440629891735684 0.004187541248158567
8.247553584825742e+16 66.37240762822907 1240.096147206734 0.8509400693623079 10.399707958271557 1.8043663930424203 0.00010554214381121528 0.006677460702754518
32332094402326.094 69.83778028419651 11.644712432625335 0.2899014283626091 21.924530372810406 1.7048649768215451 0.0005935771433521709 0.0010085500011871359
69516402776600.79 50.55400875915703 42.31613112356148 0.5522124037824537 12.588288672887918 1.7430805101060618 0.0001591007747869099 0.0030145339497515506
141278957463231.2 83.96486062921964 174.06971348295232 0.780131748257074 121.13218857027623 1.6947583463858422 0.00025173574207895623 0.004186811258931442
4566282457541295.0 0.9693988529705102 1323.9720300949584 1.8905261585491282 1376.621416872076 2.1911484186216 0.0006672990285736487 0.0028500481717732137
195822319897781.22 42.643127165390474 139.88301886589826 1.7653990398631993 87.31731421676345 1.753822131819727 0.00037730063969196797 0.0017999924864627996
124768733279057.25 90.50892320792087 26.86471819828213 1.581901739617477 97.18750825899384 1.6467624585609544 0.00016904192385918193 0.0010293937895800836
5040956192904838.0 0.7352209627531777 1409.4400152552294 1.9146157832975046 1467.587620305555 2.210690169533263 0.0006756390581949268 0.0028830045900438347
2670443469916512.0 1.9611071164818448 1781.2172913228553 0.9546680189028107 2106.4808050157685 2.009355948501031 0.0008255944805668896 0.005242052407318048
5518173921325284.0 60.51186332925655 2903.344607111526 1.133316148662911 122.04561015483391 1.6884353606491715 0.0006325566195846075 0.004372493304434519
8.359450232092182e+16 66.39493260308478 1316.1261410084321 0.8583511634135503 11.08930337171087 1.8086273518321132 0.0001044782752732608 0.006636170347006981
826581911238727.2 97.94594392597577 553.9851075967838 1.9082018330859691 521.94633477611 1.9842542075607668 0.0003659810199220063 0.0023306478522462596
1988977774340748.5 20.99019384282358 1274.0096738385832 1.8026070369685148 1508.2361364666172 1.9433497549815963 0.00022198542531413364 0.0019452085024994036
295312692920891.3 95.52430558252055 218.60910791494987 1.7925641636411145 75.17871905066706 1.7188370823234262 0.0003127579912998984 0.0027142967376454245
353149739864356.25 95.61219526261505 233.87701668230156 1.7823271128887972 75.46688054149405 1.7362314189013568 0.00030716757114018035 0.002894430243138499
4776348920720027.0 30.24688407676257 2753.8206189570133 1.918912501774052 4345.600163173843 1.903236996360594 0.00023922629190217988 0.005469887803644581
528517297835489.2 8.771678062545334 19.042054060411942 -0.47378805435659 55.60881110891494 1.7356889634734685 0.0004681116322353505 0.002042581007699081
1542546387469229.0 6.868491213561256 821.5135883700589 1.9431575121874887 701.0677208851522 1.8995450717972941 0.00029140420844902225 0.007253011699626855
141923087919608.38 28.53083921650186 28.62044514629401 1.935205714743477 99.65043075783278 1.6608081013376144 0.0005793328747556886 0.008193260932539474
763406674868969.0 75.64997760908103 833.3867788593017 1.7234281756527856 548.1651281012955 1.6868417451304478 0.0008048053407808584 0.005158275250834328
1492775482083017.5 3.6990240701860713 14.030067653192074 1.606344014235628 579.4679388437377 1.8771745427357303 0.000408544240461574 0.008951062628324359
1574999593149574.8 0.14661416816167527 125.28485941619434 1.4914979448182337 3596.959457802816 2.0004965866035245 0.0006245908356489285 0.008979431890977769
585187153519000.2 8.240734004014854 21.395037178787298 -0.34990434203217213 72.4296046434025 1.7638795986684364 0.00048765532595467604 0.0025300137865639054
1397974382866360.8 57.758897220306665 783.1336613750987 0.8550372039119521 36.02457182486613 1.7554933233332346 0.000603007290801466 0.001477863984509417
550889407606211.25 82.58721365158127 368.1353478139644 1.869180711250753 227.94932002557147 1.910313853304618 0.0005840981618275739 0.0017054208434793415
96636144583120.89 65.27322889281744 30.6337111268598 -0.41975857875646405 72.32945560666596 1.6464885837596108 0.0009620065800485653 0.0007443226162885657
2150455326153305.0 44.80739442267206 2373.7427939808445 0.9682611456787166 1264.3762477491978 1.7357002903840524 0.0002043109449918249 0.005078645206634855
247883883856886.72 41.888307207379434 800.0769515551152 0.1053866382253077 114.8237091606825 1.7572457229922023 0.00020705206036526988 0.009195850777379758
1375367144904625.5 3.251710244941833 21.740993003103892 0.578368531008162 698.5821097340199 1.7950170711439963 0.0009819186542666825 0.00012865465368546867
4337297797461575.5 17.846027651082895 2736.3296045521206 0.7774967290104235 115.31710501741058 1.6817943371327178 0.0009653518939059078 0.006507962105776517
1265566073519804.8 88.61135201330232 368.3862869958147 1.7871440449171476 68.72039576807039 1.761534013599819 0.00014273926296974474 0.009733895871322633
3523785038244071.0 61.427621058349864 1872.911911346299 1.1740622061346544 117.36846612259177 1.7060651313245008 0.0008007192442317263 0.004911858121936402
200280776869637.47 75.12669731599071 19.85778684800489 1.993668898903104 146.23453629098955 1.6426612112167516 0.0004880863428335314 0.00176987159191079
1735572682003462.0 58.837470088214005 1244.6112172171577 1.8277011160670416 453.9778853449671 1.7245937656231183 0.0001040192986758767 0.005562453952140066
64794886337089.6 97.88246117890165 41.366933573796686 1.9813991420249437 59.33327883852033 1.7581399492387595 0.0009138009943239529 0.006388730287815948
83519676115209.78 65.81745033663366 103.26877045826137 0.8561876549396386 68.73308784298571 1.695939806445883 0.0006408042696902887 0.006047478691084671
2496137493105126.5 0.8460995181624148 14.13745093453963 1.8751426307223458 2087.8242853123006 2.112363322333458 0.0009818858727630665 0.004506817641340795
1232143216244420.5 4.205102716133762 24.42684704363713 0.6473644173428379 639.7869797535931 1.7930335968943694 0.0008856934999698454 0.00015285973344264254
2600026819378441.0 57.091859394740226 978.9413040662591 1.5667890292655469 177.2052270995882 1.7995181486870289 0.0002627240365711501 0.00409247819089459
67125132324200.75 43.70576427130622 26.815778232803208 -0.22840072394561073 15.493709429490652 1.7832235783254167 0.0008305298265374197 0.0030644106463437707
441053854410669.06 76.0511825388206 431.7511353253564 1.6263871114384134 390.79481917608956 1.729710242090035 0.00014526356259256175 0.006275745757494325
1707032551091692.8 0.1354675761038493 10.580284900385868 1.0593777987652684 4309.466283518539 2.6645904823315925 0.00031125967194202024 0.008312044730366942
3.857566904634251e+16 5.543691275891895 186.07930308196254 0.1186081576982061 14.146032797766944 1.7488341053742507 0.0007693630760517837 0.005440183644188249
4432958102224287.0 11.126482695577579 983.3107070886549 1.177644169683652 143.75590898137406 1.6554838419775848 0.00018767277386664777 0.0012008699575718844
3841924389617515.0 32.51410750166601 2696.976691531449 1.3781808257667572 942.2936938322894 1.9149135934591266 0.00014006757567460888 0.004058148082774194
1327745787341795.8 7.59251701230051 711.7340256122117 1.976189880452755 634.6231422397611 1.901020259243521 0.0002986969958585211 0.007251774704678131
69564581733489.516 41.511757088640756 30.32887099478415 -0.16294465658564383 16.704876144249802 1.7766072473997183 0.0008694512944179838 0.0030505276345614363
4506016914671597.0 18.957281256904263 2932.6844073388006 0.7781610885497704 113.04280237871623 1.683504777276383 0.0009341750321405906 0.006372556662300869
89919701357062.86 60.20478013991463 10.382741426444607 0.6881976883574177 65.57488975245515 1.6651604555137118 0.0003385421979483611 0.005557848795527579
3492504015497594.0 3.1959123800072504 2509.460486350727 1.1654940531137292 1967.3640760028202 2.0200498576620847 0.000946839845707312 0.004312641470410243
114766242537036.81 63.68667893708787 28.225549266047544 -0.23831803035189592 85.78209765899759 1.6567446459447155 0.0009163864322909316 0.0017154003020213556
144839650159988.03 36.37478890510855 28.710214378776293 1.3721048119178687 103.13907027443166 1.6698812820270534 0.0009761059441223434 0.009277492040698852
69162448109438.35 46.731850634830415 33.291092327086815 0.6453226859779133 13.287941517524034 1.743740901183453 0.0001639571846349532 0.0016622333407491866
1787928748216835.0 1.1778089156474523 57.09834272019049 0.8956537639746033 1181.310500777202 1.728817312141706 0.0004761692280697574 0.005281795918631602
262920086875192.22 38.861562972537044 237.6102806889806 1.670341358495549 211.2684986862669 1.7282178803976076 0.0003505200962414863 0.007341545120031372
40458045089978.664 61.08429553924934 17.685966752895414 0.7074457074872216 23.081756289463787 1.7476448208641904 0.0005582985735801518 0.001062728268627392
202338573202825.97 14.51173638378151 35.202251139626 0.2644672080131838 103.88274278725964 1.673146482977391 0.0004239400655442253 0.0029673005777716577
119734807783332.17 77.92501080558608 12.144998337395542 -0.02042707262718957 32.73143639679868 1.9005981565465562 0.00012736032861369238 0.0014175178328214074
3.2599889503533324e+16 37.34539705599236 708.0502526958009 1.7448917066944305 50.38351454278836 1.646282159123545 0.0001943144457173167 0.009010147907726139
854856109494924.1 16.34448540537295 687.4021921181712 1.7058180203484579 741.1954791050262 1.7193862179206731 0.0001236641762949899 0.0038744724931286953
205603588511329.16 96.80495173925192 36.86313257805294 1.3289144853966897 147.19050153087997 1.6425852153079714 0.00040573440086264596 0.009217195467645415
4.965929729174963e+16 5.242056719670674 222.7994591304876 0.07118193427031794 12.341950712685726 1.7484134287908584 0.0007755598444741066 0.005674720313349886
1.291113885339498e+16 9.042687162008122 28.10727352619057 -0.1406712269964342 14.341019824329354 1.8744903360724865 0.0005061533534781999 0.0017603525737662344
5.111038969240408e+16 5.109234383997752 237.018563609007 0.08083942750117867 13.318756751467456 1.7478778747204895 0.000753032706897977 0.005586292992315828
1440891485602936.2 83.25641850916813 440.19746591202903 1.7396287244585427 77.91632167597116 1.7600104621572452 0.00016051184589066 0.009009833298839498
2455706411800910.0 1.925285622131824 1058.44362782254 1.294083794786937 1298.7418982977563 2.0779686013297547 0.00011482280333148564 0.008459084462200976
65835391348271.914 45.20526104035281 28.668276413561188 -0.3556046533583137 12.875527705830617 1.800595962209752 0.0009034795315458204 0.002708763503194337
101595844937036.05 62.74746579118538 110.35711690828964 1.0315727548711346 85.01432294277696 1.710034006089313 0.0005860507756773509 0.006550516470485561
5019348422039188.0 0.7458882765501933 1416.5127544125316 1.9031207519093232 1468.1711200905484 2.213951236144788 0.0006737469332735605 0.0028623173346488655
601175491349644.0 50.194455074349214 633.4169616344635 1.5613426951967115 273.79021272672804 1.6743458083837113 0.00029080559488091335 0.0072402989192072095
4532327104271238.0 0.9328871636398652 1325.826631242016 1.8933376025220663 1375.0649131613416 2.193100415792827 0.0006680324332338387 0.002850014337228197
193587446756008.75 27.453705317135153 12.217269510354694 1.8694122461716935 135.52959167224807 1.6623233655138487 0.0005169470211111053 0.009368678755843246
2157230485896101.2 78.2199422787872 1814.1921057029601 1.5613262718764347 1025.0204416046406 1.8363701374314894 0.00014205058724167625 0.008489936835236843
4867839452896925.0 32.59585542074122 2878.0956358496182 1.910312299883528 4283.960618936194 1.9127969505748774 0.00026436457346653305 0.005795377909202008
4532812355666584.0 11.006418504500129 1003.8641224901802 1.1763546848068196 144.48704487277638 1.6545750995629012 0.00018735169375554283 0.0012018525878763303
59900053625528.6 42.25279927111869 28.428294666734928 -0.2140029120161684 14.281625367554767 1.767885396000754 0.0009052832650929317 0.003112872697154191
143237167873241.94 88.33564254538742 255.14098941867366 0.4102159007870989 59.63103047285345 1.7733405882759503 0.0003036169660138169 0.003868712997976212
134713226709051.9 85.77679072047899 16.15249187516185 1.4052676087204343 81.34223173656271 1.724626648964833 0.00012006754325749478 0.0022936184595592287
2606092412157305.5 55.40252548575855 931.555688466596 1.5627407685045722 162.51878008555724 1.788310048784606 0.00024844365225386707 0.004246146127000519
932951466796353.9 9.792047737949737 68.38445351527302 -0.3559691312128382 453.57129035865427 1.8325988902769657 0.00011675070934234526 0.004144063489242301
1442067251189279.0 47.08334028395751 461.5233595124465 0.9985143504857854 48.718760874448485 1.8348197421669834 0.00012927338499968402 0.007285750923063787
84237236616263.98 74.29445349764134 15.28948172636444 0.031492722892159986 51.402768669551364 1.7245454933532018 0.0004869173335800505 0.009074081838399441
2704707960616319.0 4.814310297275142 1919.2119640121125 1.1759189179783878 1572.8857855600365 2.0058979247826514 0.0007900200699549921 0.004376304822100536
155348024999238.7 40.30109465763847 11.379234722279234 -0.4656788393186835 102.7247015217843 1.6875207691302658 0.0007766855485951169 0.0025747764402543304
919115174511279.4 10.927569597174667 65.49259698623622 -0.4644129525795766 467.5263481886351 1.814361534092037 0.000128398405584894 0.004373609957641207
1.2928873575172596e+16 9.075157309911091 28.09965685895038 -0.14013485013548932 14.342444427582977 1.8742434821268918 0.0005058544483160554 0.001761406860944161
585394831846912.5 96.51963834515138 1045.5065712475262 0.8361890791525022 66.95186804090126 1.692236891015715 0.0008763709090706456 0.003996599678996217
237604827988337.97 24.439956199189247 84.74387735340281 0.914142907665403 136.85017955283334 1.7632179971581572 0.00015581525725130062 0.0010953683660916444
2434744793809312.0 56.84356932266285 2170.2901937177394 0.953727869037936 143.14462048196197 1.76878177419805 0.0006733319639991937 0.004508863764512547
3.879167215025145e+16 40.78796578150788 782.4739711970427 1.883760686553003 57.522922100889936 1.6382493621787813 0.00016366214083991595 0.009056657874568929
1.6541653837930836e+16 21.187024489027902 535.1109658893322 0.7576547515427696 23.251801648986635 1.767978503602769 0.00014338886387105915 0.009148851516639075
78554647547858.66 71.43292221168664 18.138738729431175 -0.03494736060932313 48.602022055654025 1.7210382726850446 0.00042572403621201016 0.009681605917908185
4041781827289166.0 52.378696175186576 2951.690772680566 0.8751987632063807 65.84323527741233 1.70385114628285 0.00036516523606949347 0.00370679446397999
924849766054111.0 5.74475633996666 317.1396322161487 0.9552250025868179 454.6582160203759 1.8184072782358116 0.0009912598595641006 0.00428485182846316
163225099703883.5 25.92080369583981 11.808278867249403 1.9926486386274755 119.52898355821077 1.6428962503096594 0.0005140629141110272 0.009619219172149928
197629633300703.62 14.591857121858439 37.57727776166256 0.32363995461182105 96.97850295370506 1.6802149389025547 0.0004427433077450513 0.002810346735655712
1799629708960748.2 6.339913128210995 997.4387241932827 1.8170461685447235 826.2772788243185 1.9246041276253651 0.00035352370240130434 0.006746413767483136
116803119012062.8 82.17688222067916 24.688636088686735 1.7818255161483028 86.07184737817582 1.6744615465060806 0.00043951924810841183 0.009486166495995024
1812645041290357.0 57.371440106288134 1294.8633258517216 1.7806087227229024 511.44857482225484 1.736449912122638 0.00010436366185480083 0.005487576753784739
3649023616377147.0 51.81321603985515 2844.90958472012 0.8741006265181889 71.76044423066722 1.7078043879424971 0.0003488652433866759 0.00368316221098952
894574350930985.0 11.247120547032182 63.857004315806215 -0.4315437059644732 457.3944744310094 1.8118611767757484 0.0001317187366920209 0.00445411495458532
582589207892675.0 79.6397351774033 407.1159982397535 1.9039329466598345 331.9195054351971 1.9242665061050397 0.0005234348488864043 0.0020665028187227884
1375367144904625.5 3.251710244941833 21.740993003103892 0.578368531008162 698.5821097340199 1.7950170711439963 0.0009819186542666825 0.00012865465368546867
3068680146086564.5 83.30520382627793 335.2785663898489 1.437079683815421 31.75720167880169 1.8336543117168778 0.0006920723107964228 0.006577541436410224
1004779535173253.4 21.208127953197756 197.95134937455413 1.0022689571318772 44.48761759274594 1.7642797244302137 0.00026013105224705177 0.005156632438188832
26669731326136.84 65.8853372754445 13.411338066802184 0.5858280014166001 17.007399827582294 1.7180547312474106 0.0005556871458411205 0.0010243790427620766
2160540900869948.8 75.08803584259586 791.070480204894 0.8632241377859879 16.487972088415074 1.7051282944621209 0.00011573842808611363 0.006647434136145389
742291958940063.6 75.88434219792337 802.6350288865239 1.7206143263658533 539.8227162465565 1.6899041708622162 0.0007118064924680286 0.005236160066202812
2393481213135899.5 1.4851967173865237 20.893584020047015 1.8685827478453991 1681.2511161678838 2.094023974699227 0.0008413387816922559 0.004480982059824137
56056070007035.59 70.25974228367252 25.520281950323042 1.321326907808825 13.070525059537186 1.761397836501354 0.00018467381461981935 0.008761008414577207
133720585321420.94 35.171467665770194 58.40226048428017 0.8158350936212584 85.30465313282893 1.7412809035066013 0.0002141880687025184 0.0006759595052144747
2761264968330106.0 0.8576551064829712 1981.0474079405453 0.8087710758223375 2659.5807706450637 2.0100982420040006 0.0008110552921499401 0.005039340058033852
119707219874170.6 39.546412675483445 25.502616816310105 1.259129327266446 90.1222122538624 1.6564195977943768 0.0009799851219503568 0.008677785622641486
252758265269130.16 47.385519199812556 700.741187545944 0.20517492310604696 110.82447550509853 1.7523888874357334 0.00022047276895407737 0.009237718482886294
138822256425813.17 42.62497431166693 12.385430996458494 0.9067006591279954 97.13934537406656 1.6653949614376402 0.0007409874136052881 0.009170968240039972
2400961901888114.0 56.54262107592406 968.81827800879 1.527664616044374 175.53513578423326 1.7992475709456888 0.0002585828348646461 0.0042118524503745635
83035330961910.95 82.23309195659962 29.84563827677876 -0.45696816886450786 60.0953147220254 1.6594120154148329 0.0009859573624776772 0.0011752578345986826
2847586346060104.5 18.696269433346714 1733.7322430251147 0.9079342695956047 143.0607035028055 1.6906955351573378 0.0007410860400768384 0.006587454811439571
1884085480052193.2 2.219947418166984 247.15660967336996 1.274598176985214 600.0835018508175 1.861586334300944 0.00010426710006437312 0.00669893278653956
103634348062250.19 89.68439450286036 11.412924284026152 1.2085718443398175 63.911135326345594 1.7252172125254233 0.00010252371200027987 0.007131539629983848
215439060564824.84 58.66461113733549 527.5854307565891 0.6411961359091343 100.26453296594434 1.6438649329574444 0.00030665205450884723 0.009759716080769955
1174972484914212.5 12.683456130675431 700.9363540167694 1.6478006570445707 952.2665136521231 1.7952903412586085 0.00018229961222328191 9.627274279348005e-05
1450634329951825.8 84.18933235455725 441.00504071487404 1.7628787051240287 79.44693735617943 1.7581052517525684 0.00016003149058493228 0.009051108792696305
988120303093985.4 5.948921083300313 30.74940673803875 0.7942493218959819 542.5385686399557 1.7623459816768783 0.0007022885820280415 0.0007666831020773221
1376245088024936.2 8.589901793636209 752.0034787209905 1.9450345297424145 618.8921536984554 1.9007027695464047 0.0003204425835067301 0.0071157890859354376
141176838321610.6 30.121469533849847 35.25563193214754 1.3712641198629048 102.64456169100697 1.6634420429467935 0.0009497399017203568 0.007845224793546185
153691403308436.62 25.758925025077204 38.9773818291144 1.9622351975134482 109.95825139206694 1.6640449580203898 0.0005273343746468131 0.007565852559648758
1.084754611239509e+17 82.3940102337051 161.5480466740948 1.968271749239946 11.471104665462889 1.7454321191957591 0.0004044149728436096 0.006405595350978915
72700318589647.11 47.103526315941764 22.021709068710788 -0.2701715589426643 20.947983206325162 1.7794429225096 0.0006214447714200436 0.0027116448547008015
119220849569264.11 77.25912450309599 12.68127025180403 0.006174804542056989 33.040253337462325 1.8978984974981021 0.00012797249223399758 0.0014055367200242856
131965351816464.72 51.54988452148777 14.047446798586765 0.5890836744420245 94.57853987875164 1.6608978744437166 0.0007224075216401987 0.00824275564077314
923881622320214.2 76.61727170472666 936.9771599854016 1.8242674943620265 638.7568780649 1.7133211307333034 0.0007934462532781511 0.005544980587769848
853097741996282.0 21.551307437464427 181.8993410581366 1.0566903690136757 46.26610980600771 1.769571564444319 0.00025966595783858906 0.0048572401023788195
1223921088432585.8 3.969846413880951 457.9500878662886 0.39372115256318185 551.9762485304361 1.8312416031580443 0.00010154368913390917 0.002791627433511561
1502940178080116.2 3.503334667709941 13.850963752878386 1.394831023878837 658.984663525261 1.8447381778493224 0.0003850070813979234 0.006578859391452775
3670114268419167.5 53.226626235767704 2507.795834010516 0.9264216489436178 71.46535985417206 1.7003495612828532 0.00034276445920938375 0.003987813282618173
259628998054163.44 47.486327465208056 958.9984401838614 0.14128357001437308 112.42736888400636 1.757828785744942 0.00019994583027373348 0.009283237052635718
2510420482172250.5 0.6864822461213573 10.095349976927968 1.615799671364201 2944.700440408457 2.1115378207941546 0.0003128997195863426 0.00633420531391668
277369195311230.38 97.01816448137856 208.12858438720707 1.7889134126002189 71.08455996305976 1.715999996345799 0.00031939275052368757 0.0026510499583645443
252614326108858.6 75.64120896155765 25.633840908324828 1.9973465527826835 122.69234814285858 1.7928126385225025 0.0007863439104974635 0.0048026378805448
1.1690074642881906e+16 21.44290474354994 475.785185075043 0.7891860232373352 25.01963079935282 1.7667477176827224 0.00015316500985401436 0.00868498811721015
239144822274407.0 29.100192344252317 14.876846781909057 1.7189147104349503 159.5006462621543 1.6784764950976436 0.0005840224540302605 0.008809777132685269
28073447115503.934 61.530818547884465 14.41921406298961 0.6129699983459891 16.37573589845526 1.7244331532156791 0.000732177491335755 0.0005994616552484041
5264007777675472.0 30.552376106550778 2954.5104583571274 1.922661467538 4742.324792955222 1.9159943165835567 0.00024065433374805226 0.00549622452143996
4530467977656138.0 10.88040532058563 1019.3958034430826 1.1775534016708706 147.9617361265104 1.6551427795304838 0.0001862692420604403 0.0011791634222040178
3631134516965176.5 52.98474205058936 2924.5633299095252 0.8889994385241253 73.83812504562886 1.700145181635702 0.00033381532849240683 0.00395037125742634
1676536188999538.8 22.578047660644494 1228.4916261398187 1.0189390442383095 411.508331598333 1.9202025938617804 0.0009099252557560216 0.002726837243422482
1332374470918341.2 59.622832519335816 1045.9498912259419 1.7841983699361537 368.1388995495797 1.6853996984975292 0.00010491698599754931 0.005371819039599002
2812862664003984.0 4.372475647438115 1990.2314472983287 1.1650782352329399 1618.0574531710415 2.0147636130064486 0.0008326071050187192 0.004386791894846865
161132870748996.84 25.641393072538527 11.777109516410494 1.9955827211627217 119.35023827907392 1.640707276584157 0.000515748956477614 0.009636503608304677
44495693521526.08 53.103849135940706 18.42061430297275 -0.2668478147193869 12.04507960335295 1.7629873308200184 0.0008353704203454647 0.0025474140957185234
116993943911875.73 34.61184623768358 70.94548097312556 0.9419639390983197 69.22101703075482 1.7498255556924918 0.00019727575719564818 0.0002902438073349965
3112526743043413.5 83.60074650181387 334.1669657087024 1.4313180868114312 31.298651154621147 1.8349971846561293 0.0007040996938414035 0.00661440891417438
106678118307904.6 73.70770465227997 15.38901415058311 0.9226089040759221 82.4701335536722 1.6494676185083712 0.00017164773022535962 0.00719030526959725
220680346359793.5 59.148169089305064 530.3573795047846 0.6532165553427516 99.41411907977233 1.644954087958353 0.0003056616704257378 0.00973417817883316
353300180881047.1 87.54265933175412 241.73655178117832 1.8788007039165908 146.85203647174558 1.8666865626539704 0.0007267205394895062 0.00030139317221792444
195372081547039.3 96.99303765256653 433.3429263969723 0.4574364581899001 76.62017949410317 1.7572921100070416 0.00030138131401085874 0.004530322796784611
152649625844219.03 40.33654490404208 11.486246621667474 -0.38010220767279 112.88346334174409 1.6520638009259598 0.0007740004882585687 0.003083891556581828
140115824461853.69 28.822548795791214 31.304673256968954 1.929110238218294 97.85202112849802 1.6628374186669754 0.0005861725404551508 0.008047555599135187
204672803294094.34 13.181502021880211 27.697656617339938 0.02222023784740884 95.64263029959494 1.6724277373769834 0.0004725349205494807 0.003359084579552681
99758885671268.81 38.67401504117021 61.1988504754245 0.8791096020250333 58.02302782472298 1.7520834235413703 0.00022311406477766092 0.00042700782978528744
493019667752623.44 85.73149947824268 474.1869132382528 1.676132311258637 428.3175757087267 1.7444370588651916 0.00012636780243721838 0.006828757382223084
107465291301839.22 94.46417932531558 15.206695984845235 1.6342751170084864 70.4938858405014 1.7087568392946306 0.00011749592076734235 0.0018898640321024823
1941500044967772.2 41.72192469328463 1978.5747813923138 1.0879099483919048 1116.428449632435 1.7709830830286044 0.0002271078815938227 0.0053695475516454035
1943309549399635.2 83.75970623767428 461.1427374709814 1.8902078016578745 81.32169142852203 1.7558753541937573 0.00015046247756695543 0.009789568454944242
5235094548552198.0 30.986835407536027 2993.050165856622 1.9374626516910602 4809.333438097156 1.91703056555769 0.00024036045935985247 0.00552858240838529
2444142905683242.5 2.5143001457402665 1592.9334330925112 0.9590750677462305 1945.1187276522264 1.9682340488294483 0.0009961987229789406 0.0045747479889782965
241336126023584.47 18.715395559949258 146.9785561662076 1.6530116042192862 222.40365727167568 1.6532479570511682 0.00010359630434749255 0.0024234573459064237
87429611924042.33 58.437425213241525 12.083754040601866 0.6653035593827966 48.3325939185004 1.7376745367527555 0.0002662637922035065 0.002851230683443384
3072729970980479.5 83.30364754240827 335.1168422375275 1.436506197330826 31.705983959870938 1.8337872966615205 0.0006938584720390831 0.006573187348906009
4176458658839274.0 18.24452059835221 2576.369844531178 0.795457187914919 113.9612349748534 1.677485223233628 0.0009436891302518341 0.006396575059757794
143962255587614.97 44.892049474095266 99.36561157393298 1.28913774555678 90.64159757341844 1.7772921936880433 0.00011457917279238049 0.0006124459332017378
135536673948796.53 42.165719413569875 11.045048982265532 -0.41543527435393135 94.0802553621918 1.669527385305939 0.0007373489191105379 0.0027174262075007334
3185810138496637.0 61.712684440403265 1667.7937660720368 1.1773487486284915 108.55773618023522 1.7130818881413243 0.0007162523189974084 0.004937633749615141
131198878058187.39 86.5958308487203 24.009885898798352 1.3143055170540325 73.60117722748795 1.7630167979369258 0.0009509084829288266 0.0037583769411266765
4167427720950050.5 18.440448338759797 2640.7143015847073 0.7852912351893389 113.1723311289191 1.6780796604938861 0.0009853208971976352 0.006535388160091577
3415352008663522.5 52.31944775228775 2667.631677231906 0.8850865911584392 71.7898146233297 1.7084847721729457 0.0003473806608257095 0.0037762873715318866
3604180390297628.5 4.339111695354765 2589.1118818686928 1.1630344918945585 1679.669428787475 2.0072883677328277 0.0008727710338637933 0.004249684227516432
168545822937135.66 95.2495262997275 144.7916425046253 1.313026778782884 181.97626227352401 1.6669169090119753 0.0005056689005028721 0.0012994507962622768
2474131490015934.0 1.126169983464866 19.272967633384404 1.9167536645596825 1794.1389784502162 2.1143874838319907 0.0008493429306135875 0.004591947714801496
241336126023584.47 18.715395559949258 146.9785561662076 1.6530116042192862 222.40365727167568 1.6532479570511682 0.00010359630434749255 0.0024234573459064237
53110500449841.695 49.215262344328174 25.187401387394804 0.6351356876982861 10.230447719743186 1.7251972596229506 0.00013817725635862935 0.0019159574499739472
5518173921325284.0 60.51186332925655 2903.344607111526 1.133316148662911 122.04561015483391 1.6884353606491715 0.0006325566195846075 0.004372493304434519
124688824320053.75 70.08365860821047 24.447209607895477 0.15113129588296725 89.4964529851696 1.6699265318081482 0.0009196691137122304 0.0031932099578744133
247407863618588.12 41.96892882888851 807.6208222441891 0.09193051298422472 114.06306839315967 1.757409844054397 0.00020610215842021938 0.009223003041779254
216216090530199.44 56.44535941014605 34.64205682960409 1.3433035212388873 143.93548809682468 1.6825349649223713 0.0008708849154586573 0.0090285393805246
3116828214971022.0 0.7274635907300961 2164.7731927886302 0.919622666643174 2387.3450986695693 2.024412755654618 0.0008267000988236535 0.0050849142548744525
1.0675361923734285e+17 82.59973220588004 162.1088321804472 1.9717390544506275 11.550277681032245 1.7454448502611508 0.00040208672080338016 0.006421713664381951
654777617080472.4 83.9355379983287 446.82380777248926 1.8836200992299954 471.61146218839605 1.9185293966311099 0.0003773196413115319 0.0032365591725485813
4067065229213527.5 2.6187953431989404 2726.1051000464677 1.2053083110775562 1889.1584164674882 2.0339504545052844 0.0008921937483580273 0.004420880645418923
875633985238656.8 52.054227039478235 698.6632514639448 1.6167446510072967 271.01368585537796 1.7485755479377458 0.0002523838632343017 0.007479584246011844
181719726529403.75 61.02455035763603 28.07440098886264 1.207093329877106 130.35393276912373 1.6594355539877836 0.0009842272353095612 0.008532246838579588
131042897793701.39 36.41572874365087 26.506914819044813 1.3844574399626555 95.88186685935048 1.65848736354599 0.0009720163569758782 0.009260389674779735
1951980377092016.5 1.9899279988673229 43.31014314754314 1.2928057025301571 803.8627489718605 1.8437782435968657 0.00012052937608956246 0.0061865344099656175
1.3022440477461696e+16 72.88098015628923 150.87091344183284 1.4896436190658275 12.200247099004192 1.805768386708713 0.00010959377109102944 0.004572400962954358
1833584834859025.5 1.196870194112754 57.163693102883684 0.8858223732139117 1138.7676696205713 1.7294782074479307 0.00048203914736301163 0.005227328739560945
126968451255973.9 88.55061896645697 17.296404951688945 1.9712690820518985 93.49021995013598 1.6568082421460066 0.0004474106008004354 0.009836613524482854
4.714947698111474e+16 0.16857307098784147 2290.871131983931 1.2605701769568323 1104.89969665622 2.0852274613007484 0.0008152165296319212 0.0024897147227997407
28073447115503.934 61.530818547884465 14.41921406298961 0.6129699983459891 16.37573589845526 1.7244331532156791 0.000732177491335755 0.0005994616552484041
300983115099730.7 26.949932699687547 15.131368027676436 1.4958778538342652 189.01200362306147 1.7016372313202586 0.0007107930652238973 0.007000885600185234
176010082175564.75 90.72068393067008 12.45119994464659 1.7404130009905652 106.29928610981364 1.719789230883213 0.0009960146986367742 0.007800891761313746
1.084754611239509e+17 82.3940102337051 161.5480466740948 1.968271749239946 11.471104665462889 1.7454321191957591 0.0004044149728436096 0.006405595350978915
4032080919536300.5 52.33658133893544 2969.7776816524106 0.8739365183494713 66.07166758065235 1.7036417053215376 0.0003660691979203658 0.0037050164132223008
2179314451663471.0 17.52647643497057 1344.927730692483 1.1090634179332735 496.44087015270634 1.9933268602274639 0.0009540117576133255 0.0025031405477563703
156806301380628.97 95.94822506083035 18.310820022664384 1.4204610383493528 83.20425699729098 1.7628256372932467 0.0009693051146816327 0.0034528546202282615
117847902179547.64 86.3025721404872 11.250279705334112 1.2973620539757658 72.99564330796974 1.7168580595337448 0.00011218573175622183 0.007041484691289306
3181188973176746.5 64.55722646213096 1828.7246208996007 1.9425021761291021 913.6114565540881 2.0304735606931406 0.00018296056428171795 0.0087491246732531
2345962654653476.0 2.719165535970916 1414.521398336043 1.0361064192767766 1744.7265209960376 1.982851771799123 0.0009903298451696082 0.004811348066918002
258283062958608.97 95.1393394361328 215.4611552116945 1.6003788423206928 255.55640795149327 1.724137988889968 0.00037166913519640874 0.0023567769675004223
215439060564824.84 58.66461113733549 527.5854307565891 0.6411961359091343 100.26453296594434 1.6438649329574444 0.00030665205450884723 0.009759716080769955
204816006281970.75 97.10679037031144 36.362688951897276 1.3392134065788859 146.33188153538015 1.6440898832407072 0.0004082890522981976 0.009197652875330307
193758296206128.06 20.94136190335528 11.940596395091882 1.8947467366856765 124.5366691658438 1.6673137695740001 0.0005382484700234391 0.009775149134896917
1483174999648970.5 9.714734593630855 1042.7603427921226 1.9023450522016745 1187.4438645600267 1.8021529834042338 0.00010363214807193742 0.0030443666889519525
1629778595575462.5 76.14097889364841 460.8734643752515 0.9662976678693589 16.86054286390065 1.7172818413416022 0.00010955204798636026 0.007199133890762941
550639021840297.94 82.62729247148141 368.64875217252853 1.8698242269467575 227.82157726517616 1.9103724941349225 0.0005839424794930283 0.0017061260746650932
155272648697650.25 81.96780990499693 24.59278472332963 1.4446497330529486 109.1942736301878 1.6694974169042038 0.00010262707815596601 0.0021249625348944215
888983464043699.0 21.209628993998823 197.076725305831 1.041860723507383 48.369675244636895 1.767959509978999 0.00026964840250354925 0.004901112802419641
2670443469916512.0 1.9611071164818448 1781.2172913228553 0.9546680189028107 2106.4808050157685 2.009355948501031 0.0008255944805668896 0.005242052407318048
4867839452896925.0 32.59585542074122 2878.0956358496182 1.910312299883528 4283.960618936194 1.9127969505748774 0.00026436457346653305 0.005795377909202008
147307435071331.9 83.35718303415332 19.270365509357582 1.3922416369294388 89.27297641208244 1.7244510120092844 0.000128710998517306 0.002549331649123115
1011352964169720.6 8.32765575241815 72.83797939287848 -0.39302712342843515 498.75672321040696 1.8136921135198112 0.00011514578198196861 0.004190957388463125
1147012104901385.8 3.670345994959746 1114.8403065597304 -0.0017874524998864327 395.0165026890776 1.7750988230268145 0.00010653235717550834 0.0007307627402586409
1671873747706153.0 3.1901005226741552 21.269436191532392 1.513133648932597 779.1884480279505 1.870144648719139 0.00044431886527224136 0.006781178220882587
102843471444634.94 62.91982665773538 112.46736178481935 1.033046984092469 86.11765946984528 1.7104746328984373 0.0005768361832019579 0.006505270576348764
1.291042637963636e+16 9.040866440495673 28.10872468736152 -0.14073288118593452 14.340509677611717 1.8744346096449813 0.0005061585673298527 0.0017601212558859048
27192579928576.004 61.972538280022896 14.03916817666972 0.6010451920782511 15.985041912820675 1.7236460865017058 0.0007452914768201568 0.000569682616141006
1.3207812329429882e+16 9.263065529818002 25.721257398253027 -0.18623067456585263 12.920345715126256 1.8665796788459068 0.000502594236278917 0.0017365703324850423
4067065229213527.5 2.6187953431989404 2726.1051000464677 1.2053083110775562 1889.1584164674882 2.0339504545052844 0.0008921937483580273 0.004420880645418923
210056345225785.06 56.49346426082719 33.608519337698496 1.3308687933723649 142.187020335067 1.677371429964674 0.0008558736315659249 0.0089580531970619
82413207103912.88 90.89805880328157 35.92523470860216 1.8298549037343679 74.59643742747615 1.6920699669281298 0.0007105305434713862 0.006553312146001023
244986980929210.28 18.877962915631684 155.2045962161863 1.6622258997595127 227.73854621321166 1.6550843230598102 0.00010428472290686704 0.002395341777934865
63042855271730.62 44.789732903484534 27.68838049858106 -0.39451080222271395 13.8154481609466 1.7839028869410118 0.0008954461645239217 0.0032746113539902913
1.4738507522831747e+17 0.7722810120225816 957.4853046052741 0.24621985104892508 121.14296906944826 1.738120700905493 0.0003384299168917647 0.003829385182866348
182711981051865.75 98.53739837116461 186.70785929518598 1.5813711652186766 209.7965302047125 1.6606971147855425 0.0004564538738546241 0.0012487562107432668
2034665121228320.5 1.9935264811134346 419.95599602753066 1.3759461812315363 774.6326600370203 1.9326132082117562 0.00010405453838167445 0.00747076048730894
1.2867318510885266e+16 8.798043691570504 30.15666404315305 -0.14720840431488402 14.318688598760216 1.8676461482000002 0.0005131181302094752 0.0019224408450097923
1143103282642921.2 46.42516112232619 873.74524646831 1.5978217579402219 341.24106660250067 1.778155439953824 0.0002682152335618847 0.007340379253020495
198019515443122.12 38.35968988944575 140.81962021159399 1.6623857026094666 82.38250251533701 1.7425583075269442 0.00034262705686699736 0.0024814086549223213
1467789931076409.8 9.929628702687861 1032.9260129920697 1.900451376946789 1166.1865382963965 1.8017384519236783 0.00010419666714497016 0.0030385891150041073
4.959205226322398e+16 5.23752320391489 228.2550036259443 0.07720001744447968 12.561593802037374 1.7476453176237223 0.0007693288766376777 0.005630288785311543
2880052154220578.5 19.46899149538211 1842.5000806296684 0.8855453854901668 131.2626105025778 1.678700202158068 0.0008114277812300925 0.0065335639035129164
2715884995017918.5 40.53144862171491 2599.8468052695966 1.1743586801485022 1465.8146796398655 1.80544016915876 0.00022841445326181797 0.005633015234172936
1064031238150107.1 47.72765501814758 829.4845722855815 1.599585133530159 315.1063887744915 1.7627887058189766 0.00025862673784874063 0.007351284997334274
601175491349644.0 50.194455074349214 633.4169616344635 1.5613426951967115 273.79021272672804 1.6743458083837113 0.00029080559488091335 0.0072402989192072095
197421457739997.72 34.75992634802921 27.166605805877232 1.9450655892542987 153.37180774247378 1.6273597515520453 0.0004703544154801229 0.009635905829553777
4167427720950050.5 18.440448338759797 2640.7143015847073 0.7852912351893389 113.1723311289191 1.6780796604938861 0.0009853208971976352 0.006535388160091577
287384611571306.4 46.367154449776805 720.9750644571928 0.16220811870014296 120.60123990729568 1.7880671950625444 0.00021081024638384046 0.009415307400381797
1.296481419265767e+16 8.744134040057629 31.14520542767265 -0.1377364341066294 14.724691499187847 1.8663289785442518 0.000514703350160544 0.0019365605305904938
63117240248525.86 50.09424346585167 40.45506160326227 0.4702532130603411 10.089393990049999 1.726419856622233 0.00014692113088830223 0.002771796362570262
1574999593149574.8 0.14661416816167527 125.28485941619434 1.4914979448182337 3596.959457802816 2.0004965866035245 0.0006245908356489285 0.008979431890977769
292571943702716.3 38.84217074797988 329.9952837875164 0.672460021304792 152.42465031873806 1.7578702582024024 0.0003695599396322165 0.009910268728668572
62575434197953.12 44.95265237805798 27.421168806538834 -0.4037269212153769 13.644606283967208 1.7843475876790602 0.000902741149850509 0.0032767146273790723
3582381959413832.0 61.339247817624155 1894.8386783606911 1.1518381988254076 108.04660679356756 1.7080115223056216 0.0007613460713705869 0.004907596320650252
74171578144172.7 94.67756259800532 50.79265929125757 1.8788423267368537 67.02552960520686 1.7620009280291544 0.0008740314939050366 0.0053075658632088275
352765789391863.9 87.60847972889682 240.98654464045475 1.8801027645562842 146.20345434102177 1.8672595377484669 0.0007319576675170859 0.000274314063658067
3637268770676039.0 71.09719905286323 2796.4850569776327 1.4490649563284452 1265.0709609985586 1.9383329107893281 0.00012272454712903226 0.008286832115589046
1120630262667331.1 48.94269118044184 867.6591764233366 1.605782987740123 360.069676618844 1.7937080821937816 0.0002563107893149575 0.007414839889611303
56880764617294.72 44.73227966222949 26.843921312535922 -0.27545947745365273 13.82720355175978 1.771596804587512 0.0009081782603921613 0.0027166002440739924
183889833145057.53 20.04084580850955 30.534257798447907 1.813807338231444 85.69771964111489 1.7298456938388522 0.0009270855549930084 0.0070300495822118855
146516978924865.6 85.82472414668642 182.49079578762388 0.7542963241987568 128.72210474874723 1.6920052306844813 0.0002309380869131186 0.003924589254811185
43281674769378.08 60.748154838735495 14.703841370140148 0.2962395843737402 28.235984323301764 1.7082284757147543 0.0005992337873834626 0.00110324535600374
1438847448904489.0 59.413351276526214 795.8918680738105 0.8529969944752164 34.72845914694695 1.7550107341645922 0.0006344840948153678 0.001285897061908123
1570278599950664.2 75.23383585089702 559.4648346100728 0.9259020767186091 18.180670507140128 1.7125267885347804 0.0001212645325974692 0.006768780061153556
5622525961393391.0 60.84309049831231 2981.44735477053 1.134071232961362 123.074078659374 1.6877744858942427 0.0006378217714631569 0.0043690899276266236
1768310141699165.2 51.81335400772811 875.8698543640352 0.6787535198535802 21.057029266727685 1.7590234678924717 0.0008445665394943974 0.00028018756501152747
180212270431051.03 58.42510002247951 13.454524276775071 1.096289363312617 124.06906218062244 1.6669305165312132 0.0008152956625633381 0.007777168393816058
216406319991431.22 18.55040136459147 33.413428788731665 1.5326412564181973 104.24512681371158 1.722951856799104 0.0008416024152314132 0.006668261397232931
8.518078320187971e+16 66.79593922330032 1391.7521034648316 0.8590092209988471 10.97696323911109 1.7969729639229897 0.00010266139634464978 0.0066530458766955285
533052690328421.06 8.567486092689949 18.942972638758945 -0.4948172808378736 55.35057259835244 1.7364792040200396 0.0004675408529459085 0.0019927423718106
3686838217665436.5 34.72817471487852 2756.7899069513046 1.4472875169712842 1977.221741384456 2.0406730978210827 0.00023016229753911743 0.006419582388933583
1.65670538979026e+17 0.7321339294871059 865.130283978707 0.24023566398467067 112.60152586423176 1.7327546740187612 0.00031023310792605664 0.0038108534687135757
2491995412728324.5 26.260087551425094 1862.3526163662907 1.3375502583457117 648.3889966632867 1.8466556856732659 0.000230458139628516 0.004384990932292469
3785526031554344.5 4.106274596594339 2723.1672456080305 1.1528590602204547 1702.5366020538547 2.003660214819892 0.000884431400412986 0.004246634241358781
158659743414144.16 98.030508266183 10.486059257924282 1.6414591063863777 92.23958120864205 1.7347385532370956 0.0008638468913679992 0.008862801466256225
4.788345961748349e+16 0.16668236888408217 2296.2027528129233 1.2609788943453548 1106.235197457641 2.086219514049678 0.0008210497746870295 0.0024605766765186093
71937634806182.73 67.45791003003741 31.279865451733222 1.3521758265877204 16.449316583817343 1.7806115242153466 0.00018700017783439168 0.008884023412004732
2497167576454978.5 0.8467618500847127 14.11256892885453 1.8755672193294486 2086.7101548103783 2.1123795706697774 0.0009824038625180593 0.004502688118631746
168538309489508.56 89.06497137349126 289.0148574115133 0.4763597019592565 75.65206920780965 1.7672249888248277 0.0002984269707589622 0.004857800029616848
191735468443790.78 18.64928881855133 31.27714518240163 1.5856051267387627 88.61181578858005 1.7238960355412882 0.0008435688761649525 0.006541040017166884
3545663845781486.5 40.907687634179176 2679.325900280155 1.3924343856847954 1253.736398892842 1.9901336805559031 0.00023060899844434333 0.005999841320493554
71428405543777.2 68.22765484998506 29.650361964242453 1.353096614580219 16.093682475333154 1.792707534763249 0.00018457073208590847 0.008980093220747677
319451244392571.6 97.37282206674146 214.59096247504135 1.7833678833007032 68.71435840454832 1.7258691183003672 0.0003087756037082202 0.002720627702038951
196523705763439.9 34.881093300775845 26.80305903945005 1.9070814962194174 152.5895541914202 1.6276840957914671 0.00047377865608387354 0.009533359089215564
1420205864561704.5 83.83501260103392 444.93274591195626 1.755238875406513 80.5172241301918 1.7575305066429892 0.00016377585461304644 0.009058849122572508
186858734973137.1 20.990994888161048 10.497601176507905 1.9218357214057729 120.17155469466961 1.657921780629075 0.0005202189380960521 0.009981900573372718
224885978839790.22 13.294794636586943 28.662659052524297 0.08481087568980494 104.59147949457578 1.6801046820311354 0.00048366071459413464 0.0032623457045059907
3967675939181232.5 53.831138292449936 2861.387371794853 0.906700087782059 71.755530800238 1.7032437205433284 0.00034199583304314943 0.0038420892271987172
280705829569836.1 98.36429842512197 198.27261974655883 1.790758223045827 69.46711728190367 1.732108860345946 0.00030639887102729954 0.0027383965641068686
294217711229151.3 95.46088969042239 217.63146841064074 1.7962152859795402 75.27476677832382 1.719855419222134 0.00031265639661919357 0.002699351376043212
122468088241700.34 59.98501181633959 32.06273257928021 -0.331694772700436 90.29272471066666 1.6559023704569924 0.0009864447549471872 0.000449147392653232
125143279219869.38 90.37733716607309 164.83867789706878 0.7389851026643285 110.57893937549092 1.6901720194729353 0.00021158084250984393 0.0039265962752010036
1327745787341795.8 7.59251701230051 711.7340256122117 1.976189880452755 634.6231422397611 1.901020259243521 0.0002986969958585211 0.007251774704678131
4458333576806537.5 19.237414769963124 2882.070640321176 0.8089312635564587 132.05242045446957 1.6984284328317905 0.0008887647684587127 0.006331661585527865
485726136171012.8 92.7562366469087 1065.4587641047867 0.7748187868612066 69.26182358147447 1.677239806309384 0.0007572248591528581 0.003297703684778599
1.933101766523003e+16 26.305623540086955 601.6282747112637 0.9889308901222376 26.033951229196582 1.721205779120194 0.0001769011191236803 0.009265690816835556
128843457520949.22 88.15271740460146 29.93580738680065 1.3084440622619615 99.63290696433909 1.6508426155356513 0.00014490809056350926 0.001122170051637875
2830655493788580.5 39.13317259202803 2659.138567726573 1.1805960641182582 1531.9357125676054 1.8147545288498932 0.00023791661230512543 0.00554081202867715
151279941707162.75 50.54883110979496 30.027214370761417 1.111739102645707 113.38773535704176 1.6552793002602468 0.000921996420088643 0.008850352113164149
215257949124107.5 58.71370903035364 526.6360531049471 0.6413475335601514 100.27973390478607 1.6439366259546866 0.00030647591813621843 0.009750685198596145
233513459032410.12 93.94137203895504 112.15576884748607 1.5585952954514288 217.33469265781738 1.6407196352384972 0.0002654756254447795 0.0025862778748582567
1472186321411512.8 82.11935198487019 465.7503344064931 1.7887430354901945 89.99901029545705 1.7675874313266389 0.00016371225708939108 0.009084973317574428
66287529618236.055 96.08075537152202 38.22431493729359 1.4944485077378011 54.572053392425616 1.759040070073346 0.00041959768337121824 0.008347189907931853
202323599477052.2 14.517844254727908 35.195420834741434 0.2663758671099823 103.86062485752167 1.6732177750589494 0.00042438570670597087 0.0029727352565635454
127626971311466.45 56.579956142287756 26.846277816604385 -0.21048114304069632 89.5555126993173 1.6703168254283065 0.0008580263700403095 0.0012720762687039259
304009707743165.8 99.39625417761349 11.616712642670976 0.08899729502596121 141.46858715410397 1.815102943321299 0.000786060807240339 0.007218268532648628
5264007777675472.0 30.552376106550778 2954.5104583571274 1.922661467538 4742.324792955222 1.9159943165835567 0.00024065433374805226 0.00549622452143996
119124411206412.64 39.28860694912434 25.00024562371086 1.2629785341271338 89.58991252950997 1.6543309567711793 0.0009866351287791213 0.008730726499332077
733314101209147.9 80.57016460831052 806.7994653750186 1.8141895339578358 536.3828990894942 1.6794050408509626 0.0009662697792663621 0.005270037661450936
211979502339085.4 61.11381493305204 43.42728915305134 -0.39624262538472976 119.9800096489879 1.730157365652242 0.00014018005819335538 0.008907982199688221
1212416124696289.8 3.6980864953142607 722.5477093800473 0.2545918068161772 421.2417217492306 1.7573392221861186 0.00010298370981983134 0.001894075360644328
305409009009394.2 34.911244173409365 189.07179807587337 1.7501381089023043 264.73672488726544 1.7394501893640253 0.00032945184439504637 0.006743259267187757
985522616059715.9 9.839447643348379 63.16424086572544 -0.4884053460834472 493.46646537071246 1.8292074035973256 0.0001251741440737015 0.004346034469043963
3415352008663522.5 52.31944775228775 2667.631677231906 0.8850865911584392 71.7898146233297 1.7084847721729457 0.0003473806608257095 0.0037762873715318866
197629633300703.62 14.591857121858439 37.57727776166256 0.32363995461182105 96.97850295370506 1.6802149389025547 0.0004427433077450513 0.002810346735655712
162725297786779.84 48.951332909807434 11.530534349237284 0.27199365222748395 123.41664183125854 1.6395715054952493 0.0006237744076641114 0.003335042656926161
861068987721837.5 21.37482453557562 199.58363160305112 1.0334187614886334 48.742589931150235 1.7658073279910649 0.00026876685431474865 0.004953486705405397
152984234790885.8 26.005186300046823 38.4801943524748 1.9460895710655635 108.78602327536242 1.6667224794290054 0.0005227239312426665 0.007543491509641369
1943675585536328.0 2.0089757082226565 43.299975829601 1.293969330415503 801.8072043555167 1.8436325158157638 0.00012078037646680396 0.0061882155721045586
57677276564265.984 50.46979377549684 37.638047785330265 0.46206270817721307 10.316816964738097 1.7278918972039148 0.00014551674407244382 0.0026831883616161003
460444085528451.56 94.13781784476333 408.1060555634707 1.6455459784162572 429.01773278699244 1.7235449437787733 0.00010203355367692769 0.006774757462499367
8.518078320187971e+16 66.79593922330032 1391.7521034648316 0.8590092209988471 10.97696323911109 1.7969729639229897 0.00010266139634464978 0.0066530458766955285
1657970185618814.2 0.11848099511518947 10.427340459816797 1.0736758665941053 4292.363013862036 2.6627878885909753 0.00031732543680803595 0.008255241569863257
349586367392287.25 86.87054587161904 239.60223087697236 1.8753780042697479 145.74725326122433 1.8651952322253835 0.0007215396318812012 0.0003022016666035109
189144696596710.53 97.66371207222866 178.87128824056293 1.5781895145855276 214.75754859234803 1.6677529955739108 0.00046825956925412914 0.0014435760332617014
1361965005780710.8 3.3375580015563218 23.696539970159822 0.609620423542584 692.3437206344772 1.7951679050904734 0.0009528214565062294 0.00041841482505660613
90835843951449.27 82.30147529737602 45.35515604353741 1.950429348841877 80.46280769373809 1.7255135606747454 0.0007030915082697406 0.005860813346688336
5057327863427426.0 0.7252020705095052 1419.286439431594 1.9099524568800814 1476.393274223153 2.215672926358502 0.0006780744886317797 0.002869202304048131
1481200748613751.2 1.775590965711352 61.19690367774674 0.9586864348796804 942.6989731031904 1.6857616903109993 0.0004494593436186069 0.005223629008501635
2831274026785841.0 1.2593830087230415 1953.9439593046375 0.9622784923007619 2270.7735125256727 2.007556283406847 0.0007375221099981896 0.005026767655970738
4.965929729174963e+16 5.242056719670674 222.7994591304876 0.07118193427031794 12.341950712685726 1.7484134287908584 0.0007755598444741066 0.005674720313349886
1452942949896792.8 82.43597564518724 444.88008321191455 1.7784270212134519 83.42182500831261 1.7582597507658815 0.00016308181169936544 0.009069181071553552
585187153519000.2 8.240734004014854 21.395037178787298 -0.34990434203217213 72.4296046434025 1.7638795986684364 0.00048765532595467604 0.0025300137865639054
842592243779923.5 21.01545140137237 181.52950522293546 1.047883823565985 46.70691591821963 1.7665270304192648 0.0002623875190354534 0.004873118010903128
3694898886749864.0 77.1179617356085 2831.219899262032 1.4055100605645205 1211.5762545531704 1.9587254727685421 0.00012689659273822362 0.007856181077160377
2586518098265562.0 0.9708251206376524 935.3936332800005 1.438546453382018 1918.4886271781174 2.110134579624561 0.00012156695092070577 0.009128209588904593
144902899621820.06 27.434777794023802 32.73409511620534 1.9332623165051717 99.73322790548335 1.666635684724398 0.0005935377676258314 0.007864730599708401
2093806270408661.0 20.557047615251093 1596.250495311082 1.378806700859041 1638.3536141918244 1.826205383478106 0.00011960110375619836 0.0033142218825313197
205493379577506.88 96.83548478977411 36.82037167355169 1.3293673750534676 147.20741386252973 1.642853909146091 0.0004056427677559631 0.009219611067223445
4578486157159067.0 0.6490981111950018 1416.2982959393737 1.9621232016915036 1647.8967691083317 2.2678304947432393 0.0006713220388908759 0.002628901204820608
280661962950653.25 61.31150228204076 77.57626248204527 0.02802187490327146 154.4299212661788 1.7456087174405448 0.0001332617039470073 0.007865014553807802
1132048045821522.5 48.89012917380908 864.5590419110671 1.5957108417621346 349.12855453965307 1.7940594478034617 0.0002549644889903156 0.007400225764461458
294826079782199.75 98.8894064886666 191.83896975654426 1.9799216717219723 130.69576112529643 1.8950842334312663 0.0006184890981827424 0.0013226467266300814
186992912742033.06 19.024450984010087 30.227105011265476 1.5585708495428783 87.27131192380753 1.7218226807308255 0.0008565709086705253 0.0064923809323291825
3072729970980479.5 83.30364754240827 335.1168422375275 1.436506197330826 31.705983959870938 1.8337872966615205 0.0006938584720390831 0.006573187348906009
189577201638507.75 87.81825336055095 227.9333766655256 0.85941982681824 156.09500321847196 1.7088312702991988 0.00015655320243086846 0.0034943470304802573
3086895929400886.5 79.93898395469026 307.42313650096196 1.448432138593057 31.212841569924223 1.8441993533198748 0.0006942191721929428 0.006281726067238454
514119705300091.44 91.32426941444393 448.64839294408034 1.6524368004704066 479.8440750808883 1.728567527963163 0.00010791726401564554 0.006625788700883911
52501792694478.98 49.10234687700745 25.164986040932725 0.6323647292561578 10.189689816471223 1.7218748264070742 0.00013869122848632646 0.0019178390032259724
234578790011177.72 14.45368549711148 48.80346129580336 0.3960327339137544 123.58422254249835 1.686069129177527 0.0003603114543511814 0.0033483297859906096
2.6115723074615964e+16 21.54455765952255 618.4866255091156 0.7204887513407352 20.365791297802904 1.7695528291599527 0.00013339782588002157 0.009682938239232133
2457985371818635.5 58.39324536598584 845.0895883023356 1.6316075237978043 177.2164442812412 1.8542957848990076 0.00027030828326866306 0.00402197825273
43062144954264.65 98.89576138398357 11.673820320102019 -0.32502763883344804 27.612110009492408 1.7159321291873142 0.00034179497324455653 0.009635001054896668
286307750678433.9 46.41923409920322 725.1231404256247 0.16072953947103663 120.28479646456859 1.788156055957608 0.00021067404267815273 0.009417216010281301
90375245776742.03 89.41530833630684 21.661244917386703 1.8483689033568584 69.5058791952079 1.6748783682100186 0.0003744708531995069 0.009771311657252398
985522616059715.9 9.839447643348379 63.16424086572544 -0.4884053460834472 493.46646537071246 1.8292074035973256 0.0001251741440737015 0.004346034469043963
68673907289288.31 69.15134758993926 31.65775894735373 1.3192922621661942 15.304524349055676 1.7690185548076074 0.000188874802894208 0.008632449091377446
156806301380628.97 95.94822506083035 18.310820022664384 1.4204610383493528 83.20425699729098 1.7628256372932467 0.0009693051146816327 0.0034528546202282615
298304910438265.6 29.52582040037355 12.587701787557076 1.5552444307321895 192.63498401026175 1.6946329681728536 0.0006944728023176743 0.008753758454317083
237776197473002.78 93.61323701846614 129.82216016033803 0.34249885673665936 193.68476475667757 1.6293604244360615 0.00028521675947543494 0.005156896455180348
2532774618220007.0 1.512751499548287 1593.7409851948037 0.9021381248626227 2073.1069050319647 1.9722676898234472 0.0005952278909877978 0.005637027357846414
296133364496957.06 38.54907024592947 322.67405780851436 0.6765322047127517 155.11499282389155 1.762502908097816 0.00036846708215647144 0.00988866688184371
598590171232267.8 50.1743978854762 631.5449826283442 1.5621747849109484 274.2205929336738 1.6743184180930546 0.0002903666001073963 0.007245873974244817
3112526743043413.5 83.60074650181387 334.1669657087024 1.4313180868114312 31.298651154621147 1.8349971846561293 0.0007040996938414035 0.00661440891417438
45032164894656.58 53.076442113297254 18.673700520334403 -0.24878285451061366 12.367905128323523 1.7635150240474935 0.0008294760212690892 0.002531015527038176
108708516394163.17 96.2471806186336 15.012614912033197 1.5400690450187315 71.11162402440299 1.7093980804775974 0.00010338584780862867 0.0018173781725312778
90239948271195.5 58.06794037659215 10.958902063898867 0.6750198020630049 67.59933594266695 1.657982272851564 0.0003782590300132985 0.006527145203375146
128932644986806.75 87.18627425674687 30.775894040093274 1.315091432699299 98.67329063580581 1.6530243058891663 0.00014020527195882218 0.001078127175920051
174773154918184.9 44.71625603571515 10.983526002665824 -0.1567177431853145 131.07349395386854 1.646941953182398 0.0005943822248336063 0.0023412216383546383
4986568740737250.0 32.6851149510353 2925.632359671935 1.8972063739917637 4351.95762395374 1.911144828919727 0.00023341719687063444 0.00551583323188338
1.8617788548806906e+17 0.7043593525125057 811.0487400126491 0.2136475674305509 101.25349233348564 1.7207345355498296 0.000290872704574028 0.003811870343652415
432694464472825.8 16.793564617912672 89.57527296541953 1.9815087126475717 63.897155347499755 1.8020596137365983 0.00013334174795916038 0.003167249991577171
192777403334989.1 95.21416775748162 35.79976992934035 1.393923699217286 133.20898004259809 1.655565424387409 0.00040602308955540295 0.009316794974696698
2424842314987191.0 1.2717378111218167 20.63412704068639 1.8730642350055309 1710.816395049458 2.1044086929195895 0.000846375369720314 0.004454044758299526
64751294623823.945 78.21611628141596 12.71374083828448 -0.12742058919273025 39.19155667020983 1.7285669988965788 0.0004995327397536237 0.008808919860716833
179513478019202.62 97.06467358927227 175.32777665737964 1.3631928274508323 192.23190318533045 1.6787146410925329 0.0005642308503360214 0.0007783848446251589
9.17370506389142e+16 82.18642102080771 167.33509987217275 1.9426196559004865 11.881090017368408 1.7441460338630177 0.00038833257571127674 0.006441570806872679
207697986253437.16 96.49300703977659 37.30440119296503 1.3481333309250845 141.75147893998925 1.6630371398186055 0.00037702956441422523 0.008571639980431455
731653644807017.6 80.62679159666729 805.5713517206337 1.8140913614871448 535.0566022812054 1.679130994434081 0.0009678944425731407 0.0052697469932151365
248172376189583.66 97.48847617845138 227.27851252666062 1.5955876652069751 247.26816633664316 1.716936009438931 0.00036623305405359666 0.0023181534709041532
68673907289288.31 69.15134758993926 31.65775894735373 1.3192922621661942 15.304524349055676 1.7690185548076074 0.000188874802894208 0.008632449091377446
1143938638997460.0 4.577369869021528 391.45588549285526 0.4161331057289248 513.4417985480412 1.8302552178541276 0.00012823286036123602 0.002902148622155842
1633400286653678.8 76.18452821272987 461.3749817142494 0.9657314011320127 16.82794287706239 1.7172850342496035 0.00010946050432316103 0.007204013242075036
277369195311230.38 97.01816448137856 208.12858438720707 1.7889134126002189 71.08455996305976 1.715999996345799 0.00031939275052368757 0.0026510499583645443
6.3780844607092936e+16 35.00991814627732 412.6719844083068 0.9830905972771263 21.915742125589272 1.9665278217174473 0.00029307691646160016 0.007484558265341061
2293935741614403.0 16.99119353443872 1373.149737261651 1.1372782700944792 504.36028684734407 1.9930322571584864 0.000936331127588965 0.0027127868084570236
238409731705972.62 20.12289030387911 127.8925367930665 1.5255358627340043 208.61135690533663 1.6608096433593966 0.00011297738046112498 0.00247135869289118
104774606897631.73 89.298737521064 11.45163989002102 1.211297839100073 64.35930940761926 1.7245177815401425 0.00010357124940098316 0.007145163067208529
1472186321411512.8 82.11935198487019 465.7503344064931 1.7887430354901945 89.99901029545705 1.7675874313266389 0.00016371225708939108 0.009084973317574428
52736990421637.125 86.20648058278968 11.733633070151983 -0.47637525830881655 30.99814678649823 1.7239217819883452 0.0003537797734274888 0.008975765162159208
139453618113300.69 87.72826295416593 178.27703332232784 0.7252932831517344 122.3547802753339 1.6887751010152663 0.0002357069149448941 0.003951640992684822
2157911902874917.8 17.25932349815473 1370.042756622059 1.109935346918122 520.6021982597334 1.9860743676641444 0.0009247882068182322 0.0025571968198722875
3243145356715537.0 63.73520279166958 1803.6199306478622 1.867922630123085 809.4799702563307 2.0234380342231177 0.0001925663247978738 0.008640843641812064
1557443898726118.2 47.262215912618586 501.8967287382475 1.0465550750420938 47.01356645489112 1.7856291806628848 0.0001892132376162788 0.006807950062770846
3783902252528941.5 66.00732760779522 2098.894550662572 1.9951853389489451 1127.138946837543 2.081023373803098 0.00018104942388018805 0.009352107195694497
450321128750930.9 81.9748805560265 450.9197316656333 1.5542888059756206 385.27849530601657 1.736045710535206 0.00014300166978315363 0.006864280737220059
6.579733547985136e+16 28.50511064807989 271.1311428485049 1.0486674021070606 24.486238172574645 2.013554268804063 0.00041043488885721726 0.007597861068288041
200033782646888.47 79.24898647785633 12.680334735449275 1.628245096496797 144.19381287747015 1.6409068903718944 0.00042926047129810384 0.0006971599871374331
239707476784991.16 80.46135196901997 16.40689781075468 1.9407720157166135 111.95896720923776 1.8017631815770054 0.0008169004022856105 0.004793982457980319
72354671931962.52 73.02219339709313 89.88936475129341 0.8546588081163186 59.51488985895825 1.6999784629972656 0.0007472431985168394 0.006207255849815196
184333236545500.53 60.90550299220245 14.273652231285066 1.220005868303548 121.38303017606205 1.6817367853583665 0.0008010865848741641 0.008227896592450766
1.065035102147354e+17 82.12879627494173 148.56188439094564 1.9645847051371343 11.088694828081573 1.7574948148146667 0.00040290069725440084 0.00649185774147772
1657970185618814.2 0.11848099511518947 10.427340459816797 1.0736758665941053 4292.363013862036 2.6627878885909753 0.00031732543680803595 0.008255241569863257
96159073884394.11 40.579168920728435 60.61623385190237 0.8537722922763512 59.88949379385976 1.7426389438162517 0.00022448168742559055 0.0012584714023068612
2660673726409751.5 1.13036416180541 1618.5717997888175 0.9476353552623875 2379.9946564151965 2.0291359735500243 0.0005827398458685011 0.00579936388341322
57847784541262.61 42.90620898965685 27.589806952785544 -0.2475907767383282 13.494184928916605 1.768833287608539 0.0009239855075208559 0.0030395000928709207
2294259979060523.0 16.99316589400223 1373.0868859614811 1.1372547363933045 504.3906073233735 1.9929920812878121 0.0009363248622514618 0.0027129325111047934
174366004109635.78 83.62863212170194 275.98220950130104 0.4763055928366623 74.45440139559605 1.7755485031807205 0.0003040535221876486 0.0042665424489240315
7.582127067841174e+16 28.25400694716866 260.7339686210862 1.0682878397555517 24.81991490402995 2.0331159548549715 0.00044002759993906653 0.007519008328057551
881151070274972.6 21.41552325376508 199.27086847774962 1.0354531709615022 48.56108955883361 1.7682327802882427 0.00026898817863879506 0.004934706720168143
1215369433582978.0 5.950747296968089 15.788135245140086 1.9721544396058777 556.160962660896 1.8668120615062835 0.00037396398021100947 0.009561865536080003
1512303404007405.0 1.509793821552101 46.471680282341225 0.9153929900088272 962.5306175889896 1.6575224452692092 0.0005165420060431874 0.004948667493774661
1527900484139310.0 59.085427988660484 860.1913955869583 0.8544246177120437 36.0185528248649 1.7534409277603338 0.0006189912854714938 0.0013878330420069706
295312692920891.3 95.52430558252055 218.60910791494987 1.7925641636411145 75.17871905066706 1.7188370823234262 0.0003127579912998984 0.0027142967376454245
3112526743043413.5 83.60074650181387 334.1669657087024 1.4313180868114312 31.298651154621147 1.8349971846561293 0.0007040996938414035 0.00661440891417438
523798348304983.94 87.41352572566393 453.69641556408754 1.6258172934006199 471.8178614290207 1.729806920712611 0.00011296057648432156 0.006514804393251921
1.3022440477461696e+16 72.88098015628923 150.87091344183284 1.4896436190658275 12.200247099004192 1.805768386708713 0.00010959377109102944 0.004572400962954358
779017462542774.6 96.46470971797416 2891.1896290078184 0.6676319412173986 67.14146573346065 1.6629543997550154 0.0007646532179939886 0.0029151390786932574
5717608806892516.0 60.329516872338395 2990.593029299072 1.1274280462950077 124.52576653967743 1.6977322703383115 0.0006338097806551698 0.004341913292059081
1212416124696289.8 3.6980864953142607 722.5477093800473 0.2545918068161772 421.2417217492306 1.7573392221861186 0.00010298370981983134 0.001894075360644328
2614948099769538.0 37.166700665881585 2336.3487682322857 1.1314507435676495 1128.74971922738 1.9132474420795524 0.00023627755024865959 0.005515233182356604
1450634329951825.8 84.18933235455725 441.00504071487404 1.7628787051240287 79.44693735617943 1.7581052517525684 0.00016003149058493228 0.009051108792696305
2.3929526357777544e+16 38.2242780760815 827.2854692302102 1.60799081552247 52.594730633610354 1.6591973701323284 0.00020511220373058622 0.008382884902395768
66565354565855.41 95.91292771071244 37.467132768007225 1.4854444875714663 54.7971311931345 1.7584426830158588 0.0004228691546230355 0.00829517922294547
5057327863427426.0 0.7252020705095052 1419.286439431594 1.9099524568800814 1476.393274223153 2.215672926358502 0.0006780744886317797 0.002869202304048131
3446550774728174.0 69.39571644214132 2654.5799284503823 1.4149369696497889 1117.5618916089918 1.9317254638025183 0.00012917294151854687 0.008279700317867388
273967166660402.44 38.376984614598726 317.88536673736843 0.6916142098457133 155.59490337226785 1.737033275431063 0.0003737554348996132 0.00975529677506502
52501792694478.98 49.10234687700745 25.164986040932725 0.6323647292561578 10.189689816471223 1.7218748264070742 0.00013869122848632646 0.0019178390032259724
82114484232615.11 83.79661317127955 52.86746135824817 1.4845193206204923 67.45873700473238 1.7581570500958135 0.00047320617708296884 0.006939239332399592
853247920895250.0 6.292744033322736 269.12584329647126 1.0110358956951417 424.9850318620582 1.8103646924383345 0.0009623691647197632 0.004680852639141565
506168971888419.4 52.9898549719921 558.8483798731035 1.625908292335203 292.8921217628399 1.6753578964906177 0.0002728173461733557 0.007253282697335194
2990838217731097.0 82.94896374395859 329.2190169204335 1.4389137631191844 31.71285435339663 1.8333573128826135 0.0006819986474799445 0.006571062783634192
788186763870401.2 95.89589165120054 2871.2780563966617 0.6709995339878285 67.49703592560346 1.6628813478946785 0.0007575630917857726 0.0029036363915259326
4114895054906727.0 18.570599606025965 2420.7397107901775 0.8013439620019953 109.74960198591825 1.6780360924122004 0.0008924628570247213 0.006610372930430593
143596855956762.1 44.84455065346193 101.68187766213433 1.2990536015137781 90.22835654280148 1.778813364382572 0.00011247767410846379 0.0005749061683248159
1392156566828488.8 3.285561776202215 23.16864505184712 0.578140163258929 707.8159525703576 1.8016929836680804 0.0009959701495230967 0.00010885108779814558
84344971855691.28 56.32018035554774 10.336146663840571 0.5677356630977026 62.63244624325805 1.6602777567384002 0.0003005113134091786 0.005294084192504579
8.002326953366736e+16 65.86521357346935 1239.000804008147 0.8588964583113196 10.78744344201443 1.8041892086726496 0.0001054187121294019 0.006650220809235147
1.084754611239509e+17 82.3940102337051 161.5480466740948 1.968271749239946 11.471104665462889 1.7454321191957591 0.0004044149728436096 0.006405595350978915
1472231835573752.8 1.4802420070985929 67.29294713055997 0.8718013580944448 868.9603836848995 1.6579843751793772 0.0005432605041403315 0.004635997525331191
294112379322085.0 95.05216501022407 251.00122529964818 1.5393495708169083 287.6661783371967 1.7221942550828628 0.0003522671676016708 0.0019184226596011093
1.099286598965874e+17 82.58778064965526 147.90377431903477 1.9718112818063318 10.973682719943202 1.7575029653703587 0.00040347632026054454 0.006499276121102077
1330270217034760.8 7.602890900579209 711.5777200575978 1.9752685379981794 633.0337440666156 1.9009187366470943 0.0002985300074691426 0.007253226644553425
3783902252528941.5 66.00732760779522 2098.894550662572 1.9951853389489451 1127.138946837543 2.081023373803098 0.00018104942388018805 0.009352107195694497
1518085710607932.2 59.462842944953685 844.4887316915646 0.8622967836791868 36.746838586861195 1.756212764934834 0.0006459939566080895 0.0012524030857862896
4.959205226322398e+16 5.23752320391489 228.2550036259443 0.07720001744447968 12.561593802037374 1.7476453176237223 0.0007693288766376777 0.005630288785311543
117004110449335.53 78.67283475299911 10.016915150102717 -0.4155932382673 24.51073805104049 1.9263944887995559 0.0001526729029586055 0.0013385726072922804
247407863618588.12 41.96892882888851 807.6208222441891 0.09193051298422472 114.06306839315967 1.757409844054397 0.00020610215842021938 0.009223003041779254
160218367895079.62 96.25574755020537 11.65034763140562 1.6999001727426268 96.40503412346987 1.7229139799765416 0.0008238481522536301 0.00911094004561582
2273095596659553.5 59.614658251391766 835.7345385087291 1.591804834464589 151.14632547055612 1.78734888248332 0.0002549520578478173 0.0039978129442574265
461589444940016.44 20.492025352431185 59.715894380956044 1.8572730021101176 42.05967592639596 1.8444598247881923 0.00011722032136347882 0.0031909123573764147
9.015580244383211e+16 39.156334132981385 341.062445513448 0.82748233312902 12.420398007773022 1.9457388943574871 0.0002770204783955631 0.00774277756537247
533052690328421.06 8.567486092689949 18.942972638758945 -0.4948172808378736 55.35057259835244 1.7364792040200396 0.0004675408529459085 0.0019927423718106
197650160843169.84 18.692239531714527 31.86144386599919 1.5513711596376119 91.42375097312795 1.7247735012382934 0.0008132997487817445 0.006488181282665141
201007521455899.7 98.35502865277743 38.9552638530704 1.296094306816208 143.95039158492287 1.6432360095736789 0.00041154411548820143 0.009384559420067187
460444085528451.56 94.13781784476333 408.1060555634707 1.6455459784162572 429.01773278699244 1.7235449437787733 0.00010203355367692769 0.006774757462499367
239356750847395.2 39.48149604646344 221.08199982054887 1.6532211293779748 201.956640279112 1.7205563595342948 0.00035695306318958336 0.007357714632447285
1375367144904625.5 3.251710244941833 21.740993003103892 0.578368531008162 698.5821097340199 1.7950170711439963 0.0009819186542666825 0.00012865465368546867
4470058821079214.0 11.113761551565233 988.1601091766119 1.1779145920713603 143.64014926726526 1.6550383735549996 0.00018779149970660848 0.0011980199197791975
240910108158120.47 25.91209662306688 108.40002308522931 0.8749546373890149 147.35181983612208 1.7658986297362893 0.00014345248547879843 0.0009235580091714541
1643107025927395.0 0.142392544564224 144.35748552485094 1.6151449850718522 3382.4188127745465 1.987910444325901 0.0006248973507406837 0.008823057739609785
1330270217034760.8 7.602890900579209 711.5777200575978 1.9752685379981794 633.0337440666156 1.9009187366470943 0.0002985300074691426 0.007253226644553425
4172631254509120.5 18.215296962405198 2577.5292980660056 0.7955329833752428 114.06884645085269 1.677758000968372 0.0009437638505268409 0.006398591573870353
204257389698320.66 97.28813706428164 40.71270746316191 1.26258367492754 146.58910715656964 1.643889311856068 0.00032722763487747777 0.008633241914498171
117032121543879.11 78.48637619478976 10.016875507053607 -0.40983416439894826 24.67286107102602 1.9250102466674148 0.00015404773281250733 0.0013785986781040295
25049800077949.93 67.2226734797053 12.467134470781422 0.5754041196595487 16.005837030050092 1.7166028172991956 0.0005863763836241943 0.0010370851553459046
113444751165066.58 74.93930067675596 14.35812264258596 1.4071912160623996 85.8768655600922 1.65291673796529 0.0001515151927187543 0.006391273308378505
236020945124884.8 19.16744390001394 137.07501013201374 1.5694668261175257 209.37714679173823 1.6606796098762253 0.00011240430118025207 0.0023200642674055623
66565354565855.41 95.91292771071244 37.467132768007225 1.4854444875714663 54.7971311931345 1.7584426830158588 0.0004228691546230355 0.00829517922294547
2193655314318022.2 17.600025699199392 1314.9500490080727 1.1409967866751403 488.02221285272975 1.9895520735650898 0.0009096003669823046 0.0026844052126241674
137414005421898.9 32.54222832653968 19.77078716874721 1.5479073200651126 57.204349462859824 1.771634987763117 0.00038215103037956167 0.001164662776879339
1.3023097929021083e+17 0.809684567433159 857.1153410192452 0.27728514872241383 126.05472699653015 1.7388788890627778 0.00032873389413290205 0.0038873107313818966
89981319112225.47 89.65900175954302 22.474996125431208 1.8729147804243085 69.78288435485447 1.6748164755057071 0.0003834640745929836 0.009854401815753911
76057215195110.42 43.692059616388015 51.65227855092871 0.8581143168727864 48.831608904015305 1.7331900662167408 0.00018711754001229485 0.0008201930659521122
45199826151179.53 53.115164017159564 18.283501178854074 -0.254238425103019 11.976130364373477 1.764183433563239 0.0008333498127812422 0.0025317181562670545
89981319112225.47 89.65900175954302 22.474996125431208 1.8729147804243085 69.78288435485447 1.6748164755057071 0.0003834640745929836 0.009854401815753911
1308675348830216.0 5.15752942471245 15.830662762829654 1.9826647461449596 586.6747431465129 1.8704420010259033 0.0003679097628016037 0.009620698557550503
2512406818432468.0 1.2457134096560263 932.7617665004063 1.4431409693755624 1933.687596523615 2.1128507066213973 0.00012129990249212059 0.009144623930002494
242429715783975.72 25.83513078327826 107.63669688618569 0.8767402212044964 148.1118476585046 1.7661694145320386 0.00014393973940964497 0.000942981885466457
2699651596624187.0 0.8753393730641505 1567.1440191154136 1.0603699226933208 2197.760385078488 2.0185211369688543 0.0009879388727382918 0.0049960048619830145
5018194378458866.0 0.7444137384175082 1416.2081539838211 1.9028029445057233 1467.0766894822623 2.2138356688585543 0.0006737343510884718 0.0028621362524958657
524666986298481.44 77.77214172385561 355.7768784419465 1.7101649601123667 192.53617386230127 1.8810721797331142 0.0006471352886479481 0.0012746539221582904
154945467420551.97 28.13517747254987 36.24045592454379 1.9053755202309548 110.63521837500245 1.664007779249333 0.0005406150471320598 0.007580640505971092
1898230029962136.0 2.023012617200169 47.68364244891663 1.2343433004458717 814.3571829270203 1.843415865374805 0.00014558457021942144 0.005857811236937916
194843502417096.03 41.033549883294924 140.79498779607243 1.7129335833198422 85.25280331393512 1.7433140568988943 0.00034396220949465856 0.0023509581862219612
8.417299718733078e+16 66.41723983939457 1311.571284902145 0.8584677899343368 11.090056945506529 1.8090098723924508 0.0001045485830933403 0.006636805334235532
1377156659022994.8 3.249337248299251 21.115687433216674 0.5827093188435397 701.525234752603 1.7951613318550146 0.0009981910973415596 0.000124240837678956
69516402776600.79 50.55400875915703 42.31613112356148 0.5522124037824537 12.588288672887918 1.7430805101060618 0.0001591007747869099 0.0030145339497515506
1.394165423781509e+17 0.7691677173564746 865.1388785521061 0.2767934489959516 126.78401383043813 1.7445455725469303 0.0003254848837552481 0.0038550342453420004
4082514537676865.5 2.5984102509588567 2741.427383230962 1.2048785536796094 1896.2298004535398 2.034345984046543 0.000892225850177272 0.0044178075877854125
115618935049930.88 28.1182645154218 25.48680799240006 1.9481813383110511 84.30980340098102 1.6477965609909124 0.0006295503818789861 0.0082391504005218
211797725838916.06 38.043139530017406 25.823770345195246 1.810510612116342 159.79154715037888 1.6367299434820046 0.000506724480586193 0.009125445350915752
1667676643831573.2 0.10022276291468124 10.50965417882767 1.0570650448887635 4318.372924833832 2.671327335902427 0.0003109156636475033 0.008311986185107562
2453360906347884.0 1.921409016176255 1053.867184897186 1.29453767984594 1301.623754516916 2.0777197820205653 0.00011525560685464551 0.008460497744369706
1950096104194148.5 2.143775847145367 42.183741613532405 1.2958150307042384 871.9589147087935 1.8572111076895532 0.00012843372896182754 0.006166971255683622
349504988724469.25 96.22927476682491 13.479079297108719 1.7684926374332672 235.64286425167705 1.6322036236937234 0.00022078959826555753 0.001962368052577849
99758885671268.81 38.67401504117021 61.1988504754245 0.8791096020250333 58.02302782472298 1.7520834235413703 0.00022311406477766092 0.00042700782978528744
192927547814188.6 70.14065327038229 17.1272310376565 1.7723189980218996 142.18588593467803 1.6427096481369239 0.000493951171505421 0.0012335774710299772
243322539921246.56 36.80794330448805 17.594164948812644 1.8335521405793302 184.702323878871 1.6270811623924697 0.0005337402087106402 0.009836304404892707
1115597275888690.9 68.82076518378102 395.25006280375953 1.0939952990907895 26.983039232417674 1.7161945325398487 0.00013929976861453759 0.007219389668406095
128889035301343.22 32.957778696322734 45.505299994814614 1.7580472597799817 106.03284368714873 1.6598155220536472 0.0006820318176355859 0.006914306198704893
2068263685318410.2 43.429750240825385 2239.642837381295 1.0122275650836445 1207.2358532361632 1.7421105173104787 0.00021008053024559143 0.005049633864742413
126968451255973.9 88.55061896645697 17.296404951688945 1.9712690820518985 93.49021995013598 1.6568082421460066 0.0004474106008004354 0.009836613524482854
140190393975261.75 40.59731586632138 11.284372896964207 -0.40273318849976825 97.60141916551775 1.6732218365964469 0.0007751113049339371 0.0026407359345130984
1.0143352956484342e+17 39.43490342661525 356.9779414845011 0.7994429820371209 11.829000518612812 1.9500582824279973 0.0002675598383222598 0.007769518337171512
1657970185618814.2 0.11848099511518947 10.427340459816797 1.0736758665941053 4292.363013862036 2.6627878885909753 0.00031732543680803595 0.008255241569863257
432743978345701.56 16.788871155687637 89.4944522931918 1.9801337622419761 63.89761908160012 1.8020263711302889 0.0001334411500569877 0.0031667024558666703
244097441247338.84 19.02035842781304 146.69568188469444 1.5706701196702626 216.4273546588583 1.6606398589237181 0.00010025837132364199 0.0020580943668205075
280740768287357.28 98.35892205814284 198.2950829453979 1.7907185118300153 69.48062053951588 1.7321251605879657 0.0003064187532605283 0.002738518155761641
1601185603179013.5 0.1538094959104841 125.11976407916252 1.4898103943438221 3574.913603615542 1.9965318891035249 0.0006251027970164005 0.008967849524179424
3041712058977648.5 82.97865683666464 333.09019265281603 1.4396019284590076 31.885093202588894 1.8336169476367365 0.0006858644769237671 0.006561358528548495
119201110376444.05 85.90808229249984 11.554609414339273 1.3003695969642926 74.18898908973382 1.716113588389026 0.00011297355235183406 0.007023915252543825
154940417207279.16 92.88759621706168 18.671647531949393 1.4222104324113936 83.64477606162855 1.7580244646185503 0.0009005718098098624 0.003562061968569831
1038595238396026.6 5.3081619978908465 274.41124070205717 0.9961249321279089 439.80529089632927 1.8633920058934061 0.0009699648319311751 0.004570781514804593
81914274861088.88 81.8448443194058 20.703549259393604 0.0422615354522804 61.14569755493222 1.671538270953303 0.0009945695672058522 0.0029132560474967152
1039441031413088.0 51.44984666755967 416.4123019306618 0.9981401426745972 46.98280458292044 1.8156853411007743 0.0001925925064125356 0.007360765262997423
4.780923363899558e+16 0.17294924958141378 2293.8871283409057 1.260169605117546 1103.0472397377164 2.0849899982848923 0.0008208401998532893 0.002464584042597925
257680709902803.8 78.09315484800777 25.568910322403752 1.9965202470529164 122.7467418161467 1.796667077141407 0.0008000498264923363 0.004666571364369962
1338653141848630.8 8.00566992168099 722.9118579504236 1.9745437599647357 632.9534083607601 1.9011969695173172 0.00029693248373363694 0.007251444739999183
5.170188004902296e+16 5.29987791432157 215.9188736995055 0.0585301024510001 11.455893911250877 1.7446778767248083 0.0007761802850508599 0.005683666297276301
1.3032215710264674e+16 72.79238478997149 151.16989546403929 1.488405871629745 12.220603743683075 1.8060833254319308 0.00011002013427717775 0.00457342182086371
3647196896462993.5 66.36780752520163 2061.182891807324 1.9772285272771482 1092.308081551376 2.077351480137805 0.00018210121787887843 0.009295308129682243
1667676643831573.2 0.10022276291468124 10.50965417882767 1.0570650448887635 4318.372924833832 2.671327335902427 0.0003109156636475033 0.008311986185107562
62711656474533.016 75.5867981937231 10.457755983179812 -0.47491957421576764 35.95656975371477 1.7366221104747595 0.00038566553724611184 0.009485445775548548
192777403334989.1 95.21416775748162 35.79976992934035 1.393923699217286 133.20898004259809 1.655565424387409 0.00040602308955540295 0.009316794974696698
160797688661950.56 93.21507165238333 10.51556532617289 1.7633806254455322 99.75944973817792 1.71075272702053 0.000986780759620613 0.007983713743369187
4.591517046493602e+16 34.953866290485585 361.90031714157533 0.9912297421102545 22.69507169861132 1.976304042565729 0.0004274055410902812 0.0063951211901127
80179489597013.53 80.81853541481142 27.57607962546942 -0.3303641773933279 62.349291000918704 1.6501320377206934 0.0008604370536419746 0.0008042217456241084
196579979669901.38 18.97251655485683 29.16872155179825 1.513308194724432 96.60959012605487 1.7110532606238165 0.0007757912516039748 0.006691013218764513
1223688729870911.8 53.241964089631836 447.6509430514874 0.9021522692417946 35.90014527235295 1.8192042702116666 0.00016779938618953982 0.007466092227520824
103166441095160.81 57.389161602040915 77.59046474280002 1.338842407849785 57.050130890214014 1.7758831064306155 0.00012851485520933497 0.00025986877375822927
164445391240224.34 93.59337415387643 271.6885027703573 0.48330396720193436 82.46188323426284 1.7548637478751523 0.0002912483739594888 0.004873128160590164
2234230194957910.0 74.83605862745603 814.8117948910624 0.8613442957337503 16.49412237171576 1.7037976268850925 0.00011517416508612047 0.006618451561306453
120879818887624.48 53.7136622294788 100.40696848856959 1.3088121657937157 68.37147013046994 1.7562028520368038 0.00012185500085216958 0.000832700945249976
3907617588079660.5 26.503753736688445 2942.927496894414 1.3721895279803595 1441.422586127419 1.9687105925316017 0.00013517885128771603 0.004655812078194786
45032164894656.58 53.076442113297254 18.673700520334403 -0.24878285451061366 12.367905128323523 1.7635150240474935 0.0008294760212690892 0.002531015527038176
153156589789273.53 26.56688781219026 37.15578661068856 1.9453026305397831 110.11899514494203 1.660004021509991 0.0005361327498361968 0.007582497588629318
2496163581463460.0 59.17034423801503 1632.9184077360792 1.913781362183046 984.8923236178408 2.011929460982482 0.00019589911298388313 0.008696289768430366
56056070007035.59 70.25974228367252 25.520281950323042 1.321326907808825 13.070525059537186 1.761397836501354 0.00018467381461981935 0.008761008414577207
1.3019880428491398e+16 72.88004694759533 150.85521589657236 1.4896550184285684 12.198820758942718 1.8058062527535053 0.00010959380052229977 0.004572343176010267
1.2867318510885266e+16 8.798043691570504 30.15666404315305 -0.14720840431488402 14.318688598760216 1.8676461482000002 0.0005131181302094752 0.0019224408450097923
1506279966611497.2 3.6693940168170265 12.69592791896926 1.64284017345828 581.6932345172303 1.8786493176981625 0.00042461950877848185 0.00913499718961386
1997112030056665.8 73.2845981234347 791.6571687119048 0.9087494870437187 21.901371874051875 1.7180529896242285 0.00011332698494360846 0.00655658077853085
373617903985604.94 29.779927427655508 66.92807885640781 0.3821734977780131 209.73566152862708 1.7414133646190753 0.00013625301129833312 0.009972720811460651
1041111503253334.6 5.1417498645758055 341.1636737746208 1.0145528889831756 465.9607270637353 1.854037364502746 0.0008814565996501311 0.004761048059469685
363336504642744.8 99.05248995389657 21.650448066897372 1.6030171091772105 250.50026970332226 1.6115723736413983 0.00025233051156845144 0.0036358088837043657
1516608334483300.8 3.6166310808197117 10.197425023843083 1.603323793229615 688.184052593099 1.842358155970928 0.00044859902923895386 0.007193124501753138
164271376178061.5 44.15702540967274 11.704838751037531 0.14492711267301095 126.1473428211973 1.6401443996931848 0.0006474633270149325 0.0035914413125899664
128892158372659.83 27.821315091827564 49.57501931891695 1.4078488794147301 102.49576699137592 1.6662361273172421 0.0008044903911994294 0.0066201875707120866
1.3020427339346208e+17 0.8073309232966401 857.1618465650805 0.2773337466647283 126.02100055296046 1.7389671206439448 0.0003287380524804533 0.0038873931975827937
1.8319792401587068e+16 27.311041224645308 592.8188477580552 1.055639696771114 28.134529762676674 1.716570267295448 0.00017914664502913892 0.009077011278859008
55368375394925.83 48.62737320016131 26.59294682608688 0.6381945382692658 10.933613947087473 1.7260140829879993 0.00014330298977901804 0.00200077777472781
2293144164733710.0 3.205204104011326 1465.4254605715482 0.985047011730469 1812.1552928940523 1.9739133528949198 0.0009978639648298288 0.0046033290720776335
78548913656798.25 77.39560353511587 28.67682170788373 -0.3413828163593504 58.11962483210408 1.657923494826121 0.000825879517034079 0.0004759225549505939
73777712716600.45 71.78119701815541 90.73654444104112 0.8461644700288398 60.99136710626495 1.6993013077918822 0.0007314572745270959 0.006304278139396814
235683313281345.6 35.760188701546824 21.128896084693665 1.5765274595383367 179.2332907025369 1.6309812426769412 0.0004798007903861381 0.008064195851694971
4665870264018303.0 10.618488989564913 1038.6490088930789 1.1738064083795863 150.52941520988455 1.6556196668775995 0.00018942836742929725 0.0010951127505198664
74818936522108.03 72.73711789159357 89.72927193585797 0.8526211318416169 60.54712349909785 1.7052461161621857 0.0007431984481089442 0.006212494026116424
888983464043699.0 21.209628993998823 197.076725305831 1.041860723507383 48.369675244636895 1.767959509978999 0.00026964840250354925 0.004901112802419641
4.234171363696541e+16 0.19751808813236238 2237.7970272463645 1.292015869551464 1120.020662912635 2.0912501249381 0.0008078924459677987 0.002508660951833576
804524219298633.6 82.06994439614118 840.1107184755595 1.9488233986975514 685.3385482501386 1.6811817426037634 0.0006446017424807455 0.005658077373533195
1100261880939559.1 47.74360680179762 844.3297612667533 1.6096352843295099 324.1103456029852 1.7704567453516253 0.00025868632512399196 0.00742824776840529
3.732560349736869e+16 28.06127215723999 277.2210049728851 1.0271419978979452 27.169074372911247 2.0002424138587136 0.0005594909348354433 0.006438877413399446
2095889586196860.5 75.27914718336345 768.8513741318831 0.8726112704664137 16.85008736963761 1.7053287127787884 0.00011766756205846036 0.006659185882371249
1.3032215710264674e+16 72.79238478997149 151.16989546403929 1.488405871629745 12.220603743683075 1.8060833254319308 0.00011002013427717775 0.00457342182086371
241804669466154.3 18.605345556593576 147.63932654244599 1.6572460839924334 223.08398924482822 1.653066243609116 0.00010337211093106147 0.0024082805770322697
1943309549399635.2 83.75970623767428 461.1427374709814 1.8902078016578745 81.32169142852203 1.7558753541937573 0.00015046247756695543 0.009789568454944242
1581936321725531.8 7.925994998474064 936.0766047226377 1.9130799304825958 1284.5963431482037 1.8435581497013973 0.00010451446565657842 0.0028691451573271596
2527134295405006.0 42.411679483944795 2496.6379232129525 1.1043233168693924 1388.2455082553108 1.797216635317618 0.00021755502979360733 0.005258061837626785
856185092562502.9 16.340748573275356 689.5696586231367 1.7057088486483931 742.813835223845 1.7193756439232615 0.00012341258640996314 0.0038712823654174166
455541635252173.44 78.39718455722223 428.2782207138051 1.620434012519302 410.82317519333907 1.7297117171817746 0.00014073404950639933 0.006575576813156916
190023911570114.97 60.43186601690236 30.65791892396388 1.2265952496270227 131.85385429632717 1.667953184507263 0.0009504291379622841 0.008528576294591287
1106641061195790.5 4.6837695097005 388.40909168394074 0.3934057212575357 510.16062620735613 1.8281608639388336 0.00011329154754385034 0.0028380557382269855
138822256425813.17 42.62497431166693 12.385430996458494 0.9067006591279954 97.13934537406656 1.6653949614376402 0.0007409874136052881 0.009170968240039972
104041328716211.45 62.59384034920815 114.0849200948609 1.027231296488162 86.10849852242593 1.7097522095240547 0.0005782630007594638 0.006595881678504725
107804266005238.55 79.67802577333829 14.527308618837079 0.8703229117510543 84.34160941030599 1.6480570687694542 0.00013169489562277672 0.006871561946149506
266026516974036.84 38.72014984663314 357.4130297378625 0.5502532303624839 150.1321105676149 1.7229015801072673 0.0003690445311267532 0.009983807694937367
119220849569264.11 77.25912450309599 12.68127025180403 0.006174804542056989 33.040253337462325 1.8978984974981021 0.00012797249223399758 0.0014055367200242856
1596653620005931.5 54.45400765013294 1351.1993790109775 1.7734049966123309 578.993095827694 1.698583782749077 0.00010845534720757208 0.005208572146015439
2453416126172782.0 78.19227775697937 1985.9217845734465 1.557282981573058 1113.8916286666217 1.8642499025235462 0.00012529562409685754 0.008757467136985882
45032164894656.58 53.076442113297254 18.673700520334403 -0.24878285451061366 12.367905128323523 1.7635150240474935 0.0008294760212690892 0.002531015527038176
757042165006672.8 76.31931962909454 832.9684342868185 1.7213846896705345 543.1262494441223 1.684559135419242 0.0008269188677152033 0.005220782639435071
65042600293048.12 84.84844601635659 10.817273602150324 -0.34757677811193055 38.83283984896648 1.7328332999826834 0.00039302782750197385 0.008403946349681722
795478968338224.1 7.144337925127902 343.92215263481893 0.9641643942723607 397.8062769938216 1.8050779882613486 0.0009141774286656646 0.004677508896421658
3865010830767522.0 38.34819666750002 2937.603708843834 1.363369845657406 1482.69740824906 2.024861800655468 0.00025838909898052883 0.0059178501663257384
69516402776600.79 50.55400875915703 42.31613112356148 0.5522124037824537 12.588288672887918 1.7430805101060618 0.0001591007747869099 0.0030145339497515506
2524033455440998.5 1.1674512844476794 18.135657766344675 1.7863656126935092 2078.620427121522 2.1674276134004975 0.0008691432264768275 0.004154339413113919
295312692920891.3 95.52430558252055 218.60910791494987 1.7925641636411145 75.17871905066706 1.7188370823234262 0.0003127579912998984 0.0027142967376454245
2453360906347884.0 1.921409016176255 1053.867184897186 1.29453767984594 1301.623754516916 2.0777197820205653 0.00011525560685464551 0.008460497744369706
48500271117330.086 58.57233111973012 10.443183152689336 0.42907425261078885 34.34459097295751 1.6768904684481256 0.00029990033985354724 0.002700362211865595
2288867808737981.0 59.69169170652843 839.2291987161703 1.5926808059930035 151.4801707855903 1.7886918405745078 0.0002547122917021133 0.0040008262983359955
1136412333433744.0 4.738214187387484 308.61266276413807 0.45451961378951444 520.1197958995361 1.8320958850846696 0.00014446967198877925 0.0026851717262546503
1376245088024936.2 8.589901793636209 752.0034787209905 1.9450345297424145 618.8921536984554 1.9007027695464047 0.0003204425835067301 0.0071157890859354376
8.417299718733078e+16 66.41723983939457 1311.571284902145 0.8584677899343368 11.090056945506529 1.8090098723924508 0.0001045485830933403 0.006636805334235532
67058637572555.06 43.85059915920796 26.660098332743573 -0.22257376897733305 15.597766679782046 1.7828597427591646 0.0008254263738802649 0.003075541708106645
260464923325054.22 38.904595049631716 237.15339023926308 1.6721818282647862 211.89538158347077 1.728832503824714 0.0003503947486663218 0.007349227887401178
2354889921091840.5 1.1580429909381245 10.511319217021512 1.3070926984386848 2411.662010157058 1.988052434912814 0.00014700030057070233 0.006977724181683117
1535320220318791.2 1.7007382566627829 54.57716269637532 0.8831561854888008 922.3942548168036 1.6932771580149875 0.0004655271533020547 0.005300336132348429
67058637572555.06 43.85059915920796 26.660098332743573 -0.22257376897733305 15.597766679782046 1.7828597427591646 0.0008254263738802649 0.003075541708106645
294992081105400.25 95.83260576304357 218.23276626550918 1.7965683296139265 75.20585629083341 1.7196808948281543 0.0003123914355130736 0.002702787035203653
68673907289288.31 69.15134758993926 31.65775894735373 1.3192922621661942 15.304524349055676 1.7690185548076074 0.000188874802894208 0.008632449091377446
1048339198470566.6 8.443818717877413 73.82528709055592 -0.4655563260930844 519.5489603245285 1.820254153430509 0.00010596755352035645 0.004077325689782401
4246123888881401.0 17.989646951053093 2686.928683788849 0.7815233926169777 115.43896933676758 1.6813773860560777 0.0009603794094365101 0.006512270639668833
130818479259299.58 87.92281696822477 16.17885127927323 1.449584484573338 80.5592502185512 1.7182983510488605 0.00012979565485667958 0.0025314595829229146
1.3542338941223854e+16 9.127136822251135 29.935685418983194 -0.2291838202340728 11.747370943721016 1.8555892834957601 0.0005154893168411709 0.0017380487109077002
2464477679237755.0 1.928207731256756 1058.884784881185 1.2965108060071826 1301.9889981581578 2.079470442119844 0.00011491124844285991 0.00847433872275739
988152131811797.6 21.102973849317337 191.52777980254984 1.030701776341186 44.57596781361037 1.7670251907138903 0.00025409761133949894 0.005107645871728881
3436603853832804.0 3.273903605283685 2465.9484465335977 1.158307789464625 1940.5518664000913 2.0180620665501694 0.0009588516870493566 0.004347448008849105
198952799621052.28 35.89182303357495 24.481364645318823 1.768965660998325 153.64994786882525 1.6291442566065568 0.0005161058912423875 0.009539699155804032
185299027880305.7 97.91965272744585 341.5981111152841 0.47736077399930155 80.46942250494529 1.7594182340503672 0.0002642227118897042 0.004974274143374275
264078428045449.6 92.64552962899639 150.92732677854428 0.5085384020581146 207.1885688428307 1.6626083350552117 0.00027999992956048996 0.0050781967061789635
3.771723325781627e+16 5.561491179692527 185.0798769151435 0.1218874722476508 14.172861217840401 1.746657588870816 0.0007679985033072565 0.005431067824459569
143664259737171.94 93.19912696878436 11.243382526443385 1.699790851208799 96.72322946715948 1.6875436849728689 0.0007052059279449885 0.008296663497293355
253569434869592.88 94.91007218713621 208.6419891142354 1.5693942673027887 249.9061869876499 1.722994188107355 0.00037671088376096284 0.0023292823046573725
3643751925547083.0 66.36490999353965 2061.9255569072675 1.9772885330273222 1092.1336714112153 2.077795555835675 0.0001820318663559622 0.00929702319514528
883834531777241.2 6.15927100577844 299.55913108789855 1.0272960895190988 443.75334077381007 1.8187503716561215 0.0009597344217932578 0.004782126464248798
114350172046633.03 83.30856536117153 22.3178102712762 1.770479567959934 83.7981374617999 1.6741892255273771 0.0004648071344211246 0.009324934964849294
2919096112951386.0 1.289055163666891 2045.3451776119787 0.9716919838652345 2317.8066487591777 2.0112910068122654 0.0007362977968366157 0.005021132281876407
804155886779826.1 6.8797655562037 344.0119141092516 0.9621852381270191 394.9250948083512 1.8114928694180643 0.0009185038595685948 0.004670296477268114
866610122264255.5 10.844037323817073 11.159392842819855 1.891691301594232 382.7840425034178 1.8390996466939007 0.0003054368513647402 0.009454397603732779
2140702166805345.5 75.15672085372223 784.7019907732907 0.868594890861113 16.714787783755934 1.7048753970227455 0.00011671049423922412 0.006649487322905078
888983464043699.0 21.209628993998823 197.076725305831 1.041860723507383 48.369675244636895 1.767959509978999 0.00026964840250354925 0.004901112802419641
1327745787341795.8 7.59251701230051 711.7340256122117 1.976189880452755 634.6231422397611 1.901020259243521 0.0002986969958585211 0.007251774704678131
1503292880200223.5 59.60469672308747 833.4966452925439 0.8553379591490218 35.17862905720162 1.7552242113106382 0.000646522278153664 0.0012771170436964693
2827268168647293.5 4.647820017145591 1994.8303925961238 1.1761202553331656 1642.7917379776306 2.0224946502795373 0.0008256216977428563 0.004414738803575991
3945270586547322.0 2.393845955776996 2542.265663912247 1.2590930544887788 1907.4770204018423 2.0476313111599413 0.0008731937128622508 0.004304347104303
1.1358605371256808e+16 21.427085175266363 475.57032121153327 0.7915298039609677 25.347442249428425 1.7663562465618852 0.00015528435880428262 0.008639859292336717
1.2867318510885266e+16 8.798043691570504 30.15666404315305 -0.14720840431488402 14.318688598760216 1.8676461482000002 0.0005131181302094752 0.0019224408450097923
123627882110037.38 63.61232925438452 19.195519458578907 0.7857593605317916 91.62221077153166 1.6530916766775423 0.0003579231130274476 0.007061789182367857
233481653818132.4 39.47190568638794 215.58183305432493 1.658541714807724 197.92843088586932 1.7196714270081401 0.000358774539614849 0.00737889521163523
248540471935651.53 18.20115341307924 129.9357565996196 1.528105492805645 212.0266426782263 1.6625593913786232 0.0001198929682366378 0.0023929074146836608
180391153092275.38 94.69565079327198 150.6751737181831 1.3437092778512398 190.42632661878898 1.6680524586427496 0.0005129778406465188 0.0016258504238280483
4057940549176257.0 52.441280965748064 2878.5541463652085 0.8887092816533091 67.9739454116374 1.7049998558578385 0.00037221229141200734 0.0037136624856558705
43281674769378.08 60.748154838735495 14.703841370140148 0.2962395843737402 28.235984323301764 1.7082284757147543 0.0005992337873834626 0.00110324535600374
1532358830824644.8 1.4179076377413473 65.43401140199018 0.8589980479834926 922.3992921973 1.6691525715857274 0.0005535514623755635 0.004650703333857333
2318328528518961.0 1.5736240047190577 10.558578730051165 1.2969732130524294 2366.8449892969297 1.9863272800032346 0.00014639982966934442 0.0069943015581487205
593712558120953.0 8.170522809339865 23.741121093275552 -0.31960764368035477 77.47219904258544 1.764227547763787 0.00045769737384320305 0.0025348698014832213
585187153519000.2 8.240734004014854 21.395037178787298 -0.34990434203217213 72.4296046434025 1.7638795986684364 0.00048765532595467604 0.0025300137865639054
9.760971148134352e+16 37.797292847529064 352.52870934018273 0.8009555017848033 12.429255352026113 1.9513645837741502 0.0002878248341238911 0.007872150772234049
1005532106319649.0 24.362594609189053 231.73627990422295 0.9962707255939771 43.78525424467449 1.765342459358818 0.0002952672877807551 0.004441824494370984
5022160822321713.0 0.7625427567292231 1410.706878558122 1.9082843840725732 1465.7476738256682 2.209036861367766 0.0006765420488150131 0.002892069893464684
1.3019880428491398e+16 72.88004694759533 150.85521589657236 1.4896550184285684 12.198820758942718 1.8058062527535053 0.00010959380052229977 0.004572343176010267
131198878058187.39 86.5958308487203 24.009885898798352 1.3143055170540325 73.60117722748795 1.7630167979369258 0.0009509084829288266 0.0037583769411266765
72149740955733.3 83.00675824690595 24.834862259038513 -0.46120502922851125 57.81950494146182 1.6385038590620367 0.0009833349075610636 0.0007390411600022902
2883058581445029.5 72.27843655927936 2258.2542129098483 1.4775980369100017 1038.0176200550238 1.9170042566760035 0.00014323168182096447 0.007534429403672945
146516978924865.6 85.82472414668642 182.49079578762388 0.7542963241987568 128.72210474874723 1.6920052306844813 0.0002309380869131186 0.003924589254811185
122456083230948.27 89.08540202452544 23.38616045307877 1.4309252199731428 94.90956584061178 1.6437456686917415 0.00019939976477871383 0.0012707557078883184
191198690073443.97 19.07424691550618 29.635966044969933 1.5520947673787209 92.7787375946602 1.7144761320215 0.000866500533017347 0.006899041439286096
1234318352368720.0 4.357044731668764 24.81770382587834 0.6523023387951414 639.3772207041914 1.7932913271803241 0.0008802199245618587 0.00017120765131964626
2435982259504497.5 57.07887933157474 961.9354291489586 1.5219921147243083 168.61957818318433 1.7885914593783678 0.0002560187519758468 0.004191728283777142
90670266639160.31 89.03758187804596 21.384929465461482 1.8549232678351875 69.62815846063127 1.6744815903986687 0.00037642061194837693 0.00980998860982574
369627643191795.9 17.98287663886954 75.52529494783299 1.999397444508356 55.377945561778645 1.794410879715344 0.00012537541022045065 0.0033232418705130564
146516978924865.6 85.82472414668642 182.49079578762388 0.7542963241987568 128.72210474874723 1.6920052306844813 0.0002309380869131186 0.003924589254811185
228174046973728.44 58.53010597161307 486.6290332693019 0.6815800337250952 105.14354447281839 1.6587777813515938 0.00029187958141032444 0.009164980250178782
237776197473002.78 93.61323701846614 129.82216016033803 0.34249885673665936 193.68476475667757 1.6293604244360615 0.00028521675947543494 0.005156896455180348
2365285379847122.0 1.4199768410420184 14.709908898869404 1.8570826146646071 1892.8618661553332 2.089149341148126 0.0009253712990874919 0.004675451818153699
68724335356580.98 46.70042909005227 33.223623762048604 0.6457265251688283 13.287576422101582 1.7435922025954613 0.0001638192988677282 0.001657802219364634
1159869644630617.0 61.922634056184236 931.153660407447 1.7830459900483948 318.8772180039742 1.6725938630691268 0.0001057532778418949 0.005555260730864067
1.9180700022059776e+17 0.7001202051536108 824.1866212049479 0.21481968473958468 101.92763777550834 1.7228450671932305 0.00029488815920847495 0.0037878587122570943
239631113181270.78 38.13488500479497 19.16804897127981 1.7896660989214623 179.1554064071223 1.6285177654087306 0.0004871468542207631 0.008862664242604098
455907791097955.4 82.93161938439796 465.6977806727267 1.5623167573718746 382.00153831058867 1.7356623514324978 0.00013895632398493713 0.006857991727687652
186858734973137.1 20.990994888161048 10.497601176507905 1.9218357214057729 120.17155469466961 1.657921780629075 0.0005202189380960521 0.009981900573372718
1.133067062604779e+17 82.51905051731488 147.23778951774094 1.9727711488143325 10.912563216839997 1.7568512995289427 0.00040291762875292194 0.006496114485347688
148166713100273.1 50.40532077578963 29.26370743547784 1.0807966946507646 112.33281042301182 1.651875865803855 0.0009730434646988258 0.008812125426671985
755637560872593.5 13.815355486517976 62.749727719594866 -0.18364201555202242 367.91700857589217 1.8148932906771553 0.0001545047938417254 0.004028060405919604
317341381927706.2 97.36787623030338 214.15240649116015 1.783981370663779 68.75408290526036 1.727591305634569 0.0003090419915210619 0.0027194901988095033
275780085149111.7 37.263416180161414 197.00656097313933 1.9149936548239412 250.1209541789828 1.7313821402104317 0.00035715512297468133 0.006779813953704178
131042897793701.39 36.41572874365087 26.506914819044813 1.3844574399626555 95.88186685935048 1.65848736354599 0.0009720163569758782 0.009260389674779735
192927547814188.6 70.14065327038229 17.1272310376565 1.7723189980218996 142.18588593467803 1.6427096481369239 0.000493951171505421 0.0012335774710299772
56056070007035.59 70.25974228367252 25.520281950323042 1.321326907808825 13.070525059537186 1.761397836501354 0.00018467381461981935 0.008761008414577207
295312692920891.3 95.52430558252055 218.60910791494987 1.7925641636411145 75.17871905066706 1.7188370823234262 0.0003127579912998984 0.0027142967376454245
2811915012865762.5 71.54781637698366 2202.215649573682 1.4841836953596652 1031.3146254604976 1.9125147099586288 0.0001432427908341535 0.007551234067189254
4.38667517714814e+16 5.076300726129272 194.61912542155076 0.08058529169715756 14.049763553738423 1.7490862753303567 0.0007609101236732196 0.005366990051639417
376089430144672.6 99.29504272169817 22.20161017346091 1.6011986243612404 258.21244331288835 1.6123146988455974 0.00024195765744563325 0.003451135949689014
4656289185464565.0 57.77182819393904 2615.099011680622 1.0295948155073646 87.44844883914293 1.7050111087103166 0.0009396615369750103 0.004471671252852381
194146374502618.1 31.799449557167407 168.77977043325134 1.5504434090024415 124.87227414566269 1.7153886411855124 0.0002620532978755242 0.0024285958877852615
156806301380628.97 95.94822506083035 18.310820022664384 1.4204610383493528 83.20425699729098 1.7628256372932467 0.0009693051146816327 0.0034528546202282615
197622659304551.2 37.71569728202308 23.80624338714883 1.7556843285839903 150.48841491135127 1.6326075243047262 0.0005307665144944507 0.00937196834292487
1167148836287184.5 62.22392265913098 942.7114736218479 1.7724607097262428 330.2151214884203 1.6775551273787606 0.00010615170087661711 0.005630487508887581
78501170749179.88 60.481591714996384 10.469798422932177 0.6608836435471607 43.83633300524032 1.7334514161644725 0.0002469339303916364 0.0027836245430916747
246006433097615.4 58.57745901163935 490.65469449119513 0.6985872150862651 102.003304354384 1.6647752225216608 0.0002974189918967363 0.009452799216269505
140118419737998.66 53.09693958843962 117.66624952522045 1.2795869914903808 75.91042184178762 1.7669207204077313 0.0001373203033904154 0.0009979199654442448
115016385932667.56 35.000047079438446 69.14445533904046 0.9388343226041407 67.29537167326639 1.74849931668009 0.00019799021065109977 0.0002165865803638832
348361332933388.44 96.81707583686182 724.6116689700604 0.8429147522679704 56.903477613592365 1.6507882231406705 0.0008362169230699703 0.003049977686132261
164550778157587.5 38.30152919426713 11.557083189836058 0.7903108586166241 113.04900179238271 1.666352603126163 0.000921442672062007 0.009611458819684724
459085594344876.5 83.03422358751693 467.6790687377843 1.5675645391162207 386.1570754923979 1.7356799500067779 0.00013799779652722796 0.006865317513935
2309057727257747.0 1.50644981825242 14.2215943079137 1.356996549358512 2066.5898850265858 1.9970789709716823 0.00017184767692861286 0.006712589232302588
4568329235404663.0 0.7246240432675819 1403.2439906839206 1.9543769267904034 1618.029775275603 2.2627512443729723 0.0006657672997980009 0.002614166156702771
192808598790950.88 69.6150349469422 17.10594005949414 1.7367514363601255 142.05485683128452 1.6429851734785827 0.0005238169781464932 0.0014348682627937474
294826079782199.75 98.8894064886666 191.83896975654426 1.9799216717219723 130.69576112529643 1.8950842334312663 0.0006184890981827424 0.0013226467266300814
2474131490015934.0 1.126169983464866 19.272967633384404 1.9167536645596825 1794.1389784502162 2.1143874838319907 0.0008493429306135875 0.004591947714801496
1083998218865919.1 5.003367746877359 306.75723039160283 0.46328462837412276 514.5235304627901 1.8203617874797504 0.00014673831181315582 0.0026997646210204893
4067392027053148.5 51.7443011940524 2830.0667779706223 0.8934604453348234 68.88054512775189 1.7041769315331943 0.000368045984599844 0.0036700241700310275
190742468144657.38 35.40611794074448 24.67106290006831 1.794555502138282 146.33996735499736 1.6316865827303362 0.0005038728681493422 0.009513195942596992
108488369252284.75 96.32433711553202 14.5144170968149 1.4971381973889026 69.16149981205346 1.7129952612808141 0.00010480697712847253 0.0018144057952832046
1061595972522771.6 47.744316408120675 827.6233923199217 1.6000047393199308 314.2406976670825 1.7623231669923956 0.00025862716017773863 0.007353831308200808
259841126526530.25 19.895871713721498 162.95138075550125 1.6991515902651901 243.9145077719239 1.6568693427928072 0.0001006595849782983 0.0023600030165243343
185434537157037.44 96.95382210407946 195.28468823441483 1.5712118809041988 210.42573981525507 1.6621520441882363 0.00045290915796000823 0.001457471158656791
3.3692201105487108e+16 37.48758877074373 721.2034075736633 1.7650242110770218 51.313747937256416 1.6440405322822182 0.00019436295521380062 0.009035985147288001
143036185347488.75 83.55555626578663 175.45838023722752 0.7864574537540052 122.20982048969957 1.6958766747050416 0.0002520658438608188 0.0042027163210835335
3717001620799674.5 34.54848631675703 2735.5080339188726 1.4379642841397398 1953.9159606208127 2.043896546087798 0.00023075763235568377 0.00641998635183661
1661544899003972.2 0.11851201138703782 10.463425772292785 1.0737958059527934 4288.637858600741 2.6624186624151998 0.0003175186856664555 0.008251530809396815
4586424189733169.0 56.72370831750842 2606.1695322735595 1.017273690298595 85.75337679888912 1.6975191431582197 0.0009322583318041332 0.004271286498041874
2112124527218598.2 18.933611685847474 1484.2728798617618 1.0971866452513035 583.4847624452647 1.9793860973442423 0.0009517616492591627 0.0024667639564864433
1153431423171610.5 3.6563778949169126 1113.420777141152 0.008096366790691922 399.229407232918 1.7772484782297757 0.00010673602684841172 0.0007874857969833535
4.788454163956071e+16 0.16691444133457622 2296.334031686233 1.2609671215526617 1106.3297499029738 2.0862229095811538 0.0008210718543922957 0.0024607051290188985
3990546518722671.5 3.5068108157656326 2865.9986424997487 1.1278768499927114 1825.7608456167625 2.016455690661149 0.0009460549105619506 0.004307218081882232
139453618113300.69 87.72826295416593 178.27703332232784 0.7252932831517344 122.3547802753339 1.6887751010152663 0.0002357069149448941 0.003951640992684822
157702113240993.62 97.28138602688742 10.505064244087237 1.6276699283217746 91.78414504000483 1.7342502699795186 0.0008541474335785294 0.008868239432673643
106760863000533.61 75.89261202721406 10.706331534341606 -0.49601145887820575 21.600961104063757 1.9082880916082174 0.00015006343192229237 0.0009458145398043157
599579013969890.1 50.14209791133298 633.3140240782211 1.560838175869164 274.94176770717667 1.6744931314305476 0.0002917208874065943 0.007262536388016527
192871438184851.3 68.95445844171704 17.10583233523374 1.7504998617152636 142.81365490312496 1.6413310895524664 0.0005300577539542889 0.0013272765332424455
125143279219869.38 90.37733716607309 164.83867789706878 0.7389851026643285 110.57893937549092 1.6901720194729353 0.00021158084250984393 0.0039265962752010036
1708135194465066.0 33.78578663289262 1308.3914897641516 1.3900079369612923 1061.625151668875 1.9667589537969397 0.00011690515060508563 0.003539246635415386
1599714493570531.0 21.85737212205188 1056.4588092625813 1.8626484370779122 1252.162472932789 1.8325417161572382 0.00021099769101708122 0.00026782416977181103
1.4269067151074814e+17 0.7649612288229566 883.5822904953583 0.26820232245747777 124.79928044584885 1.7425923787615578 0.00032347459161424227 0.0038513536016429465
299397144360980.3 96.03496108085221 157.59335784345043 0.49139427947882197 250.4987719879108 1.614798204677356 0.0002681950277698808 0.004472172216322116
99136584281630.03 36.40973880052662 17.37953302456042 1.6485628807095065 38.32762232863548 1.7873857291788717 0.0003507669138274952 0.0002525095818580051
584603084475013.8 8.26284676623974 21.418766469028576 -0.3492969158046839 72.43145781454281 1.7629476340220176 0.0004876863895168803 0.0025295236894944256
275736327413411.94 37.26792129339396 196.99027828704052 1.9151349317843456 250.10401543879678 1.7313702618515507 0.0003571051046558769 0.006780126740841412
1.3757241600572382e+16 8.78540133548292 30.444669851526086 -0.1347765241119261 14.155559745841055 1.869536073132463 0.0005154656347488817 0.001913111775632568
82209326478301.05 95.01525097294065 58.929218803315656 1.9868939469288573 75.57117101313423 1.7628950082185788 0.0006997975279665907 0.005762317852137619
130080321779029.81 50.08322485747203 98.97615075744777 1.2947556986608877 71.77849000779412 1.770483701367062 0.0001438964969279601 0.002008442156221489
183926087500964.16 19.092665397769025 10.777561819109206 1.98224616670688 119.68263077095136 1.6518489078723417 0.0005700643570932392 0.009974862935950436
4587148240796824.0 46.80416912916239 2912.384583585664 1.9152370920039608 3319.1732274216133 1.9307495501474174 0.00025515958932789906 0.005127684293048853
117129319114157.94 78.66900389056971 10.02172547754545 -0.4155463141831385 24.522433428298307 1.9263245341200728 0.0001526768422393239 0.001338573589411315
181950163153926.94 38.31396806956216 130.15959807627624 1.6556456725458037 76.09048899934449 1.7347788733125222 0.00034769954576343453 0.0022866134673437117
2481827143411636.0 1.3191613951788614 864.0367984353089 1.4532710302968483 1890.8652805762476 2.1082992576190263 0.00012385347986144864 0.009153562674109413
1.3266872652091173e+17 0.7388385833411704 867.6018218532479 0.2597564025113911 127.29287423763977 1.7387148319063073 0.0003327442244082701 0.0038520144514533764
1.3002197581222286e+16 9.01871203551497 26.491975475942066 -0.21338275161749798 12.352710238516645 1.8544774438732685 0.0005106557899819944 0.0018912488616745784
4172631254509120.5 18.215296962405198 2577.5292980660056 0.7955329833752428 114.06884645085269 1.677758000968372 0.0009437638505268409 0.006398591573870353
1596214103843736.2 9.31965443648567 1033.4726207232927 1.904646752583157 1337.0598941856254 1.8207309159724545 0.00010653080181940694 0.003021693444714339
476186773752968.9 84.09662375108404 466.57655560615456 1.606908810873783 409.0250385333315 1.7393645228621697 0.00013331331661791402 0.006742155723081126
9.991981501953648e+16 39.42485491871465 360.0826798429131 0.8077274519055206 12.012184159416632 1.9470657990304432 0.00026684429630548326 0.007775608119489894
2260340378493369.5 19.383639176712293 1378.3984503163072 1.9094543399592383 1737.8056702614117 1.9617897083443867 0.00021349925463399105 0.0013198535434324763
4184916546668272.5 59.938385747585215 2528.7365766528496 1.1058104992687519 130.89098467105958 1.7142022409498447 0.000642659692242573 0.004622101959385194
981576751580707.8 69.64489316681089 1002.30858222248 1.7515992763345898 691.1191166904147 1.6954167184309052 0.0008538206924226155 0.0049261919968718315
189712653628530.03 19.019689024742227 30.48198757330677 1.562022760402583 88.24707336117389 1.7229794070985618 0.0008474563013280523 0.006508308041396175
1.3022440477461696e+16 72.88098015628923 150.87091344183284 1.4896436190658275 12.200247099004192 1.805768386708713 0.00010959377109102944 0.004572400962954358
2323090922944383.0 19.574648248695524 1404.9261359524419 1.9058308431353588 1802.015102306809 1.9716289058243608 0.0002126468637353654 0.0011204647674512573
224828667636876.9 34.67081757489252 196.24922815423164 1.5120203939726211 145.93302747799692 1.735789134848865 0.0002603493030121635 0.0026247640671466926
1560589570177180.0 54.53467607860855 862.1376715396484 0.6532407871319574 18.768512342223865 1.7555875160742354 0.0008556818762996344 0.00016126500293219166
2311879675302644.5 1.5059081116286965 14.250887827070288 1.356957506296632 2066.066016379056 1.9971146623170772 0.0001719560381890652 0.006710879389376005
1542546387469229.0 6.868491213561256 821.5135883700589 1.9431575121874887 701.0677208851522 1.8995450717972941 0.00029140420844902225 0.007253011699626855
202475143109910.03 96.58465335441755 192.1759044097731 1.5829473092946325 226.33050338714298 1.669293885412293 0.0004683780775776543 0.001606268507446891
226677353116134.28 96.28903776246743 107.53045731832536 0.3659363890300082 170.36422777964006 1.6620504884279736 0.0002878424755553162 0.004862159455499006
2486411311720030.0 1.180412236184246 778.3039790716552 1.3978930715360436 1809.640386104408 2.093623977177704 0.00013441561622362124 0.008676882859631285
194566384099080.7 18.253514510113163 31.641315235599684 1.4539657481152422 91.32365956133573 1.718043789716307 0.0008169550714090428 0.006321170039098248
831617948559101.9 11.352363664984907 74.79869028840078 -0.3887545068665794 406.1085887793906 1.813310397230215 0.00013209067882711503 0.003744600220959449
130788831908148.11 91.05753650426443 28.805004552259984 1.4037561387333375 101.93244634222263 1.6431801703213558 0.00017851843066007776 0.0020621573791118827
115016385932667.56 35.000047079438446 69.14445533904046 0.9388343226041407 67.29537167326639 1.74849931668009 0.00019799021065109977 0.0002165865803638832
881151070274972.6 21.41552325376508 199.27086847774962 1.0354531709615022 48.56108955883361 1.7682327802882427 0.00026898817863879506 0.004934706720168143
3086895929400886.5 79.93898395469026 307.42313650096196 1.448432138593057 31.212841569924223 1.8441993533198748 0.0006942191721929428 0.006281726067238454
63757322679441.24 68.78222197355419 27.99814902908516 1.3578097467992989 14.782333618325836 1.7737635940505383 0.00018527596440548097 0.008882444670759021
1775662666806116.0 2.370031247066016 236.1818847586716 1.2638345526626815 552.0979859252567 1.842220631993385 0.00010690289453892948 0.006506839390040124
175206285206549.88 44.7170029086995 10.98959691726324 -0.15638596178377462 131.01411027689855 1.6468050879600264 0.0005943439702778453 0.0023426919498378837
4679331378370099.0 10.60789247610418 1042.5910219672126 1.1727255606037352 150.77040293331004 1.655342296791363 0.00018955002246544517 0.0010917612185536423
1284149490611533.8 14.345365228567886 789.976905261051 1.7893369208354015 1136.0205940574476 1.7493236943917476 0.00010687863072744978 0.003308802037522544
45693722399896.836 53.146910558383034 18.668058421380575 -0.26455589794761747 12.106931275029867 1.7637314379319706 0.0008350927405872167 0.0025599821863919172
124139234566071.17 87.83376670259356 28.40782484937136 1.3875055122832805 96.86530683959859 1.6493078832791523 0.00018787888883726683 0.002143324890242083
177335597887825.75 32.8496524156505 154.35416631048702 1.5251173741884132 114.32753774270556 1.7141744687856213 0.00025109802532181344 0.00233618677487256
5.475174165181846e+16 62.78125880919257 1130.1484488967487 0.9296075960083301 13.973754981817377 1.796577975848099 0.00011964258598877425 0.006712845409409451
1375799660670155.2 82.95670981539928 470.2678152249829 1.734950079134692 89.46369770083207 1.7674681918399568 0.0001665935419219795 0.008943355208100603
529277674707637.1 8.60227004727627 21.15887032585251 -0.494198890425639 58.61261439067364 1.7412878567318213 0.00047144866472627816 0.0023917219502317486
2091509020460319.5 75.283379957437 768.5350207083837 0.8721643816265757 16.838307088543488 1.7055737827343256 0.00011748559218679555 0.006657342211334459
68673907289288.31 69.15134758993926 31.65775894735373 1.3192922621661942 15.304524349055676 1.7690185548076074 0.000188874802894208 0.008632449091377446
1327745787341795.8 7.59251701230051 711.7340256122117 1.976189880452755 634.6231422397611 1.901020259243521 0.0002986969958585211 0.007251774704678131
247766813606292.53 35.279821316630844 13.297672722697106 1.4947972444754278 164.2985312007793 1.6845400938417043 0.0005562059530191951 0.008404566371235636
824078096376310.9 11.850870551593637 73.92834554606843 -0.39368432856604885 403.2438169030628 1.8125846192223987 0.0001321885502992383 0.0037537892190910257
202378697368083.12 97.96931211528191 38.662423934413205 1.2926515158076146 145.89456614935628 1.639869707904794 0.00037061006402710377 0.00882004189125956
152927361436653.9 26.06265644862539 38.61028252276057 1.9450996196347639 109.30942620704751 1.6647631861309866 0.0005223782509409234 0.007540746259403908
294992081105400.25 95.83260576304357 218.23276626550918 1.7965683296139265 75.20585629083341 1.7196808948281543 0.0003123914355130736 0.002702787035203653
191370102743088.78 80.19585420213707 12.428485064206736 1.6792127774473369 140.81477785394816 1.6393182262633321 0.0004237756083919885 0.0012739516335607739
1657970185618814.2 0.11848099511518947 10.427340459816797 1.0736758665941053 4292.363013862036 2.6627878885909753 0.00031732543680803595 0.008255241569863257
150661085913446.03 39.51081284110744 11.282785477481237 -0.4116534219041139 111.50940307914307 1.6523378860946398 0.0007847135595093538 0.0030660042127437
1147449491603540.5 61.896935936966585 916.3889578433 1.7802454708390494 316.3533198531688 1.672741603343297 0.00010620540028644683 0.0055414228046076035
127023491410463.45 88.52624394409503 17.30614478606554 1.9706581407655235 93.5203454082834 1.656843687306209 0.00044722100563909166 0.00983608824399422
263684084782967.06 97.44006088481608 10.353367382869402 -0.3318005557674262 140.50070490609994 1.7583622385295012 0.0006993870680200451 0.0074951072343834866
5518173921325284.0 60.51186332925655 2903.344607111526 1.133316148662911 122.04561015483391 1.6884353606491715 0.0006325566195846075 0.004372493304434519
896439495867274.0 5.936040303766458 303.8381151288383 0.9412879886122043 441.80318528877007 1.8153967945219753 0.0009771748560281463 0.004256248956147468
1189012348545577.8 5.221297081968373 12.94417106597365 1.7066137786317663 471.52429829910943 1.8590280690985914 0.0005216044861853346 0.008839497159881554
8.002326953366736e+16 65.86521357346935 1239.000804008147 0.8588964583113196 10.78744344201443 1.8041892086726496 0.0001054187121294019 0.006650220809235147
1355563551466795.2 4.977264385697975 96.71350465810794 -0.36454696265896946 656.1831574631951 1.8571413317075933 0.00011440629891735684 0.004187541248158567
528517297835489.2 8.771678062545334 19.042054060411942 -0.47378805435659 55.60881110891494 1.7356889634734685 0.0004681116322353505 0.002042581007699081
1566967462876585.2 75.2479465900186 557.3171770635736 0.9247069377416878 17.999890044549137 1.7119516005808242 0.00012125118509892801 0.006765702508591561
1.4738507522831747e+17 0.7722810120225816 957.4853046052741 0.24621985104892508 121.14296906944826 1.738120700905493 0.0003384299168917647 0.003829385182866348
138647950568979.08 87.90214116391631 177.8746872243592 0.7334364617358826 121.88524468686003 1.688929216392789 0.00023363268556285706 0.004013947214019868
235390011563466.94 47.62697764018403 908.2246611647441 0.10821976581034942 110.5600572564887 1.7519150889112944 0.00020054990128480052 0.009345715132977564
175495359602274.25 44.153893796148296 10.81013754741516 -0.1599686169554828 131.24876494729006 1.647071098027189 0.0005959953624939768 0.0023183242281968252
247266432468821.22 39.371068189318066 228.61657628740156 1.6434786466658737 207.29867639099308 1.721563359008433 0.00035351201274824343 0.0073298897176595
244551761155719.9 18.92851814378142 155.03924478986164 1.6626240956009972 226.9377417956179 1.655731563289016 0.00010452556896733397 0.0023949038020182715
964273071660192.9 9.65349895216065 68.26655043821184 -0.4385991568116454 498.5927722515566 1.8133399774412764 0.00011666847093081335 0.004085953987209125
888983464043699.0 21.209628993998823 197.076725305831 1.041860723507383 48.369675244636895 1.767959509978999 0.00026964840250354925 0.004901112802419641
91422269683481.84 85.41817579288788 21.066973953474893 1.6443639946137714 67.05309248979906 1.6840326183529544 0.0003353705352526283 0.009001082338183518
1794238114491016.8 2.3146174762891416 248.78229961996158 1.274756431409884 576.8145104272452 1.852284883417341 0.00010525112075908921 0.006654761790305239
2524033455440998.5 1.1674512844476794 18.135657766344675 1.7863656126935092 2078.620427121522 2.1674276134004975 0.0008691432264768275 0.004154339413113919
79176306220167.27 42.12049434808642 10.38789832323235 1.632300502588491 26.56566124814841 1.789638902242877 0.0003686102067875322 0.00010012564143641696
69516402776600.79 50.55400875915703 42.31613112356148 0.5522124037824537 12.588288672887918 1.7430805101060618 0.0001591007747869099 0.0030145339497515506
3408698147933629.0 63.692535039344534 1790.6896969666864 1.148309479060834 98.02425981107321 1.708410569059453 0.0007664125984539454 0.005187140526605062
2623611103060594.5 1.2957181239869335 1707.8523463149359 0.9006236279531141 2224.347921183869 1.9772567675577983 0.000586739084806359 0.005684673020757792
84918778130924.03 55.954034845256054 10.489254430795084 0.5858212222071951 63.00700554953068 1.660312673393787 0.00030318707115629945 0.005330743038708112
75996835522154.75 43.6185110549727 51.702499948789956 0.8572426961029189 48.777596954943405 1.7333256772338381 0.0001871176557960326 0.0008186747183450936
830282865538134.9 6.598416688733561 279.46643993021223 0.9978288462529382 416.26250537257624 1.8144711463492795 0.0009324154171913076 0.004783118516467656
7.582127067841174e+16 28.25400694716866 260.7339686210862 1.0682878397555517 24.81991490402995 2.0331159548549715 0.00044002759993906653 0.007519008328057551
119852868706407.22 29.30956877124098 25.306152738656916 1.9162888490135996 86.3473014512807 1.6518735397391346 0.0006246671237993298 0.008163345383491713
1587156137333098.0 0.10105775435893849 126.70060537362944 1.6604548175863894 3448.5802929194347 1.9838017817119298 0.000627239950593192 0.009052512689480487
101595844937036.05 62.74746579118538 110.35711690828964 1.0315727548711346 85.01432294277696 1.710034006089313 0.0005860507756773509 0.006550516470485561
218998396022790.7 59.04863458316364 530.6240648579402 0.6486942365116253 99.45795977913996 1.6444419028158235 0.0003064382138504505 0.009737484310642863
181220403299754.44 32.645577202896575 158.5942853829325 1.5304508675856348 117.22171909995924 1.7137949988954078 0.000252965899557451 0.0023118459769385265
4992429233918920.0 32.56713973967946 2933.3731255229177 1.9228683989152557 4430.640986111101 1.9114947276748018 0.0002696217863129312 0.0058498233640568165
1427285549203610.8 22.182168871163093 902.7636421290226 1.900472722994117 1210.500289246944 1.8112949345943945 0.00022336961942949718 0.0004161740250354113
1469772476782099.5 0.1033478474969236 126.27909172145056 1.498457587019023 3654.9157363806667 2.000033756102977 0.0006343641961454603 0.00903933354357549
1511359043285785.0 1.4720186661123924 47.74663994157924 0.9311285378740553 997.8824757088614 1.666903526046541 0.00051925616408372 0.005059370102109457
4.658811349056496e+16 0.15266952583990556 2326.3463410021513 1.2767666556317143 1154.3947042429854 2.0938124173085497 0.0008310720582192494 0.002453951847625515
369627643191795.9 17.98287663886954 75.52529494783299 1.999397444508356 55.377945561778645 1.794410879715344 0.00012537541022045065 0.0033232418705130564
2438921453760116.0 20.101032612273443 1830.6534291471507 1.457954841258235 1065.9845979314257 1.9264110279075304 0.00019594981510239463 0.0039331610260247545
1.3022440477461696e+16 72.88098015628923 150.87091344183284 1.4896436190658275 12.200247099004192 1.805768386708713 0.00010959377109102944 0.004572400962954358
323699040832930.3 98.55954393556183 179.28073213687358 1.5191036862211904 296.3463282852113 1.6819891684626038 0.00024690616411980073 0.0016347684607594254
4.788576246017891e+16 0.1722037582055933 2300.3920322533127 1.2601502903177912 1102.6078166903653 2.085042624532181 0.0008215889868349974 0.002462192406985143
1.3207812329429882e+16 9.263065529818002 25.721257398253027 -0.18623067456585263 12.920345715126256 1.8665796788459068 0.000502594236278917 0.0017365703324850423
432833227665070.0 93.0138200932686 10.461516257277523 -0.15465275289218972 201.17395955111297 1.8270870644735364 0.0007005583522791364 0.007255006773850969
5040956192904838.0 0.7352209627531777 1409.4400152552294 1.9146157832975046 1467.587620305555 2.210690169533263 0.0006756390581949268 0.0028830045900438347
888972838591903.2 52.28112144088934 707.7093394814183 1.625693342857491 274.05990044089543 1.7531011284874052 0.00025059138936998015 0.007509936620830633
300613379517376.25 98.75623546273174 11.29770397833513 0.10484603674726833 140.51781104836314 1.8129300728895863 0.000792141672298102 0.0072704497461691915
757085515203314.9 75.04867229964975 830.9582974533149 1.7202268387650612 542.0503332407652 1.6825410214948822 0.0008146947274603014 0.005087324473272575
1100261880939559.1 47.74360680179762 844.3297612667533 1.6096352843295099 324.1103456029852 1.7704567453516253 0.00025868632512399196 0.00742824776840529
235744969998080.2 26.098141262559245 107.17768303390653 0.8725866745423408 145.11400980992784 1.7557885342510031 0.00014367384029622028 0.0008900363994590039
4.780923363899558e+16 0.17294924958141378 2293.8871283409057 1.260169605117546 1103.0472397377164 2.0849899982848923 0.0008208401998532893 0.002464584042597925
1159869644630617.0 61.922634056184236 931.153660407447 1.7830459900483948 318.8772180039742 1.6725938630691268 0.0001057532778418949 0.005555260730864067
1.084754611239509e+17 82.3940102337051 161.5480466740948 1.968271749239946 11.471104665462889 1.7454321191957591 0.0004044149728436096 0.006405595350978915
5019348422039188.0 0.7458882765501933 1416.5127544125316 1.9031207519093232 1468.1711200905484 2.213951236144788 0.0006737469332735605 0.0028623173346488655
117032121543879.11 78.48637619478976 10.016875507053607 -0.40983416439894826 24.67286107102602 1.9250102466674148 0.00015404773281250733 0.0013785986781040295
119537213416593.12 97.00649728568439 212.32468646451383 0.3740206598782043 50.25204969106078 1.7804154106160188 0.00032226681009468456 0.0026411328972445382
3937601395395724.5 3.727031880490628 2823.6097359209944 1.129518267011583 1797.9560530987335 2.01057632406766 0.0009396553156599178 0.004313381648618603
1420205864561704.5 83.83501260103392 444.93274591195626 1.755238875406513 80.5172241301918 1.7575305066429892 0.00016377585461304644 0.009058849122572508
779017462542774.6 96.46470971797416 2891.1896290078184 0.6676319412173986 67.14146573346065 1.6629543997550154 0.0007646532179939886 0.0029151390786932574
209279887424420.22 72.7462483292365 23.628063367568984 1.6492567679786627 113.32469030441409 1.7557419565881809 0.000900224988798355 0.003672711528381806
499483331215559.56 82.39911111157087 13.455566069290576 -0.21287716146054358 232.02711176978673 1.8305404858252545 0.0006038781124385306 0.006999338238390622
2081470652331681.5 20.81388389208835 1590.169077268054 1.3764996245239238 1628.601420001988 1.8260196425245772 0.00011975264549734012 0.0033160890965791188
174839951057476.88 43.94998258340274 119.38683048196579 1.4526498536692634 118.1687983060326 1.7895067200580588 0.00011398653095401108 0.000585087687759861
4.234645437389048e+16 0.1958034250088332 2238.016214937039 1.2920004419685767 1120.0751219254735 2.091256591579448 0.0008078926990342128 0.0025086143295459363
33054239935486.105 60.678541127409304 16.91587692770556 0.646391193433485 19.220743069126634 1.7328669203753815 0.0007067686709800282 0.000765551542775888
3812119081995514.5 68.00074411479808 1974.1266288618199 1.9739903518881952 929.6430620162445 2.0574648433394396 0.00017906737408514552 0.008919981845874907
3256236323571112.5 63.80449733460512 1826.2333929359875 1.888880959689168 853.6730290848058 2.0361039485777934 0.0001901858437860904 0.00864358140214708
760228883391153.2 53.6101552825379 686.5068955416067 1.6750021950064498 268.09157000921647 1.6878930961184537 0.00025212402867654335 0.0077319787052962064
1645562034630883.5 59.85360409101948 890.2018954521761 0.858990650653586 37.05013108444413 1.7638369852515003 0.0006434157316097528 0.0013465526028075745
2420798657968373.0 56.6756144233118 973.3214964191307 1.5327890820208865 176.41289624805748 1.799498864225082 0.0002586230976884437 0.004197027355427838
785073888699310.9 96.53927711982972 2947.1429185518186 0.6660191302139955 67.09552159714009 1.6630922954982816 0.000772635208617452 0.002907122366518471
4337297797461575.5 17.846027651082895 2736.3296045521206 0.7774967290104235 115.31710501741058 1.6817943371327178 0.0009653518939059078 0.006507962105776517
570481744244346.2 8.194259990433778 20.158789093655212 -0.346142215658904 77.32772803205833 1.7599954619120042 0.000496686762546921 0.002498497044543968
5332448917978524.0 30.819321277134087 2992.7514168425905 1.9397050522632908 4935.53647496568 1.9278317008450148 0.0002380778179529983 0.005535575887108507
307514407301119.56 97.17010209047943 15.238765211830085 1.7296925480607954 209.80690214092616 1.628866486348749 0.000298873984264397 0.004072698335787671
263472138424278.25 93.95148931010722 54.754501661371584 1.215930613351921 178.8989735204754 1.6590263780652286 0.0005013579649930865 0.0098663938020372
1209920255811198.8 4.313777004631316 25.31448161836357 0.6684046690317726 624.1994995118704 1.7930830944013543 0.0008682145985611104 0.00030218697603322676
3.1323812116817948e+16 36.586419902562994 739.7205332676829 1.834323676612608 56.99822251950256 1.6264826314094973 0.00018557275963997183 0.009232475237888999
2625330317465920.0 17.6413864010051 1743.252063687611 1.1400868399556234 653.7413471927695 2.0017658037271024 0.0009573151610406224 0.0019429284290231165
4458333576806537.5 19.237414769963124 2882.070640321176 0.8089312635564587 132.05242045446957 1.6984284328317905 0.0008887647684587127 0.006331661585527865
1353124121858819.8 3.3634572888910883 23.42144168470701 0.597143988541396 690.3339860775275 1.7943985927127273 0.0009893001673315328 0.00031139118445808623
557281548295401.5 79.37245180103132 517.2346435841546 1.6848977862700254 476.2816122304184 1.755131491100059 0.00012628996430258477 0.006551968121295969
382370482849895.25 19.504220423531343 75.10966184453575 1.9281173717504214 51.1217961199838 1.7953362997166349 0.00012828104637952823 0.0033542823591352373
4.713265232396234e+16 5.411291993947527 255.54195288473946 0.12480991107218442 14.608481664044064 1.7494114396485247 0.0007144804697268556 0.00546514348200573
8.417299718733078e+16 66.41723983939457 1311.571284902145 0.8584677899343368 11.090056945506529 1.8090098723924508 0.0001045485830933403 0.006636805334235532
1.3757241600572382e+16 8.78540133548292 30.444669851526086 -0.1347765241119261 14.155559745841055 1.869536073132463 0.0005154656347488817 0.001913111775632568
157502872684178.34 97.32576715872342 10.501795194717195 1.6276040979612136 91.65814702521338 1.734079584401536 0.0008541623341496482 0.008870229033751828
196075429290281.53 98.7125641707085 34.42151439479383 1.3490225428014482 140.57595096976982 1.6410815485460566 0.0003968843100287769 0.008871467589131378
121678608250036.92 87.5957151107518 18.096817972790294 1.358805222405421 65.62319556393601 1.7649567202712262 0.0009939026365650098 0.0038302339845498238
261445437722008.0 18.76278453600098 170.58888639865023 1.687537241298069 243.91742695474645 1.659881616740924 0.00010294973360007734 0.002110551574567356
2427074742027926.0 1.0588940920286625 14.286537253310803 1.8803031295173676 2047.9273519464502 2.1107384052210687 0.0009645685494720294 0.004505901698620663
153626479986116.38 85.82571518337696 38.091251471393186 1.398023020464751 111.93942224326315 1.6699033374150756 0.00013446960236671704 0.0007246792757750475
123836090436612.97 63.13646083569712 17.861258953931976 0.7985405756457724 91.86061591063897 1.6545621431186857 0.0003459776732489056 0.007074466162115325
1.819623956829869e+16 27.297414384050164 598.7704844201432 1.0563703695607884 28.152454431867028 1.713169484225148 0.00017664167071912754 0.009110302240693712
1005532106319649.0 24.362594609189053 231.73627990422295 0.9962707255939771 43.78525424467449 1.765342459358818 0.0002952672877807551 0.004441824494370984
1.4305125771130107e+17 0.755116520784217 919.2958417866064 0.2499867613049238 125.76723963244136 1.751533187954148 0.0003410779644561233 0.003876968755311642
1510561736674182.0 3.4961373168606578 10.698854424367056 1.5317650534600469 678.2946322285464 1.8298949214597533 0.00047747085958980235 0.006649618839889383
224828667636876.9 34.67081757489252 196.24922815423164 1.5120203939726211 145.93302747799692 1.735789134848865 0.0002603493030121635 0.0026247640671466926
3434705095581965.5 3.5044021767211504 2483.540837832759 1.162480737680302 1933.5127326715565 2.0179380374332903 0.0009401153247723275 0.004344601354861819
1014144572043477.9 21.639735111927113 204.9079973037451 1.0052526155657833 45.0725082978457 1.7653541046631083 0.00026257827788309427 0.005142949691938401
106164576309225.6 73.31189056890273 11.073950207815379 -0.38979825594283846 24.43921660122393 1.8964597455606342 0.0001709545119908921 0.0011111917079094681
242635122300337.94 18.521504501404124 153.56006812547508 1.6536164676221254 225.08461614419136 1.6528963983510456 0.00010071517771483853 0.0023003835384764956
2.0816396325550548e+16 40.19511127026128 802.5809270946954 1.574645772520945 49.573235692961944 1.662213185260063 0.00019853249528641522 0.008321679842063594
814757132774788.1 89.41771109656726 555.1536772095404 1.7526108443061945 608.0303453362271 1.90382689204798 0.00035144439514672623 0.002777411918679541
2474399805642888.0 1.966753962165086 1050.7208018677766 1.2914162684521597 1287.2096210356108 2.0724762303663917 0.00011575528407140806 0.008456145742642848
1601185603179013.5 0.1538094959104841 125.11976407916252 1.4898103943438221 3574.913603615542 1.9965318891035249 0.0006251027970164005 0.008967849524179424
245438579969662.47 26.993612449207376 78.01366783520011 0.8080419667928084 141.58841549731147 1.7593150092056427 0.0001815425059309879 0.0012490071321123418
1375799660670155.2 82.95670981539928 470.2678152249829 1.734950079134692 89.46369770083207 1.7674681918399568 0.0001665935419219795 0.008943355208100603
183093269718535.5 20.106572709553593 30.156912652803104 1.8212850055127665 85.15856124187223 1.7300834858236163 0.0009398294398048663 0.0070718713043743915
300485894530589.2 98.67800584819103 14.49340830373152 1.86915921075603 206.4259948202763 1.6309067820628251 0.00029793914380405975 0.003084844263720454
91786280941835.45 57.93244357933571 10.874534892624942 0.6891584312874769 68.10146157108711 1.6593785156464058 0.00038589557499007257 0.006686138871829792
42881039178679.07 98.9818181016156 11.614113000152198 -0.32667285958981185 27.525186571336018 1.7156353286665662 0.00034145270000587717 0.00964284307446717
180810780208939.38 38.17961715351518 129.51551036221161 1.6543862606606856 75.84718826902163 1.734218362213573 0.00034786445081496763 0.0022818301574723263
1532358830824644.8 1.4179076377413473 65.43401140199018 0.8589980479834926 922.3992921973 1.6691525715857274 0.0005535514623755635 0.004650703333857333
597246749373852.5 50.1332570066164 630.696516935734 1.5613597841081255 274.04212418942166 1.6743352400410787 0.00029139041144265624 0.007251904990989047
1551492755436967.0 6.335216838773473 791.555679426059 1.9758521967795506 697.4648383933895 1.91404875784377 0.000305920901013562 0.007403580546930062
3180538945757292.0 63.440030049109126 1687.1863316580955 1.1515608044605483 97.48208953043547 1.7096795021733098 0.0007380977642143793 0.005094584195274401
4.780923363899558e+16 0.17294924958141378 2293.8871283409057 1.260169605117546 1103.0472397377164 2.0849899982848923 0.0008208401998532893 0.002464584042597925
441053854410669.06 76.0511825388206 431.7511353253564 1.6263871114384134 390.79481917608956 1.729710242090035 0.00014526356259256175 0.006275745757494325
280151684721809.53 34.49240834511029 203.8424157382832 1.9829871911175314 258.66214437146397 1.7279925588583187 0.00042212882251063547 0.005392685456881699
