-0.006978736977850664 0.4748366781930994 2.907912184207327 1.5944516409083265
-0.0050357013595099444 0.12284988226054733 2.9406158048564244 2.831531617133178
-0.00433231040477663 0.26706870466137733 3.166051652430703 1.0253325761759295
-0.007309122047355798 0.2665415495495019 3.3296623173236592 2.5366212221690505
0.004910845150124425 0.0010155992131231084 3.1491117841938294 1.1479917003120454
0.00034003517807665784 0.5794146327254843 3.175454895266193 2.806499046370339
-0.0063406778689202425 0.42179895293853353 3.206962864450496 2.364306376719991
-0.007384180773092996 0.11147360565873639 2.8943698836482983 2.8481403103292364
-0.0098858615536149 0.525054520080864 3.3342053636344358 1.2853748341452478
0.006358130347174345 0.6740455851650566 2.9349004055034085 1.1235971351563498
0.005992239890189974 0.1095562529314672 3.295917241639016 1.9451683071587094
-0.009430593078896462 0.15752192644424795 3.029634013740553 1.7460915717763053
-0.007104146023930093 0.4077159510978762 3.2743345928113854 2.151526807835929
0.004237293296135838 0.01557457009162766 3.048052594681708 2.8889777288912093
-0.00819629778154285 0.49210635909874706 3.3375677588850055 1.9831600015460868
-0.005925736352178855 0.1886042914908843 3.3201739767215184 2.4491851970764684
-0.005845090106225936 0.0863615332658304 3.4360007791389227 1.9057902757582994
-0.00913880186839997 0.6588898059955313 3.4580241657632382 2.2788972830706715
-0.0025729548906706238 0.5865914553930689 3.0412209572418467 1.4846961567490835
0.00772563025494998 0.5965704993165679 3.1044422167726355 2.6091207442428903
0.006819455616794171 0.3280199291516814 3.3329369520307885 2.4251249240275623
-0.00023192082486834034 0.23824639610617232 3.140792970843268 1.4955260266991584
-0.006275063002417477 0.44363735896575945 3.2335538372121855 2.2391028779836377
-0.00960779897534871 0.6467048335985501 3.466756321031443 2.9986293194740075
-0.00951970363354845 0.6830806035949986 3.3856466641181213 1.0803706747762343
-0.00392278486135296 0.22931480104637153 3.2249005916438147 1.8081827846663647
-4.1243254745167504e-05 0.024551001009422313 2.905993180964083 1.0034488436560052
-0.006971939062952702 0.17637226566709285 3.469320150749566 1.8219759627318437
0.0058281191980552125 0.33854374827351874 3.0873683145816058 2.242463598746231
-0.009845911933633385 0.09615292633265626 3.137685440680422 1.702491775451416
0.0042180928384857146 0.01503442098911377 3.319769140022086 2.147726311390004
0.007029714756274993 0.10108711616049937 3.4379074431638363 1.5068217299641906
0.003841234516398945 0.6820527670133364 3.0170473800225377 1.6103499808751898
-0.007810149017799275 0.3936020006654075 3.225222183262673 2.149944434191735
0.0037600396472915174 0.3559896827288296 3.4656387357558667 1.9213437504283337
0.0063493959800598 0.48308674719587646 3.323417066971195 2.7262416188628507
-0.008027300872677525 0.4443081633780106 3.214803460262088 2.3821865791596237
-0.0024483666679855054 0.007903779538163125 3.1984623901588347 2.3965432310307726
-0.007735310122400815 0.17781639294076823 2.927079755944077 2.4527505140237786
-0.007986626917800088 0.5499791371160077 3.2415722194448318 1.632519950848606
0.00826237947019856 0.46658192304352164 3.3753128819234592 1.871522737073922
0.00891299827359814 0.5202005466285092 3.2564890370984307 2.6348255180346594
-0.004137107448366275 0.5801650421054654 3.2715596646628393 2.4486465736543535
0.0022184265402359514 0.26401562191057654 3.003396733064532 2.2227842409574334
4.881502836331583e-06 0.05067418775714966 2.9142231076845677 1.0416258906475324
0.007990287615173034 0.07221495129210104 3.2401285963253486 2.6197375938297056
0.003747358776342564 0.3691007684780736 3.443725968834355 2.0111738519484326
-0.004542767764464242 0.4055490998910791 3.2993089193829355 2.5761441041564153
-0.005044597079306544 0.2256071919541563 3.10998128571444 1.700205676100068
-0.005981781259445129 0.07787506763684121 3.16643486819059 2.076631971809409
-0.006005308422261083 0.6068247174074699 3.3323883559848113 1.3900441076757892
-0.004302116278443198 0.2007182621555414 3.025272921473887 1.5902815298610404
-0.00440755138145026 0.403363782579985 3.2809594948180743 2.576076669730024
-0.00792274762219198 0.08483514585079292 3.4630830475300187 1.5926160110118133
0.0046489949191659465 0.3882295070629892 3.217319733062651 1.361320060186659
-0.006348446484334127 0.21423715226326961 3.479065313541222 1.697805605527891
0.00850366679768742 0.6860587387775974 3.4559018417659253 2.596252430472011
-0.007835488227191805 0.5403227107663019 3.1956821418438075 1.1896362055974343
0.00034486337367554097 0.47618079284434844 2.897771281225359 1.5385676494187968
-0.00037093146754341166 0.559838594578096 3.343688951120795 1.008418077814426
-0.007502328743191714 0.4398210942812494 3.1792495033626134 1.9751749992636976
-0.006112807655240694 0.5295860040684846 3.286977573770705 1.7833166216383542
0.005465067892672403 0.16875511433740115 3.0002232639922806 1.8638050172168374
0.009977844077993122 0.4677130818094992 3.169065012811303 2.7683128450514207
-0.0024942295090578607 0.5766214990178535 3.4365932175676526 1.0557414494257988
-0.004270839507833609 0.13405857299234145 3.0222775607502634 2.3360808292153843
-0.006881693597066147 0.09885410210739493 3.4831015388095357 2.34926062605772
-0.0034712892931302907 0.28360491106353225 3.1544129147603277 1.1094929312003552
-0.009287846486540768 0.6181624097311595 3.4513999961488806 2.9637830814730033
0.001924580848982455 0.09342462606194776 3.3672593049727273 1.7552967130709347
0.008393607423661372 0.09673018200789951 3.436137604942608 2.293214273014006
0.004439980722221095 0.5197868503213727 2.8968524539163747 1.2071948744297747
-0.008103721858940056 0.10225248396847508 3.404805067645827 1.68052134334238
-0.0006667148410429294 0.16307834112065242 3.140498650187337 2.094022031629043
-0.005036017674017332 0.31570976711117327 3.1538984715029903 1.303164438167412
0.009713748823735218 0.5032703694047451 3.3929952802958603 2.6557425533992225
0.008249909411972144 0.5928011616356721 2.995034866053803 1.0466472039587453
-0.007532094573465759 0.6765282693188044 3.3876215927139364 2.1386009294344994
0.009463035554293005 0.09442952703517954 3.289336043421254 2.530221829920383
0.008353412284323822 0.6552603819888198 3.0803801158800583 2.7111330541402907
0.004438611193370688 0.4559446426540683 3.049740190393182 1.0939495296898236
-0.0038836583521343867 0.6241436177998515 3.4851834628716802 1.0796529989560213
0.005397288250252796 0.6581075285750283 3.43892819997072 2.69103190924453
-0.00440755138145026 0.403363782579985 3.2809594948180743 2.576076669730024
-0.00044118562919332437 0.3361732494378854 3.3611295961381438 2.990868606200454
0.0033507937539760547 0.36619449753623834 3.4814657847072468 2.1416831802079996
0.0011965011519996585 0.31017501859484503 2.9866467087996194 1.3950705346470373
0.0002619122689885983 0.6937468397433251 2.9832429340277478 2.0522575399272838
-0.006594073465646873 0.10811825552117826 3.2935301569496285 1.8251979928569277
0.0076260832303221065 0.12394377613192475 3.208774154811389 2.724601064192526
-8.950538334558718e-05 0.13377614248078074 3.4186943298759633 1.8091525284068906
0.005044502258410806 0.4917534516088291 2.926736071970735 2.994507851305088
-0.0025930605018596006 0.5658676642624442 3.0213928817893705 1.470091272714205
0.0025488967570834135 0.6202126604004237 3.0514884004630956 1.9619246144216933
0.007878596167245445 0.5765472010681373 3.196081059957042 2.623863988365252
-0.005066348256921823 0.42371128472208264 3.275875308575394 2.3433642628914524
0.0036555757595269616 0.37273121259035613 3.471883150153201 2.1232568183903116
-0.0077525067519074505 0.0649320290326506 3.361495158867598 1.5284309888617758
0.004984133077612689 0.5607728129533791 3.225140935021329 2.4917368763988135
0.002708922656981626 0.6954935958765107 3.3742261925574626 2.776729532808668
-0.007744568419270451 0.18057246728239928 2.919535637346776 2.482546286154018
0.005195298629843942 0.07766074190584032 3.0213393909775506 1.7612807731229176
-0.00395134011855411 0.19854987587740586 3.1906690852101844 1.0835270996482689
-0.003109658632852075 0.6183561495395771 3.1197081071895236 1.7716598941276203
-0.008268255443804464 0.09746610086000865 3.3000938262180366 1.0338261688342885
-0.0025789954267267778 0.6634972447057199 3.192566443745805 1.8619763483489178
-0.0025447519633580067 0.03605142089906882 3.3303760992931624 1.7821740929955292
-0.004172761699962303 0.5643985037927036 3.329198541552356 1.0507021902464935
-0.00939248025870365 0.09980130312991686 3.327661039220398 1.8983233679198461
0.0005109597368704419 0.3615364985458447 2.955455943767669 1.9805327467371077
-0.009130352495511068 0.3707506987800888 3.213137240735114 1.6759328778807876
-0.0055988303150532595 0.32452171437599164 3.276481213116487 2.498585890904063
0.006705768479666655 0.5887668345962682 3.2282296049825554 2.4758650927188173
0.008647025607931218 0.5925790171352158 3.142123469814695 2.23897019049039
-0.0095550472519878 0.04161101743608553 3.117287334641271 1.682584317513278
0.004379121024705395 0.6139929276361942 3.196521037830389 2.458731359733398
-0.005007311443744586 0.29893072475649796 3.134487302062972 2.247952255518811
0.003985205019508405 0.011220721539389578 3.1394438064121823 1.052253323941629
0.009620371755709435 0.08491469449041197 3.455882190758882 2.455262381725108
0.0013972937370541763 0.55682661117466 3.0349169231381112 1.7850468115929146
0.009332679850468418 0.6564107981214838 3.0300475968237817 2.7729601615401154
0.006750063003843596 0.6418695478989835 2.972531221975752 1.0444577470608842
-0.007509795849615447 0.14612682727444945 3.1102289854125145 1.21900978057159
-0.007359897178579501 0.28824639421481196 3.30725833335835 2.172289477727167
-0.00839668198848876 0.15835609264857436 3.048387284817067 1.9782325392243658
-0.0049727851746335545 0.30080674531802304 3.0227635417776253 2.5666176306692243
-0.007192355061707402 0.44101447925651244 3.1911142978012856 2.077609144941176
-0.0002451271348100203 0.4609518313772693 2.996398970361783 1.739928298348027
-0.005133153284479322 0.1665463914304206 3.024434477495788 2.317670133608328
0.009827761703321641 0.4846070207187822 3.287706935076981 1.2982660029221638
-0.005769473348346521 0.24463737296785903 3.126851423470593 1.2742459847271654
0.006847330501258353 0.35226376778993695 3.000007498365636 2.476639344873665
-0.002476031037917807 0.04171289673157608 3.292821240301735 1.4978735315877234
0.00017981274925700595 0.012985167525234736 3.0417668482714295 1.5114860879490521
0.0005143534515487796 0.2720774125170528 3.4540022622020263 1.6134168926555157
-0.006723666252529491 0.14940605502332358 3.3062851945153655 2.014734236146695
-0.009584743381392657 0.10381737199013252 3.0651423879563473 2.789123262404491
-0.006791495427897529 0.43692595153734676 3.2767512089689648 1.3779564998419538
0.001962940157944346 0.5472764384292351 3.0223325517529704 1.6918712578042463
0.009581180348444183 0.4603232104660394 3.1930861994670905 2.9069491629334054
-0.005293761137905004 0.2628368580123511 2.9319975973749637 2.6092016888392737
-0.009235033090893168 0.05366939130221504 3.2975153228334033 1.1178145679548686
-0.004220004887210078 0.48664824526967976 3.3539897960894964 2.0645195393898277
-0.0051872008443413975 0.5389179475782435 3.328246886560483 2.095277991747731
0.0038741424847074796 0.3947277655429908 3.43679306037229 2.135792831373267
0.00814318881641753 0.2404113788104511 3.352612162653174 2.5842939571584123
0.003970267059411974 0.14740032613093357 2.890913677464473 2.1896486592280002
-0.0020920122726119385 0.6436660852789359 3.09888141611924 1.6502163584866079
-0.003864767962074283 0.010018136278027445 3.139048844371763 1.371015427272099
0.00799009571639698 0.4871159668373837 3.3066525106462703 1.067087996634904
0.0027731342899381516 0.4188681266875842 3.4287667016467194 2.330243716651228
-0.001363210773774005 0.46768193008998027 3.276287191380591 2.0849687135970543
0.009915045764094002 0.006169159538598479 3.128087275755528 2.1130208572865636
0.005179830809994629 0.5143257803286523 3.2757333787350915 1.6516044478854917
-0.0016662613058805878 0.09013597933059633 3.4319238022067413 1.6812273784410063
-0.0027040431004167337 0.681450649269538 3.2049879087322566 1.807800397403461
0.009674718650179222 0.20480242413287333 3.0656753170722464 2.11371374176731
0.007844170117898744 0.2809695194160243 3.0080542816113867 2.594516744317981
-0.008408030159371216 0.393230788430518 3.1312193272319537 2.039846782145542
0.0024454731213781186 0.37027987402125867 3.4452632849917744 2.0560373442932467
-0.002814037863617741 0.5953839543364978 3.485999661239203 1.1952853591180823
-0.007949204645372248 0.3158242372198091 3.1243487505682284 1.0699550853250146
-0.009053738683302366 0.37127046690388393 3.2757477737026597 2.3015826308101808
0.007936258525684334 0.05399195959201331 3.15933536195558 1.9910592114470926
-0.004332253847478434 0.15185804181963403 3.4141387158014425 1.6626177220110818
0.009770983897308145 0.44014311294472624 3.260661465226051 2.412866822917916
0.006918895635362457 0.3479560957600923 3.023583714195406 2.3518764631093543
-0.008747951931904955 0.6496233226668883 3.1957900393106558 1.000900807820521
-0.004879193033675531 0.6907157001760159 3.459228324855598 1.0077280125100057
0.009942307048763036 0.3170142671980036 3.372387801304681 2.8047359397465605
-0.0017618275230894664 0.48572048395045797 3.4163553318181106 2.9442372108393715
0.009491503638330442 0.3132864676791485 2.9646816515296788 2.24433167276575
-0.001476137089845812 0.2343637187753697 3.4374950622141336 2.758103636313665
0.004663157273602872 0.11268718201472915 3.116065735660413 1.6715311377636861
-0.005772085859054947 0.19381607195229472 3.3100164303117574 2.4576939202897052
0.007196216738920234 0.2638483557468699 2.988432982474195 2.5732900030065737
0.0037110993676521663 0.10515008935639171 3.360950832962437 2.1089498933082784
-0.00984952225953904 0.18697169483843612 3.2407419704834526 2.27753028958272
-0.006290203914005064 0.2626261791063517 3.46927993018575 1.7254270179127313
-0.002985573525430136 0.47010933359355206 3.4670770462955085 2.8632303585299193
0.007338057073354543 0.13348153127393514 3.205462003799316 2.695706266909645
-0.006326721968930367 0.21341111223394504 3.479939356173134 1.6953363361306455
-0.0009148020452193842 0.1107400246870017 3.3099083818339716 1.5642230111697626
-0.0034216950966115267 0.06209654985147883 3.2542908179159893 1.536288023135845
-0.006372187698270101 0.49438383908132605 3.2765116587782797 1.070025521680503
0.006447424720498078 0.4069149647047424 3.3633981411289096 1.884524354553586
0.00559593291884038 0.5989815787237777 3.426887557512937 2.4642809345037726
0.009604142557797403 0.0033766051660657215 3.0602015178534274 2.090124385731876
-0.004050161579491332 0.22950448143767926 3.41008773700646 1.460489760606496
0.008877348637896451 0.048270382540585424 3.487139571572492 2.301205160163085
0.003235087861421815 0.41190383845017664 3.2632321678182286 2.119132305710562
0.0028143593299930813 0.45533350332421996 2.924736991656442 2.7563247975764718
-0.004555120275813916 0.4841349819790928 3.1308842838653024 1.9336597225159173
0.007828144534261608 0.5791887994606978 3.133857011840787 2.305504695059042
-0.002779622505737012 0.10247554445823331 3.4401955591191533 2.016533643480891
0.0019499638019270923 0.4506778277440492 3.01661083123957 1.1044900029961324
-0.00873230244920561 0.6383055052253168 3.1116557894264085 1.4115731824200188
-0.007467659555406382 0.09243632216971144 3.292548635002079 1.0301597278175327
-0.007709989325728238 0.15348884962332726 3.3361621323118626 2.0525923021357957
-0.004459187653995019 0.14315322720064733 3.3806061735120627 2.172426529933243
0.004415130113330952 0.6642223502996132 2.957427814939866 1.075127665158953
-0.006326532885506868 0.21341769090403762 3.479945131529765 1.6953315850320192
-0.0024429138591173347 0.26916764537278837 3.4275133267635343 2.696263277423548
-0.002547316906961519 0.5686144168403449 3.269750127944341 2.0790919678198683
-0.0007893925537357117 0.17547954952524886 3.1497437091879603 2.0700825263468583
0.002337708942941097 0.4043761692095454 2.9530045202458117 2.7974157453158837
0.005618004919346905 0.37406248122344626 3.08078206262097 2.2810281804090007
-0.004632061670313943 0.4140570884231456 3.29016432690486 2.548830696381158
-0.007584074954605168 0.1365269209578317 3.4352578198693857 1.71593326170616
-0.005758590855719248 0.19740866330822027 3.2842437091563754 1.4380945762438713
0.0044687142254529084 0.053554452200528305 3.486335943728106 1.7379864162386331
0.009344381129002603 0.102148764720417 2.998968716480709 2.114025950115596
0.006609660312274909 0.4444636562773481 3.331710509915766 1.9494202891995114
0.009478763779477938 0.096120477996822 3.286820734795719 2.5369522736387253
0.0017762789816297715 0.04566602444215445 3.1268044176983523 1.042671564134992
-0.003612994296110806 0.14201929705821784 3.3344356687557917 2.4123211228744372
-0.008204512543065874 0.07703561964811356 3.1170896061161346 2.6768750943258293
-0.0043940393748530164 0.324477308797984 3.049155120877569 2.418121290899796
-0.003660564289990774 0.10632746866599602 3.136474431917059 1.3800193465722554
0.0006722855128801275 0.435312350815415 3.4262342045092065 2.5027370807864346
-0.004637808590610599 0.4149541815005965 3.2890111642426456 2.5451548185938697
0.0004995868173118694 0.08524086115625673 3.0769594933794133 2.901938038429129
0.0022160042003853 0.6451128282828439 2.9910518476418226 1.1741337796471973
-0.008230637553480163 0.17188574308244786 3.4854413067156047 1.689375992194111
0.0023315614469790105 0.3157171685485872 3.026168217440515 1.3615418078743997
-0.008096667960740359 0.5151915691559594 2.937517712706739 1.1460119117348582
0.005390449970686032 0.6357648986365121 3.4181420362011803 2.6451232740430073
-0.0029496599292148495 0.2033741274258579 3.1561419928780006 1.4236119404981706
0.007800565511402555 0.1256523316420404 3.2087457276779565 2.73835193707583
0.009666597507696193 0.1782050243583612 3.0561554895284098 2.2634281374255676
-0.0004690596219489938 0.3333700142348317 3.4359539973249245 1.7322039665891866
0.003894631240067093 0.13826303933563353 3.44400968661498 2.7478248355426116
0.007200028543113203 0.3782468409243657 3.3362013115281655 1.298497880179189
-0.0076022619433180755 0.6115429238069844 3.2576299835397045 1.3048299894112119
-0.007116146860762425 0.5645308072076995 3.251603056858141 1.4619610755615216
-0.009722702878101121 0.17178419374999968 3.2709002502911475 2.235322417404775
0.003135436987600731 0.324169105998312 3.0382458285183103 1.3561381826722352
0.0023534503322043387 0.3007614232998095 2.9328954317670366 2.367622581373117
-0.0038440030081512925 0.4900652276511165 3.3610470936281804 2.0972019949843577
0.0025406671921247848 0.4129551748634219 3.4145862853197486 2.336356170181721
0.002678624550101472 0.34553140765216994 2.9200775244871626 2.587527796376703
-0.004380893992936603 0.4037332641742932 2.964964750075882 2.109302771853627
-0.00566142348302261 0.5398486698914168 3.423470122195068 2.8228674180389506
0.0026071645766889465 0.6114760349443248 3.037085339584927 1.9937866419608707
0.009701335300948527 0.4251265285397897 3.3189139235092537 1.422883310237848
-0.00034483132193634204 0.3378392432452019 3.451754835400264 1.788028524738932
-0.007467659555406382 0.09243632216971144 3.292548635002079 1.0301597278175327
0.00023545812322942582 0.05712592363050152 2.930747565642779 1.2044019067605372
0.009478763779477938 0.096120477996822 3.286820734795719 2.5369522736387253
-0.0017220185869255668 0.22979004306866355 3.4648387476251354 2.628295363480526
-0.005984466764260541 0.01647623832828332 3.32069415373444 1.7813297955424485
-0.005858669968645147 0.11289401474990673 3.441432629860763 2.3252762267566127
-0.004169099715436394 0.36377896691927003 3.265475562408429 1.4172275553030702
-0.005902327172769943 0.08374738748284016 3.436788912840955 1.9101877013653534
0.006150380152432508 0.6145066539191919 3.3354183278130414 2.2680756536047735
0.005182863445135941 0.004815232944951092 3.277014733207656 2.2047989527502523
0.0029033217429088373 0.09117587473909103 3.2129187591074198 1.4872623882628604
0.0036932481660091883 0.3830545849513705 3.471357986118752 2.1470574908770548
0.004013762341025348 0.4055220240911756 3.252952995679393 1.5859919296285643
0.00014613480365498546 0.6534570572616663 3.349644783123027 1.6802731977665313
-0.004597288415699995 0.2075610034333446 3.179696059864725 1.250796167238759
-0.006924531834052156 0.6931261751259723 3.4037754919641854 2.188266913580931
-0.00977585979844582 0.37302795442460013 3.2361220994232243 1.8639450614609585
-0.0005157716509061857 0.16272238849421133 3.414780399915258 2.7106435095962453
-0.0003214889047111749 0.5575371045029751 3.3426964882808563 1.0105268660460862
0.007684733796585362 0.2888450892766598 3.130454361347207 1.0168237073102222
0.002166925081975562 0.4347883044737494 2.9432286657108087 2.640089644464661
-0.008747951931904955 0.6496233226668883 3.1957900393106558 1.000900807820521
0.00016237503361993906 0.3456902326341491 2.9976741041248363 2.4681685437320535
0.006846959388624348 0.11890840374549061 3.10289730521965 2.7916862429934546
-0.004821500889566921 0.6047298019218957 3.2327668071517137 2.273230901420046
-0.009962920584524705 0.53081107808262 3.359996812073931 1.2901168164418315
-0.008438492362039578 0.39259530865522896 2.891057353394519 2.329967879611975
-0.004327123760128766 0.5105940921094752 3.144926924309008 1.4104090754988663
-0.008810914867216944 0.16003025626466907 3.118038477353772 1.3856282534003017
-2.5254384107033234e-06 0.3267408018659347 3.431821825717952 2.5182349943122824
-0.00977742857758778 0.638859561301037 3.210708746831209 1.0242911711872478
0.006754246939518848 0.47006235828203374 3.173409127437026 1.3607779649132292
0.0013453259947046117 0.29527049905372904 2.970521187130494 1.3810053537826377
0.0029472196819583397 0.02584613793190038 3.1256747506019846 1.0981415100393292
0.005526482426732914 0.444047072110523 2.9421283539422984 2.984417908790548
-0.008234193309931394 0.15204243035160364 3.313944094203511 1.8943297490928181
0.004697762988090177 0.29390049038266536 2.955952098645624 2.9408934062294003
-0.0046631031659335066 0.19005564714547332 3.3332328117763117 2.525217537771992
0.0029611186685179667 0.4205889302008387 3.4290869167145495 2.330430000414177
0.0011630914886567303 0.5509699563149623 3.0624800323932693 1.7037806591439355
0.000657976406775485 0.20709412982695358 3.0278983523076777 1.829167603769427
0.008325301709133084 0.17664471738056742 3.1348973135642564 2.1211845185562757
-0.004982710950477211 0.5217260792227495 2.9140182704473 1.5117879719611014
0.005017985960468249 0.4920569599242722 2.927253334168033 2.9906750977127263
0.0022398952021253533 0.09688298460406858 3.0178522630938165 1.1550176204577547
0.008983132093655775 0.10441079489357485 3.065020769366556 2.920885236226953
-0.004191605196631592 0.37482191939047466 3.48557178927606 2.649228027431098
-0.0031231577881330897 0.08540768600818238 3.2145562009413404 1.429453054196197
-0.004574376483395353 0.6686198994696119 3.4272426321783396 1.0356921323345425
-0.007922563497293375 0.5729298464529187 3.4320105266222436 2.901943360102346
-0.009733109886464442 0.0037657559589610035 3.1279285738715306 2.2203520802639423
-0.00593837763448299 0.5353872285163072 3.100311259570571 1.3812438817079782
0.008569277958028688 0.07799554805964272 3.300508365374805 1.7893152403887034
0.00021739375923050808 0.21086875602629912 3.316535619466876 2.3197958858388037
-0.00977787946303788 0.019339297439489533 3.43490957463123 1.972206585328029
0.007279898337323728 0.012849135292262504 3.259585259790786 1.5643979450933663
0.002526141971551156 0.07502119753857034 3.0971014376986292 1.046640679680786
0.004161160952490868 0.1261637891474376 3.168753591704186 1.447806016589387
-0.005648100708440941 0.032458882935439304 3.1418580411106087 1.9607021717025144
-0.002080967516159651 0.6094708933776583 3.479158712559658 1.1399491317058736
-0.008081483036718923 0.09341916447751566 3.4607518486380857 1.6083068252964998
-0.001147015483250479 0.012350161367227552 3.422249738863505 1.9467988809513088
0.007602575116034143 0.16808904985312395 3.1784684108929535 2.592892794715934
-0.004703739677943301 0.40629443737257387 3.281458860816661 2.525437757518737
-0.006378096572821841 0.2415284706197802 3.474285327426676 2.7490149152527095
-0.008001402586266648 0.031203146090896222 3.3608350541509098 1.568481076494178
-0.0023257081458988808 0.1761315075777401 3.377507318262569 1.366955842088995
-0.005448996478377102 0.023910046174992206 3.2937276695536286 1.789470429107849
-0.007206238003115159 0.1474032086686281 3.1182611771051176 1.2365955647788711
-0.00027356767492986 0.3174633862405316 3.4731798799904485 1.8520621638227481
0.0047047285370684575 0.43556655069330774 3.341229169262614 1.7400083833387336
0.005857465160625826 0.5041462646354142 3.2144523164432135 1.2292670040166207
0.002428470240870931 0.4008052524124194 3.0311882607513803 2.9663569919898807
0.0017869650541162156 0.6857450863872165 3.4444428127780538 2.7355774419328975
0.0015176007901376715 0.319336432371726 3.005180271362619 2.0666208245743722
-0.00041880610701421593 0.04382650202080113 3.0828644510772594 1.2814121477451728
-0.00578245236636555 0.6809610103026023 3.1477943875285685 1.5900285792791982
0.006261655475820534 0.4979715756374259 3.421021426447857 1.6396928963560908
-0.0037659230719058346 0.23392605690313903 3.074068771137503 1.5704899722908032
-0.009809543355928502 0.1205197423182735 3.1903742827826207 2.3410394695221233
0.009531671324567233 0.20563260598594385 3.433488330386201 2.972130855128809
-0.004969022916975216 0.20403024370435374 3.0786551386525325 1.5959864073820822
0.0033791934053512525 0.3057340850169298 3.288547916224999 2.4969470233492825
0.00015565361570135314 0.2952130960207755 3.3666376871739994 2.7990295258350404
-0.007110774899281618 0.5171892434307528 3.1068986407947055 1.3013776695028256
-0.006255193802032185 0.6241009623340577 3.441205519827207 2.8045913191383613
0.005347199845234204 0.4468814859396592 2.944744778655883 2.9767805392097957
-0.0020648903135590093 0.5429383148858358 3.353268156475603 2.818539545025007
-0.005775956881313831 0.21954226440148641 3.4848133992713466 1.67677861629646
-0.003946624378027539 0.2196402454118892 2.9134349033686746 2.273778811595346
-0.0007603090736315811 0.17229771346036704 3.149996385098625 2.0748794278759592
-0.0003985848971711954 0.040583649037662296 3.277830853578481 1.7495854990434436
0.0023608957116854484 0.34423719283754983 2.8951781539509343 2.817614416702367
0.009401707804878371 0.20044202956448717 3.437752962526967 2.952158435160522
0.0007403291461160269 0.41716181885442005 3.263205846688174 1.9768794495826825
-0.008230637553480163 0.17188574308244786 3.4854413067156047 1.689375992194111
0.0059229673694450105 0.5099805103060192 3.2886853035596735 2.469750369721213
-0.00392278486135296 0.22931480104637153 3.2249005916438147 1.8081827846663647
0.009371143816595215 0.5022127838234944 3.3290997031565417 1.2019202669361262
-0.0011904717220715226 0.26108937644767355 3.427230842209359 2.625031111275867
0.0034491007267299515 0.018729483022116633 3.3731079222080464 2.1655497520815965
0.0007538618899130446 0.6939550539937153 3.4100272792586077 1.7368750855626682
0.008428463229862347 0.06609893563998666 3.3305887112743413 2.3253923651885535
0.006693894071607133 0.4252929580602164 3.149899319336512 1.3612470542258097
-0.0018800802827833472 0.22194722129482322 3.3639804848978296 1.405772922193109
0.004959744154006407 0.40101186764828844 3.311081052740399 1.415163578859816
-0.005828146956192531 0.26909556835301407 2.9314723330675916 2.0711510659936696
0.008933991084813015 0.6246200616345782 3.048326336658459 2.7439368348764446
0.006181821184553146 0.10739549758072364 3.101231529824693 2.4001741706787745
0.0015952923003434826 0.678030330871115 2.968491170080673 2.3547862144909635
0.004950378518274256 0.6601596722278034 2.9368755152199726 1.0612272200446018
0.0021012206164548785 0.24366184392988244 3.0082701874489968 2.435552208758134
-0.009935024616340845 0.10806075314177108 3.191439839497284 2.3728090885352255
-0.002810989106991063 0.5953930034961998 3.4821524537443724 1.199555066253913
-0.0022396356729026423 0.23023893314895133 3.4249102743077793 2.7113703381700667
0.007720852481740271 0.46097918755989287 3.3593003545769844 1.8465616602809534
-0.004569943008366552 0.37081355251048365 2.933904659265158 2.1472725344441415
-0.0013847598752703954 0.134785684362331 3.213098495639178 2.8522640871034013
0.0014178527905532538 0.3166978246576996 2.9398291372377505 2.692282085017698
-0.009348410938111553 0.5694900645279972 3.303584607097241 1.2434480633711817
-0.002265298594943646 0.6003133851907485 3.476459190192208 1.14541184273311
0.0015639739383565623 0.018506599190840634 3.0853373310853898 1.487249283773445
-0.0034489580005673936 0.29484822859506715 3.4387029292998235 2.643259871433034
-0.004701621781696117 0.43148386649896847 3.268838951262934 2.6336350432019286
-0.00018190317705757582 0.33639821345894233 3.4679533179367583 1.665858220568057
0.005103910506623824 0.40905788458520786 3.2908304465688967 2.1712657510762416
-0.004287011415821709 0.40910667971584164 3.2748420725845984 2.6217912879693785
0.0013823034264338965 0.10757992723646298 3.248862557635874 1.6877462082790633
0.004783852482935324 0.42325395698416324 3.24158595850108 1.3856793962360605
0.0054908627704746615 0.4462548564140969 3.3233879008847023 2.2171375010758116
-0.005743003428196353 0.34217619855041725 3.4103233416194736 1.107269570949527
0.0052417179924338295 0.0033092067868064623 3.277204827091737 2.203629215719775
-0.009896100818681761 0.6357304883230332 3.214053358823091 1.0335053608792113
-0.00355424158343044 0.4282654551845949 3.353464847099162 1.285030542386428
-0.007622619452089922 0.09045660241063075 3.2913040047837288 1.0186191989388758
-0.006558816852415142 0.17231439402815485 3.0458888195348512 2.6124403352922294
-0.005978324421931659 0.13975202188245694 3.0079617239251863 2.326282016695501
-0.009725357221837734 0.09304334464128139 3.3145709495144224 1.0552411730638405
0.006271338874366936 0.4917685688588387 3.20213109023639 1.0919285494905753
0.0011911049705038935 0.41661646872145314 2.893742409895467 2.6723098311700952
-0.003964198557056958 0.06742732804058671 3.230546954230009 1.4066147070952326
0.0037143389107002246 0.6587348488528328 2.9695404016282425 1.0774528984114813
0.001875809835385621 0.3262360136486965 3.4179615257973657 1.7547328370098865
0.009775186350808766 0.48494510266699675 3.29012547765119 1.34991109114153
-0.006971939062952702 0.17637226566709285 3.469320150749566 1.8219759627318437
-0.004365399101883138 0.6374849217374331 3.4628873963349 2.071081282326954
0.0007714561356108743 0.6043799213138978 3.435018065242422 2.565262918915503
-0.0069986310681786935 0.6534857669291952 3.4697312518518126 2.64777000375413
-0.009696693812103025 0.3671123161208621 3.2406795522252283 1.8385424893161062
-0.0034389092946054915 0.134543688398402 3.0170253370056828 2.8824370010248965
0.003443257060219763 0.28107895145454836 2.9336715238052102 1.8891602131083176
0.002947134579902982 0.32113504195189907 3.381191847544963 1.0871428603571636
0.0016061371365220496 0.3514847228184597 3.3731227440115847 1.951580856440141
-0.00318130970865582 0.2286955413026448 3.4189227634154182 1.4508185598134333
0.007775809551020347 0.1272357113284046 3.0650259550733234 2.1835688969657454
-0.0035691712423633294 0.4267352082192789 3.4006540113341934 1.9804649984493885
-0.006154126190140129 0.2514126974272123 3.0581589840710213 1.250250967350356
0.004490023604975739 0.4742895400850846 2.96102587893325 2.171474418258354
-0.002806440825672586 0.1754129447237996 2.9154303567031374 2.65122529249323
-0.0043750509663539735 0.43434788692808546 2.912767022969801 2.167437780675297
0.0005650009245108498 0.5877177086219578 2.9264819690174075 1.2132234538721502
-0.0034566135358631584 0.2726642667845594 3.040697542061628 2.894642659623142
-0.006306162962335717 0.4528276960219416 2.919883736583899 1.6171403334491496
0.005564127023248842 0.46573091549362755 2.927271541877048 2.121361151602833
0.006009323692160713 0.34363281828991254 3.0427350415547947 2.067315214865672
0.007188030017051818 0.4540548153690922 3.351007814939536 1.845954419047028
-0.004855177914353046 0.661276009733165 3.4247855229222526 1.0506169216563803
-0.007939531500146037 0.4395964819400406 3.1696041966631476 2.0072640534369146
-0.004955047586830012 0.2741354561956876 3.1337432313804627 1.3378006716780226
0.007996486122507364 0.3850266072905908 3.406848177466959 2.0535931603944655
-0.0004829610633932391 0.00768386970448004 3.2861683478592796 1.707103817342599
-0.003985851901212659 0.10625169641335314 3.335790540265935 2.659494292116711
-0.0017199621068000846 0.4668246762956096 3.293443411101163 1.3030410009790219
0.008925682611352619 0.47346190386471143 3.298714635738648 1.0596225706648217
-0.0021827716547684964 0.2254975600521607 3.421588943494964 2.6894904780431013
0.0051180542029988976 0.15179512146776203 3.1690757101082005 2.673691731387742
-0.0036194068001101066 0.2928505008983339 3.4228941307010503 2.8945512433870992
0.0008242812951607306 0.3142681403951818 3.3994152543756284 1.2106258288001834
0.00865133102368683 0.2023765772834843 3.323902056299666 2.3182985937341383
-0.0022592799627966062 0.42517126529776045 3.3935074568027304 2.1858001628335755
0.008559083731782756 0.07229799858533326 3.26257672284006 2.6024839951647527
-0.007571496403106521 0.13374803307984706 3.3025463718809753 1.0681243791868553
-0.0038142118787672778 0.6108005347887518 3.486830166864111 1.3441854179173196
0.0009795503388190946 0.5452751871597987 2.8871821465565417 2.7641559970544414
0.008914656190241788 0.49737165505937375 3.3402070419185614 1.2364288348507622
-0.004321409271603389 0.2115828984873565 2.909591926506714 2.297515716584358
-0.004028208515147988 0.17796140831752089 3.229506986962126 1.2745117171444598
0.0013892072937243482 0.318501621499204 2.977267811963734 1.9622514148742352
0.00756937537423028 0.015696092137799544 3.0220354840377386 2.9228884799514043
-0.009886860185545545 0.04736181592069322 3.122394269514786 2.1499577432959316
-0.006897864855368346 0.19903108247816917 3.473776469690383 1.8829833711229753
-0.0073864397010934765 0.24527684083268525 3.4832142402351267 1.6914674337819073
0.004107294499157711 0.17848083535977158 3.121259509634875 1.559246166132362
-0.004653553654459703 0.2089451836060788 3.452601549414969 1.5435464968029384
0.006969274884579059 0.38972386569354317 3.1482501722397203 2.8359509782141257
0.0054764106522138065 0.0054922031066214835 3.2786890314815786 2.2411489805656624
0.0029844991941528733 0.21474871724220035 2.9319390599100528 2.5950743728115158
-0.004620017418884073 0.3170836073690967 2.951738234226216 2.684694025160157
0.00014234885828290833 0.36609491930081334 3.436938921571732 1.7086278283177263
-0.0020190461413220847 0.5703499930593854 3.015015993538731 1.4461378823498057
0.004095772281871952 0.6487757956488817 2.9400015090264007 1.0060765814060706
-0.008441929244043172 0.5107731648303985 3.337366717657325 2.0471079507670282
0.009622630957419422 0.3951862868091038 3.40468876974754 2.551230875704301
0.009462086173858575 0.46631511973671963 3.20159145313208 2.9443031010591247
0.0051601465071527365 0.4097371334226245 3.29056530921601 2.1751198049308957
-0.0029527490554019063 0.269251424958371 3.422195446559911 1.1332741080627227
0.00043373837552341567 0.5497770299380043 3.416976786466183 2.0142470210933694
0.006343342608106938 0.06443578354208748 3.24099614948463 2.1261172113805444
0.003166296339751672 0.45299956851759626 2.962136098822536 1.8103831999118627
-0.005324706115479496 0.4260164002605377 2.93861334730649 2.195018424781056
-0.0046631031659335066 0.19005564714547332 3.3332328117763117 2.525217537771992
-0.0032894079192679355 0.5184088786812682 3.0912888711870115 2.380658530800814
-0.006938027053486015 0.08432301992381858 3.438841590209022 1.8509318135640949
-0.00791322204115332 0.12920243036551957 3.3211058494186068 1.6227298496708138
-0.009480411295565911 0.6260402751862144 3.252091891960266 1.3017395817129103
-0.0030906204761382717 0.5228255996019102 3.346199243744656 2.2608298118334744
0.0031844151746129312 0.09880498375585194 3.001182728620435 1.3924380157318468
0.0021003552505010053 0.07407692615380035 3.2564764432124322 1.7304710602603328
-0.0034358926830006953 0.6713374712389579 3.191579421117115 1.6352068166924962
0.006401410952472682 0.43749639517870864 3.417279757266299 1.726613187911823
-0.003369049548143959 0.4468812008546164 3.3347369864626577 1.0337438418802625
0.00745705687633909 0.32386132034362947 3.351532182959205 2.4588446676429814
-0.006235681771226425 0.5695249923464599 3.2785295051112406 1.5540003837533602
-0.008172126400280002 0.6375450883988527 3.3247690867760316 2.025952582527742
-0.0007714964976901478 0.5963774021577304 3.1427439443607086 2.6211579328059544
-0.002606665672435494 0.6337001108661383 3.116576523382375 1.7034821036675876
-0.0042009156636734196 0.2152790628033805 3.419403614587025 1.6612896543392202
-0.0039373458427100485 0.10289849747482371 2.9883313552674258 2.9924298251482435
0.001237442282486385 0.024350775990594792 2.9215912761603886 1.1342983297932996
-0.0036243869502376423 0.20323872272501278 3.1969914508951014 1.0854476283403947
-0.005099704906952425 0.18676623506124126 3.2724985792931873 1.6817748531909784
-0.007669581371713703 0.532878429803165 3.292552024731914 1.3489543209397334
0.004265760868071705 0.014468756437783004 3.3095192927632797 2.142894088254453
0.0039917450463576604 0.03906529445294944 3.1959605911284594 2.1840371077542002
-0.003276225636574803 0.12241367803277516 3.0540797818576775 2.3057855869450643
-0.002614637321661355 0.5400980530282445 3.2650131224488756 2.514309668372045
0.00360456600339916 0.43674846144485174 3.415572044242077 2.6649239364307853
-0.0057214893404823695 0.3308756614365995 3.4712813100056845 2.596040006543667
-0.00244604237819125 0.6114124918552236 3.0392122716705288 1.7360505881724306
0.004207192342565729 0.42074056079015876 3.090429991161299 2.6794071862141156
-0.009742950640495957 0.6209106157024679 3.2017865850475906 1.0176304253341029
0.00037744625886906077 0.257927797780336 3.4026711165092425 2.979553058816379
-0.007354308891967405 0.26944043966524633 3.3318427765979175 2.534220442296222
0.004229135444476915 0.01915198414405722 3.318982469533622 2.1467213988543685
-0.002388473662171057 0.435818421683401 3.3891594290425875 2.11016132203584
0.0032049623725520634 0.4332103728104846 2.936413916990028 2.8053029990732172
0.009953667318027153 0.43468123005462606 3.2159818548626244 2.9085176581883934
0.0004946950704087325 0.5706815563954506 3.4112919560986015 2.530986910759451
0.00708007965893817 0.5980809283379844 3.3466412901273994 2.2272789408239633
-0.0036145888412425116 0.22099705384207283 3.346843851259621 1.969713042050742
-0.004632270453344626 0.4148258194565603 3.2895138772447727 2.5494645570377545
-0.002612752411398419 0.272327272336101 2.9929902617470465 1.4786094534343657
0.009953667318027153 0.43468123005462606 3.2159818548626244 2.9085176581883934
-0.00377307991174279 0.2664404653976389 3.1829818440466875 1.06021586015305
-0.0023271288186978993 0.0994278101699988 3.2552779896775825 2.7864769705767554
-0.008221732980635152 0.5249289153437535 3.3525880110908886 1.9576192305654703
-0.00876133201610086 0.19211849462959174 3.010842411827581 2.3151625864757115
0.003653475601483214 0.3789145201556 2.9186644888299353 2.702418731613357
-0.008272053942837157 0.6870996056231521 3.400675343540603 2.1131990424838416
-0.0009033485000999189 0.21554562540291788 3.3744848749905727 1.6774691861015367
0.00801398630679631 0.14205624752445384 3.350208380362209 2.0501745413736545
0.001676783369049129 0.3477962197919523 2.9483252320392546 2.236277930792946
-0.005106890495887541 0.5797213588312381 3.4304971087075353 2.76481285922182
-0.004701621781696117 0.43148386649896847 3.268838951262934 2.6336350432019286
-0.004899223569189089 0.282619447690337 3.05110489031994 2.5729910509128
0.00383817834777748 0.6656379516683596 2.975981822694945 1.0489363901724855
0.0011098090991798482 0.42378228192481715 3.271190858368315 1.9491966380016672
-0.00508742214433131 0.4128279377825716 3.2972844761189495 2.4973368638784783
-0.004314287510834989 0.17948165206832178 3.405523376525645 1.4367722676635537
-0.00044242998952327825 0.35599709463162715 3.4145164174908764 1.5527965958301286
0.0042912673170222085 0.014666586830179518 3.3195183001021427 2.1495854092429143
-0.0022091725193658755 0.5356890506619173 3.4254310867409807 2.755516403216904
-0.000872485646715675 0.6895310298448633 2.995177620650741 1.9911945776375068
0.0023682613867891927 0.22862274610628502 2.9711621970651145 2.5227921124912216
0.003048691078891606 0.5374876688367284 2.923909092215704 2.986412138856354
0.009374267286012004 0.5038884060701359 3.330404808979588 1.223626788759117
-0.005383541472310422 0.0063053832667890886 3.117244945712553 1.9549656493785292
-0.005971616376776952 0.3700996865158368 3.192443995059361 1.9929884172207846
-0.004580567502069515 0.07614431088706684 3.303206857846719 1.692048453678587
0.0007318061686174054 0.6891194548959059 3.405579901594244 1.7198063590920007
0.003476551394885661 0.3671216607753859 3.459800375211357 1.9639790574386082
-0.0074949358427568264 0.5198644367182188 2.9962750469852 1.1696776681946213
0.005112667169056383 0.5083379023897581 3.361334529734015 1.794981606474197
0.006676515589998774 0.08512956417790724 3.0716944292106887 2.966465956011866
0.0031486699473704375 0.30270159477266123 3.132393552642778 2.16375855293764
0.005238224442188794 0.009123235654682288 3.2783947340806474 2.2220249991199856
-0.008263714716750085 0.6625778380107933 3.4595356557627657 1.6283959559856422
-0.0068972042849956 0.1430225698567027 3.17404507106457 2.5828453642663893
0.007082820624494577 0.3486194998184666 3.021991781308423 2.363870157080516
-9.755793539639366e-05 0.13172543490023797 3.418782308824179 1.8029970410170189
-0.009569123448906574 0.24024888846778758 2.891216927018475 2.465746932209534
-0.00491471538138123 0.18778208057931867 3.326041208815939 2.531077959489709
0.005144032509580489 0.40601708390819935 3.1518069900260017 2.5494720209099158
-0.009725357221837734 0.09304334464128139 3.3145709495144224 1.0552411730638405
-0.008336949819148454 0.28288952856241134 2.9901287532129706 2.6931793754665554
0.00373891899324304 0.6778552579864261 3.466622183621024 2.2738864181139786
0.008525974852889338 0.49136119842074716 3.2784656150924834 2.366693045061959
-0.0016908979759664986 0.5863565097839376 3.2977310654049115 2.261895171125946
0.0038044773494669707 0.3431325749582933 3.1166333445737306 1.078921561394647
0.0014120213962567725 0.6376655801586621 3.0496012793803082 1.5791402138298047
0.00720180210166351 0.6922289026908595 3.4713920184132028 2.6426051403333277
0.0025349099979406365 0.12684611455832534 3.2458381183805654 2.8812750045661053
0.0019358320008084893 0.34526122074918103 3.0937479287250054 2.029236904824323
-0.007950935596912052 0.40044709939200224 3.2285761957292447 2.1637025919921307
-0.008761079654053632 0.4383042878069298 3.121090482692561 1.0393702230934587
0.008182446081489141 0.5979758756209212 3.000196343509973 1.0321987077571768
-0.0009213576067919962 0.14016503969474198 3.3019908847899817 1.918447657268156
-0.00974878357244032 0.5366440996767117 2.9932509396344766 1.8319199859724378
-0.008686663529450694 0.5437950761347972 3.0961006305777574 1.2104850186517737
-0.008849156948050468 0.15886013283907927 3.4461005714759834 1.7311807801172585
-0.0035034574702872967 0.13335300745725498 2.905107496321134 2.1843585176107005
-0.009449463742614633 0.13648519909669912 3.005156038068514 1.7255201524565968
-0.003650332844915443 0.13858196083309887 3.157898975120811 1.3739640708046004
0.0047046783576859125 0.3336725562514655 3.120059210533028 1.0541072026185137
-0.003878153142791254 0.04330589246409744 3.44746576216999 1.5639617247797963
-0.005924759377293357 0.06430929003032249 2.9699754485238503 2.1980973276573748
0.00908259324709446 0.32012456991208776 3.3709977589162037 2.7899452338671145
-0.0053260512383591745 0.20742169998681398 3.4281719049093113 1.7040304042247567
0.008915925688761124 0.2747744776502736 3.2382777116976653 2.757347050698037
0.006890025421296792 0.05046477715475434 3.206557645749769 2.550464062323758
-0.008635394793223908 0.5787171623968361 3.252697071979247 1.6322054826112629
0.0002688517679321576 0.1301888789613999 3.4293447763014036 1.796484943444803
-0.00888871985118341 0.6233458011118056 3.2906501416693006 2.023551238510151
0.00568236342817832 0.43429719859687244 3.438804176021648 1.8149227755106287
-0.0037553732868999884 0.05536823147593939 3.1344955659760023 2.028219248741596
0.005042577905576313 0.40940848558231335 3.116753103795795 1.2425876257876527
0.002601646395454934 0.3220004130010622 3.022539329472368 1.3623840363027822
0.00689862398850421 0.36085823572669545 3.363373513403678 1.7710649661815694
-0.004564248682772151 0.39422649075591093 3.004208864104296 2.915483911026283
-0.005774760548659868 0.2927454804755183 3.1644455686532917 1.3952266785054102
-0.005726690087085309 0.5073268170888244 3.452807617935464 2.5180902654576647
0.00241142425962729 0.036341440052375384 3.0973054596696943 2.3827700490676595
-0.008408134642953292 0.39805539140306223 3.2259126208298365 2.206886134922531
-0.0064013986252153205 0.2592852142526919 3.3358593823021785 1.5791415351310754
-0.0008154501873137076 0.15208923579034245 3.412542215468016 2.137539230223843
0.0035169616847668984 0.32136772712680883 2.975605905290741 1.3480549696104012
0.0038741424847074796 0.3947277655429908 3.43679306037229 2.135792831373267
-0.005993135706575561 0.4421688653852526 3.456030505965071 1.0881916582752982
0.0062425033254637306 0.43562736900823873 3.1844823450304625 1.1037084919673545
-0.003571511867168185 0.19233489520248137 3.384988608676862 2.627606645266687
-0.009762472702315724 0.3608414231983867 3.2293425061351972 1.8330663974029298
0.0025369303762798256 0.41289445301408806 3.4146110353966064 2.336071396580195
0.0029393517861511526 0.39241260322346555 3.1144580095680374 2.070741760712668
-0.009519320969077576 0.022382924243551483 3.4421486331463083 2.194090382372487
0.008577220895612372 0.24001176329710883 3.4148521745887064 2.903562088085364
-0.005466297255526727 0.3851553095270713 3.427365855700743 2.031469194240335
0.001398994128592566 0.6207632458820553 3.09423222053777 1.7594716125469798
0.0029936541162852003 0.10225093596881235 3.3350028029949934 1.6429928574157544
0.0018353952930555896 0.5765807034070213 3.0386699254617398 1.6354370149941384
0.005730581615601884 0.5326279685520542 3.2251841852795193 1.162367118220348
0.0032381691412876473 0.09053328531162469 3.3569419954267863 1.6110223612010903
-0.0022694051891137585 0.6996243026602665 3.2004564819964854 1.8005284492898908
-0.006851618669612274 0.4446474566906008 3.2211817703501415 2.3038989091553383
0.004372529414378453 0.6730071502593278 2.975723014832114 1.060009653014584
0.0004309730310558743 0.2690324963336784 3.453690526949055 1.61414705920006
0.00985524038048897 0.541644732808318 3.0316668027463445 2.612610875379193
0.002451424272521697 0.31112824043485576 2.94710570483545 1.9892445345411565
-0.00047170374874158226 0.2818752778961517 3.210768939445404 1.041126598754217
0.005410028161793336 0.09832086283834174 3.0015954029415672 1.8188269526486065
0.00960834542287166 0.47880058612017895 3.1872556567466273 2.839863108412707
1.5942437851386784e-05 0.1092319701846407 3.449621329930362 1.9213904282000007
0.008603475182639946 0.050552532991222365 3.4801789924890767 2.2751630963511484
0.006829838289336461 0.39821223175469916 3.253142172172036 2.4422598025270092
-0.007746271737938461 0.6144708472786516 3.4366262101480225 2.283279216265788
-0.009277650824806503 0.024457510120691084 3.1108039598002675 2.2353642292392664
-0.009742428689744526 0.08645621534729533 3.3181572072808745 2.309337930423917
-0.007519775169853008 0.5481233176235327 3.287635711937535 1.345947168807788
-0.009953602697803285 0.2578723884052687 3.4073769994092653 1.3381787660717777
0.00587980854570482 0.669394428843214 3.0340032492209645 1.344259850475193
-0.009013670736074859 0.15525420813838087 3.45327323539999 1.7206700693939372
-0.008029733465567228 0.4481222585907604 3.159897543079276 2.000317842500789
0.00011717447102426413 0.2982561019078203 3.0235298193274827 2.620235833692129
-0.0002681133419488533 0.49209408151432416 3.3576406516866597 2.030725448229438
0.005992020298348609 0.08879411359707079 3.1782826459644133 1.4061278089792868
-0.007594788376660656 0.09157856311707308 3.411007981249943 1.882330022545462
0.007297205114532839 0.28679460927828687 2.92386438448455 2.346568018301904
0.003537265171463878 0.45118534629937584 3.431868982731989 2.6960433738911167
-0.004890250296020085 0.29953831445694556 3.179786319206611 1.4041808946752292
0.0035362833691333466 0.12991998699045343 2.9613024468419256 2.0588113195698567
-0.004629435746388379 0.4150071974463242 3.288737156835856 2.5469263959824717
0.005755391788820174 0.011895175075131326 2.958168275940143 2.752766772088488
-0.0010001560626724925 0.03257768686561325 3.371614216160532 1.7168723666859491
0.0009059351901773236 0.5022531717363273 3.156308519573996 2.8639142260615325
-0.009723855425395098 0.08182995988260333 3.107338366692959 2.304043568275886
-0.009908033050338313 0.6012702997559284 3.219781685751001 1.0075295595580513
-0.007622402480288539 0.54812727176103 3.292618093546765 1.3405109876483587
-0.005891241734234097 0.3303245495929841 3.148863938170083 2.0827988084172957
-0.00982598053208485 0.6794025216202888 3.170239592614041 2.3356881965133782
-0.0049727851746335545 0.30080674531802304 3.0227635417776253 2.5666176306692243
-0.008210727494645072 0.0884471209183332 3.142026635529982 2.1319967136249263
-0.0048012269882317295 0.1301162628671909 2.9487159301979062 2.8120539794539665
-0.008268623953286213 0.09741080400565076 3.3002220079733258 1.033508317918698
-0.001408388466146676 0.4065102281984991 2.920598909186039 2.5322108097933764
-0.003703193813790257 0.41615183537964767 2.9629187419419734 2.140379157332259
-0.005558567771427323 0.10958775375922972 2.9627034459717723 2.6212890531321893
0.009133492240314657 0.48447988309897416 3.320774524920211 1.2941839682565828
0.008502562958294897 0.6677935980071709 3.28950067810816 2.7715351877126952
-0.006153403128135993 0.2185305325586498 3.4795397992694177 1.6877293637895259
0.0017186046061286086 0.06023939447377985 3.0153456135886167 1.0610311312377478
-0.004990431996969405 0.3916428338491239 2.979923798578933 2.969699921722759
-0.002896218104998592 0.43431757574563634 3.321533627440422 1.0008070785792802
0.003288029122752078 0.006564795686114316 3.3467574479310214 2.0243874479886044
0.008246628322621345 0.3572888837746156 3.401739429900779 2.0008620866481506
0.0056440626499568445 0.031017103353948694 3.010313639877592 2.8607918420891707
-0.004391946331134035 0.42391250807543984 2.9153344834384676 2.224781683058864
0.0014753231353896836 0.6020352330939115 3.2524730682613288 2.3877884437658294
-0.005210324342758374 0.30267802390591003 3.4545149575167824 2.6813242570169242
0.00031662825361927424 0.07391469451234317 3.0614215805151836 1.6608946523981576
0.0008643765601919146 0.2820597791890793 3.108941002911383 1.9666043636400636
-0.0015125632064751783 0.24733988527727468 3.447004912427576 2.634393398626944
-0.008620184283589074 0.6814509197724115 3.313738279898629 2.4492074909332437
0.0033913041706341556 0.2215774995454092 2.904903776626173 2.6472600335843293
-0.00019869286503738752 0.3040970651491768 2.9025249703585367 2.7759344295307846
-0.008753284616513039 0.030130862799402636 3.118257266212354 2.9810249447660913
-0.004761873819054437 0.29546374163244643 3.139970794085255 2.2228313672946767
-0.006777275892847925 0.12012082098015232 3.297779902367356 2.0196783009374504
-0.003649548569967247 0.6511855319852708 3.481653296289416 1.095003977860907
-0.009593116972118922 0.17833802097085721 3.2446428970810355 2.268178269855657
0.007747376994689836 0.5921595564678852 3.0870472744935236 2.5972818256840404
-0.00977742857758778 0.638859561301037 3.210708746831209 1.0242911711872478
-0.005533891063988862 0.2909765148553042 3.4540582090838665 2.7139745027824644
0.00186188602938815 0.3848189988180949 3.4560882129826536 2.111367584051499
-0.0001464485563428342 0.09356767132073959 3.301357743223497 2.002257467865653
-0.009418346189835884 0.09941673227717236 3.3289207256996876 1.9010596515954177
-0.004826998684414349 0.38182402915929653 3.003758985445451 2.9162445417259573
0.005284930356207052 0.027816921313654208 3.258392768760668 2.163333682526233
-0.008431036544936635 0.35847605604170946 3.212373739645997 2.6074524474667466
-0.0051308444962120114 0.3068766296445322 2.9802565750383687 1.3879614383477472
-0.0099959777641659 0.4706150926852376 2.8869102462080085 1.8200659185885568
-0.009044258613566655 0.3981831993356863 3.2225687854023244 2.5804432145136356
-0.00041273667839030956 0.0685502740936626 3.0149069814084877 1.3486884612631787
0.0011709347370520064 0.4783421208739143 2.9095838560814054 2.8147992212501727
-0.0052046571087618135 0.19837358769807173 2.969687981189093 1.235250985084753
0.0033863599528500318 0.2122297995253702 2.9422353625635473 1.868261485494034
-0.007645053474176842 0.34525212268748723 3.4235904297598014 1.1365085080625503
0.006383672768947184 0.40268647131419005 3.414238469532971 2.0396076929505034
-0.00316667990734835 0.3584981878835478 2.988389109158711 2.00407856120567
0.00911427908855867 0.2549667445942062 3.4838384086326566 2.4443169286915074
0.005254151980516836 0.4365119244342694 2.9087849266304597 2.05238125882565
-0.005875013550476526 0.1941569669364317 3.0733853957063753 2.6037587770863686
-0.001980878958711213 0.24369285942805208 3.1611079525953563 2.179149529756045
-0.007148006921352987 0.3914915788807118 2.920154642862251 2.5895441289916175
0.002106321158317222 0.22369678667643364 2.9919509947303125 2.515475637556915
-0.009952828528049658 0.11207533386579205 2.9129330296918825 2.2435913819443605
-0.009936945992482864 0.53932800589687 3.058753063226241 1.1949744584145674
-0.0024442232572955006 0.2250446258216053 3.1539480437288745 1.860744942617213
0.0033357443921203924 0.1816066171885971 3.0328758043442634 1.3858272147083428
-0.007545564457466738 0.4959285447518728 3.36110253924618 1.2702874234793757
0.003052969439960458 0.19161519678758976 3.253115489288939 2.1961468860324236
-0.0030265113236036703 0.4766867227844054 2.9698329490812174 1.1074270047462493
-0.005041923004292757 0.4185114616716943 3.2969529780136924 2.512950729874805
-0.0034957767904262374 0.4689401431095421 3.335374513264078 1.0524588747668122
-0.008176709395695975 0.3685219709917157 3.2142110162171122 2.5123596588027617
0.0009538007295574096 0.23110196399309496 3.028721412972483 1.4689424978185286
0.005086533930998524 0.06702139612134789 3.1785499645387043 2.594773496843766
-0.006149221158808064 0.38752393242239624 3.408608089669958 2.6113077539276244
0.002061799283359581 0.6676979868725161 3.403449471870489 2.845638614245903
-0.007338559713912269 0.029171357874136945 3.3846832644029368 1.5513883175289334
-0.0005290229367238756 0.0317493119254742 3.2681068432830123 1.8639511599042202
-0.0024274667809053695 0.31847912589362637 3.3229929073083864 1.9056852352634204
-0.009169217034415134 0.37004020831164797 3.2125819864374616 1.6733238663760306
0.008733239575627248 0.313011150942269 3.368008353746481 1.4802277980395582
-0.0024287346093036467 0.14626771633904567 3.1833746791936566 2.7007028785285074
-0.008174164586502199 0.44480287860067963 3.2178906638338733 2.392019594578483
0.009378459913215589 0.21292454542796407 3.4709808799047086 2.2948146023492653
-0.002712911760621512 0.5083480138708418 3.3919806463904463 1.2648729634245965
-0.004100657852947145 0.09528683989054448 3.2512250799300255 1.3510918518019932
0.002034209157684627 0.257896688957149 2.8979616310106966 2.4903995893248716
-0.008307038937571199 0.08400720276675067 3.3157721466006667 1.0045198813287495
-0.0006971704337030643 0.3921227443873141 3.245917672803188 1.429796466725415
-0.00885168521302478 0.13337916347585882 3.0437252018911582 2.1448257276371026
-0.006917741528988911 0.11856561542135868 3.314567929512395 1.0409038818705096
-0.0011214067500975016 0.4782647016660118 3.291364980906969 2.1476916352720776
0.008629214692560701 0.6824345030521797 3.452266237103037 2.59017992203864
0.009350949593831493 0.09484573719001088 3.2894763441750605 2.528781653069826
-0.008474690668204107 0.17324082278514555 3.4376324090274206 1.8573183827339388
0.003615808637813054 0.016581492519283425 3.163135572304266 1.1087958372633124
-0.0034657371568902356 0.43458721208440276 3.435992362243991 2.7323720863052796
-0.00045150640396655374 0.45053250654970034 2.9930289876468397 1.210330658013981
-0.002575023742790442 0.18543578719782386 3.379867398579004 1.660586612544326
-0.008395277726426014 0.14737746775251337 3.464819437784709 1.689215793171929
-0.008974450877673944 0.36525458160542856 3.1592678875031344 1.856410248430677
-0.006660002021651059 0.425484858838963 3.1958031601059327 2.0282397835375288
-0.006091704619366029 0.3977614997728638 3.449377627966719 2.0292608796476492
0.003702143430885905 0.3366763504817609 3.1047015745887663 2.137190295019742
-0.004523018865718096 0.36601529754625917 3.1318492518871643 1.5334773065980745
-0.004278853897400234 0.4134032741431975 2.971119218240187 2.1109586287657196
-0.006990330722438482 0.583798395522449 3.3154315017994116 1.3385874961632813
0.009478763779477938 0.096120477996822 3.286820734795719 2.5369522736387253
0.002789328888135245 0.31171264012665106 3.0246399056868336 1.3507878331361
0.0005560787350991771 0.6100096218979979 3.4441118941983033 2.6033886226265333
0.0019623394773844796 0.011853188851571717 3.0836576376478155 1.4993357934770521
0.0035016396162026245 0.06331851149330281 3.245579575900042 1.4801077835376242
-0.005705805954716155 0.040341488815201 3.3005117008006826 1.7524512477901903
-0.007763715518086675 0.36523020539999684 3.395636187540229 1.7705451987561953
0.0030847343998911796 0.2866163985294202 2.9502275656737655 1.9276622034804445
0.00706294849664157 0.07267764158124572 3.309454241108393 1.6660077290693753
-0.006829177864096143 0.451880498011767 3.475725973954483 1.9457832512170712
0.0024960990650660427 0.34449546833778505 2.9027446236042613 2.6601046962397237
-0.006487186636032036 0.3190852320772299 2.947244204961966 2.165518463741642
-0.00357344238962536 0.45203695040744285 3.317680945307351 1.034581291152395
0.002105114772769404 0.39672404730738936 3.4706656911035503 2.1049452697956674
-0.0034566135358631584 0.2726642667845594 3.040697542061628 2.894642659623142
-0.003643666821575978 0.06690589804927644 3.126939640037984 2.684806641351853
0.00382858057726782 0.5164724916691149 3.2323975068998014 2.6394116669088694
0.0071394025429750065 0.16960004294296172 3.1966056826815996 1.0723260573043418
0.005518735770623555 0.027183642956741028 3.203813261796426 2.17568402292636
-0.009057636398362807 0.36994211326355436 3.211388454939943 1.67401317605589
-0.0026379104744382077 0.5893445786568665 3.48016477902253 1.2586783962820185
0.005670521172993585 0.47591458408644116 3.1927440847546413 1.1645694911801787
0.004552076116757906 0.4942167134927287 3.3136726436883417 1.8005028192875672
-0.00939242022655234 0.5189563402912063 3.0146414311712255 1.742451498238299
0.0007716522163807053 0.6091732185118995 3.0500087143210144 1.733771682442159
-0.004145488246325215 0.41196154721824746 3.3879049008586133 2.4698660028450656
-0.00355926839369028 0.604016410479407 3.4743401351795264 1.2817258250736971
-0.006394910680783317 0.20285009943896842 3.0520893196321026 2.466305723656478
0.003907484966551014 0.6600634461165396 2.984425731144702 1.0853370620306029
-0.009076400073358389 0.3855956600373225 3.2246624965019497 1.7111698872510328
-0.007192355061707402 0.44101447925651244 3.1911142978012856 2.077609144941176
-0.009511772086076498 0.6803247925210565 3.4791271260056305 2.3598908002873356
-0.003987555248057864 0.5901018856881596 3.4475013670982326 1.4388883621282633
-0.003944133480310598 0.2053371499767911 3.094701760656584 1.6838714848819865
-0.007271343336296672 0.38119811412226684 3.384821222985984 1.8951916127523143
-0.006315696825990537 0.21370377434690183 3.479250998625021 1.6954614241088304
0.0029844991941528733 0.21474871724220035 2.9319390599100528 2.5950743728115158
-0.0057990886239690925 0.33332823210868534 3.151909855886779 2.052775217579601
0.009682723792732212 0.43858792204721225 3.21292486306368 2.881270879289999
0.004169438834989381 0.02534141517270344 3.3333150420013276 1.531556259397687
-0.008236618639026068 0.3727308147099312 3.2136919014834886 2.5505998286147906
0.00519167021585015 0.46627464944081476 3.303909958085194 1.8593290120017931
0.002379107809859219 0.4606067422560797 2.933318627481764 2.8436015510808508
0.007760022976864792 0.2614331423096426 3.195459271384775 2.945177619189681
0.006161912075458431 0.033965359021977615 3.1700702181649163 1.513412616817628
-0.0011287638080253746 0.618956025599404 3.1004438775445573 2.482142253054634
0.008877348637896451 0.048270382540585424 3.487139571572492 2.301205160163085
0.004734115847771891 0.4827573887843569 2.9498083615566904 2.1758537752258236
0.006841152066389403 0.3771611109342817 3.334759736171707 1.3260714680891175
0.0008404592012052712 0.693520943193028 3.422264319771078 1.6850972709225984
-0.005042066121108739 0.4429143718615072 3.270659481087212 2.6357591093405714
-0.006409078085444121 0.12479800576858383 3.034255051000683 1.8427055625552293
0.0048294790018877775 0.42178374342253033 2.9183035860746314 1.4621203459330787
-0.002904479554310454 0.2820979887998749 3.4677091060859873 2.6944084998020674
0.007806995412705397 0.46613783428950306 3.191951986033502 2.8559616697325767
-0.004281600577576761 0.2715283825138868 3.014618046212237 2.691866848875633
-0.006363560893465595 0.18493133433737577 3.057197339239157 2.5461037131945763
-0.0006686247584663171 0.20660630828995358 2.938421593930068 1.2320771460529054
0.00349880209557859 0.37857149902248644 3.4700178265101487 2.1397396108745914
-0.00910189687888883 0.10443416684292162 3.039178398801657 2.1366170404387965
0.008957169709577672 0.20050650648835944 2.9555371605289595 2.0310543528925846
-0.005275990532777724 0.0401625561347535 2.966856096991717 1.8094544056738153
-0.00476405211052201 0.2932094140593278 3.0311620055529387 2.537909598875635
-0.004406703872862636 0.4089902534560504 3.2888967602596093 2.550150220613201
0.008460840390873178 0.5801844875894527 3.132212663577463 2.3426031688747253
-0.00567286328306194 0.39824445340850523 3.479204065266758 2.7107852116821523
0.0005109597368704419 0.3615364985458447 2.955455943767669 1.9805327467371077
-0.004397210402981632 0.4490083418540131 2.9382564217291423 2.1572321000969916
-0.006882671164394363 0.05062411488889185 3.4825061295539657 1.478105937505028
-0.007130759518146786 0.25532307463190596 3.487136746373155 1.6792178640321382
-0.007259812251884513 0.4562483528318531 3.2208190978113564 1.031016038395311
-0.008867341375328902 0.19577814650447384 3.020733854404828 1.7191364346825213
-0.008250233114296129 0.35481732763386453 3.206589386728344 2.5887952564163834
-0.007819493087003561 0.09806520557796565 3.140066791025234 2.1881781279249193
-0.0042181833154645906 0.19993014340309728 2.952573421162041 1.523881744446154
0.0020828777163176566 0.21045575572028796 3.1756576225674533 2.1223980097483235
-0.008657965848821022 0.5483270759888376 3.0489727030357483 1.3336626696335427
-0.008143487894100635 0.38187329298221917 3.2110050967623542 2.5109945534303693
-0.00838593496577756 0.00718876872396601 3.426742260294232 1.4519564517030978
-0.008373363039625518 0.15098098414559818 3.36953907098641 2.1433135069708116
0.002455779585409856 0.5295644085491082 3.0137433436115124 1.6707850285612575
-0.009500066597186153 0.43807366317400254 3.2747785153970588 1.8127443336288582
-0.009872302527939017 0.41250579760680695 3.447049557568907 2.206050062640629
0.009393091123305344 0.4432749364421824 3.319214366102828 1.4070497808658935
0.004226353794175591 0.017591191478686707 3.337370388124468 1.5103705710276751
0.00033583449668591996 0.2782081971629371 3.0006389787111676 1.4548668980522332
-0.004859921091654663 0.48288141935114753 3.117739575442639 1.8695211066306459
0.00865133102368683 0.2023765772834843 3.323902056299666 2.3182985937341383
-0.001035712020536217 0.29773805134931003 2.9287469980700345 2.782096495609709
-0.0038885476169635332 0.10003748712447358 3.1791008938768104 1.9918734718594575
0.006452947765247656 0.43733772039691904 3.2570283815762124 2.860786411808991
-0.0032529091055036423 0.4809729865248718 3.1104247191489374 1.2608930202517337
0.008852943943235294 0.6775390115526032 3.0778822894375892 2.986455017355437
0.0065922746897052725 0.06749473399133266 3.1731132821669292 1.4531025909713136
0.0015368651229316138 0.6817786313189109 2.96480185658521 2.3570444330974127
-0.006012930812463336 0.5987847873966234 3.442764281058541 2.272044039202507
-0.0027179258751024804 0.0031232279961373455 3.335047213053226 1.7446545831320281
-0.004141569462500454 0.07310339034748059 3.150156022994361 2.0272123101621267
-0.00035688641202544225 0.5611445361920426 3.3448396129660303 1.0030381438808116
-0.00910318794571952 0.12952652571257361 3.10949432116244 1.0368323477930497
-0.0030560903478686003 0.26578431424684495 3.446685877368381 2.6919192644115997
-0.004430780313861023 0.4092048214383889 3.289195157406086 2.552313804833126
-0.0015548682699236514 0.28911922150081115 2.9940800446459637 1.2368067796682207
0.006399440951637165 0.6659506024451818 2.940120344906248 1.1214885362602454
-0.009236277613179224 0.031809177062734895 3.3376000745352514 1.0301840610836392
-0.003947841450520677 0.42909349432517596 2.958105272094138 1.0646143406077728
-0.0036685590987001783 0.23657148887236995 2.9853841259640874 1.5689991099481042
0.005683658976473233 0.30247387485763794 3.334703311187135 2.785882328021359
0.008837202591176046 0.09160666811397983 2.983652839439332 2.183919742931103
0.006567689355314371 0.5978580907192284 3.15025971798797 1.2413695443111536
0.006864429821154967 0.6523149803049446 3.4261299501137197 2.513099138548803
-0.004847020118916575 0.1847277268289026 3.4552687692826796 1.5169958890036739
-0.00518494612030657 0.1558169470021093 3.4437548414997767 1.665684618892062
-0.00995915821564092 0.3802708319058313 3.395039075213907 2.0556058025638855
-0.00801075351320513 0.28825008318088885 3.16589063081389 1.0620637188358393
0.004217688777957481 0.5024709271709813 3.255775031757181 1.5794814956089336
-0.009302142474020723 0.5315053668815111 3.40383278477912 2.624203094332159
-0.002145205245508745 0.5332112968007012 3.2523996739567322 2.3703312046813156
0.0074402098360799975 0.5705352886246983 3.2362177207618457 2.5754306251380243
-0.003420111651517496 0.09916896946375331 3.201335339485626 1.4964144389144534
-0.009569123448906574 0.24024888846778758 2.891216927018475 2.465746932209534
0.006482350780933404 0.6715731645821603 2.925163986812788 1.1230686201270252
0.00933515943010734 0.0105279691343807 3.072230875611746 2.03741317264261
-0.0026988795080395154 0.11774685112170483 3.3835450057744 2.447475348364108
-0.009044258613566655 0.3981831993356863 3.2225687854023244 2.5804432145136356
0.0024530668271728626 0.40092798423533627 3.0525584853820757 2.3426671544167914
0.002013569747591526 0.08002907126334613 3.0152796487684936 1.1992875560873877
-3.895602381822835e-05 0.381360975541012 2.9757942419077454 2.527172227126117
-0.001448724945372436 0.3099801432763156 3.000986760386422 2.7220675564061434
-0.006271518656918594 0.08142236927832364 2.970411608021934 2.040899471788447
-0.004636588774513369 0.38069797797064586 2.9474655321655336 1.270929589534673
-0.0010022324737387622 0.5166062211267104 3.061749013887377 1.7514625027002686
-0.0035451125782525513 0.5101595222917388 3.109717356410569 1.5948673624747054
-0.008275693982432074 0.2790337565667664 2.9276382439385564 2.0391764410723785
0.0012780512169393871 0.09983318781620504 3.4673036722109836 1.9814434658134263
0.00419199425772355 0.5269940069882538 3.2251160347658545 2.668627306478952
-0.003126973200826884 0.18478943812248858 2.9552854683207053 1.2670131777092821
0.008961021378612164 0.00606095068673318 3.4460238607900635 1.1786804330095728
0.002947134579902982 0.32113504195189907 3.381191847544963 1.0871428603571636
0.007996486122507364 0.3850266072905908 3.406848177466959 2.0535931603944655
0.007035415953585282 0.20127345583920642 3.312267394539982 2.418554084692551
-0.0025663795654026385 0.5835580298944095 3.044483756737081 1.4790518596708564
-0.005366456020247794 0.5547420085436657 3.1749638950234917 1.402612381515512
0.0035761043199174954 0.650206016715718 3.061604234057597 1.1699281524175658
-0.004930808541363811 0.29775745450452445 2.916545688776295 2.1439094104065264
0.00585709979331832 0.2999691314585851 3.2109867853583385 2.7533120872398333
0.0007126975092324687 0.3344082814716462 3.464849404024297 2.108598583907834
-0.0008085534342335641 0.6236580971104716 2.903521139867084 1.0673384380844597
-0.008226829075430413 0.09852519173684626 3.301664699002949 1.063543716882372
-0.00630080110415495 0.6942036231385319 3.14285140589009 1.5338199308598934
0.0009565328774948979 0.11076691166789232 3.181189291965338 1.4780485832857795
-0.0021469045715342572 0.06661428067629217 3.4312221858456824 2.2708933657893295
-0.009511772086076498 0.6803247925210565 3.4791271260056305 2.3598908002873356
0.006461306558127754 0.05757997781440785 3.031972852163491 2.8461916598068853
0.008882298060875687 0.4596175899839344 3.2714595041459456 1.578913339370711
-0.007622619452089922 0.09045660241063075 3.2913040047837288 1.0186191989388758
-0.0012172396220366112 0.2573468485647602 3.4320225538871885 2.636110152079914
-0.005370797360894077 0.25306132643864016 3.087518583666827 2.42467483171031
0.0022770734641789146 0.4583954723819518 2.950016507651292 2.614980115037477
-0.009886707894959348 0.02972384506189385 3.1142409126714474 1.6998683031505333
0.008971951548995081 0.5184123428539634 3.287190436326226 2.750640962169842
-0.0077912183957626075 0.6416483472599166 3.311415462918004 1.1145030803467615
-0.008794123181445797 0.08227942609244537 3.305150834368906 1.0595912092451434
-0.004574376483395353 0.6686198994696119 3.4272426321783396 1.0356921323345425
0.0021312202540317102 0.5748202951116965 3.1944006119835153 2.9566307039813626
-0.005714979061182735 0.08425773563068964 3.410883997583292 1.376639587175419
-0.0013405930881094188 0.25896021244921413 3.424198252996156 2.5950302224175115
0.00010239719645008423 0.45624373111936223 2.9182389595365343 1.5598859377499397
-0.004992391336203234 0.1959660985507794 3.3407772027529115 2.3887380029743333
-0.004465351266700566 0.5248031634299699 3.3150204393150005 1.8765767727546552
-0.004773752011596143 0.5402387042196877 3.4230308207270994 1.1745644047742856
-0.005846545467533286 0.4813824911231274 2.96719643898426 1.8185525666718103
-0.00035688641202544225 0.5611445361920426 3.3448396129660303 1.0030381438808116
-0.006738020182240387 0.03342093458599116 2.9267963626325293 1.8584849508944778
-0.002499547792484777 0.5928270499028648 3.07434200494409 1.6617157590185676
0.0019205792683149791 0.08099629417760007 3.2515112451887793 1.6962079245594883
-0.0075213447929906915 0.1885190428516059 3.465450913299171 1.8382586572046757
0.0031653792268092756 0.30171628491335534 3.1306221419587126 2.169440938607539
-0.0012954104536883242 0.2945129077801558 3.032330459260573 2.8889932231231557
-0.001511531700858021 0.14376687834110263 2.9239645826291407 1.4441196121774451
0.0009071481051614282 0.5439151729707674 2.8904598146273144 2.763534480876651
-0.008754460114993338 0.04926768447857939 3.315099034163437 1.1019780453433499
0.007826369390382774 0.24057268513598884 3.3529089749016805 2.575935037724289
-0.009656306486357197 0.12374835082150609 3.0478572963529817 2.7648785623465337
0.00978510035021077 0.4851777375739067 3.2900387439637813 1.3496069042748386
0.003406820397696581 0.6412144324738037 3.016752512340677 1.1096777095611663
0.008552090592907482 0.07237635505600154 3.262752224780428 2.6015897141887843
0.006552269019721026 0.5377949265527098 3.2721373221106207 2.237703232707564
0.006040016974204722 0.4392274874295229 3.1860127173770665 1.1261939987607508
-0.005028098702355937 0.22674789990210253 3.1091624798674213 1.720312846561034
0.0074779451409143875 0.15819676014828837 3.1303648487972358 2.3467118526656234
-0.0017796059901430544 0.2908186728541151 3.316467716347226 1.233764266301541
-0.008614288233423539 0.20299681417787563 3.017591562232779 1.7149789084488447
-0.004565733093260538 0.4041077884751098 3.302617995329339 2.5840803285224316
-0.002059529043274123 0.03628963868367037 3.3965819916671136 1.738330223567041
0.00466427155214319 0.3893632013731595 3.257002272455354 1.400861949602399
-0.008957117219139294 0.1398812736050014 3.1188510765079878 1.0838931898547486
0.0004865274777076621 0.12991214341230667 3.062061380685059 2.9377624497594623
-0.0009326754476151064 0.28334152380601785 3.4301737086313797 2.5879405360809167
-0.003402525382163961 0.5138988802958044 3.1087897550199433 1.581786801797247
0.00975644819158942 0.10540939074294225 3.165688686913662 1.9931692675151276
0.006588305370973897 0.13185843581206153 3.0037755785324625 1.9246865854601252
0.0054640094470304965 0.4625237340216499 2.9340099791668908 2.0084675614451752
0.0010843490092546952 0.556460789218051 3.0499161661016827 1.6824072124910758
0.008489737430318178 0.2904266568478675 3.2319698301319577 2.783163117169429
0.009449100120731597 0.19876086523386616 3.439319002078188 2.9590426780890065
-0.004516646189745239 0.5283903372522974 3.3211831658423234 1.079694776069831
-0.009259034709630095 0.036285724783700624 3.1630153623427177 2.7972833236648063
0.004023265629692248 0.3374452197860744 3.122266672836465 1.5757036215406601
0.007312117473315274 0.35294515552819317 3.018381392664555 2.3990655474523246
0.00869337109536423 0.5174978017442605 3.253640251643755 2.628992367191019
-0.009815333999911004 0.14244225870869326 3.378432613342086 2.0719268266994906
-0.00462877698283283 0.4356388588342799 2.9461594714867 1.428594417477384
-0.007826227212047331 0.6902387334157827 3.3280898945584116 2.6323237540444886
0.0096472296473196 0.46001717079060783 3.1679532977679306 2.7714864363238183
-0.00019796965498734744 0.628621737203925 2.9169360940410027 1.0717202890098612
0.009235203657992658 0.4615693310293203 3.2780605604796635 2.6177359096376427
0.009560292547775854 0.4774113535962288 3.1871476235733653 2.837266760890175
-0.0009908320837251118 0.59443598184578 3.0196269587680926 1.4915731873652989
0.004248098381874212 0.6135901910361338 3.4625334344682828 2.2709156777987944
0.0044569925425393345 0.6834800928876592 3.469109065602776 2.1780034462954183
0.0024577346136587137 0.22539795764939918 3.0174741220613432 2.4213019607499273
0.0019154475434082305 0.5695848499443056 3.190825598040719 2.9423746679370995
-0.00426381678509629 0.5677680186719216 3.3302676197749173 1.0506757225120347
-0.0022384105822795125 0.2066525004164005 3.172683461605722 1.2889273310009972
0.00432986409030528 0.6722187436176243 2.9775208806540565 1.06154795934262
-0.001292639572202466 0.24594402429886358 3.4509804723978452 2.637490613987075
-0.00674222653977011 0.27353172834213085 3.4849161342275594 2.6094023801952924
-0.0007329063700427349 0.6945882901801057 2.936425860508022 2.195202926882947
0.005277720900330823 0.028028501028589642 3.2589784877465022 2.160497067289892
-0.005800974912612687 0.08430081066862302 3.4100275090817487 1.3849200054500885
0.002036996408699909 0.03490189068873256 3.047973417577564 1.495801695685139
0.002541193721863534 0.10763229588864648 3.0314555837222 1.2969299530047047
-0.008687272714064692 0.6440859957329281 3.3371182519899283 2.0520233546203523
0.002615951793818785 0.6369451860495954 3.2524436300813715 2.521307739253108
-0.00475547264270274 0.4214337443759546 2.936492359671013 2.2423563988210216
0.0010895235405084134 0.33800584552140733 2.8872049913200417 2.7947645793691134
0.00347887585695737 0.15696467353999458 3.465458027405919 2.755438431454453
-0.008592358298454747 0.033612767918585654 3.1143778601394883 2.9978007490338445
0.004566272242702623 0.13720336963652277 3.20527351309062 2.076213603974138
0.0011987834766847096 0.2987772627153084 3.39510510789341 2.9337126013308725
-0.004541096632682011 0.09948744381269814 3.4482648947023464 2.312617715160242
0.00814318881641753 0.2404113788104511 3.352612162653174 2.5842939571584123
-0.004493732029805008 0.40844241231602013 3.2916678307011966 2.547221017297736
0.0096472296473196 0.46001717079060783 3.1679532977679306 2.7714864363238183
0.004147196145861388 0.09888572672963541 3.248070595155527 2.922745203340357
-0.005339080333470289 0.2187734338063851 3.440829492036198 2.475393050498468
-0.007611772274782788 0.5492944203965276 3.079747280097303 1.4395080357407968
0.00281976236966814 0.4140049405912838 3.419747035025216 2.3308397262889486
0.004168006878074861 0.015895875249562985 3.3114049297004158 2.1329906842267636
0.0021236263691543043 0.4700872568181813 3.1042329880605255 2.259068672789664
-0.0023531989698713012 0.6346644794891774 3.1830332240703005 1.8125154095020177
-0.005518416046531174 0.6132629302935888 3.357949709786312 1.0819676399690865
0.006097466936814403 0.4823900936997291 3.0475927666980156 2.534736749889105
-0.007722511561407168 0.18975865524885918 2.906942253735073 2.5248717216977123
-0.0031692948945237723 0.08438777305250555 3.4337343865857037 1.9909474995397032
-0.0024676157304555626 0.25843910020075417 2.8877267513491556 1.0803587313345435
-0.002582934871628363 0.5783790137410703 3.2168928493913573 1.6799312323172837
-0.00948167593439519 0.039800277872420464 3.323246948958402 1.0045991419051754
-0.009225415936703792 0.2432625808532094 2.892692408461679 2.4601602169981986
-0.007506595287805711 0.15134568462645304 3.2112079518758545 2.310656127222152
-0.004685344271642803 0.26394130595628124 3.411753297943401 2.668980970069989
0.0016084816129626153 0.40127969533502006 2.9400570165907096 2.9660971046931026
0.004322127736287259 0.027035949633356343 3.3302172630699234 1.5138596866187253
-0.008503912863109808 0.47708170395533056 3.2727245029265366 1.9603886303653204
-0.0021323887046909283 0.4542178302851515 3.389958773825665 1.2875567399600512
-0.002379583937254599 0.12537786343438617 3.1936238402164725 2.818761735121827
-0.00760658427941779 0.1930381983220161 2.9933063846346535 2.7844856362430725
-0.005578427850480759 0.3294106463404596 3.1580128501708984 2.098337061409718
-0.004760205879426787 0.5109120469434284 3.342776078227534 2.292221557856386
0.007310170243613954 0.1333520861513619 3.2070024196062374 2.684216485518542
-0.00202214768971127 0.16611601203830936 3.362010578152579 1.3834348945280022
-0.005357035058840366 0.5503269980396124 3.1448980047090043 1.3241925679697009
-0.0018481512506784235 0.02996139863095204 2.989749171574045 2.851017483610148
0.007021749190424047 0.6340664596920809 3.177370226925913 1.7801654247202106
-0.00023410755127958524 0.1861486963406693 3.346571512981777 1.8256823620626472
0.0083820265206836 0.3896716536936958 3.198544149674433 2.6888131120306933
-0.007153641489885667 0.5892913987825832 3.265735483671033 1.4086427959553798
-0.0029447790400978107 0.28975418275528014 3.3928809687811454 1.2033457307319244
-0.008525996629447672 0.5579561004364366 3.3730915262120824 1.2921792388703617
-0.004566421553347387 0.41813694330069284 3.3859812739370354 2.0018845225410553
0.0035659941711032508 0.3662387431404056 3.1345577056969267 1.0174074903103527
-0.003265909211636998 0.09111474610693314 3.2264217924474123 1.4633280928836085
-0.0012830349336795032 0.004940691797529928 2.9251581307344208 1.846291080201774
0.006796293772989992 0.5990803979878113 3.4252165106656127 2.458869783649939
-0.005041923004292757 0.4185114616716943 3.2969529780136924 2.512950729874805
-0.006049199309956373 0.5070239162227204 2.98844096915704 1.7853558725139216
-0.008310082945775864 0.6795666043101058 3.402603183245324 2.1240456673858428
-0.00518231512099265 0.05668463672243329 3.4242446768218113 2.098920878266697
0.002947134579902982 0.32113504195189907 3.381191847544963 1.0871428603571636
0.0021898653990771537 0.1421383938464426 3.0432184784986642 1.214632048904897
-0.0036110283641637366 0.204619136187573 3.1975197322004982 1.088740730058859
-0.008675177543293208 0.1546490936703615 3.2743796726053214 1.9657173306944302
0.0039244478008679355 0.23105459020843921 2.9754815204729743 1.9620213800062873
-0.009750850517041705 0.4824902444809113 3.467550141538438 1.8140956880171566
0.009827761703321641 0.4846070207187822 3.287706935076981 1.2982660029221638
0.0030519833071245062 0.47035402002957105 3.405482648185891 2.645827939020357
-0.00855612287124352 0.11483933662822027 3.243039689409005 2.3395877208478604
0.0035543215787301125 0.4325109420608423 2.8863181191403124 2.8453183194207465
-0.00722937298405958 0.26868554259421096 3.178158746574334 1.1346064552289852
0.0023872206753162463 0.22031085339639217 2.9622581110034987 1.2010847763296222
0.003233568677910437 0.4433841530657637 2.901716239020554 2.7452863662190228
0.008787236230641052 0.6505236251937486 3.07355599056324 2.778650298204811
0.006897222197093187 0.4676095535683751 3.3081079749464006 1.3383103298188042
0.0014076611580463227 0.31416979059860084 3.1043611617763345 1.2308805554052735
-0.008915755909346597 0.09205412642438082 3.2124558270496566 2.211316012795335
0.007560690508900657 0.6756233273677053 3.4477548771489017 2.9169147975922636
-0.0019079685145991778 0.0005780239557591424 3.3298656806225813 1.755731919376156
-0.009863248598763415 0.5461222990397147 3.269832651451913 1.2042370001862446
-0.006287435197364335 0.2103714216956523 3.484627704337939 1.7228307697218306
0.0071394025429750065 0.16960004294296172 3.1966056826815996 1.0723260573043418
-0.005386344166750092 0.25911440860100576 3.423596037767565 1.793907485808529
0.009276411756731162 0.43381484024220407 3.2701663074765395 1.6160639137259338
0.007254977700441383 0.6577886759869234 3.431656097586202 2.885889610972794
0.00978128690275049 0.3908100788295743 3.406693932182132 2.5635361575850446
0.00649966025607178 0.5186215521719368 3.0416184462682723 2.5173487620769155
0.0073535642661875684 0.675844870223054 3.4387651304848648 2.905745989642739
-0.00030875491046093544 0.31562810634368155 3.0821971857824746 1.285734628528279
-0.0026010780258403704 0.032184127508457325 3.2819403928916855 2.734785119374176
-0.007733966241776776 0.2976675287544216 3.194633073515668 1.3465705512145454
0.006429141576686206 0.22280007673619984 2.99688568723259 2.528140618255388
0.005303131313374804 0.43041846739611794 2.937688482725598 1.4380279051439444
-0.0055842731329340395 0.4883229280069109 3.3246175536521285 1.2804184354351589
0.002279749762584506 0.6018945095911226 3.093028305982814 1.1290119585647058
0.004975590565047899 0.4209126210018295 2.9412961218797773 1.476147511236073
0.0023874835466483647 0.3477004503194168 2.8963760135333163 2.8118605521980067
0.0056168633327281555 0.4233174935490165 3.031106703971965 2.9714857361001905
0.003106380021313456 0.10060810238743803 3.237133355924948 2.9516721666616172
-0.007698533862084952 0.11509851432229568 3.2136074657581406 1.493470562279628
-0.0025848448812319453 0.2977722277521071 3.4299139494222284 2.701175354941997
-0.009151679384025233 0.598842772614889 3.4025669675158343 2.2499958881225592
0.0022810478017970433 0.4698056513681855 3.249083155036582 2.7952071617717347
0.007189557525629306 0.17383031227520773 3.3412344520218085 1.8706417562429776
0.0009293705983311387 0.06764769932563133 3.135638894685385 1.4853081006129765
-0.009632027306784075 0.08588817267929616 3.1064026654268204 2.3018042082852217
-0.009906630407265343 0.5486142528948734 3.4137119818902955 1.1524181864131577
0.00798006117120176 0.4869471397208769 3.306615436853827 1.0677688541460444
-0.007238094410937243 0.10385445264208293 3.0449445119219103 1.9507329940598792
0.005380838122718989 0.40477664810128383 3.1089813743568167 2.252478431339515
0.0009962235761779986 0.523774846301406 3.3618957460445857 1.7566203746314597
-0.001317088262041589 0.04693135315266063 2.935204070975254 1.2400566048625696
-0.0003484142621869527 0.20206665993011047 3.198684652379751 2.6794674845710045
0.009745664302289793 0.2640894349846953 3.0271258445826925 2.15581694256168
-0.00464793556861433 0.4143717160660882 3.290387461916342 2.548433880979723
-0.0026631288961186457 0.2733886208269829 2.9942938903053586 1.4715567563432455
-0.008587704946525538 0.5142093177330407 3.3964000376529864 1.4204672576005104
-0.0052146349735431585 0.46984438957394214 3.1195949128862317 1.9076337319126409
-0.0016139752645634245 0.4809161112792934 3.413882580877619 2.9747179219478586
-0.008662022600617691 0.5183198821332387 3.3913205508324786 1.413837185003238
-0.0025979968529606327 0.21262504833891624 3.0119362374706204 1.620370545859341
0.00968449806708507 0.2469291495572748 3.4870708435107836 2.4213918868001088
-0.009120494626679219 0.026072264965952677 3.2578937629937537 2.015877644454652
-0.002290262885553775 0.5253944803356265 3.3865599614807205 1.2402403710628516
-0.005968545508856169 0.026541218752285323 3.2233932408073764 2.030647811796029
0.0001391932575409583 0.009817358152298006 3.0183565940415407 2.841752703688391
-0.0016638270805205812 0.28008276101196633 2.983445926472036 1.2329623080188576
0.008465965497732028 0.569234623693304 3.137857902222991 2.291505717963436
-0.009947551884519505 0.07175914929465699 3.1230313842338524 2.6312446839029744
0.002102230342281403 0.10090787216334934 3.04112714200679 2.4419510588958477
-0.00940273625685953 0.14347173140180436 2.9844872519330354 2.9249988536540563
-0.0007893925537357117 0.17547954952524886 3.1497437091879603 2.0700825263468583
-0.0008777688248981473 0.19337756269915327 2.9665756623632094 1.4250533097103508
-0.007089815776662868 0.36713750305219367 3.4321237684945403 2.95413131326824
-0.00876691259340215 0.48714790384683937 3.4009150558129497 2.404980551171871
0.0028300404930590344 0.45607324200240806 2.9329236246005888 2.729792572010685
-0.0045584258433716725 0.6681816157916269 3.4209212618402915 1.0807704749544775
-0.004347385785246974 0.3358320295898152 3.2745145753155294 2.5343343940007075
0.0018040254726212276 0.39547995739885733 2.940405513873416 1.3904618279253045
-0.006927068269165596 0.5809548634127104 3.486880552200236 1.2938479396865499
-0.0004236555247774561 0.25307050023470457 3.020316541099045 1.4756367876038117
0.006046164801082719 0.6719640193107839 3.4615949206110277 2.6874438513325334
-0.0008002967461184082 0.39880514459190786 3.2238484057246772 1.4813622105041335
-0.00607455005843212 0.4365621044320193 3.002358088600405 2.733928549453898
-0.002448088079873543 0.32086552305787375 3.316331002679734 1.8690509326192264
-0.007981716619974388 0.40406963313773503 3.233570453669156 1.2731150086915242
-0.0016732256275816012 0.5152623100705483 3.3342371310873276 1.3358558197334496
0.00793317205020578 0.6167186073061544 3.068120748782762 2.7299526078935448
-0.0020579917362970454 0.6077342368620935 3.3043783589830227 2.478685451822842
-0.0015004746440062172 0.3131241275845571 3.0055566502715814 2.706935574656856
-0.005377586730259933 0.2955982831142834 2.9460449878369883 2.714414490859526
-0.008031244062805453 0.13244639243427248 3.0228016391155137 1.7817554939291655
-0.007109975957350259 0.09667120912161048 2.9107485941846463 1.7008893614803386
-0.009680910603740364 0.6781381997747649 3.4733028392912404 2.3485602075577376
-0.001995719569030722 0.25159041470605176 3.432099150776517 2.6893378852226704
-0.008779564556168035 0.5231577984135638 3.370133141114933 1.9657951447670183
-0.006198888262358403 0.27207198801045185 3.2874636972517486 2.188869339799221
0.0034737177615624965 0.40876509710028064 3.358859471967447 2.201049568460317
0.0009214992176497087 0.35856770007234884 3.478609603213073 1.7126495648572635
-0.000919132351258926 0.4038992053266587 3.4199516911168897 1.6435025295733485
-0.005702046939230462 0.6084982157813855 3.324083282142234 1.3876947410592653
0.00960834542287166 0.47880058612017895 3.1872556567466273 2.839863108412707
-0.005918614927904483 0.6075940243302308 3.4038552871277736 1.1145178384607037
-0.003681307646645567 0.16843581316066258 3.42137540157384 1.1909643200763227
-0.004330113766547254 0.40615210735850105 3.283905052084639 2.5522192369889503
0.009614338381253945 0.24685657493621496 2.8972938120303775 2.411073906075336
-0.006668954128203081 0.4569388780819006 3.402084997419769 2.0973857052072513
-0.008027300872677525 0.4443081633780106 3.214803460262088 2.3821865791596237
0.007580944259175903 0.694402675650601 3.476582891846493 2.677655789483372
-0.009014704520521628 0.3749121378559388 3.2644276929214744 2.18743481002507
0.0009795503388190946 0.5452751871597987 2.8871821465565417 2.7641559970544414
-0.005733015478902091 0.4022450763937827 3.4088225583130103 1.0639716760464113
-0.0004441704532478826 0.4862494767550043 3.370806708801727 2.0663059657934415
-0.004271882133508642 0.46890456573993744 3.1479488982101236 1.8836048026116006
-0.005390935463879315 0.47047138476242023 2.941447666937096 1.5036481475793997
-0.008364515589682977 0.6932670107629673 3.409170763653415 2.135501136065627
-0.003785939121273261 0.1816373799549303 3.1710832683837484 1.8192405238033762
-0.005206385931375934 0.6085307903705182 3.47664931972062 1.2148266544240076
0.0025501729174587516 0.6201705538771115 3.0517711846786 1.9620946725152397
-0.0020648903135590093 0.5429383148858358 3.353268156475603 2.818539545025007
0.008912807144905083 0.1551961485137633 3.0066705020208935 2.1324650775688765
0.004814531848308424 0.3924623775451308 3.2628669038537623 2.2097092098982305
-0.00398550983195778 0.018833932412360033 3.144414407382937 1.3959590560949273
-0.004631934484030102 0.6727348093055446 3.4303445711489693 1.0288952757687397
-0.004866692933793309 0.3863125150536726 2.977643599862117 1.5117803441084203
-0.00960779897534871 0.6467048335985501 3.466756321031443 2.9986293194740075
-0.005356472190623579 0.20506497262397122 3.4683070086783276 2.577424425618612
-0.005555229563066508 0.3810294086970133 2.9681288069683625 1.6791656024288821
-0.0017254692161170091 0.31719578703336365 3.4348261662375563 1.2794110859062269
-0.009283721099795387 0.6806846825205592 3.3822162394605497 1.1091596287631267
-0.004809645633877794 0.132207466146805 2.9538503483753646 2.7882926757607156
0.00027599143685396246 0.590999059747585 3.170915222160511 2.8727015907777718
-0.0010458168436305064 0.3647912780433656 2.9296181566860646 1.9084849641376613
0.0017123494683459585 0.10414768619837245 3.2485606657999755 2.9152523538045445
0.007492856205695791 0.45487098060534165 3.3541751629362127 1.8600033467203918
0.009375520178497108 0.5010767120596407 3.3301814924003614 1.2336539297094196
0.008428463229862347 0.06609893563998666 3.3305887112743413 2.3253923651885535
0.0014463698508128077 0.10548313601366138 3.2284426135874726 1.6574823738362008
0.0047046783576859125 0.3336725562514655 3.120059210533028 1.0541072026185137
0.003604916760886163 0.36234440463736517 3.434717685385312 2.092895926023146
0.008758484552169168 0.6310486885445851 3.364901056538266 2.700514253061613
-0.004883195775480716 0.2452654959623042 3.2386333123651223 1.6207314040147502
-0.008356265866867517 0.37732067603166947 3.2169519851915553 2.5394711153950555
0.008513253547530743 0.47837319269971124 3.302606037168964 2.8818477502342197
0.00975777100423329 0.056563262505516576 3.25185313575416 2.4464404405843
-0.004829784261663187 0.35526807933283083 3.014245305021799 2.217292876955197
-0.006595598414289581 0.10833877320266366 3.293605115392766 1.8256400206070005
-0.008600410686657274 0.13742752538730185 3.3183998010097855 2.0425395232884282
0.009638420489731623 0.5286722040905647 2.9473081127819185 1.0667858136125805
0.0010123167884465703 0.2926456676926131 3.394812098253402 2.934703433417825
0.005446518549468254 0.658126922235823 3.446049949066387 2.693568181399969
0.0014323318586728223 0.1044791291122059 2.969380485512837 1.78034685119827
-0.002105630172954868 0.30023039408803387 2.991666436734295 2.9307590228965723
-0.00019084438398652998 0.10322439889301788 3.316377681466773 1.650788688460488
0.00043853026588762216 0.571961031943615 3.4146877090392938 2.5308106746143926
-0.006684469282213557 0.009803523739749243 2.8927158057461373 1.906193337451859
-0.009401830171195181 0.09303619563127867 3.3031663437367884 2.017386053806524
-0.0011578009056553685 0.033520086818550676 3.285272307664805 1.709307080284229
0.004229204522217126 0.43534126022552866 3.256850345583742 2.1540619447068754
-0.006971939062952702 0.17637226566709285 3.469320150749566 1.8219759627318437
-0.004272573615976816 0.41820678419321505 3.2777947873595665 2.629783731734947
0.009852213418624915 0.5413143719274076 3.031821590540928 2.608948005993954
-0.006878605053202012 0.11555955382036631 3.0312648209026216 1.8419193556131805
-0.0029572362559029744 0.6937091686076284 3.466080688457942 1.3743542450839108
-0.005933332923714467 0.033831711337295206 3.32228725300246 1.7990418034860314
-0.006386915913621592 0.2150247294512852 3.480160487399257 1.70682782266263
0.008629214692560701 0.6824345030521797 3.452266237103037 2.59017992203864
-0.007770610705701363 0.064079883163617 2.896674837606418 1.7002565137480437
-0.008992321546686657 0.1443011032466232 3.379228620499083 2.1363845109507813
-0.0034367242568080223 0.03401357498047819 3.168267752731932 2.940608608249312
-0.008816047607247033 0.5334942687245039 3.351778175576718 1.423807452607737
-0.00671227418271188 0.5785557652895201 3.4853963198807247 1.1165795766367412
0.006962742607054239 0.4082359949687708 3.454826110049829 1.9105310946669753
0.003056363853768284 0.4995304765345439 3.2898919813321443 1.2258156435385084
0.0002907046822462568 0.4164702713934876 3.4499160752811235 2.878940905407515
-0.003830770416115353 0.28735493754621955 3.0513774080550418 2.553832523295864
-0.00839046725828656 0.3254756704568915 3.1061714172540134 1.0284305340955622
-0.005361338147254671 0.21054614682380995 3.3189015468318708 2.376453318821926
-0.00544441227346195 0.023945157033235964 3.293614533365222 1.7892087431368278
-0.0039414122511898676 0.12283072596049181 3.378822518262854 2.7419107708833925
0.002927272689706088 0.05283848830964338 3.331287140940075 1.5877691979287314
-0.0011135403466368537 0.2741272496243273 3.423868790475382 2.5994671106481326
0.004451108314982615 0.46855075119328793 2.9103944607430794 1.3420973981408841
0.0025513399300216306 0.26133703474653114 3.475470935148836 2.8629983765799505
0.0023733283381694135 0.4610505964894704 2.9332052063463356 2.8419993942176442
-0.007579122910754089 0.3224108827598086 3.1235887674132075 1.1900290670371185
0.004457371054042423 0.47425252098145976 2.9587118591065753 2.1585034685213067
-0.009703644616713043 0.6306188854305796 3.217133570965286 1.032898039496893
0.008501947243281542 0.19172872035683075 3.0671424744534317 2.194725589952478
-0.005940875014105628 0.5668329663732135 3.142300159669491 1.3662110595222376
-0.0067622544428677794 0.06337135526855775 2.9951900951610932 2.05696007592534
0.004697285199665837 0.4989488517666697 2.9314843091634994 2.99208250462829
-0.00893966394206705 0.14240608320850145 3.3717391895343125 2.1311487448071498
-0.007701185862425552 0.0920098165067158 3.106115410654012 2.9742610607841016
-0.003879763333181267 0.2966596196478232 3.100272569724171 2.619105732997913
-0.009722835159815592 0.6952647378630086 3.438054858154058 2.8786119063310185
-0.004803743729258751 0.3807986898703035 3.00446736855925 2.9144627720579934
-0.006904940742017048 0.5150317711172216 3.178626398219708 1.343214890549274
0.0058123171691058205 0.42545331139394493 3.1716484848182684 2.7512732114736775
0.0044137773029240485 0.6875389865462521 3.479279980206986 2.18672579257903
0.002010507348197863 0.2192240772820142 2.9930441827588274 2.5498762920390163
-0.00818966948405845 0.05951466637985625 3.3168118136186076 1.0067488674630973
0.00601907069275411 0.062245262381293145 3.1003944712144875 2.4704391971901045
-0.002455701118149605 0.6630265580931428 3.2038542456193113 1.7078208875830185
-0.0028485962519591273 0.5368083115274638 3.46124429368608 2.9528906383988263
-0.009757399416090771 0.022629399990078458 3.432114988739714 1.9635089331513265
0.003251541940745369 0.5848500534144526 3.4712206115045117 2.3999892753604244
0.004566906750280686 0.474342145454778 3.1897464570402976 1.1908368545284764
-0.008210727494645072 0.0884471209183332 3.142026635529982 2.1319967136249263
-0.008774305074206061 0.02817116358237292 3.1181834609347407 2.9831527105271554
0.009590988610602072 0.5919286482320546 2.9405733449906455 1.2104718542386257
-0.001611384265279684 0.30032536595068887 3.028136925473866 2.92191012381313
-0.0005194506986543907 0.5729328590838076 3.4301638992983996 1.7561918211616145
-0.0048746435321160835 0.49692146155341177 3.275094253293658 1.854875812772594
-0.009571160309626178 0.07251133470533509 3.478786657790506 2.1624316173089477
0.0028062758765322604 0.4018793275207906 2.9170036780828177 1.528147522055643
-0.007162097181337777 0.11678305067668293 3.031703512066579 1.8702574491168322
0.003214779857321857 0.6027647029546993 3.457691282907263 2.4385407253152436
-0.009288302094487128 0.02557142092718745 2.9644911007488366 2.117655057346561
-0.004382832751956478 0.15162117079606058 2.993253242298853 2.732214737457369
0.0029893078827745185 0.4736256894683998 3.1874787614869007 1.3319023892043074
-0.008854200034167583 0.6804052489206764 3.4740983651354016 2.276825512858881
-0.005762632142711624 0.23912446768615359 3.335410594273076 2.582478886275393
0.009310656080148076 0.5026126535962532 3.338078093582669 1.2068365239926482
-0.00729601241379015 0.603394586910839 3.185220352951409 2.5432870104587084
-0.005534885915890826 0.5270178203491197 3.1572610906146763 1.3339380171417283
0.006270615362830009 0.5030526697812899 3.4230739355171425 1.6444961490015115
0.0025168826552003426 0.39958226935564123 3.051234785968345 2.350532470342501
-0.005452663477862814 0.24120738655771273 3.250255758644793 1.6208065079826652
-0.0020648903135590093 0.5429383148858358 3.353268156475603 2.818539545025007
0.009075527315669962 0.28699629583327335 3.0787716732442227 1.7645770397025327
0.0034625057830941237 0.6858431138558676 3.0586899052110956 1.12898565630231
0.00025379697495110957 0.46401964308393484 2.907948474435514 1.5603673319805995
0.0003165337268503593 0.6387057604512746 3.3900423791594623 1.6861574375041073
0.00010855122072660293 0.015354564443516516 2.9318622821072475 1.0584313586110343
0.0016264557692589662 0.6459751716143078 3.35939857973551 2.680649086787917
-0.009856175859045616 0.1937341808716516 2.909146689919276 1.9595150913423234
0.005884413795429628 0.4245143275404337 2.929726031653891 1.0958919386653299
-0.009918515512257182 0.43800309100798174 3.2639119953617595 1.7646108672564527
-0.005846545467533286 0.4813824911231274 2.96719643898426 1.8185525666718103
-0.007044170397641256 0.11633137637613661 2.9736495313021845 1.7850352099839266
0.008501947243281542 0.19172872035683075 3.0671424744534317 2.194725589952478
-0.00915685700358256 0.5133099398110622 3.374097733415972 1.9828108821526984
0.003288939991128155 0.16280355498281773 3.447206750696203 1.7442409134996109
-0.00956497341667494 0.06046859408019098 3.13238447102564 2.1267923887861695
0.003470594607975708 0.6870966251954005 2.9754180179736993 1.088482651949091
0.0032309900177441325 0.06407573085919716 3.108609645974832 2.3839096251969107
-0.004620017418884073 0.3170836073690967 2.951738234226216 2.684694025160157
-0.008442216243504672 0.1455738755910559 3.002102810031111 2.4479445310661676
-0.009036742029318649 0.14254327845503798 3.370428830765947 2.2610650571607587
0.008603502155053271 0.046720543711174976 3.484231936836372 2.291991461881065
0.002838730813238627 0.47475641542298036 3.1879868243164484 1.3368851079142556
-0.005940875014105628 0.5668329663732135 3.142300159669491 1.3662110595222376
-0.0036047946709817993 0.49312353144052046 3.1519693994233235 1.8650278269180651
0.007526859882525865 0.02301983143861147 3.0184454912010388 2.904985175958846
0.0012910479549418609 0.5931047205671629 3.248769997971278 2.397734689876035
-0.0008882976024664384 0.39969531947039716 2.92908411967312 2.5632527963972955
-0.00949181995003248 0.5164506386235064 3.3823485317506523 1.9946011240016484
-0.007266504218210262 0.07068530982166876 3.4854392280330524 1.7629991941270715
0.00960834542287166 0.47880058612017895 3.1872556567466273 2.839863108412707
-0.006851618669612274 0.4446474566906008 3.2211817703501415 2.3038989091553383
0.007697950484576868 0.0920743937401306 3.253315022274727 2.5871342972524847
-0.0021055085702940644 0.2787149419279419 3.16528475465194 1.2898380042163096
0.008195482781165692 0.6727480058505326 3.4645065090397016 2.6375724495913264
-0.0004608953600636224 0.31208145498226464 2.893507654049383 2.7884654280052374
-0.009140856069097628 0.15683060459531178 2.9523246751553818 2.9166546847205836
-0.009821323271982128 0.5461133783994765 3.2704104495958815 1.2043447197612616
-0.007276403857078225 0.4092364173863006 3.1656208999225393 2.1335396310195347
0.004118527644662483 0.5058307958903931 3.443382867377257 2.354416277858994
-0.007473714003813512 0.1531946233979661 2.986522007265791 2.8751519914792265
0.007055142203937523 0.3773001913635724 3.34559700214876 2.215535037431574
0.006292052817243168 0.5031527259605574 3.423860720522792 1.6451729335648768
-0.003912853511189374 0.021390372910212452 3.222640318978213 2.783839231057651
-0.004974350399880764 0.4744478525385524 2.9961482297737225 1.8518603986926685
0.002905622078788857 0.5463965389234202 3.3531140654684783 1.0752641800572926
-0.0073607822253996 0.11177778345884315 2.8892378299705634 2.854823083471399
0.008408783693546558 0.20511938096311647 3.3235666154776258 2.3134342468048317
0.0009353881761933504 0.21949141876353573 3.4057094179240357 1.7493596027174636
0.0014485980400505425 0.33433774260503063 3.4682645304715436 1.6771677130258782
0.00782198867001181 0.20993625916529518 2.9723542297426566 2.5919988077535656
-0.004214085000879697 0.20000414185314855 2.95310805454655 1.5170783084103943
0.006754339762763021 0.04021110730484558 3.419365127508239 1.4957651705622663
0.0015063681720744785 0.3420603035884118 3.1333306106857486 1.9099182139287914
-0.007222614885520052 0.1570325244537633 3.125030097188527 1.26523624024923
-0.009288830841334833 0.32093235848296303 2.9938994335865763 2.684008168958207
0.004413387523985867 0.46153188168286186 3.1923945321292693 1.2116311074212436
-0.002601731308728983 0.31424142627689067 2.993321132254085 2.981844506923252
-0.0014205251121924096 0.3869932923206033 3.2224922892288386 1.4684751182130789
-0.0034366281388715295 0.05646795835600099 3.223528374072171 1.4914823767392964
-0.0015901616522137644 0.5123831446800254 3.334155668264302 1.344856538181072
-0.0003979789358872516 0.0385589768579962 3.008236512527599 2.718278171793673
0.005044502258410806 0.4917534516088291 2.926736071970735 2.994507851305088
-0.0051308444962120114 0.3068766296445322 2.9802565750383687 1.3879614383477472
-0.00956227245882645 0.6582518907477847 3.3440253129449085 1.1124715946173889
0.005862725048060214 0.610409266420197 2.968458436133535 1.2512633065546808
0.007045645032235783 0.41969546049784406 3.0106875916950244 2.290940455494347
-0.006860706352323975 0.4998889854066514 3.308426072493625 1.809822627087487
0.009396999349685325 0.5000369133580745 3.338033487855298 1.1719744827889844
-0.008440484963899436 0.07942854596911203 3.3150571835910143 1.0071072883224081
-0.0045511257152434145 0.4935510875314094 3.2770178805995376 2.2505068765554626
0.00708007965893817 0.5980809283379844 3.3466412901273994 2.2272789408239633
-0.009429128130503452 0.10944009371696689 3.1460050813028233 2.694777608783784
-0.00614595329412221 0.07555475348625389 2.9024359677886427 1.7633758954674452
0.004537514056528904 0.49173035268762494 2.9344759459894876 1.155543160845182
-0.007267965998971705 0.27367759929879226 3.1805665954723685 1.1281886830628691
0.0008993680895750724 0.062426818752236435 3.174327314752286 1.1001909592543706
0.0070061844492307415 0.49739434145007755 3.003356247111644 1.4135435934246083
0.00667132463276724 0.3496610128562735 3.0227329140917383 2.373873413166278
0.0009159698282927755 0.1571591862225794 3.410724792739448 2.7084829897038665
-0.0024311666735845304 0.0933321464120554 3.2536848832091954 2.808825434088225
0.0045459687994073685 0.3487594307556611 3.242427954030344 2.76429357015324
-0.003639300795226258 0.2134615843740628 3.1999082207969907 1.0703224581760442
0.005689805762375107 0.2707206547515749 3.0355432232267834 2.545418358401777
-0.006097420834519362 0.1059287406016016 3.2571519003725204 1.726649935109311
-0.0060821998127739835 0.17543926101212612 3.3482530510023993 2.6287966813510244
0.004893612459723829 0.6531085381623218 3.4725308537283324 2.3271776066914893
-0.006939391912563137 0.1690402041281049 3.2872399979774403 2.022241193948292
-0.006582490999145894 0.5707697670841647 3.096101547891093 1.1414352247026271
0.0011202049607559276 0.33913915876299716 2.8855013416147166 2.8053057251052973
0.009979162930226897 0.4811983903961929 3.3440338892823136 2.71124646963613
0.0012618882603451192 0.3907037990714761 3.41439393778284 2.4698128067351437
-0.00448068810728699 0.3967353766843429 3.4188823622596223 1.18142616527724
0.0013906768975062806 0.2343882325914497 3.051405446122156 1.3036708202205647
0.0022628505401281994 0.2830326942232056 2.9218211879719456 1.1941081885896245
-0.0017017004293204407 0.5095040845740786 3.3295326162010803 1.358576911656763
0.0007683623708964566 0.5527891668203698 3.033706758612329 1.7577102649738818
0.004929290110021039 0.006743813808305188 3.1465796243531865 1.1500297729363016
-0.005168147819043879 0.1842523722183425 3.3235747967109663 2.517640111296681
-0.005114608220666196 0.41636349044811427 3.2955356589558082 2.5011498990205236
-0.002617237796909819 0.21798764048782993 2.928018926720381 2.650372849292387
0.0004835647645189201 0.4708797612115661 2.901200928701321 1.5564116018783172
0.00732057839891345 0.44694022289683333 3.1817476250508503 1.3291760543252629
-0.0008502163674665737 0.3986512966898898 3.223904975140105 1.471236537169903
0.00849922983380797 0.08942276872309715 3.4414378796158513 2.2810879454341673
-0.00910189687888883 0.10443416684292162 3.039178398801657 2.1366170404387965
-0.0004530802471526055 0.37484258032561746 3.2287255620130746 1.5106622806323093
0.002942897088801482 0.04956768336975936 3.3405101216783075 2.034475159254959
-0.001942189097523822 0.021295662912332293 3.454181343773719 2.332379790594068
-0.005152845591561048 0.4238156426927993 3.27629238708597 2.3530575827242863
0.00044708706043898204 0.36930873118472396 2.978393241653165 2.5418732187472433
-0.007122883007553973 0.54893087016909 3.112541868577423 1.5007635158100672
-0.003330122423380886 0.6922736118512982 3.388886291494153 2.8618801625629535
-0.008020465396148906 0.19286007592706195 2.947290102242562 2.194323316405163
0.006443542268552218 0.5822125855470637 3.3793785218860473 2.4923799309513184
-0.007962569428687285 0.4149839988533395 3.268110215863398 2.188151665259874
0.006045868797159165 0.469879899699008 3.4342262971139417 2.4605929128486816
-0.002084407785200401 0.28792443413477214 3.109990408294604 1.282239518660548
0.009754817594652507 0.575656054977999 3.030029552652367 1.1590260975235729
-0.009933867249909202 0.14217774297303465 3.2174146690752736 2.2490358028207176
-0.003423632138747951 0.25113341165659253 3.1611906462824355 1.0688054054300917
0.002490647920625252 0.3246638093339357 3.042237862449344 1.3069865713136362
-0.003923197899085408 0.22110328261656428 3.1369704025958525 1.028795779473142
-0.006437868577106604 0.44470324041576714 2.908282586771844 1.878454439736742
-0.0068844752026998995 0.12330418668200843 3.2990810462741433 1.9982028219966987
-0.004957639672061647 0.514961165958079 2.9220336109930534 1.5254763476467876
-0.003752869463596058 0.18729923008374855 2.9762103807326064 1.181007647041679
-0.009468638810098962 0.022963339958761556 3.088788639198902 1.68546887511648
0.0072442539979897585 0.2606103815484453 3.02777885082665 2.5185555884513517
0.0007629092238632825 0.614415636980164 3.4332663982591356 2.589422408291657
-0.009050562396254014 0.04125541484633827 3.110545500984338 2.938510067914569
-0.00701630443593071 0.3369699755107213 3.411405843767594 2.457319938450572
-0.004224824666138554 0.21076725510596625 2.9108595279441047 2.300857959988429
-0.008630723941451415 0.1182609189605004 3.3016634514037575 2.0377429691446736
0.0026129936004404327 0.6382600477062192 3.0611172721717588 1.0949750013599742
-0.0015669912551912264 0.1681476367308017 3.3686174319096307 1.4136350265531776
0.008854657401374326 0.6794839593055909 3.076215544966607 2.9987276572150012
0.006264008720826649 0.4980013297385917 3.4211002674370232 1.639505143764036
0.0015367974574519543 0.04511511691707831 3.046764666122421 1.4560311649512094
0.0054521794816607145 0.03424924293181175 3.0142925801300895 2.845100651872076
-0.002551531206642036 0.2848317119534031 3.1317936758473106 2.1086742981457305
-0.0019479133255933898 0.2200191679140559 3.44984030798909 2.627862416597691
-0.008005006998512545 0.48009820196640784 3.314312881156451 1.930656655866799
0.008641902920570346 0.4805308777464394 3.3927086075329598 1.9193013345960135
-0.006686718726786339 0.11081424027564843 3.4740030959301484 2.341030289544671
0.008879802973612365 0.4744273991390443 3.2967415836520377 1.067207441623308
-0.00814305232063955 0.3636158676861888 3.206838294849508 2.5839389064974783
0.008591537788057949 0.5807846668089964 3.2108833172425686 2.6318442777635314
-0.002027875168534716 0.6127823898124346 3.0840255814744744 1.7696014156794375
-0.00845769750503297 0.2572750341778691 3.312407659512 2.3893022863941846
-0.0030265113236036703 0.4766867227844054 2.9698329490812174 1.1074270047462493
1.7451261820055144e-05 0.2403604926901553 3.0125500020382683 1.7453982748115928
0.001452984864398976 0.3114284226877383 3.1056971908867093 1.239059167753048
-0.009878734250660045 0.5886180852292222 3.175252155279974 1.169246535911544
0.002029476006911898 0.32791293512625214 3.0852420829423988 2.100252612594159
-0.0006042724160491694 0.3204778670317742 3.467805750413735 1.8359097264332471
0.007502492332383362 0.16150434218201476 3.1652072939465294 2.6120641309166754
0.003108748011017475 0.3589726921860644 3.265181431795232 1.8109923245174995
-0.0038484823730429267 0.06893204744267784 3.0810834702148004 2.6131225644052756
-0.004395047592165623 0.5962835034201415 3.195231065341823 1.5164833888220557
-0.0059964466721474045 0.1971414377709024 3.0641908462986835 2.586104825212533
0.003131529842804179 0.5022598158817202 3.2911491998756595 1.2511246836943066
0.00611810417898926 0.6160448031474768 3.3386046898955537 2.269987635803923
0.009398822269745167 0.14368191531402164 2.9214841816995163 2.0925598896467825
0.002420401699230878 0.030063653467424123 3.3305663801236016 1.5195217055173043
-0.004026615053576962 0.12262594465262969 3.4108919080441638 2.258089777142843
-0.0019463591924857408 0.3066311628941509 3.106692862737215 1.5548029120271425
0.0006139538248174348 0.25508403206393865 3.451439738788146 1.6260748111160017
0.004592977309115766 0.36784742276171717 3.449692209010987 2.196884264363604
0.007858031473749996 0.42531013694098635 2.927961934416003 2.36091725912247
-0.00018190317705757582 0.33639821345894233 3.4679533179367583 1.665858220568057
-0.002779622505737012 0.10247554445823331 3.4401955591191533 2.016533643480891
0.005063042761473303 0.0032557130757037145 3.277433579863167 2.2146601248077147
-0.0005431621081737163 0.2642566309660177 3.4817948286896123 2.799255734304275
0.0043719621842998905 0.10198916457772209 3.1928252938195154 1.555990567343173
0.004965627264497007 0.42067597948137503 2.9400184294999243 1.477332517249095
-0.008753986334954486 0.1540312495816727 2.9628497362901474 2.1466025459419154
0.0025513399300216306 0.26133703474653114 3.475470935148836 2.8629983765799505
-0.007994828295485994 0.19530351671866047 2.987427593802697 2.790992036083666
-0.009034442981825146 0.13355973926406878 3.108411812218973 1.0473936424936832
-0.007850364930521941 0.638308324718007 3.467601156655434 2.280591292476128
0.0011185720924773842 0.010627452876634302 2.912847646363705 1.126299426287857
-0.007508458952478744 0.13107828791478282 3.2938982044533636 2.209510129872847
-0.001492135267190514 0.24721158097718776 2.8897644319248306 2.584096661677705
-0.003649548569967247 0.6511855319852708 3.481653296289416 1.095003977860907
-0.004314517683487755 0.08803084933642402 3.1995557552503517 1.9659993505701279
-0.00872183030109121 0.5378571929572278 3.3939297513006093 2.6731211232576233
-0.002242790437010568 0.405530244189755 3.0326258500223804 1.4136867815423673
-0.0035305099500213665 0.06581754216268994 3.137591361448859 2.0237843891921425
-0.0014446896057350288 0.5620828239131936 3.251262956095018 2.2353645803295144
0.0024973072202594555 0.19428419246747 3.4356491016267996 1.6169383625293348
-0.007323919167250367 0.5606494832555983 3.1382462450761186 2.316712423735007
-0.0007227212755039451 0.5793136357752418 2.9505313121333097 1.202052587895114
-0.0045649958577616105 0.20481686633576401 3.0834942486309163 1.6110736609685756
0.00048340376103964827 0.1724791825954096 3.097856109963119 2.8768213225861095
-0.005322880963488052 0.41676705187707735 2.9547154749796634 1.2150782746704438
0.0067038571606576 0.4365740081365089 3.14745567989374 1.0972804050789806
0.0034354482466957166 0.5565446246244301 3.337685067019511 1.120591714910287
0.007488695267475598 0.058212876889755516 3.093065658967061 2.517510154337926
-0.0007270460134036387 0.4430235025922937 3.414645198103647 1.7871241116311136
0.00951798246729085 0.09454870290796129 3.291447676386165 2.538084030205894
-0.005047602992113157 0.3889204204898063 3.0025560049521567 2.902978472154143
-0.006752466114982888 0.19364544722773105 2.982609157223196 2.3382280318227116
-0.004184500232172016 0.05708605832002567 3.1580730709591376 1.402898594863935
-0.0025737947593379353 0.04124353894948774 3.2936331815423063 1.489079333342248
-0.006088227522507756 0.18690453147456426 3.0260522121086013 2.3408146972914494
0.0030743810450472916 0.008889273983794299 3.420607621729223 2.262844027465521
-0.0013518301435585566 0.07507714565670165 3.070865473762467 1.253254382738292
-0.009250266799981097 0.23994198468111783 2.8888063222605886 2.4555981108281997
0.009871325949098536 0.24793913131875994 2.8946674469124267 2.4225029970338077
-0.009075318863605266 0.5391774604291352 3.293880546263851 1.2696291943183509
0.008632264496859433 0.3167911831433358 3.3481819203831127 1.4623963261997937
-0.0043866889488708444 0.09303682303328614 3.437322826487351 2.246480403998107
0.00951915997210529 0.09407121598643298 3.288845275111092 2.541870042476213
0.00019442032085595189 0.615038716957382 2.889294862398564 1.212726065566493
0.0003780305990703256 0.38923456393622585 3.3997042846902206 2.396817389574258
0.0018482243101899313 0.3993123442819282 3.0448246496716123 2.868261622548169
0.0060673108533936745 0.469593426466872 3.4352030050054436 2.4630095999206167
-0.008841145757528151 0.12152291566448847 3.0277381484307324 2.140676124661218
-0.0004406828928162701 0.35601441076108253 3.4145488160616706 1.5531987628183699
-0.009788551956391988 0.683491545135887 3.372301217166444 1.0488308812943825
-0.006817032086340002 0.31154486949128757 3.014539632355677 2.2462565309180826
-0.0011288768343436007 0.11937851668706262 3.375648477580941 1.7458964195040532
-0.005691582793274212 0.5562786540941282 3.304787091691787 1.4348509924118775
-0.009954610994985172 0.2381192062817759 3.3156250511511196 2.571210791510468
-8.511706221752367e-05 0.027384330221606856 2.9078377802699866 1.0074054854628485
0.004891750499220643 0.4663833385709445 3.1978843805293296 1.4388867884582568
0.0059046786968166756 0.5362859795430525 3.2401894017273603 2.349194610682181
0.0019387594560014623 0.419821659846334 3.4437613037663226 2.044484913989984
-0.007923814257616377 0.21712186147118204 3.2394793117668503 2.0662211303982265
-0.0008763838327436372 0.6922374752899891 2.9395094405271953 2.1823457511258018
-0.008406344157947802 0.19536208385668247 3.381519583430911 2.347985917289864
0.008060791789152632 0.24822413762047385 3.168149559814008 2.9657635874040453
-0.0038836583521343867 0.6241436177998515 3.4851834628716802 1.0796529989560213
0.004276755006314095 0.48997175057478254 3.193693201298148 1.3204685233515665
-0.009559419919230327 0.671811593157337 3.4744694956010647 2.310297288345943
-0.005461186492058863 0.44008258838413583 3.470460255016812 1.3376337370916511
-0.0005632364436078275 0.3482510403164136 3.359960131937006 2.4269785430882678
-0.00880357254189943 0.0639637031965794 3.2399556675136156 2.7588929453421134
-0.006137642566531831 0.24729613412060847 3.4747324684095213 2.672448858811465
0.0031126168740477373 0.0962963178470998 3.3732192629930697 2.0274704331259072
-0.007636130264453539 0.20610246327609438 3.3355666723916104 2.2359618638487873
-0.0036106533003955263 0.35522194466841095 2.9665010471192823 2.0172725500964543
-0.009694413703746433 0.17481229482052885 3.2335164275308763 2.202151608848392
-0.0035322793027705154 0.29216411951941396 3.364742199489212 1.4425302230083172
0.004194187831995197 0.3125630167756198 3.416737421878665 1.0778917036208582
0.0007166305396535131 0.5464248670939188 2.8906594641152394 2.8131484668079745
-0.004409532577116757 0.1804568441593946 3.0078543873339134 1.5650088362587147
0.00044708706043898204 0.36930873118472396 2.978393241653165 2.5418732187472433
0.008535963300636515 0.5826120712249765 3.213067403735562 2.644279788095247
0.005179830809994629 0.5143257803286523 3.2757333787350915 1.6516044478854917
0.00446017008069869 0.4675747576335985 2.9110952113302524 1.3466547223059306
0.002946806749077356 0.37050568074018314 3.2418853052971133 1.726618567342752
-0.006592971969352065 0.3972187194943713 2.938126899844232 2.5378724250273645
-0.006990330722438482 0.583798395522449 3.3154315017994116 1.3385874961632813
0.0005316028061309176 0.2849158929905594 3.0446606979830526 1.3424862482543056
0.002352150859957389 0.061596807994588706 3.1438052000414545 2.400908162270444
-0.005963598166907758 0.2138912154262987 3.422962690534556 1.2567431613140894
-0.00037336251637300633 0.2979360013253473 3.068191036043188 1.2939809849999053
-0.007015189080441027 0.06184167057160379 3.465804383592736 1.5663851802726583
-0.004303606964028333 0.4087688117282593 3.2747246107861496 2.623599838810318
-0.004323579073783605 0.09195219364631849 3.3430982409482497 2.47202314471101
0.009314339095534824 0.1293580913738783 2.959266172072491 2.175902361436485
0.0043593199714061295 0.16629993561043982 3.427891667774806 1.9448366650391227
-0.007385333802472862 0.546361280840413 3.283385910765525 1.3596680719180374
-0.006018159223352193 0.6160454010691498 3.458265058580269 2.544117532467791
-0.00013106053316893924 0.2897107242403516 3.0182848096917425 2.6788185655374
0.00020958798687989357 0.21151556156764645 3.3160500051023463 2.316114099282924
-0.0018234874366844381 0.6302023428149469 3.1391643034584886 1.785972389630865
0.003019147488273628 0.35559689156713914 3.0954198946955174 1.8218801774020665
0.006824808414560062 0.40374636279830123 3.002340992945587 2.2644008281600074
-0.006053321865411045 0.5127456932173737 3.467574372676645 2.5207374323475538
0.0027791697080635043 0.2992106045279233 2.9422289476541876 2.0169024745595014
0.0030680167020060373 0.29322976802707285 3.139829747214825 2.2233904061226832
0.0016770640512088703 0.3537483397849546 3.226840450723674 1.754304493275113
-0.008294100764301872 0.5330490265331699 3.3920772761337172 1.2590102459657428
0.008867592420167193 0.5017699556210156 3.2623826677241072 2.437198006086936
-0.00458674521199175 0.06320042457163766 3.346468186499352 1.8310358357073138
0.009484968509458989 0.593131306642834 3.0305843518003535 2.835694953198073
-0.007492768829602602 0.5329921822290168 3.290581992381137 1.3506380225421293
0.0054304369865661286 0.19410135137801557 2.9148159370360447 2.3852023072558675
-0.00912763855315158 0.06668499817264961 3.033077263103647 2.117673283005287
-0.008629584081930335 0.045082389701858294 3.1247265376980646 2.987252884397706
-0.004702613386546906 0.32905945587029856 3.0435663215900868 2.373936965879791
-0.005193978613710133 0.43041945222548916 2.952778923652125 1.415787016997098
0.0054109702824382926 0.6434756435218597 3.4196087766333925 2.664601167702245
-0.0015894455591175752 0.5399589953193245 3.357715525084146 1.8797042315454424
0.006359783452457725 0.4063087289906968 3.4183945993746607 2.0314873130537405
-0.008890556104933561 0.18172653740419786 3.1737879403787637 2.5015788572144046
0.004262475769839314 0.23633026285170916 2.9684278052723503 1.9413587279870346
-0.00835291896987189 0.3978034805488556 3.4658949865970095 2.2559084171949615
-0.0008085534342335641 0.6236580971104716 2.903521139867084 1.0673384380844597
0.002758143473960563 0.45656257506435916 2.93204704602487 2.738478943125864
-0.0005355909330575148 0.06000351143565874 3.0400862907868005 2.8008957292600147
-0.0034964350969262357 0.45257185723017784 3.3175191196954326 1.0446208286210394
-0.00952938143707239 0.6143053585950057 3.2783851214991055 1.0529015119140936
-0.009831296657921141 0.6268257832394282 3.196148201995835 2.2008874641200094
-0.00039927770169471705 0.3121583817099411 2.8916916925690486 2.8022751915463355
0.005112992654891944 0.5657692217169097 3.2282832604113603 2.482282968632941
-0.0035818201429154923 0.06712517892983311 3.080979143940637 2.589825316193707
-0.0005100683300375934 0.03751955484917924 2.987416471568208 1.148821612131376
-0.003279261321858313 0.1323708058771783 2.9119653967949577 2.183568132651097
-0.0006042724160491694 0.3204778670317742 3.467805750413735 1.8359097264332471
0.008573828167504719 0.07182355802652546 3.2625253608055704 2.603865029269274
0.00303429279500899 0.09698342211571784 3.375892030722526 1.6174000425360562
0.004092917357837024 0.06145391755802915 3.465170898265621 1.7089119703308988
-0.007570732431666006 0.1716418593825822 3.483231126852465 1.7801131883200423
-0.008915198389727774 0.0694170419450329 3.116003808381903 2.3234212580179325
-0.0003581968663074137 0.12011513771013838 3.118710006750333 1.4891955575099822
-0.0037261865941427205 0.1921853582108385 3.098483830991789 1.6562310732573333
-0.00826317980658936 0.21978221780863663 3.0327003383028646 2.4533693867554396
-0.0041529989735408016 0.43224160476835366 2.970076337049669 1.1306920680419015
-0.006835298764824055 0.07543877586502568 2.9269709270106308 1.699209961029986
-0.009824177853520069 0.07943611546754736 3.4623103707689253 2.489044228140885
0.0030406394087614677 0.5739059430696236 3.043817118525604 1.3372771878239158
0.003142087662191737 0.3297349753647706 3.4366633650339815 1.6799467294150876
0.0028996853884918437 0.21649248547496375 2.979926545885511 2.5213757372484213
0.006796293772989992 0.5990803979878113 3.4252165106656127 2.458869783649939
0.009970505412063898 0.5011153470371384 3.235954971439144 2.2889309213778146
-0.00732451533237943 0.43006830708196053 3.475763400645718 2.031277083528906
-0.00801075351320513 0.28825008318088885 3.16589063081389 1.0620637188358393
-0.009009183798946928 0.658747890717531 3.3901847934079754 2.885753070352293
0.0024420864725507255 0.12045789146680108 3.2438632675991905 2.8993779349557167
0.0008461176202324925 0.07991087747649378 3.113963888375091 1.4025880367394428
-0.007600480402914285 0.39828090946844147 2.9291351065636104 2.2853276857468847
0.003543683491652334 0.14679006674837305 3.2232936977007913 1.6880128834449222
-0.000806532666204081 0.6447774006779832 3.0465376096076966 1.130329775199195
-0.009895393298585282 0.07505067395360338 3.1120308754683497 2.29342873863589
0.007722538809530774 0.08915855169190062 3.254927745230703 2.5931240829213444
-0.007767136202036567 0.41951345614925983 3.4053592313479855 2.0319410749536755
0.001555475682647977 0.4224602244307264 3.2335542308439016 2.7473366356300164
0.002758143473960563 0.45656257506435916 2.93204704602487 2.738478943125864
0.0020187663914858194 0.2361730683509849 2.932011201197267 2.475169760433306
-0.009719125659307668 0.0228138373105424 3.1139194384939115 2.9578750316026543
0.009787384354354858 0.3059786012103787 2.9541443446776583 2.3305044942310587
0.0009147397931902313 0.5696902523539082 3.0056076054389727 1.67288966190689
0.008528940970051975 0.09440009854810956 3.368511674316824 2.061210250648737
0.0035761043199174954 0.650206016715718 3.061604234057597 1.1699281524175658
0.009304553337573981 0.12258823183772222 3.0554855329163564 2.975112650524709
0.00512415988492833 0.42171155447430353 2.9459519333476845 1.472524996671158
-0.007671178445128415 0.12355180823490954 3.2899707450984366 1.0252851342204914
-0.00715665376722254 0.25214562775213156 2.975422693689531 2.7601992369499433
0.009243031922561205 0.2235531990476663 3.465015073842366 2.282998540326491
0.006199239004105407 0.31876673853588167 3.053842871854966 1.231573428623634
-0.00854413259720313 0.05768376232728925 3.1572933790285207 1.5243254514024227
-0.006721099414585925 0.5559412178513519 3.1109680423727606 1.1631533629926838
-0.003376789146913285 0.3894600726686609 3.05782095771636 1.3254692194667528
-0.004839475073141804 0.3224957771893558 2.9651258816045534 2.204302842737763
-0.0014328571560292267 0.1276565183490082 3.4033798200655156 2.028201295094489
0.0067309892521418896 0.44930607905553116 3.3586113464442047 2.625949512979852
0.0009286889880026541 0.1590145438921297 2.921087676365612 1.3988706769616852
0.006184569638629277 0.48538865927245123 3.1087175426646922 1.329720142496959
0.00985184180814907 0.46178042574150574 3.1581507329155296 2.791060279465766
-0.0005171154652032625 0.17363124623736448 3.3089965533425647 1.851468060828113
0.0057850283251286725 0.40363889280112475 3.323241893176626 1.484028499645762
-0.004637808590610599 0.4149541815005965 3.2890111642426456 2.5451548185938697
0.0043961440628400225 0.21286732746654874 3.263425187066149 2.194478607252162
-0.0011675690513265086 0.553791536658002 3.0529747240889913 1.7061343941749603
-0.00023621088974194564 0.6293664331969967 2.8901772286347738 1.2098341662818939
-0.003169360369492615 0.12347405523979774 3.0549017205461753 2.308211271811614
-0.002099053684537713 0.6227163322517706 3.151739121611721 1.8425752817001162
-0.00845501671558141 0.0900061401603496 3.3041704911215466 1.068215476275957
-0.0012684681604694962 0.09433651447900215 3.438725457803655 2.0244877412331257
-0.003759194300508948 0.6365549852437056 3.069270428259739 1.6325702993477078
0.009094143320252083 0.013436627621690789 3.0846937660279434 2.012899602257486
-0.004206149910500374 0.2173090703949544 3.4228922397850714 1.648380586124619
0.00795332612468927 0.32841588092281077 3.3481187531605587 1.4891025758574798
-0.00480433247131884 0.6849532959572766 3.4301664541865113 1.0598605779660824
0.009720904478958386 0.2944928604415515 3.441587246137844 2.793696294485164
0.0011083088101635896 0.13009138090542038 3.448233560278502 2.0601262411645673
0.003340041339497563 0.6688564128730068 3.0681476436955184 1.1183271789863962
-0.0010999150772081443 0.6510325646642967 2.979830524166574 2.1728388724200522
0.00849922983380797 0.08942276872309715 3.4414378796158513 2.2810879454341673
0.004984602087003954 0.4975531464946174 2.9237412324414844 2.9956214266115695
-0.008796843299621033 0.12844348763053898 3.0333525722754158 2.138856929213982
-0.00044811660544941383 0.19605595122391226 2.923233701010236 1.208952846636448
0.008980294668117637 0.6530873728987913 2.9674353497276105 2.739705624688053
-0.003547055755628023 0.20847893519401256 3.433713388760619 1.5126310257085565
-0.003632965460698522 0.13553037110770422 3.34001434974392 2.4318169034383517
-0.008346506968451002 0.5210236134823121 3.4177821782114934 1.7959233135070027
-0.0020817897010746017 0.13043530093570677 3.1965013146940824 2.8020615191552087
-0.004354393497323724 0.38871832399239187 2.9884760982220078 1.011050301173962
-0.005365726362180377 0.243134786446391 3.438482736155427 2.6959723047808732
0.0033592436758963498 0.28816241183957014 2.930755496172852 1.956132705556528
0.0009833057624652852 0.5650139599128939 3.0381037544945055 1.7253202829512018
0.007255401542570591 0.45714710310006795 3.3317937185658306 2.0281467754164373
0.0015738595072266864 0.4191332328495258 3.2374099927554836 2.7512480452539037
-0.005276445830556857 0.09497790681629646 2.976663790052497 2.1765370891127898
0.0008643765601919146 0.2820597791890793 3.108941002911383 1.9666043636400636
-0.005567054869895887 0.08993776232256191 3.035298225363896 2.9358035273326752
0.004844995929694644 0.04355060872501375 3.3146572353882346 2.206009203181502
-0.004564248682772151 0.39422649075591093 3.004208864104296 2.915483911026283
0.0034193547911154105 0.3645307138548711 3.4671281974183845 2.77938716622629
-0.0009764760356587832 0.163750366530705 3.1253083910918678 2.0977060179972034
-0.009891194247553628 0.525022683802177 3.3342916826502993 1.2849020505231994
0.0076254159607814405 0.26899480147740895 3.4042462679941368 2.140846782695696
0.00994630116484695 0.20156533039802316 3.4767886418120177 2.321012485123196
-0.009266771977243524 0.6789896241902199 3.4711264131880437 2.3482775465176644
-0.0015190274839244197 0.24165823388477983 2.9162073257733216 2.551215637674891
-0.0008219537845205408 0.6438190519009119 3.415994045167226 1.7529874969385175
0.009843764515827686 0.26659270707354676 3.341723249557804 2.6322467605934188
-0.004609612481781573 0.649371250352622 3.4705224605774045 2.068776691969791
-0.009601659362022823 0.01422226358833556 2.94508327670755 2.1386788247080624
-0.004312439616520468 0.43327063526646753 2.9122784521124863 2.1662459031554264
0.00892809585827579 0.5200449355370198 3.256297527941738 2.6371712132017016
0.008195525361847623 0.13269837573363136 2.9870823437811205 2.1103682785245774
-0.006142832100836116 0.021194541871399908 3.2238214101971883 2.039415045422885
-0.0007319154332234615 0.025399097315333907 3.1585721314312107 2.3411115314463418
-0.008056069033225583 0.35947583848450504 3.3328346403043785 2.4184895518720513
-0.0022980805673339924 0.6003258585390077 3.4668894437795514 1.2236949646221023
-0.002858128816380449 0.5158454227227522 3.1074495380198472 1.647225359042482
0.009224893439440208 0.25837805068834097 3.398880656692554 2.9932314326840332
-0.002712911760621512 0.5083480138708418 3.3919806463904463 1.2648729634245965
-0.007838523216586492 0.11524750793519717 3.1111231482451323 2.6801234991453375
0.009638420489731623 0.5286722040905647 2.9473081127819185 1.0667858136125805
-0.007701185862425552 0.0920098165067158 3.106115410654012 2.9742610607841016
0.005888865175127646 0.5312409689356602 3.235131922832756 2.47976181756711
0.001924580848982455 0.09342462606194776 3.3672593049727273 1.7552967130709347
0.0043961440628400225 0.21286732746654874 3.263425187066149 2.194478607252162
-0.004059290992492717 0.4134260802741344 3.2768914904540734 2.6271921437476364
-0.00035688641202544225 0.5611445361920426 3.3448396129660303 1.0030381438808116
-0.0021046172131933497 0.0068236844524939555 3.3258310730228784 1.791843029228199
-0.004250741440693578 0.4072672263017814 2.97643672285233 2.1007052865917784
-6.217881459734398e-05 0.027533669366207738 2.903714695391086 1.0343575073473055
-0.008254476439409542 0.5170330813924595 3.3370390525699647 1.4521140385804137
-0.00977742857758778 0.638859561301037 3.210708746831209 1.0242911711872478
0.0021589586991981723 0.19980933971073753 3.305167625575633 1.8488889211041573
0.006788489289374561 0.29969666405558165 3.223887053281685 1.669203710070617
0.008632264496859433 0.3167911831433358 3.3481819203831127 1.4623963261997937
-0.009937404676537493 0.39718034994898443 3.4531276543076648 1.8188610452122633
-0.007930181346033186 0.608803648167495 3.256404196896797 1.1174408335306052
-0.008851538927267796 0.14782742168912386 3.3700998374343207 2.139894619340044
-0.007354308891967405 0.26944043966524633 3.3318427765979175 2.534220442296222
-0.003477268296053381 0.6166793681945424 3.267821350313844 2.1641898971214766
-0.0066849193821663525 0.15180347307473985 3.3069605856708857 2.0160552828970397
0.004193978480325448 0.01803154351739067 3.32040682344138 2.142348937076998
0.007996486122507364 0.3850266072905908 3.406848177466959 2.0535931603944655
-0.0019336874412809756 0.45653836635735007 3.008464182821619 1.1680842572110617
0.003507635103871141 0.23584917851106738 3.476334986219257 2.7564331716134745
0.00604218115058396 0.6604076179955963 2.951971895366963 1.1366275756782622
0.008149582892793189 0.21626651421154686 3.0993290897493475 2.205721923571339
0.006894518667887816 0.5845493180487285 3.1064735109656025 2.523108181234509
-0.007694385885590286 0.5685407119523216 3.272540764831906 1.3049446054689233
-0.005410605391550566 0.3538124820443663 3.462922581074144 2.550320235595259
-0.009891590523326714 0.1835312828446118 3.0194084433730315 1.662527034978602
-0.009722835159815592 0.6952647378630086 3.438054858154058 2.8786119063310185
0.00914694890609805 0.16115817668433524 3.333836050899406 2.41875841318786
-0.0013303939678094272 0.2806888974051025 3.027507636267078 1.3408223425854608
-0.008395277726426014 0.14737746775251337 3.464819437784709 1.689215793171929
0.0028994566623718053 0.4745638929260782 3.186487707951241 1.2865576400150993
-0.00840826748329901 0.6512745822844648 3.2832257832499767 1.142528583871702
0.0054640094470304965 0.4625237340216499 2.9340099791668908 2.0084675614451752
0.007519128805914409 0.0600624402944534 2.912783658603229 2.263288817132966
-0.0017427512229749717 0.5669182019945589 3.434119226196631 1.1720143298605716
-0.009170925205437169 0.18441512808216154 3.3657068274485114 2.036587650761927
-0.0024202746984782163 0.17489871335493382 3.381453015973237 1.4075280008973157
-0.008172126400280002 0.6375450883988527 3.3247690867760316 2.025952582527742
0.0011483139636443813 0.1374832766110462 3.115651271756249 1.6717385988446152
0.0024512815014506094 0.2946974400235824 2.942482413986179 2.0076525675947896
-0.009867174575055197 0.1841687441711367 3.016717494307901 1.6532382956822078
0.006980062263086631 0.37476342465104145 3.3358124067969657 1.3137155779553853
0.00881333490238382 0.09719177892000452 3.110956594318042 2.40621360137962
0.002012577069041371 0.2192826995040416 2.993512751612768 2.549054417681924
-0.0030360398961917397 0.20171584559840738 3.154757515542177 1.4209228024464056
0.003908219729871403 0.3361715019407714 3.114402169884923 1.0642921376425272
0.008849695140351098 0.18141479632372437 3.1049216587806265 2.1639217215712603
-0.0010451457862823152 0.23440858686738392 2.956999212159763 2.449872767125388
0.001780539039533907 0.017724765083632466 3.014470217098085 1.0130574558589136
-0.004622798605070336 0.08449047918392491 3.450143734552203 1.8327378043709652
0.0006074071316627665 0.07455957283760392 2.9098192519702923 1.1678897236101293
0.00734936699098603 0.13414479345914043 3.20592556402508 2.6936699226019765
0.0061998339646600256 0.6136724810551291 3.3424693366638314 2.2842492820171825
-0.002594306262040042 0.001640040241391881 3.1189178612051984 2.4952742438597637
0.009396592505322229 0.02095282103921816 3.235145278201725 2.5244470127901155
0.008837202591176046 0.09160666811397983 2.983652839439332 2.183919742931103
0.0070626013093832395 0.3767781061575616 3.3463185345279425 2.2174845706320294
-0.009887391818940437 0.5461560200669764 3.4125757719879877 1.171317124333764
-0.00610193573671233 0.4955216479853568 3.480312007723962 2.546338429386908
-0.008267042773422256 0.3731906005887555 3.2136915519567437 2.55025567062781
0.007254977700441383 0.6577886759869234 3.431656097586202 2.885889610972794
-0.005437616547039857 0.027822935488779177 3.292392363375788 1.7924541352511072
0.009036819184937072 0.23734191153906187 3.4759120988090677 2.4672599243029034
0.001808931460803559 0.6306201840756895 3.336403045358533 2.68464012990791
-0.0003594889461249976 0.6307910636653604 2.925809353084222 1.0682076554959392
-0.003963695341857297 0.48411819841339365 3.1421318328905965 1.8726677244884415
-0.003084751729617521 0.6031237929715898 3.0541140853534974 1.714040952940549
0.0027806680696205836 0.33328766479717187 2.962137303242727 1.3284444084294744
0.009897414572800422 0.031918558793387564 2.9529249831643503 2.51502506509976
0.004810404953661769 0.6609414357475838 3.103571505742682 1.6851481420726988
-0.004564248682772151 0.39422649075591093 3.004208864104296 2.915483911026283
0.009662566751980874 0.6187645656316743 3.0253483901214535 2.7676773785957733
0.0017430878408487595 0.5180380982286469 3.0544864966493877 1.6877597469989298
-0.009003479522665739 0.09175982599440083 3.2947869881198577 1.8369664418496034
-0.005725657808025373 0.05752700874524863 2.961798807647347 1.806514145743561
-0.005061548741985429 0.005034756850422595 3.229918569905711 1.1252263461237786
0.002407053844762157 0.6956096755787795 3.0837125886351737 1.0700865579022256
-0.003098098572064922 0.41183848040618054 3.414367102758395 1.3458322177653999
0.0074110359891429115 0.3820494041334005 3.0715827838181875 2.3310651288789948
-0.007497913825662495 0.09366011927486906 3.082511237417094 2.9319592828342502
0.0017588345748719243 0.4954988979162376 2.8874923556183147 2.728642480424025
0.005615741701043559 0.6241530741924346 3.4735707010615666 2.619599681886532
-0.006797432889721705 0.08553688288803174 3.1598144981529024 2.2466105824891534
-0.0044719440369128255 0.36901384588583624 3.1535038736311387 1.7472247378696524
0.004606532197695445 0.5126928488794354 3.237595500829284 1.3791008574647252
-0.008662022600617691 0.5183198821332387 3.3913205508324786 1.413837185003238
0.00014672300262454953 0.3588020836834095 3.3888883764739313 1.8663155041803834
0.004384232361125001 0.011744554157569642 3.045113689758355 2.915074190547253
0.007596316893771698 0.5182720295862646 3.3242178544332015 2.539199859527734
0.005130472275534341 0.012626855396893621 3.2742134280318713 2.1983215494916952
0.002972669771487167 0.35601534313259386 3.093281933871032 1.841976464693632
0.008099547745562678 0.027348788696261173 3.1114805539472172 2.1584945244937694
-0.006734548694984188 0.41575159673076817 2.962903623071336 1.7931178477073173
-0.004241847333736705 0.29664753130527755 3.0259199759810036 2.528503264003258
0.007698638414130108 0.08950877457265666 3.2453569248291156 2.4430905405942056
0.0038067028518136117 0.3456265631491855 3.462422470163344 2.8114236462900486
-0.006777275892847925 0.12012082098015232 3.297779902367356 2.0196783009374504
-0.009241151417220254 0.1336686388027098 3.298424128220865 2.0770650406846127
0.0017028594076913383 0.15634991518706443 3.422910540238908 2.6891239907434623
0.008834922640307094 0.4207759992569076 3.4115031508496116 2.9823921895687375
0.007978207037926285 0.1623786229005061 3.4328755569349307 2.297643130735806
0.006398533409442481 0.6337527252026731 3.4119279819095265 2.472372459190151
-0.0066554587011141905 0.4839710818614633 3.3113033422937925 1.7492771640722733
-0.005419298076811901 0.20180878911859568 3.3212261552030706 2.415995179203604
-0.0017063968618203189 0.11715779996521986 3.0756228951803815 1.6338358077676753
0.0038115746249982943 0.5464974368095998 3.300229074131715 1.4070917068107471
-0.00543420575447747 0.017014269748896582 3.1708759064445804 2.0278165897339897
-0.008354928226092902 0.3050810217913863 3.124042252184583 1.0590736519447386
-0.009480411295565911 0.6260402751862144 3.252091891960266 1.3017395817129103
0.006047014906084398 0.5060958318333031 3.4572050769740867 2.426363698881677
-0.008056894608183212 0.5431952035974622 3.26464030300461 2.0244471879317967
-0.0035854590632113737 0.007895820027713746 3.4821126289670348 1.8235827948503842
-0.0018332802220638496 0.09000133632684681 2.934806332245982 1.2024764147993776
-0.008103721858940056 0.10225248396847508 3.404805067645827 1.68052134334238
-0.007756349908689777 0.5522871341922775 3.1966585552105635 1.2200736633635345
-0.000919132351258926 0.4038992053266587 3.4199516911168897 1.6435025295733485
0.003563439737075156 0.5238552478932981 3.4545740232696605 2.395442745293316
0.00035327662789477526 0.6274663820626367 3.108903249408302 1.688713853186116
-0.008160406742603345 0.523798456129472 3.351100290145483 1.9593083990437372
0.009516251963500907 0.4507017044730842 3.257826865976509 2.4090254763268835
0.00034825005137698387 0.5468077925328434 3.417537902817999 2.0213226476278847
-0.003182857865389589 0.07471122800051665 3.138761779293608 2.950686773374861
0.007436302786699597 0.40890736469221545 2.9396633441840687 2.44715115748542
-0.0061305949855288405 0.5013123860820985 3.2740065640169487 1.0976501476120257
0.008080957339204036 0.5050797956361976 3.3354649782345644 1.3017998619840898
0.008997003563737109 0.18315018297771715 3.0752101609613294 2.113804281513074
-0.007141578396756113 0.3803555527668274 2.914692937837249 1.3478364976286752
-0.002343590658722458 0.5150039438088247 3.3915558182269723 2.988745445344574
-0.006290203914005064 0.2626261791063517 3.46927993018575 1.7254270179127313
0.006990292739291984 0.09272511362451982 3.1073665867103966 1.8108955858040385
-0.004372380665795686 0.2867369857670584 3.0783716303802837 2.618859307988737
-0.007495333487516137 0.10578863972526925 3.4742949135263785 1.7162473742111313
0.0023665704022683655 0.2287776137882533 2.9708207385097833 2.523503443301103
0.009939351512446296 0.040032138713393284 3.2647455387234032 2.4617569334889704
0.0025137548301215965 0.31469157713825613 2.9080371314633564 2.8000559509546257
-0.0029266282171772143 0.5992700512176774 3.4827247352008994 1.2085315670821424
0.006296128128302632 0.5021839151938134 3.4226112076894135 1.6439528090400333
-0.001222151023615648 0.6398777803371365 3.40330742687445 1.7410177842609367
-0.006430070097104342 0.3321558727323344 3.4667095780056583 1.0096228516287122
0.00011157747716046334 0.6828684132883226 3.4018702840357937 1.7275773098055018
-0.004406703872862636 0.4089902534560504 3.2888967602596093 2.550150220613201
0.005870992354203358 0.4473809861749495 3.2029380684747775 1.3567849268105623
-0.00377307991174279 0.2664404653976389 3.1829818440466875 1.06021586015305
-0.008829851115721352 0.6532939160995486 3.243835975566956 1.1140838325837257
0.0005685401243132509 0.3737226727138389 3.2402524553084113 1.7344420539763847
-0.004490510871360973 0.40930842594145755 3.2944299921662044 2.561931691942384
-0.003914665705724844 0.22957264299192315 2.9737410560060438 1.5276584260837955
-0.007692684821535702 0.41804956237454216 3.403760270976402 2.0325963302086194
0.0054521794816607145 0.03424924293181175 3.0142925801300895 2.845100651872076
0.005395395727853147 0.47956736494520336 3.1476585384408677 1.3160510547823836
-0.007936426778989656 0.10002601851874071 3.393283381759273 1.7074003937461253
0.002972102046454767 0.4115592468055779 3.4273601724145153 2.34917871750316
-0.007250682676751781 0.12510526248121012 3.162099910706965 2.1318738264097226
-0.0016067184782538393 0.40571737231743976 3.248551506599849 1.569862700354203
-0.0012263832310245738 0.41507402761315615 3.13416817385816 1.3988532246784149
-0.003649548569967247 0.6511855319852708 3.481653296289416 1.095003977860907
-0.0012616817127789892 0.47887901054484916 3.383489186295222 2.9709118326521944
0.005574947460432496 0.32928220286665677 3.0558202375303445 1.2391134298195885
-0.009225415936703792 0.2432625808532094 2.892692408461679 2.4601602169981986
0.0010646897915593178 0.30535372104288483 2.9755947039684334 1.311176491250514
0.005488109916368755 0.07082867103817275 2.986489244949279 1.314698753523217
-0.0007119418568579928 0.27067932890123764 3.240277582076248 1.0202904319810757
0.009597226975162479 0.3207141273318892 3.3654531703878416 1.4472150850187966
0.00865714438161111 0.6292460877510745 3.35022251641251 2.708727077516488
-0.002436105670916026 0.5497783314380185 3.3533497308705478 2.8617427076624207
-0.009287846486540768 0.6181624097311595 3.4513999961488806 2.9637830814730033
-0.007279966629382519 0.2410369948508328 3.47683742531799 1.7022507905548596
-0.0008568923092884193 0.04422009811886125 3.041177717608102 2.849837476111774
0.008239844365973971 0.26562128010578656 3.452146391785561 2.6568268924867757
-0.003578193815066951 0.19443386753542863 3.384248254417376 2.6215438890102076
-0.004631934484030102 0.6727348093055446 3.4303445711489693 1.0288952757687397
0.0027049742601682218 0.2925046859928622 2.9429789876099934 1.9889198294380943
0.006467952426473441 0.6274334330064208 2.9880429409697196 1.09259812688889
-0.0027345735557621565 0.04798938557870819 3.165973150380955 2.435910058506178
0.0049563507370792214 0.4011259518176549 3.3114341995920156 1.4159045363757534
0.006802485363483643 0.47340805191804924 3.1424586548451683 1.3603497705104148
0.008762259888403309 0.6268060333950977 3.3585743622774586 2.7505546912020136
-0.0007226945385174286 0.11191353902821809 2.996813924149551 2.123591771461281
-0.009832046072886612 0.03700001643751963 3.3170875678062863 1.1035335483519324
-0.009773099803749153 0.1322617132386871 3.0076644169990523 2.941620268587097
0.0036555757595269616 0.37273121259035613 3.471883150153201 2.1232568183903116
-0.0006276566435538802 0.4266704691906949 3.4695232097089286 1.2547264892830325
0.001661795879320695 0.4168725006980646 3.174206321967726 2.42811270144962
-0.0026631288961186457 0.2733886208269829 2.9942938903053586 1.4715567563432455
0.009520612693234499 0.17546556864130028 3.3043200841408664 2.394857395612116
-0.003330122423380886 0.6922736118512982 3.388886291494153 2.8618801625629535
-0.0019989380531839213 0.4283367091958332 2.9781532262899484 1.2603058265484028
0.004596911360136112 0.48045675081866734 2.9533745373555393 2.021242837687568
0.0055407157509193075 0.10295179353026096 3.0142224236830932 1.8789751760427165
0.00299493573137132 0.3350238747128499 3.2228141974133386 1.6433439939341195
-0.009862566814367046 0.5474529065259797 3.2817576110912885 1.1863182081946877
0.003694975142327475 0.6574440982623395 2.9708793939380302 1.0809348804939554
-0.0024142419790757026 0.23942005194939603 3.446043099156974 1.392597874285673
0.0007999856268535426 0.4312700483898311 3.4236045028873963 2.501853428505698
0.0025369303762798256 0.41289445301408806 3.4146110353966064 2.336071396580195
-0.002138143707439837 0.32149556086679626 3.0068043039246617 2.8146574575919985
0.000783473737989716 0.6924375331938033 3.405891910166096 1.7211140063623045
-0.0076398634968376546 0.6340924282020347 3.2420021940732444 1.1703441898585325
-0.009288645250806115 0.08555814859233701 3.3232957890562154 2.273525038984496
0.006600544434135406 0.38117392867205074 3.0994247457156177 2.314983072269111
0.0001608373334217089 0.6830334925357529 3.4042654857225174 1.729238718907681
0.009051432541464286 0.36992813537055597 3.449077719486963 2.3585962519421484
-0.0020746253563798966 0.004419371533917527 3.328641551374165 1.7960103543530317
-0.0055803153629055795 0.1937045747523861 3.4790670600954643 2.594866850226098
0.008249909411972144 0.5928011616356721 2.995034866053803 1.0466472039587453
-0.002408450675103037 0.3183598215474066 3.322723599606187 1.9029370203974445
-0.006539864480813385 0.1309176586617554 2.9196028243496412 2.7845554023854078
-0.006019168015018202 0.3291003901402951 2.9572424011546508 2.19891794918493
0.0062700850779564945 0.1581996246686968 2.942411237096028 1.4442141777200197
0.0014434181051188777 0.21236894884127583 3.429852842097789 1.779890760576454
0.007697950484576868 0.0920743937401306 3.253315022274727 2.5871342972524847
-0.006087252668503464 0.4206572059195649 3.4456554299269175 1.9643525821144783
-0.008736950528468145 0.48297321919944713 3.381027018474589 1.1282917458388873
0.008607587186421168 0.2350424234742059 3.436026465320018 2.133998329898469
-0.009036742029318649 0.14254327845503798 3.370428830765947 2.2610650571607587
-0.0042957781330457585 0.40911263669254216 3.275090561962118 2.622717566922431
-0.004202996356416098 0.39172019916896333 2.9404484286415733 2.2800939994953526
0.001233944676683021 0.28411517694805366 3.4296058257541855 1.6932765300727217
-0.008140135124567776 0.3640254478805639 3.2073101084137106 2.5852088029866493
0.00896443031095304 0.6946775875609741 3.4586874627463633 2.6032189542895856
-0.009907888078667623 0.059134480066338285 3.2293062070760934 1.7229481268824225
0.0007840037627997133 0.2906504680030692 3.062207243970419 1.380248912424315
0.0035046554744473987 0.35903860280541416 3.464854545932338 2.0229197665638257
-0.007950935596912052 0.40044709939200224 3.2285761957292447 2.1637025919921307
0.009342266859920997 0.31420449291834973 2.9430989557877063 2.101555442557508
-0.008974450877673944 0.36525458160542856 3.1592678875031344 1.856410248430677
-0.007808205791998885 0.44263433080848047 2.887864848452008 1.9066982185611807
-0.00440755138145026 0.403363782579985 3.2809594948180743 2.576076669730024
-0.009728945248963993 0.6774579881187679 3.4229205614218507 2.8622432328581473
0.00037744625886906077 0.257927797780336 3.4026711165092425 2.979553058816379
-0.00913880186839997 0.6588898059955313 3.4580241657632382 2.2788972830706715
-0.003950240307489995 0.20676300717291024 2.9904268418823268 2.768581981086177
0.009051432541464286 0.36992813537055597 3.449077719486963 2.3585962519421484
0.009171052200200168 0.21878475203624592 3.4387456291686074 2.314590485111963
-0.0026279490956202956 0.5617194495478933 3.218962998993316 1.8155164981099623
-0.002289124601555944 0.024259865152077925 3.3017717719850355 1.6766143147766361
0.005005558794714836 0.6573851912629238 3.472741275572313 2.322869505010312
-0.0038763381685615293 0.5878245268199542 3.450593540226315 1.1812685367472224
0.00396153558603894 0.008769680549830326 3.134711144616646 1.0398781931984051
-0.0001009396339935343 0.40217994095136855 3.1158590206475534 1.4951401140531493
0.003169813814751227 0.3037951312222017 3.0426905338013097 1.398923683419162
0.007953019942951466 0.6238257196082055 3.481175242670897 2.6684310137262623
-0.0005991300246333967 0.617613206142384 2.9199637233195364 1.1067404712469875
0.007234282874402186 0.39492137119435566 3.4000744203532185 1.8725603284186985
0.0026386188529794585 0.3001582291271817 2.958518173391959 2.009162353358851
-0.008143487894100635 0.38187329298221917 3.2110050967623542 2.5109945534303693
0.00022634945011119727 0.25390137189533296 3.2744566053663995 1.8158509177801982
0.00646701498926668 0.15812089693595074 3.1048309160985057 2.7519739982525655
-0.007247922357997525 0.11765970787447788 2.8934508529567653 2.855740972630162
0.0021890513873520853 0.09811970277643489 3.2046702879696873 2.9605153090595917
0.009329042662308874 0.1449260473238113 3.00004490039823 2.420230253449925
-0.008420638295943063 0.31726746008554374 3.108415334286283 1.031115768272899
0.009713748823735218 0.5032703694047451 3.3929952802958603 2.6557425533992225
-0.006780717543552157 0.4506136351804034 3.224931798816718 2.287068475363913
-0.00736069162785785 0.5434905894220972 3.2820807379116834 1.3384494542552914
-0.0030233871847821603 0.6970862922011632 3.4809347649042035 1.3362987012434902
0.005465067892672403 0.16875511433740115 3.0002232639922806 1.8638050172168374
-0.005331187845945631 0.388955799589693 3.409955618040688 1.1233720175186728
-0.00035688641202544225 0.5611445361920426 3.3448396129660303 1.0030381438808116
-0.006999381117573358 0.3254766196333553 3.0220815534987517 2.491625474579572
0.00403836500392806 0.014243456350243044 3.330739471453835 2.1037785011286254
0.005179830809994629 0.5143257803286523 3.2757333787350915 1.6516044478854917
0.0009307261505189764 0.5057533985931653 2.9204069530074706 2.8160307882651194
-0.00948586585905219 0.007138745929227475 3.1635503234144036 2.8147388157700686
-0.0011904717220715226 0.26108937644767355 3.427230842209359 2.625031111275867
0.009846199445188695 0.03802031119060878 2.9525408730123726 2.520402951375866
0.002133052627769867 0.565707486367029 3.0024124210514143 1.7211889472674027
0.0005642525255065071 0.2588394071572668 3.350333099986523 1.5746620535480622
-0.006302863380419059 0.6701068105112725 3.1441082175027617 1.5956879601406793
0.008959767583716841 0.09119983204663655 3.111947986554645 2.1730256460616437
-0.0063486245505965 0.21750504084083355 3.4771022375854805 1.708620350366274
-0.007491734482293402 0.25471998653048666 2.9548754516834688 2.8923621925194842
0.00021246164044247135 0.1026667364791584 3.1394039077436937 1.498243124855355
-0.00982598053208485 0.6794025216202888 3.170239592614041 2.3356881965133782
-0.004990564432763604 0.41601685664121874 3.295090471031625 2.487430885735128
-0.007145265828332746 0.11190103185027545 3.312915004573016 1.0196428001167
-0.0037362284968502596 0.18175622274156047 2.970212561522511 1.177793701760327
-0.007266373865890647 0.37633001210946054 3.351542371751776 1.0874710424025706
-0.008620184283589074 0.6814509197724115 3.313738279898629 2.4492074909332437
0.006447093401771496 0.6371836269576299 3.410675594114722 2.471608709969884
0.009858926789504445 0.2859731955034224 2.943138695542889 2.1003608465522614
-0.006110673624748341 0.616129126269448 3.437162421785809 2.782196615318946
-0.00508742214433131 0.4128279377825716 3.2972844761189495 2.4973368638784783
0.0011202049607559276 0.33913915876299716 2.8855013416147166 2.8053057251052973
0.0031559557395003527 0.35575860664038755 3.0944872535024097 1.8300799539895796
0.004699329290082576 0.049000899591088165 3.17268965496918 2.6218297442869614
-0.004849962457967689 0.09983220962775513 3.099916830366954 1.8374474164456842
-0.0048869983390354725 0.19421205391959886 3.0904884439030806 1.623859934955788
0.004188076001069416 0.6509160809125273 2.9393510356662103 1.0045425323733144
-0.00802172815509443 0.0702948137096352 3.16626667605192 1.274993220292144
-0.00962421810468661 0.47288177003214854 2.8875442250559593 1.8313237943317704
-0.008759812073859034 0.48099859315120974 3.2724126257169304 1.954504127646254
0.009353787117993877 0.04488243960041305 2.9129464837085566 2.3386583684888307
-0.0071859965653157405 0.0704407011901873 3.4824031083771536 1.7668744814823176
-0.007852891994471412 0.6909443013908865 3.3278490467506 2.6324481171315113
-0.005933332923714467 0.033831711337295206 3.32228725300246 1.7990418034860314
-0.006131299554274546 0.020811033915760436 3.125867207450647 1.86322518120039
-0.005590677372541347 0.30237045865770246 3.2753022091498796 2.390900873049818
-0.0017255235297011264 0.08518800482262334 2.8980127559992788 1.2733852672622439
0.0021068940719429774 0.3263016820478667 2.9912101401857707 1.2805112557461316
-6.505791419488286e-05 0.18670320327577533 2.9365795359546754 1.179997560826631
-0.007371751759928541 0.13532488835360013 3.2143192795781155 1.7011066492324567
-0.0005424583692137774 0.058554420160319476 3.038348217638811 2.8102420350744794
-0.0036275180521713954 0.6463382521264374 3.483758877300413 1.1103802661773003
-0.008030638581216144 0.12419090508636799 3.056639869509009 2.986517681178459
0.00885903304033653 0.09234672616413211 3.095369294951448 2.160819463542405
0.004606844067783401 0.024001396392189595 3.1818384852427553 1.139690938817619
-0.008747951931904955 0.6496233226668883 3.1957900393106558 1.000900807820521
0.009052625711672568 0.40542125900325116 3.211862460304005 2.737632725255807
-0.007901584620551617 0.12765841938633765 3.1199125256233193 2.705749716807425
-0.004993883186556941 0.5642648292494632 3.3661472097626435 2.305331521618871
0.003751340051092663 0.4712862840122034 3.2634317601794773 2.7072544974452395
-0.0014114998099768465 0.09670148469066009 2.9218542822332774 1.271068690817026
0.009950755512214268 0.4621982358364409 3.152590270062119 2.8638700408003244
-0.008345708650254016 0.2024152817734736 2.9732291375720505 1.960328373260014
-0.0034732774110415032 0.38985913118714355 3.411575345876873 1.2099317892930477
0.0009833057624652852 0.5650139599128939 3.0381037544945055 1.7253202829512018
-0.008415719733114663 0.12731292956708917 3.1509696366889046 2.73449504020291
-0.00519521804206568 0.22106241619568168 3.3999765709491374 1.2321820669392451
-0.005690177344005454 0.43225123216106826 2.9081909985550185 1.933978709304621
-0.0037333858713868655 0.26318321601868944 3.459514329916313 2.42512100033561
0.009302367619292056 0.5342628943894936 3.1750805628602974 2.9043341058233896
-0.002904479554310454 0.2820979887998749 3.4677091060859873 2.6944084998020674
-0.003672792176592497 0.2723470971199563 3.1309350501900415 1.3083820172415206
0.009770343413364031 0.5760116419747149 3.0300786095133563 1.158146080732922
-0.005979261378473202 0.5252590616371589 3.4713009345041552 2.4965195518148033
-0.008065698124375091 0.3933645534796245 3.2282864587675957 2.224981154716039
0.009937580555383622 0.251477643683274 2.8896731248861434 2.4272453820544224
-0.0004881623144996055 0.33409448298789474 3.424876309373285 1.7324975403980758
