351411416303411.06 62.86276902385999 10.816159594247537 0.8760684725257849 152.70131790207495 2.1744213214022077 0.0007797830771977147 0.003967728091555711
1229741083202337.8 99.77221452118373 2084.6695650566476 0.8506786298297757 4829.615505310084 1.7244001985647373 0.0001903006598594431 0.009708654585759856
493387246982407.4 99.37983634817459 11.122125795914199 1.0072839170367573 312.6795991609821 2.2095497357778453 0.000864646029648399 0.0056556568051801676
517530636330055.8 33.26968262218186 247.90135624890516 0.5075237594968551 670.6177035272904 1.8446012917858625 0.0004879117974304147 0.00015044492624675943
537843018539298.0 46.3365797916662 25.273482096773474 1.587623409596877 415.1007972469507 2.2339007492808673 0.0002035653139060798 0.0027726182883080017
290274934486469.44 28.77765403539189 189.35906327163988 -0.28342900590370657 219.7749482818766 1.8782199883907067 0.0003461545223435644 0.00214318360488078
3865431220599448.0 11.734791663798593 17.32941334011067 -0.17150593642100365 36.78491056633228 2.222939376796261 0.0003775945935431816 0.005595876994021501
6.670711980482596e+16 47.690854646742025 899.1369454891058 0.8780443818695551 25.525887574118943 2.264861176552708 0.00012827496776952242 0.005779727252183642
320711753661575.6 43.945015470983435 26.895035910317674 -0.32994987816370114 17.51817570234746 2.1807097954177053 0.0003038721714192197 0.00163286831819177
3.587904001017589e+17 17.968517595733378 234.17606655539313 1.9989242963241756 35.8725658682916 2.032547951434255 0.0008245330008791139 0.0011691945771299152
790991596785272.6 38.41937780104621 290.4762990188118 1.182052737980901 202.3608001770822 2.553712293489098 0.00013041725649744746 0.00445619491699087
641566639923850.1 11.088393893091911 56.06195577655542 1.6455983168051862 845.0802247979477 2.2819300109115437 0.0001230616735716128 0.0045169761887339345
571722626526940.0 69.7924275668822 469.57978111944703 0.20173327536734575 13.908159936932472 2.2269541143032487 0.0006318931405557908 0.006617581491399833
450073169155063.9 26.12415043909494 59.74059865931957 -0.4671396261154718 109.40241944381731 2.334594903034476 0.0002066073166506096 0.007914519986699663
241745548270172.62 33.42999801323336 41.32595477132515 0.9886302273449097 86.86993040200909 2.127117845373562 0.0003078716931504443 0.005296112935678561
846085144957944.8 89.26357282324092 216.03016734551062 0.9032884417305431 42.73022289934087 2.3263826418724003 0.0005554949409327417 0.0030338177676735266
2834058127508420.0 62.82294781741207 78.55444754259383 1.7578376548738444 20.84643116032563 2.204596124656449 0.00012013536816263029 0.008946608753530424
489585436584471.5 32.92093874448166 305.90621450967257 1.0634894098490602 435.1192471643537 2.2929075480706094 0.00040045531442306156 0.0007076769713936365
976250299422443.9 5.9418773430780725 1278.987041959828 0.33907969216776546 1237.4049457277322 2.288820219428538 0.0002921707290515536 0.009907395394346746
141451269057974.44 15.377480280087035 975.1862868285615 -0.39626684479409624 11.064456917394715 2.0902495726830805 0.0001340543569256234 0.009604606388845197
484119939660418.7 19.534529915766644 16.94276983443972 0.9548814066957647 296.24877525990905 2.2329110574206297 0.0006061005461537232 0.007575386261044587
458958733837179.94 43.45487435307162 29.022771123138163 1.6606826174421874 326.4546057077728 2.207684653712903 0.00022486672914212157 0.005382486302612587
4211752817419175.0 11.367373357908503 21.03422866545292 -0.18967627421559652 32.21942807094367 2.1979805293336185 0.00039844695781493294 0.005466968980347934
693554123268050.9 39.854021434912426 554.330513218751 0.2933834945246747 62.7495055797509 2.254731801650396 0.00040674968126970436 0.00288428393835742
1155771329407289.2 74.05575253634635 41.00444537273937 0.6782210553690491 12.44288511144543 2.3467415966492977 0.00014072486072540848 0.008124053545216283
696005289665263.5 25.881329294223164 1357.1297205731275 0.2620064235533255 501.25074074810084 2.355315460245967 0.00029676681415086186 0.009456122779942077
394037961410758.25 78.79605371322243 202.30772981289277 -0.018246087866266247 245.31570934028477 2.203720172125088 0.00019467662898320647 0.0021514612940388266
2636435043634030.0 79.02805712843694 44.72078455792355 1.6530944616794807 14.935818170276669 2.2928830863950656 0.00011443060146123146 0.0069507108077371295
1189021076512628.8 62.3081091692675 1154.2503594354393 1.2376773893758188 2899.6010121539093 1.5780139693847324 0.0007872526694558984 0.0038618890123344714
822082204864578.2 13.960065971033305 135.92109720603526 0.948314654885669 2514.091017863626 2.875701425845927 0.0001853324935995388 0.002411945837268682
9.357455891125764e+19 16.919935504000982 471.0991622937536 1.4913180399332477 32.024872349694576 2.4605045484598387 0.00010644772654739968 0.009660976528906342
297714319791177.6 82.5774683186995 14.466456100915154 1.244285766728944 27.12396909005216 2.4309532795688957 0.0005744524636470138 0.006355131763126114
486699365343747.1 43.487814235197526 662.3554182797458 0.46583719743567376 642.3029085821236 1.7502267831074882 0.00010043375192117508 0.00972974941883455
45189560086740.086 67.94471541835807 1583.8858571413332 -0.4316319673752773 34.03950351530473 2.171337350877397 0.0006120216988040936 0.006280731954189664
520311400296683.9 23.01501287058935 18.38245909074951 -0.4529210110125225 73.08833003360085 2.3121639534946885 0.0007516144627503999 0.0024417005912877724
858220154609410.5 87.5697378920394 1105.3177939109685 1.1196555153248449 1150.7003095550926 2.352487328224116 0.0002784235225293433 0.0027555195242486086
6477462413376752.0 12.120582743173628 14.136609559334692 -0.10730527178259175 27.187814298515885 2.1928289513578307 0.00036485114879249695 0.005492880589889247
3054561152029615.5 31.452602129200645 1289.1507073789087 0.9108056362225554 248.61410310743415 2.6890124862900717 0.0008942819201030681 0.007129956310337397
723251718903774.9 33.35357848402348 47.388874553351606 1.3374198949837597 36.3083527675902 2.3503434233111102 0.00016991840149186967 0.00652441854900168
2108977048689678.0 76.61228396194474 1418.99739615892 1.126635602347796 325.31723537269244 2.4817790632171235 0.0006755744222285946 0.003980327276445567
5.01143983636949e+18 20.65525746413159 2431.11906561447 1.5254659267316986 100.66078414183923 2.385683739812925 0.0007678075448927533 0.0023625692702570608
31899633702458.11 14.064411075891375 2993.2756832039395 -0.37250268462897407 15.351017008236015 2.0043680986116934 0.00018173615671363797 0.007576491138386906
229128336036414.06 71.4283000255977 811.3720560152833 -0.2514341711460932 111.3661181411435 2.12505689037607 0.00016218203120131548 0.007105318464284123
226294635138466.6 75.98724584889563 59.82234868861256 -0.2025251293466967 60.3791571376204 2.1896020110637595 0.00034954640273509766 0.003745290873861507
438716960417411.6 75.29435524834904 236.71997395587118 0.01806645577235222 285.8794817869802 2.160044889611624 0.00020856746918108696 0.002395036396213743
1.0902002706042651e+18 2.224750037652095 14.22503582244866 1.9939263824580795 31.210119314746578 2.2101476055111844 0.0008809632201288622 0.0074940850145942565
529932552459818.9 23.10713671885587 22.387425851115708 -0.2913446567646576 84.01821001883444 2.306654308554858 0.0007530385918947405 0.0033030218037689656
9.151872562478372e+19 0.5108797796001492 31.135936511316036 -0.37145725849548134 39.75764020543648 2.4163154041215806 0.00035883117130893914 0.00741970986613025
167196368970078.5 82.94423142960893 1175.0957897485362 -0.08193354482264792 67.74177731992151 2.1477258601160587 0.0003571166608089991 0.009185069968455042
465887959432400.4 96.4134485907767 30.993854662372467 -0.04999532192939227 343.8522570212149 2.0697094047279725 0.0006046745973711134 0.004617601755543158
349314715614262.06 81.97928281607354 476.93709606725247 0.839722989069732 338.74566306062917 2.0754618831511027 0.0009731536730929758 0.0033000444633174463
1614845533519394.2 54.967224490244824 37.30056416051059 1.8403607491399776 18.974131370272872 2.312208990274115 0.0006366687340465417 0.0010917795809926977
7.666183151609224e+19 0.2798188402418731 38.66752108995469 -0.3572882838153479 41.2316818713306 2.329927556970422 0.0003379410778156628 0.00765680884716151
518681487354818.06 43.609014226830666 12.599779939024131 -0.37777493826870456 322.32463691489653 2.2491582089592144 0.00015452937922266058 0.0033966054411318472
778461807733120.9 35.626390727257224 1845.435723805819 0.3620688910587979 1100.0339840770516 2.0493093113117937 0.00030178721986440286 0.005520820229707368
7.879732811279779e+17 22.713258450113017 1146.428374663844 0.44367978305203915 15.748388933191853 2.326756799805776 0.0001268110171813681 0.007174586128278145
8436090833195726.0 9.244007082207897 95.77520784460079 0.2090689398787845 45.41734892691977 2.3294710998456796 0.00043476507945564154 0.006024787347117298
176143973543297.44 98.49672998169538 27.23010115980721 0.023847662350694687 80.81403166485184 2.0522749392368485 0.00046564224906553686 0.0013118130190350953
928550536500137.0 3.000361677712 31.470107224070798 0.30526186541539313 4346.856919196066 1.750523899539223 0.0005448995348068006 0.004741495971056674
1182701773836847.5 50.96605933636324 1547.1157558825566 1.023357073027106 640.5956304576243 2.3815366974741856 0.00011837823620329077 0.007102212905636506
26908121235736.812 63.480108142469234 2382.43319156567 -0.43079319734821475 19.980595212394913 2.195470073314144 0.0005647876894627624 0.006053641671530878
316917609792426.44 56.77356997654125 10.626152424072329 0.646630356734716 107.38879577479689 2.250839716633936 0.0009463004884863865 0.007162013510827026
877881664642366.1 6.950418522177488 54.48811760190526 -0.2692992670876884 2853.185231303291 2.2177130247748305 0.0006908501412487743 0.002636644212660296
7.242540432627638e+16 71.91567195018519 1761.2287854467138 1.4904389662697282 61.86647746728012 2.1078002926504564 0.0007418826710957345 0.006571522669885225
1871861950696946.0 57.90468371851933 253.96771871276363 0.6101132969307141 14.67008033223164 2.1215247570240363 0.00015456985550925262 0.008596395624248871
1477530080885651.0 28.97160765394024 727.0368379344391 1.9702341813816349 503.8088154205433 2.9739853518027544 0.00024354570421222254 0.0057289965175365415
301187662434813.56 89.0180615656719 186.48208756802268 0.8869571219611156 148.02347733973417 2.3067217159207583 0.00026546187234708876 0.0027066007885714963
421690517140562.25 45.30702273374572 162.92739316753904 -0.4046443984545389 247.24414014065056 2.052564927580958 0.00034418971072367014 0.006052387328248218
871810276787217.6 42.26158949798163 545.1486210413113 0.3622721940366817 57.389238183996355 2.2939493756808926 0.0003829751460162936 0.00342265162655882
596555467835152.0 70.81567628132578 455.63278964367805 0.3864872895149625 690.816716188663 2.1484286902814373 0.0009180671262193174 0.0013281594944164257
651300280821437.0 14.145692163384545 219.2691188646613 1.5055227180310908 788.4533754495774 2.229199660569213 0.00010782181699186027 0.006201873077114948
1126727685150774.5 4.689504826880906 75.3314775088001 -0.35489197197804057 3845.196329604988 2.218646117297582 0.0007601280456596547 0.005754631998407902
2875293114384167.0 60.071483016645026 119.83632235564046 1.6568193650746617 32.02180178360056 2.28545587862502 0.0001538731922123386 0.009246126247207397
584609987695739.1 46.143454326440114 329.4858812753509 1.4712868223764048 222.6850330397811 2.4426034193038033 0.0002734843210505837 0.005891847268564274
491115869392176.8 37.740743009975446 127.55173319020975 -0.2763095533576541 394.1744308606222 2.0844540279753656 0.0004412956206239584 0.005641995288888948
151492806440884.97 85.19629114827299 117.09446985102907 0.8879410905517207 48.549783517298266 2.061839274571609 0.0001756445816861306 0.0072867697998782776
373404473278930.9 34.209967543065076 65.23978227361981 0.26868471211053246 17.767635026545165 2.0747142852072833 0.00011625426400243508 0.006383195793561252
392260874246676.94 53.102156608595024 798.9206515354114 0.2597852165487884 75.57223844618233 2.2084807671197524 0.0006565818113842977 0.00827743705116931
1.0488644317688746e+18 2.580298128115281 11.712353211481165 1.8215870893368455 37.80997089159821 2.3186395683993677 0.0009492245991569332 0.006852552641940725
121332998467909.7 18.54764864493732 678.5306127229263 -0.3676887924907897 12.122563250524724 2.075553223762451 0.00019429511578740043 0.008424790132139133
315229177561683.7 62.5891165124337 18.972147924732543 -0.1245360606880499 263.2616192338299 1.9713594887455879 0.00012335403972357686 0.0062774846775902286
1556053912671999.5 49.64855784899021 1098.0767652622271 0.17091342571777923 24.67632568310591 2.361311181235547 0.00021005733090171557 0.009728857468063859
8156817714100620.0 9.867271561371517 117.67624050616894 0.07042104923762471 49.294797308961805 2.3583852927849795 0.0003301121083455562 0.005150210390629285
7.666183151609224e+19 0.2798188402418731 38.66752108995469 -0.3572882838153479 41.2316818713306 2.329927556970422 0.0003379410778156628 0.00765680884716151
544392344868979.25 46.58677097537886 105.22658299395043 0.5233754074222574 649.923408391084 1.9796889156142874 0.00036057021644297763 0.00445169161313036
2293407433664191.0 3.5668211276719575 10.33164237193714 -0.030221546031408475 317.8449381680925 2.5880547178698268 0.000916670155940558 0.001781477232796229
1177355137491783.2 92.94298426023313 1641.1701000260462 1.006237438944355 2750.671049311045 2.5106301094727743 0.00014305027688714785 0.004519073573833238
1803872255421900.2 51.34847804976818 1047.7997038638878 1.6385884321336224 230.72597731938373 1.9916872675319857 0.00010198738339359099 0.008494837908593744
539641746828198.75 19.351147762408427 64.87589926054306 1.1181885701891405 533.9484043752888 2.1623393923039758 0.0001769466728981268 0.0040742177721724
7.504121420950592e+17 2.525578292513323 19.393222904425436 1.991228161123871 38.07738916572299 2.3199316926062754 0.0008029559816722416 0.00760495673633898
488223772395628.06 80.70267868237562 279.6653775791845 0.4233075872517502 425.3704697817028 2.1565551981211084 0.0007942193796421589 0.0013256600435511082
2303882548839554.5 1.8052981877271321 29.803407271739506 1.1014325372094274 259.6346617816086 2.0539650239320264 0.0008008716359614578 0.004050672252825033
944398338840272.4 6.003614053255795 1151.8087383013767 0.2580031987617475 1229.44292717087 2.321567731535413 0.00029534225072770735 0.009260856173233006
516259226283900.9 18.56590122567523 440.42077266721265 0.3236449587829715 766.545405883351 1.8769558437612912 0.000136318034640367 0.009242496783098828
197438973805732.8 14.766588135533986 2901.9287913880926 -0.20944996667601012 19.168333189488855 2.0596980143833656 0.00020951680818003072 0.008188924782619763
1817014274683059.2 13.471711206659275 12.727533083554109 -0.25092204630412085 33.42859111228146 2.1718693386927894 0.00043709741348976815 0.004807818276502507
2093487524626968.0 2.988503322658584 10.916779297344418 -0.035890352455045016 340.88707407024714 2.5077007397031714 0.000909366311568534 0.0017131273836207281
401878826758329.3 89.78810005667633 38.41117655067369 1.6217821496375964 147.2065785736437 2.288685732385561 0.00032088900194883664 0.00307256515661666
339421532608870.1 98.86877973494376 160.22649540872982 0.6328290374766774 332.3771579073356 1.9640575754149348 0.0009209440683712844 0.0028769171229155164
233369821620711.25 76.97761662201007 370.91898793929266 -0.24200251641233794 139.39381688020538 1.9196996381887388 0.00010816376615287714 0.0045879871329490415
547337762286563.75 32.24658978478712 39.580424056994275 1.3433678570027248 33.605241779197776 2.2836247846403137 0.00017197602321854943 0.006400663334735225
644874765593114.6 49.096342634269845 42.49638597348204 0.8904302821887576 816.5558189086615 2.0458449832245753 0.0002442039518519448 0.0001602568370180201
435848233009507.3 96.7236372026745 10.37269095089093 0.3430198684020277 170.56150385898079 2.2832284966651644 0.0008086092196782206 0.0058699145650644635
1343483975269782.0 1.5321126799287779 1731.2075601037677 -0.04214969943157581 749.2459677493985 2.356521903600209 0.0005251287678014176 0.00889321879958269
2.307319153745213e+18 56.39858674685943 680.445135421419 1.15097535009699 17.725014897952537 2.308435743365053 0.0004796084492247148 0.00258328697273967
157784399886727.66 97.33638772911428 24.479166923670796 0.48188291076644063 86.61120573732333 2.021974494350419 0.00032744437120282226 0.0020650466204209994
1.8960119050042368e+17 70.11705941953677 1666.4194836832519 0.7738086372085444 20.382929125748547 2.38913161054197 0.00014127312730333088 0.002995762582159906
1719356815008197.5 53.990051012870694 2805.5081574430046 0.7520421042430447 805.5856647260613 2.3559775401846315 0.0001059908660120006 0.004961671516633308
444052500354628.25 52.20623774003797 210.13943127099733 0.06929613212502383 11.471582526076585 2.166884768397785 0.0007038159811848902 0.007225710213073786
193376669743976.84 63.7593782359987 19.872664380353168 -0.0003583326185053748 23.2860516714442 2.1882567413046123 0.0005555102245865601 0.00266707066791579
61633292921688.87 95.31266469812293 561.4470336240329 -0.24596844240169174 24.168479827080596 2.1218728375353026 0.000308794719863934 0.0035928446209010753
3089653057913266.0 7.170634877262889 13.215866459213814 -0.34292435627203954 72.66503012654361 2.2537766945635647 0.000602569193741058 0.003347067387743403
168503811913258.4 16.625798408148242 2926.6944061487316 -0.21390572103821204 21.422931432706225 2.0856970325866717 0.00018744457146902988 0.007713558849569288
217334441987302.94 19.863391716509067 2335.8247573153094 -0.21227147115765788 17.617413604488057 2.1274257328406514 0.0001118197838554789 0.009621214296939903
939250742821853.5 13.071822551865498 127.00379951339939 1.0181624296625194 3466.322404844835 2.939902536687539 0.00021286046590703804 0.002060766708751865
490092877620114.7 51.88644248521766 146.329745884985 0.9298411105646962 747.215156525246 1.749155291240812 0.0007655292772325784 0.002820929458262003
498945303289856.2 29.768518513552458 49.99549349262634 0.30357682525677276 611.3884981761803 2.005736122167443 0.00044715982150173 1.4073518563622461e-05
644070861549692.5 40.78705307736902 18.685261193463706 1.685629957932782 531.3985215817129 2.300046285798801 0.00019596816136089728 0.0029168090450477253
457968360085863.94 41.81216489346208 13.12416972946433 1.4887635274631599 364.8920788604517 2.2074609245501478 0.00020597425955541445 0.004906907156361908
207090571476784.3 96.58842160524922 696.6557115231062 0.39443940564003 37.425654400279775 1.977312569715673 0.00030229458670853407 0.009630281261000725
52693203208445.59 13.1351824779331 1608.7357592174994 -0.461049236701903 14.202623050879906 2.062274418641604 0.00011047836787405772 0.009380123110921866
131724134562910.88 46.546679835628964 81.74711053737687 0.009381921975515572 15.369603237748787 2.013106051421976 0.00011439994232714012 0.005767793512316833
609146392832575.6 40.64649170507914 13.830296144780407 0.6105299073363573 30.387974236822473 2.3962092984796075 0.00027020736513923364 0.006349283186559956
420975125248351.7 41.424046663785845 48.68447371923728 1.3140819540277409 322.85792789446975 2.0488985547373915 0.0001951214923945223 0.0006072721632877454
765137107669579.0 63.71571956164552 31.298811588379134 -0.29687040089654326 16.01435326188927 2.429399791711176 0.0009497855537261476 0.006807076474189436
1436388697078465.0 95.11650074846038 1747.7336087156164 1.2651025776668534 4955.502447596337 1.4955392032620867 0.00016734005510457345 0.009936284878066125
39980628819905.55 65.241485989209 1579.4689232268618 -0.3589050048007465 26.751796110846275 2.153308330006789 0.0005115979718014805 0.005924699226405833
836898570783021.4 5.3508295350963735 51.49757526800124 0.3229469745764557 1990.9920111344204 1.8603625355938418 0.0004263345242619124 0.00449060283307094
1059474708054567.0 28.974075065187257 672.8004556194347 1.9396263195709036 632.489158976994 2.9267778697585936 0.00024062049098006296 0.006135388721345662
7225055390991143.0 2.6590896700991635 133.72660615080707 -0.43762049651503276 180.76286949775997 2.3900454140183327 0.0008224336989329854 0.006423376916809945
616410846506922.5 25.17482469327807 637.5652534047672 -0.0898009742238336 162.57661423648125 2.4742939118631937 0.0007686739005946947 0.0006763609910893347
960998000520746.1 57.54326128109042 1129.0919250111267 1.043201929469082 2281.529844289431 1.714882785503582 0.0009417705296878269 0.00266302965488455
3607901119168302.0 18.129868125826206 914.2817928598892 0.2512092339441927 62.31445101900554 2.4284418285758864 0.0005988621833042838 0.0010251064338810607
622053292566612.4 34.21547060049508 129.9231281510104 1.4142359752306595 693.1445442813236 2.2133569154212043 0.00010353753399003786 0.0016398966229999234
182977496798498.78 98.66519259057048 15.847322092071625 1.0670335716113046 15.501076627277342 2.2889902532697004 0.0009266444396971962 0.009363603641778134
1252420523835634.5 46.34065769714378 128.21714973233952 -0.0026333693138793635 14.073204749697352 2.3670939279877654 0.0008807004917546176 0.006130033330427541
2.0213266685430436e+16 57.574401461828884 575.3033493717279 0.5504415892217568 13.478305711906932 2.268353188010701 0.00029692739482797874 0.006294627673646157
162117493821450.66 92.72956811725713 19.714133300496286 1.9671632444592588 11.194906513849103 2.075375131001881 0.00015197958708732301 0.00893140940092738
195435419581401.12 98.02508757172994 606.9128018453704 0.451309029339368 38.714022985454385 1.9627729516724872 0.00027197473746476327 0.009674334472877365
2290189946483231.0 18.7112288633777 1492.425289863193 1.0810954223959457 311.91407703621206 2.330951617608018 0.00011357539967451178 0.0012575908194475648
871429222692633.9 93.96187838337445 869.15568352709 1.2859954844340002 1583.964853816122 2.3869264520339075 0.0003506881853309553 0.006019458173823206
1.5399416261651213e+18 60.06440655368183 642.4217936055791 1.0978124131737972 17.482542457852315 2.3617521319975405 0.00041327824812756466 0.002661123722151253
303777912964682.5 22.061701123309646 99.71240834347083 0.6375632516133736 157.46354569952928 2.1324198101998464 0.0003417604259394313 0.0036361707709892084
243528608156963.53 29.67368639088808 103.23456994841649 0.6006670546869861 92.46700536758803 2.1140850720498268 0.0002914288385348945 0.00415038197388318
2001078302157323.2 2.5340171228156265 14.577625559855479 -0.012928182584285963 364.9585459129092 2.4333281324942004 0.0008857822186873522 0.0017870641047321024
415178694208003.7 22.70378509134806 10.28132885498494 1.0957325801737614 180.76994032310355 2.2377518602959734 0.0007087877317469216 0.0060466917539859855
438809917597229.3 95.9867733693919 211.8209255923647 1.297681626554685 476.3915052147716 2.067607684106702 0.00016778869303125796 0.0037008916273988898
857617159010881.1 2.477625622546725 1618.4217068749429 -0.16278780856187752 581.1768094438147 2.2892514418448453 0.0005168387805899938 0.009548673895920987
599035936695393.0 13.987812444913772 993.4540682916382 -0.14653232399928928 101.52814852756138 2.360805150133264 0.0007626092079280061 0.0013884679711688198
436243280343896.06 20.73934082911532 120.40706694700282 -0.2120681351447989 53.52762109270717 2.193597474260991 0.00042694567982040047 0.005217748608734381
3054642973354695.5 2.30656861487914 23.10143877489904 0.10212558054201093 427.4237678759634 2.7411688150895395 0.0008407684083423072 0.0022366961003749295
578040036837110.6 11.547751908220974 15.849333867484907 0.8679570173538204 879.9029914305058 1.9226162759778724 0.0005579308581736681 0.009870030427353137
673540045457702.0 40.503483914568626 116.18268770227328 -0.2658685068864234 775.6420895017435 2.2429258039145936 0.0001490795360815084 0.0009649554221534315
958925804855292.5 42.90914845841332 2863.648379906611 0.3380057997487788 1206.6198004334055 2.0233643754083563 0.00040056102810825185 0.0036136766473411426
406206730882628.4 38.111122498353694 14.919692663642993 -0.43177541163287686 200.67859392979122 2.2983694385632596 0.0002814974845590242 0.0017085702572765564
160524897444883.8 92.28510581349508 21.174583379652766 0.5060368203771045 84.43980181497737 2.0250203010402466 0.0003103405140915115 0.0020058956075852345
457927795531072.4 95.17289761343055 64.22896010174216 -0.12074002405622497 460.11911501844986 1.9872311296455598 0.0003903765863093609 0.0015620100844687644
466248343014109.56 88.09538440173228 178.4259573940545 1.9413801752081346 89.68234470512628 2.2489851374585674 0.00016554192743004688 0.0011576121136834122
197996857979345.78 95.08261478390352 1232.9463487821129 0.2508403043721005 36.121424224419535 2.0298003654770156 0.0003490224284055423 0.004502590886741995
708333569158225.8 13.603797508627721 32.869403514468196 -0.2380033638281549 144.63078057416416 2.3474724691242375 0.0006566465654162312 0.0026909361537904635
2717603686117470.0 67.34685537758453 327.2418576822851 0.668357848434658 13.866037450117604 2.106902461882161 0.00016347364393553098 0.009508829474625714
173026034740188.94 91.26263152721427 28.380093016716756 -0.19907225815822657 32.12682559512334 2.1886110741961295 0.000643136195145729 0.007902704361609173
300453282613730.75 73.59216758727442 388.6893526634378 0.060164006022328465 11.915069468716984 2.1940632219367733 0.000601704495094508 0.00658220876121707
754631779976471.1 37.769397679064795 100.67984378202185 -0.4701380049647832 806.5792198843424 2.32542677977509 0.0001559605634951005 8.604886887928365e-05
574333520942071.2 75.77908550685824 322.6325807078368 0.5640124151476026 563.5927990633784 2.1699054226461088 0.0008478012288239529 0.0019471321977813185
154451082822657.97 80.39403042911792 20.91068409176775 1.3750928956253394 45.095969908776524 2.1766564394335095 0.0008624726530967275 0.008991163448610603
1310495362574294.0 57.75391866902015 1781.8122042240482 1.0593381991757962 3911.534082736647 1.4538643729741865 0.000985272165227095 0.0030809576756352466
329339391416243.2 84.16137054218281 103.63302079144692 -0.45847900064868535 113.77394926756718 2.1448911081708824 0.0002581153156159868 0.0008659912951832598
3753790032374391.0 70.39150990976324 993.8397578953281 1.6967066063209315 156.00096912902268 2.190000072118804 0.00010702051259542844 0.0008852626506463332
7.482189611694755e+17 40.30472923919106 96.24999382221306 1.467914340144861 13.703213107320204 2.370651889700884 0.00020354533223710078 0.0015508721220028384
382405873703853.56 71.22387542812197 306.71307270255284 0.7783836219503135 267.4374958084322 2.2436464409880754 0.0002688022702278292 0.004996209834534564
962501070589288.0 60.806850577275895 887.1477623925721 1.0842603390352086 3574.7142091588175 1.7792237350694062 0.0008392544561984485 0.0020480471817601893
3622399030641188.0 22.955183386527054 31.269598024827594 -0.10862141383809765 18.855302849727927 2.325997119776253 0.0005091388823421364 0.008570074527698035
693599017780304.2 41.319387055472056 81.521589861938 1.7471135151583723 861.7230825143965 2.1105708853623733 0.00036098678205414886 0.009183908782909797
876437457892451.9 89.47667764689446 217.90702298544187 0.9108064287214193 42.633806513517264 2.3252899572297943 0.0005523768497926795 0.003060534983739188
659403598555436.5 91.54050263944546 166.39609542045054 1.9775716336984195 66.12662309484747 2.258004491829211 0.0001673334677943744 0.0009910071866038057
466437276365403.5 33.822537419600664 15.150642113888065 0.2950095534397922 301.4770746427924 2.2087585629732107 0.00045022728123835187 0.003161486326468816
414568977800355.56 61.722300323772174 15.013990375583205 -0.0043746954676406324 206.89584111440578 2.265300557764987 0.00012012009979266793 0.004690739650847788
1.2572572115263606e+18 23.8213181543256 1188.912360963138 0.5191124391412049 15.313700299454403 2.2908819374809113 0.0001245254745604476 0.006685330052617029
552503037693404.8 75.86481385612274 261.3798572979827 1.4238776656341616 591.1103576212618 2.065483865354392 0.00044039722429858175 0.009774511223674152
6.695118303183846e+17 2.4087322724096296 21.586986408080065 1.9291335813240897 42.789384660120845 2.335443883252972 0.0008127464783600736 0.0076402853372202865
8.073668574047882e+17 22.464994999345254 1151.8670020701547 0.4466582714832825 15.604371756467973 2.33124003196781 0.0001261496016384562 0.007177504210581168
4250781078594533.5 12.74981298845109 666.950910485967 0.2654312903714582 73.81711522975166 2.4077670878964397 0.0005740301390334914 0.002094562770442672
3673989508970355.5 21.544101774352185 1316.1079019287117 0.4093783593243554 83.96765181001105 2.4809498726360717 0.0005862386322626457 0.0013397080825330405
6095952621701446.0 58.465289934527334 2305.460320845727 1.1096232668752641 221.93720700847197 2.4211267085624284 0.00016443178389968606 0.0007256406185063053
151979979481712.12 87.49956474835759 16.22392613004879 1.943593175464321 15.297900432794158 2.2104241474700617 0.0005371156657368163 0.006807711996897999
345670532468192.0 92.02636612523929 69.82139789405296 1.066171352963637 273.79191866833725 2.005575090757259 0.0006323657742940502 0.0003966336132878883
694591382231349.0 50.307267689031804 110.4776661864612 -0.2996367399417637 663.1537090069343 2.3121394678483465 0.00012653118106795358 0.0005203018543903822
7.536461125906597e+17 15.318564642614064 552.7475271465619 0.42874426215083405 17.253553821785314 2.270652009722628 0.000189280724701573 0.006835103172016284
516938227971483.5 44.11912436739165 14.781826663162624 1.5879862090133092 417.09674137510814 2.2384892662257885 0.00014914763739393153 0.00452712045870332
1.2007798502387098e+18 25.839802548320236 2167.6316907555924 1.4270300239160618 77.65895991788398 2.2206397751595466 0.0005923824181193251 0.0034103110688555667
1936962449622263.2 1.047083578839949 71.10004003397147 1.1375326645060384 662.2740592925409 2.4559311808845834 0.0005677936507949943 0.005109721364790316
540852072576919.5 86.17069164441705 387.15385085215655 0.6778624566001625 538.585157629551 2.3048537863733456 0.0009891190960589775 0.0011645060298911408
178037155804646.44 16.62674529394633 1509.4333578223147 -0.20073669435870312 24.28455298132081 2.064530728518974 0.00012544041079897024 0.009514600930754905
406282567448200.4 86.73800253705063 23.447484903906147 0.3415946722251939 169.49049587895934 2.31409701908691 0.0007107940090718868 0.007273720625752539
446634815996354.2 58.80946361612558 13.722818868804897 -0.11926322274702739 140.2363854886171 2.328603180112044 0.00010341217069365996 0.00774867732226678
212970103288071.47 83.2263504205128 22.26218520853766 -0.04215449774328017 65.70263476134159 2.1321479539348838 0.0006408256178438437 0.0002658778064221932
4.014485535329781e+18 55.047043665591445 330.51188770192095 1.391212951809807 14.952696189196736 2.2894892053121447 0.000403385413979273 0.0023176653088567627
715862081051021.6 47.98486122258592 170.78455596168425 -0.08558449886881728 14.698718870944077 2.306239056881265 0.0009541940949098347 0.006028227203524207
952709318200757.5 88.80325643500025 115.30379114289362 0.7263668712270261 28.069663582955467 2.4336590065169683 0.00047890275722113943 0.0011496458783003954
2.1837983535344842e+17 15.887976862930987 247.19844016764822 1.8843871321347283 43.2724836833129 2.0885452948906997 0.0009494246496985248 0.0003872359524465405
8.072420555741563e+17 22.464378320672346 1152.0286698832697 0.4466156878696853 15.602656693969557 2.331217470918697 0.0001261500060515826 0.007177577394462886
2949569427837520.0 26.08651414355989 33.23101260425166 -0.06625240974689948 18.23843943947966 2.3413338452943617 0.0004873028508865171 0.008217861635446506
790162679159710.2 24.368335623651447 223.20971020007082 1.0600514359667639 1055.4097888923409 1.990361659128172 0.00013586201109659868 0.008328691368985664
605994341141165.1 47.07232854637064 348.1526902607331 1.4601134978309263 227.38774163706708 2.4389498028285956 0.00027014448279187234 0.005797956736993886
422174214518990.44 16.135432574477207 25.902895100284393 -0.16445255065662484 304.1566036575606 2.130011942498735 0.00032753383680437706 0.001663021193777251
922685782915132.1 4.315623490426539 772.0821184638811 0.021387782619949558 1260.5443768584519 2.1521743742697432 0.00024774191855407064 0.007331273262884928
8.602504322533795e+19 0.18762834778556226 39.77287030738605 -0.4069146735143958 44.63329491878778 2.341529767936235 0.0003284830037538501 0.007615614899345513
493452775709838.75 46.71300723317266 17.444816619651995 -0.36574953851568925 336.1813796771288 2.264831989043853 0.00014708295622820164 0.003240880046286289
620798699845888.4 22.79182109688424 204.19812103928103 0.7028459342009139 281.86339597438797 2.489046330232627 0.00010533237654718377 0.003680383162811944
218132875507245.3 93.2935658328159 24.610400926196572 1.428537442707608 34.0394273146208 2.378461362527925 0.0005136297886153136 0.0063934770244950916
436717264680836.5 98.58994945808473 51.31879258135967 1.4899078204808442 261.5540591262284 2.274875867164158 0.0005006736957554057 0.0014601046260976271
2.8579894336757903e+18 17.03788242949963 2690.0507142304955 1.3933490518246447 97.83322902960442 2.2174990819102427 0.0007322257922380954 0.0019772591313875036
1.1762630221819684e+18 2.550169355599209 11.549456590220421 1.817224258527685 38.05527851063419 2.3301606710687706 0.000969343284686183 0.00688685236953436
443712936975635.0 49.86771235267151 21.267512760811005 1.5669570249639904 192.20531664200857 2.3220610243342277 0.00022355115345245514 0.002504180933505137
998168478066217.8 87.41005536043156 214.17605986260924 1.3412875736638323 58.94318901442985 2.317512023703784 0.00040786881451320675 0.0033147012925558725
3735109130424810.5 69.97290239772455 379.46874492981715 0.886022006183113 37.01337436955094 2.3769925027971586 0.00013562241362756767 0.005664311160872201
246104903305301.62 47.32607599647872 12.06082077217525 1.0018326944543765 21.02276154932003 2.1826011825953184 0.00022699464238118536 0.005803066296906335
494865661877555.6 9.858616135149184 989.8790374221344 -0.19786441174480363 154.19960551971752 2.3460941935849733 0.0006863971907025035 0.001213357159719126
300219155558382.2 75.50044965886293 158.7803277091037 -0.3096028401261639 256.5349255461304 1.9195005552629487 0.0001637904819376737 0.0027437268768433875
8.477614893856604e+19 0.16937061624906535 39.916059146158275 -0.4005830334372076 44.67914793768938 2.333545651766512 0.00032822064135299176 0.007623216256254875
553076010237152.7 79.3988958278752 199.18788550506324 1.9969124420318323 592.0652713171507 2.0689460113832974 0.0001960966720770524 0.00944037799343753
791159296661200.8 1.1975736028778048 187.43501909926866 -0.42264793072135487 3141.0399236720696 1.4959752262445045 0.00013239087378380478 0.003316925563397355
6557376933613392.0 78.39400604578458 65.51944955669562 1.6364822999291202 13.549534590905976 2.2345007434308286 0.00010182011562952097 0.007608318954099665
803365841283834.6 8.948433847868747 13.160212018328291 1.0127422021563082 947.4663726187589 2.240372400539214 0.0009033884623612444 0.006616939336547523
708062857617836.4 11.333952346159933 30.91900400685826 1.2261638813477373 749.1221811324574 2.208672358350415 0.0005498830696080482 0.0044118127819108765
7720790803632163.0 8.014591805966134 104.18232767571355 0.16670577851092316 67.67776223062464 2.3775438144438144 0.000359979377779807 0.005400798035473802
518202518620138.8 13.850074300520465 1415.9919138124942 -0.23548295047338597 101.02937296928235 2.4379398964679284 0.0006699626863953409 0.0010948849198126082
7.302658928124876e+17 3.272119922216355 19.216101813371882 1.9785853738982515 36.447341513763064 2.335889228082754 0.0007864522380848032 0.007572542986076692
364693196361232.1 92.30855120388696 65.42043880453038 1.4685766854855873 240.28101670351015 2.1732781751758754 0.000461452460848442 0.0006693189058473254
217856406267079.72 88.19083816147202 19.283127871446 1.8849016157499976 12.424271068519818 2.172222850597734 0.00012376560345540434 0.008678004310939288
5289413221292899.0 19.65102933118891 20.876257439046316 0.043823033925791455 32.3005497165069 2.489004135757141 0.0005031463289010541 0.0066896837249549295
417661162821355.8 9.641085748537277 311.049469950369 -0.34646384749740955 57.646789743346865 2.086472296238241 0.0006362734712044594 0.0026812703635066344
300376607255607.6 89.86264199501574 182.9779781142864 -0.13412140669695266 119.92384877620576 2.205997512111096 0.0002030097846703319 0.0009711481651251365
887613205619740.6 86.75069868364277 1786.110468799866 0.5917707534546943 754.3529039674252 2.2183785091282022 0.0008172584537343157 0.007710993879126221
394172945741015.9 59.61406646145735 239.02398005334018 0.3411180585499035 353.17185589501975 2.0344456240204396 0.00033108564849841415 0.0011885479706712776
857944596522460.5 8.475730078477351 50.506704957936016 0.541917108967964 1667.8977745042857 2.1806206610295336 0.0006417182571177579 0.0050906030067086345
1213268419142480.0 37.652682269513804 48.588582148023214 1.6670636191935808 24.528391900966593 2.2221727464821885 0.00017835950769086765 0.0073840090362495905
365716530581956.75 21.548654669764055 93.30170855531361 0.6889014603558964 172.83664863476554 2.139688832935551 0.00034025134986119076 0.0036502390635561985
3417389770369669.0 2.2170968463089373 21.647781774711447 0.04206606870109597 402.09148952351904 2.7243876081145366 0.0008576589853324362 0.0023520055588042597
1971067867349715.0 92.90722466608939 184.9786949168739 1.3922320253029832 30.020639206612277 2.214277907635909 0.0003836379864872076 0.004157450131583443
5645700758669007.0 45.488549234245916 2075.7299737758735 1.3608849578760176 289.5908104198791 2.403333403270887 0.0003168871086599459 0.005796853268992419
419941793663607.06 44.797837360522614 67.74470513838182 0.6762585059306014 400.4494567004065 1.9646440464836668 0.00010958636014038418 0.00550617642322755
721805578417422.9 16.81945149795756 562.7648282784891 0.4182703753921748 985.2041792349359 1.9296278510148794 0.00012536978847571483 0.009493108306171717
324497676043395.1 82.02377292260277 11.395228748092732 0.2856162871602381 242.38080069214283 2.010821376964914 0.0001704020668841637 0.005296934186677785
199397178831974.2 91.27384916272308 21.588940298155062 1.7153281467866102 12.850496040845691 2.1521210425069395 0.0001343516890158216 0.008739200039683292
4.014485535329781e+18 55.047043665591445 330.51188770192095 1.391212951809807 14.952696189196736 2.2894892053121447 0.000403385413979273 0.0023176653088567627
444267299678963.94 77.45467707696488 223.35261644368927 0.008718440548544981 298.95586903445314 2.1579730187849897 0.00020509888771966586 0.0024592177662082194
1.1762630221819684e+18 2.550169355599209 11.549456590220421 1.817224258527685 38.05527851063419 2.3301606710687706 0.000969343284686183 0.00688685236953436
5394382416840436.0 24.999035621311812 25.65034244775051 -0.2972872814183608 10.670663652668757 2.2543223751974333 0.0005392265797644766 0.009372874757503332
422731205114262.44 99.75806310630163 45.76493081336184 -0.40471440550112225 251.89571034646548 2.2338832457562265 0.0006981104980733699 0.0036264898394238214
254510316705157.88 90.58458649978982 161.88074322404023 0.7592006286340653 97.27193510518389 2.230910593253965 0.0003082362158458282 0.00293816014862397
140588732175863.17 91.61500671622977 13.549366539711563 0.5471483386656117 14.585949603818595 2.2161710852210996 0.0008241857924111118 0.008439285977206373
2864235850179637.0 62.609078203014164 78.5521823019055 1.7594161085193285 20.804243243758048 2.204354347362527 0.00011856961836566467 0.008988759941239174
295848109391709.56 92.41583655898125 133.4442840165576 1.0445190326206732 273.53713973277587 1.9659468731915932 0.0005298445274530257 5.504580121231252e-05
6.99561145412032e+19 17.780408414738332 440.9501310536918 1.615400802480574 32.03349680733536 2.3508004110901757 0.00010049067278809953 0.009354150518579074
470976807653727.75 52.572283210485416 38.646098021185736 1.4271798383132115 428.1766082266213 2.129497936348886 0.00011106873592443997 0.0038226104507579116
2367201973096195.5 2.714692656771213 10.771489198364016 -0.05333355230676959 330.642861697927 2.494350478260687 0.0009179292391699412 0.0016934529282638293
767717141569260.0 36.42183010965353 916.2203126803201 0.5297011497325839 1456.051189278558 1.8542808140406928 0.00018185366343201 0.005443901494994456
2.2402858349423084e+16 51.66639233573251 145.74753214818816 1.610145931034719 20.289954268977 2.157468653161993 0.00013685932853775519 0.009863228702601107
685158347900136.1 13.370326927416592 224.313832656269 0.4921720067985953 363.4123454057928 2.351070977047897 0.00017300593046818018 0.002891900971463352
405366201246212.94 66.91826336282311 812.3104842725068 0.1894440201256875 49.83210757575673 2.25068392362739 0.0007479982684272683 0.00834017682607051
81556154579711.0 87.8081157425613 453.28592778742814 -0.17788504630662394 22.156915688207484 2.149165263392704 0.000343486388969051 0.003722468605229354
4085580580563889.0 21.962871829440253 43.51738811443287 0.15646658847803063 27.418042116738825 2.4340692337601806 0.0004473059716729369 0.007681567238454471
1140966777628163.8 50.74872865528471 1516.3649706121384 1.030963035074548 652.3492386309048 2.38620247725961 0.00011886654775676632 0.007123358050065714
392174305061107.7 59.091114222013445 15.317929270859809 0.4041161421968068 281.8547257664275 2.1271984413067084 0.000249497317613389 0.007067631631163318
1054888465543292.1 1.45310293392426 92.77428699560119 0.9961185258311719 2049.186134600432 2.9008678309175484 0.0008280935694768033 0.005891939537551845
329339391416243.2 84.16137054218281 103.63302079144692 -0.45847900064868535 113.77394926756718 2.1448911081708824 0.0002581153156159868 0.0008659912951832598
465043647018157.3 38.016018565294495 96.01180831343518 1.9401091355737403 43.365734595119896 2.0484294137402177 0.0007586484081554748 0.0025351463858853457
423522749387438.3 39.11398583679962 54.91851473163485 -0.2882401648530388 120.9006326280323 2.327297803502342 0.00027117283455160976 0.006700341732726899
297848154712213.6 82.91408292309323 578.7233595516611 -0.28515955358334627 178.21411889967308 1.9947333050749978 0.00018096453275412937 0.006489100991800724
347598492002056.44 42.76585444605539 25.328609460415475 -0.30827082721177534 19.07038127368974 2.1885794289403404 0.000317012988770044 0.0013653115481709098
1094338338449579.5 71.12591343905049 788.0575919570687 1.535026768978047 297.125783683667 2.2955700288466954 0.0001594027031459816 0.008439380802511606
147476238121248.44 75.53704755930652 20.483791833566833 -0.3963936570409645 16.035245058900117 2.1608226301267495 0.000231123697609907 2.5041068663637662e-05
694180795357344.1 37.234756108060594 20.12121925798243 0.5149486129037874 26.052068409832998 2.3681240093879676 0.0002852425759700639 0.0068195736769657515
360269664856758.1 77.30496506878913 100.77144552895743 0.47137871858243985 204.34687570479082 2.1851117369665474 0.0002318737869083428 0.003850101786028081
1488840406943856.8 70.00637222164566 51.70371824379079 0.6052988576791853 10.415169134593782 2.257499248483372 0.0001463355621658115 0.006781606362561146
2300971547314305.0 98.86177927755777 169.84836233700105 1.8023073585657703 37.51045053137853 2.2476031898941287 0.0008717796443561823 0.002364651484491444
1229131786890657.0 93.56122818161384 1460.137304614571 1.0124509324116828 3115.026693316452 2.508818929067078 0.00013698428840229352 0.004319379922016179
488720196612839.75 53.11780573751937 27.713654297848674 1.5021296448304926 237.00017871032452 2.356047056353356 0.00021907909326805672 0.0022384276045335563
261738006249765.9 39.32631351354654 111.5555870854565 -0.4437659901042057 88.30820220753466 2.0809363769208793 0.0004076407861289327 0.0015693779845003565
436175427922605.75 51.70524130760172 260.39359058540725 0.09642980125171347 16.425607347169734 2.2092583361135585 0.0006861491524999022 0.0077513188836000006
1.0169556722995838e+17 45.2380452753066 108.41277298169513 1.3163083543835152 18.34958991860753 2.408538289912512 0.0004623364123690943 0.006148388811119346
1037025039953364.6 97.46299990333299 292.2352224364402 0.7976970776363014 43.583047221808236 2.3814495731737706 0.0006305101944871144 0.0023982772036141224
3666266633489805.5 1.4986047264331273 22.667609156011732 0.05635598196614644 449.6099296077715 2.7246040291250413 0.0008572748584073323 0.0022050102342127914
200224432563778.34 90.92006381186843 412.37810173964493 0.4967127815269117 77.5927520598073 1.9740471686517382 0.00030750393782786884 0.008939365933052756
399446120944245.25 70.46792191457757 156.1189712269198 -0.3093792821212859 114.2190822216273 2.2828313375579494 0.00044275258106012984 0.003616692790229559
565662364452191.8 36.749488762300864 206.46530699645066 -0.05645116719103549 355.48668939336807 2.284417068839842 0.00016362551193030534 0.0016205585379183375
270350393255879.6 52.44314291742148 10.017166965376546 0.7507403284350258 158.01401457657138 2.0686138463790122 0.0007802452491903961 0.004368490810901777
2295282557865275.0 1.9636295565898847 29.874899193971245 1.098433572809682 259.223155793323 2.054139831338102 0.0007991301461609323 0.004044549633314424
528973900367160.0 63.45815523858842 134.46912724546192 -0.22742946521897411 541.8322838575608 2.1693621643540646 0.00021601271964181165 0.0003146188292977078
418484635292831.3 35.043732307175326 73.4475611847308 -0.4680959115014496 140.25446103802446 2.3002072665670865 0.00023493105363978184 0.007452400008167899
284884025894272.25 79.53456262659297 113.7112233961183 0.6077762722948654 141.86526626512503 2.2343855148665583 0.00025799359293901097 0.005119365408123027
826281250931438.9 5.9696296055778975 133.80659390471573 0.2752287321086303 3398.4612960838635 2.0480599213653226 0.00015683808523730424 9.990231742180652e-05
5136621426833414.0 65.54881542012168 1441.5254629644442 1.5314965711927324 182.92928466111377 2.224153820119379 0.00011883873099203247 0.0013241305012553191
925546289145319.8 42.15962034699525 425.8361135925877 0.38678857535190914 41.59257639511211 2.237061764659018 0.0004152759352167834 0.002570592293408484
7139571344102241.0 70.69779173839365 660.7162802488831 0.4424107259432741 15.300884900700384 2.4004036027516538 0.00011868783212423853 0.005659383320174545
94568772899192.66 86.73091814326565 27.93400380841343 -0.44532933872875957 12.20167303130615 2.0950204566640136 0.00020273141544930012 2.3905059786034043e-05
374771751916915.3 35.01839568970232 209.79176885225166 1.1517632805316715 213.76645708084092 2.309413555576101 0.00014513171536288316 0.004230642359041731
457885684988839.1 59.08663175307034 37.24580154519751 1.3008810930300663 850.5306648246244 1.4864970822936399 0.0002569446991518781 0.006708057316685323
1115116787974121.0 68.23947161579132 259.47232455943345 0.2953976867962296 12.362552122655282 2.241902377553668 0.0009901352074203253 0.006684107572643228
772966795834094.2 16.639071495862186 103.08034164440163 -0.31922548145071894 1448.9743783106615 2.0411562153030074 0.0007941209567063454 0.00372779501551581
587129886735108.6 43.354378037678146 32.07811925400645 1.5477477738773302 300.4301027290676 2.3463214307015567 0.00019347799224671595 0.0027159572203342064
627158405597010.8 26.47367592942661 63.364470774388614 -0.16154828449512126 483.23751933491025 2.2913418516001656 0.0007217769506395496 0.0042411839199023695
7220750103611397.0 6.185244468524489 1736.158785960898 0.940978140650947 421.23296977176 2.8610539180877295 0.0005443337451922038 0.007008907585195903
1271661263908950.5 65.07236496936795 330.698428005994 0.6038303296699109 16.396517289210014 2.103194506882045 0.0001515486536137107 0.009007615954968642
506246816278198.0 43.78454076770072 12.131520116397079 -0.37058956724337366 321.63185120109307 2.270189192664909 0.00015111631470545738 0.0034219869390771174
571243557873385.4 72.160493238216 318.869069510439 0.19773958388009438 665.7038684097612 2.1343735702723636 0.0005722277141134262 0.0029428260525735817
558203397659055.9 16.091432263057413 577.4193356906505 -0.03231173639021301 624.5593544266206 2.2214835661665653 0.0008241169126763136 0.008077031621732709
5.941095483714843e+19 0.30960237119889394 39.010326570074255 -0.3451385909152763 48.852272156335445 2.3513834184422273 0.0003214656156835926 0.0074774140838079995
608042803296636.4 54.125937137381996 76.56224611443271 0.5232331104559177 429.9294080554673 2.204698453177239 0.00011367274347780381 0.004022701731893099
275411808361659.6 97.42744371904826 14.031302525729938 1.4707326583129587 75.90984520092736 2.3245383297845135 0.0003735791173068377 0.0018993499591320757
395051703050992.8 49.171056422453944 85.04318132806692 -0.11839290720437878 197.64699155545102 2.20353402334675 0.0003513167667241402 0.0027005425947965902
398213682735817.0 99.4778338749026 41.7952684837278 1.9318171166467946 178.32630791918643 2.2049065872539173 0.00034556348946694783 0.002780349241300276
607782393307480.6 41.052591629508676 14.242259321825227 0.6312261878533185 32.0583481644401 2.3948741293037386 0.0002643604702939404 0.006292429915815705
129247987954854.86 98.1787270876163 16.93159641222842 1.8749347187342567 11.974018596138833 2.1311543936288295 0.00012376859853042318 0.008718158968934995
111995491384935.06 89.52075617872413 13.060836732153373 1.793046334632323 14.3375655047636 2.1824519147390067 0.0006356663180019889 0.00775294535103146
305211378645847.9 87.88642245918726 1281.365783622913 0.18635106352848307 132.86214408522773 2.0505861756018353 0.0002664684431442279 0.0002886344818676923
445062044557374.44 37.90372950211822 83.37433218321402 -0.4284439103192321 276.97122017363404 2.1544789634739394 0.0005095646254343158 0.0001624806595162667
316332944214762.4 82.23945878913973 847.4633566923551 0.03913159389925003 188.9112670109549 2.123908673253068 0.00011070307373121653 0.00415533281107317
179359423963960.75 79.44267899371903 40.08913466810326 0.3466235870259894 25.860334074249387 2.197782192185993 0.0006504700266954622 0.0050257310158714884
684127901967578.0 23.16697764397268 84.66372306504834 1.7943078484650612 748.512166462726 2.2904396847855266 0.0001238431083197973 0.000958346450970698
180935378124484.66 82.60954040458132 45.09499413212022 0.01010026731313246 69.38026005299365 2.101954161256753 0.0005588077375994328 0.0005138078217843452
348931958953408.94 8.329985902507516 238.30319228385844 -0.4732826152880165 23.20857561678336 1.9722249824917286 0.000605785808950517 0.001257045276153895
127888031299536.12 82.01591292368703 1388.6514811544928 -0.20090605011999782 47.64849849846663 2.2452788701128696 0.0003830456133165457 0.009378005799082297
1.1706796072696006e+16 79.73912424774952 297.5471603063499 1.1060456738720912 29.704040398044377 2.4520258418998515 0.00010618586641978742 0.0068554167695991635
1.0058070035569842e+17 39.01533487264301 40.2183668327727 1.530339163134086 11.296964802281572 2.314196126415343 0.00011878847640392601 0.0020120816410724076
112871356750563.19 89.05006894282732 1494.6123151609413 -0.28842450284410726 46.96557629739002 2.2560167850992205 0.0003787261461819544 0.009400224901144777
1209744351145480.8 78.54538151227135 2125.826045963336 0.5144389843275128 4389.536829888334 2.2435867962194154 0.00026090754779740466 0.004019290026211162
560548678511278.9 58.574287969549395 68.16145102124747 0.5688931102477959 479.07902403331207 2.157114952179792 0.00028743726743449006 0.003949281160130438
247019227929071.66 83.76295142738101 69.32850747384789 -0.1370022058639384 97.47020188987639 2.1202695486077485 0.00035001541815406407 0.0005426138090136778
1093883153841553.0 44.77740979197824 670.2751772480499 0.5820530362710289 81.54235896275854 2.284621734669203 0.00026006270162077 0.0017346035473110354
260273737070646.44 39.47582197673264 112.84214884144437 -0.4373438112155042 86.62852349192241 2.0803291099364474 0.00040970015418033905 0.0015997944856046059
3341803767562675.5 33.053668023010914 373.603827802086 0.8735375045791203 46.88221964554656 2.214873570207223 0.00014558827878005884 0.0015497748382075176
8.914920061015013e+17 20.85814578842038 1310.010550427466 0.46055010966471854 16.14680554435492 2.3304975687626945 0.00012173408694911758 0.0070906331896065464
506098217252795.1 37.09281805623931 69.84827960333834 1.8979042729430884 99.23760805256074 2.5238226284732783 0.000663906035145466 0.006881731199725991
596871489178334.5 46.86024518321362 347.6089703140215 1.473150786458992 224.87253305709157 2.4526818085483484 0.0002715742371712856 0.005782870742330673
4.0997923417821715e+17 67.7712558539199 2203.7043161094853 0.9344895854179647 26.216812407463287 2.367130247087889 0.00012802345774913317 0.002637586141649272
2106821263976516.8 92.52664707411685 237.28847605936906 1.5990346486718723 46.41679727631227 2.2749302771861046 0.00040330498134562233 0.004276697383066632
9.924456075772706e+16 39.293031064516896 39.112045163740234 1.5107536408227054 10.571517479013242 2.3246628337795205 0.00011557178663338386 0.0019569629602068234
5.1486741671681805e+17 32.57671578352002 2434.2073738006034 1.2311825627519573 61.66539469076858 2.1950074270402364 0.0006242710447175028 0.0038445217396122448
6557376933613392.0 78.39400604578458 65.51944955669562 1.6364822999291202 13.549534590905976 2.2345007434308286 0.00010182011562952097 0.007608318954099665
484010040713107.3 80.98793115520773 400.0607997132216 0.5204225474124086 651.0298657507026 1.8067250314665633 0.0006229841967501463 0.004130396235225146
696005289665263.5 25.881329294223164 1357.1297205731275 0.2620064235533255 501.25074074810084 2.355315460245967 0.00029676681415086186 0.009456122779942077
2211124673507968.0 9.076759894913536 99.89524206259783 -0.4969463935673329 90.58238578260861 2.3961975044210857 0.0007055322303537311 0.005138685017212798
4276015868387372.0 25.13507848327152 26.506417864583863 -0.2993846619976314 10.208530409185173 2.231840509560903 0.0004955704590751182 0.008717170494070687
663988139524277.4 25.49801296459271 14.365941457718838 0.8045150333038358 817.9273349180145 2.136777692007877 0.0005259799669321669 0.0025339406560142648
4.483679090018989e+16 47.171600698063344 110.80242197887958 1.8493766146008082 18.72006569020388 2.1338796719325184 0.00011531448798178855 0.00988173556017654
1162764605323964.2 48.6075795796571 561.9289301473653 0.9530881335053647 176.02759062942977 2.596433657793494 0.0002174036024957762 0.0030088331603922557
2332156359541032.0 96.31807497880902 130.1562918301522 1.6909429882243432 30.476761785889785 2.317288562444894 0.0008001351430533371 0.00268739705272972
50306953188769.46 66.07746783286669 1025.6634749443638 -0.3417974400891035 21.009853887464512 2.226094288357803 0.00013461628498619157 0.008077507852222337
403263258111652.44 9.802874926455976 363.6364788445877 -0.19553493020063967 53.375396902078506 2.048859291999846 0.0005738754506046135 0.0025004381504579558
306067270642325.06 46.07650889446147 38.3308963453823 1.162845099835982 28.415365403724596 2.2115386986671144 0.00015023541963697935 0.006191149584433682
67517718074465.08 14.96539810596677 1269.5403799497824 -0.3571883496334325 17.87948583978504 1.9981969067997156 0.00012775071648497068 0.009060361876008758
956024139676201.5 5.242183779829844 335.6929462122999 0.021530053929545545 2302.4772571371095 2.667087534824173 0.0007773030807000657 0.0058559963448937945
8298726160763293.0 53.34554247798065 2433.2710406577066 1.6811909826349158 253.54658847269442 1.9379995942235888 0.00011691750239787153 0.008794880227286162
2.416897392334247e+17 15.62557383294303 246.14640524684273 1.8489595889315997 41.222935623230846 2.052644378191082 0.0009073189060256938 0.0011121275141514585
3240806418492737.5 37.285247876622975 77.23508590932872 1.6728137727367136 25.143757033495252 2.1757309860098153 0.00023164256831996485 0.008047679856872787
1.2229864881080466e+16 79.47176472294336 305.0276781781274 1.1184686444920664 30.651073403199817 2.459487180011374 0.00010367232967800298 0.006829713661230839
2691866597156335.5 66.74190789187116 332.64105409764466 0.6618099726289659 14.546726129013095 2.1130895036989523 0.0001648212311929945 0.009509339416958277
3162777936825293.5 25.430004094939434 25.621929657138097 -0.02882702238627244 17.661336450727024 2.339937333169069 0.0005490496675893233 0.00814131004266877
4.0740297042701855e+18 20.893551849626075 2630.751961967861 1.450628566524601 97.61840461357544 2.364470688398485 0.0006949081469578084 0.0017889387115002852
7118506938185600.0 42.08466619342421 2137.5652250219305 1.5184790335453884 331.9283648018734 2.4407003942472603 0.0003132201056620807 0.005840396719315793
3984236742365033.0 91.52741197857834 263.6542102815316 0.529903193966132 10.102932855787838 2.2816368490843235 0.0005674122098555525 0.004272287285127915
2336960039850810.0 96.97722609349711 178.00807722861796 1.3493181523223137 24.378528653216286 2.2009614318214754 0.00041471702860260574 0.004278600183523605
259191958165015.2 42.736732287822676 23.000940870456617 -0.1532798537749388 20.449055467864966 2.1613212867312375 0.0003146431290321018 0.0019531538481863215
1192643172671092.2 68.07191519258599 302.90102142340857 0.5805479021996226 16.25869556704416 2.1009846638451593 0.00016269956434392056 0.009180214447645321
646866634714698.9 17.841288736534672 1691.7472000410842 -0.1674778055472944 100.58913135147218 2.5461678609110536 0.0008529225935677273 0.00104641685644432
162886077831602.44 96.18144105028507 42.18394636591146 0.20447993900609063 11.954851086679499 2.1906134598727003 0.00017217170291458823 0.0094624853069673
5.57972301087128e+19 0.5070695758564656 31.203929601979986 -0.4119503309476664 45.56549936116928 2.431014015792287 0.00037518888815184687 0.007156702816212895
202336071901408.12 92.16059687988175 18.687963917536617 1.8839782745358904 11.720275470226184 2.167300577017701 0.0001235402672973281 0.00867887228000714
1.1369218384596159e+18 20.47555412964504 2033.4406075048012 1.2529097511031202 71.94056282515274 2.2200815585868607 0.0006011172463725382 0.0025484421432935174
5.637967635384445e+19 0.6271349619409268 30.031385710227234 -0.3222411495723081 42.350124589010406 2.4301440517772375 0.00037835317186048044 0.007252381592010224
2.2374052857898427e+18 62.9540851933576 2212.06927528104 0.9623451577821144 28.2920132367657 2.4976128093357715 0.00010449565969681353 0.003271593020838193
779775092451959.9 31.14170879082684 1294.2249985682374 0.4879330821062712 1307.7831185763227 1.9228667288829353 0.00027539655068282894 0.004971741490721929
155968600739885.8 87.28976767333408 51.40538660194771 1.238916644546601 34.490035063930726 2.1957156238038777 0.0008868131967065492 0.008299744453420443
527946093024802.4 55.878438626074384 78.95557261505286 1.4914626151508052 700.8213404231406 1.8939002218153775 0.00017276549693620127 0.007710702898377229
7.566310475485522e+19 17.593973346089285 446.0121933818418 1.6207586659667463 31.93550419683385 2.352297947808987 0.0001000818364902212 0.009376118826304488
1373696226843827.5 67.031376911012 51.85914906809395 0.5165286125139177 10.419466993314568 2.242956419168839 0.00014524552473831146 0.0060587235375223645
572648722840824.6 33.90089074693921 745.1305696795948 0.006190326902503651 14.090535784226015 2.1349005527606204 0.0003632740260503109 0.006623298789070154
4.1408284068956616e+18 55.45823092167791 339.2500561721982 1.3901407828896568 14.955831633076876 2.290122832625635 0.0004034532674685299 0.0022403688096610903
1142649306265840.8 99.77172334970494 1149.9328501723246 1.312380905246105 3206.2731064705035 1.7759859712598955 0.00020783970011140247 0.00867434772654142
1204677465252154.2 28.083437329007843 718.8852777666259 1.9814774850557888 625.4005439215352 2.9965813405251716 0.00024691164756036356 0.005970675976051243
1.042258450069713e+18 56.383631273259134 581.9953651578838 0.9990894662961448 15.182230050966602 2.3033954297930075 0.00044460054481951423 0.002947347993255891
300365636226308.56 90.29611056817 1864.9812670866665 0.07492694514880183 126.46558020506664 2.110657414163306 0.00025222796655914196 0.00015532358762276145
1299196897565492.5 97.88654604089439 285.9743094436409 0.6880237154055459 17.733369075330078 2.1616546723046572 0.0005971549475777359 0.0034931605005898087
4986427212414013.0 23.096095908805275 1971.0383351611804 0.331617602044219 74.80423141978257 2.4973601910333882 0.0006222696148363436 0.0012419426493437465
1.1002713150177022e+17 17.088279084134744 241.8926332125369 1.7174113585857598 40.86594083214241 2.0837722967780405 0.0008523914230659114 0.0010319847782615113
184655788877040.34 84.7482652961714 14.612166442777996 1.7633806489432164 13.062721236174683 2.231086184872212 0.00013693498460994746 0.008685486694747304
1.0296477261148464e+16 2.78069775939926 125.17245008787384 -0.37678735750847014 163.178526300588 2.397986702347362 0.0007750827671968216 0.006339929405726953
2636435043634030.0 79.02805712843694 44.72078455792355 1.6530944616794807 14.935818170276669 2.2928830863950656 0.00011443060146123146 0.0069507108077371295
328591379494586.94 54.519949596402036 99.36130915091721 1.3226848992694293 99.41730596144227 2.4080532236972885 0.0003597925980019202 7.844321530480532e-05
221199402945824.5 97.86353259474195 586.3621951406897 -0.14561769114069634 162.4569936068988 1.9185825531756864 0.00010424701665895493 0.004412868162216627
465410149639190.94 77.51596999454091 349.0881592004697 1.5708955843247545 261.9222278329087 2.3915528453776966 0.0002456300654361014 0.0016661217766829701
88803139347000.77 87.09186488025784 474.6249896208365 -0.15047974669404485 23.46719576873506 2.152782431874594 0.00034817518927592506 0.0036437753820463444
968769993701130.4 84.5398622317862 1322.8854884499676 0.9425645380672253 2508.3593487543194 1.611364498703216 0.00027186833267678546 0.008631687627895603
136965777215832.36 82.16537366749617 40.01232127426329 0.30307796280177446 22.22461723275879 2.1645769733095017 0.0006105197502504568 0.004826614719214813
589114370834746.5 7.719975607798915 386.07254715480116 -0.30788897534164716 262.1377872828345 2.1570185448530297 0.0008316137625474556 0.0012440670541915364
549374610820306.0 23.36984933718706 30.12383224281415 -0.21172038760510267 90.52009659121488 2.3229855433829836 0.0005752265855539203 0.0029162073408377917
348078609222265.6 51.581683059701255 105.91450449067163 -0.2806069707361264 146.23078084948725 2.2165168770643655 0.00032748474207202396 0.0028273784789428972
562474566450878.56 88.67600288713577 77.51537158835092 1.5319768285521587 340.0735995646212 2.2889540909385184 0.0005124078246762795 0.0015349456769716031
351037873930235.9 31.9031665174806 31.165437024946172 0.7896311200119127 115.06954562128246 2.246539663014082 0.00038951333417235105 0.001910491620572624
587894958581028.6 36.35999700849813 313.1267928214823 -0.4989522374728761 742.8215235128794 1.99625496072086 0.000357961118314743 0.005916433706684656
658406589928266.8 67.85674616000622 758.422297480898 1.1085049740776707 609.3816192148934 2.2553065516377178 0.00019236930371012483 0.004602616945492433
4638444437238827.0 96.84391147811729 269.76431823197356 0.727021664043004 11.607393466797893 2.232607456467545 0.00035135371588220654 0.0029297135553938793
4565550287747462.0 44.36462455656812 2655.513263798469 1.7712833694116126 901.4231339457474 2.6548516703369325 0.00019633352943883387 0.006731674808200332
303860478698734.2 84.23913870886432 437.3839679638444 0.6150144404369469 45.234185915984874 2.005663852027266 0.0003315721204473575 0.009164302787256292
711632293263382.6 70.94062960498609 862.8596308013528 1.5196925319862804 614.9475334219737 2.2812421660144233 0.00021115517473299018 0.005483406963620312
362149415544132.94 62.92792302433932 12.617142673546324 0.8934394094808008 170.3077834410734 2.201861513376775 0.0007102801940907393 0.00387858078762223
713834686773892.2 65.51373075932668 766.6562547331235 1.0512698041520718 702.992515346174 2.3103858525377694 0.0001937138741371249 0.00387542038944097
460158655752230.75 86.88410781565453 75.35931037255166 -0.38260467568507206 237.49545081707763 2.1669914434396227 0.00023033240583320117 0.001179325770139294
2.447091199529829e+18 23.31599192735205 2143.197835902932 1.4884426627414284 91.67417772403938 2.3208706124978384 0.0006885555520405695 0.0022687789468166563
5182281888423409.0 67.66913691290813 1206.271644359881 1.5255002625008025 157.09074132093147 2.2245413652405066 0.00012107454054526935 0.0017365337492852868
23075638481479.246 65.47959313966759 2500.929731002272 -0.4583915590430921 20.31999961335501 2.1947295470300787 0.0005743503110865331 0.00595535500397966
645776479755512.0 32.28251742698821 241.87193962124687 -0.30036766522380975 702.606778525083 2.0166618470913646 0.00032826413454692437 0.00509027713692038
226879710931790.97 84.45615450143747 14.794915039697733 1.7727812491931783 26.8092861950863 2.334879526233401 0.0007133005941682036 0.0073897542889103385
3.2321377190790234e+17 62.4035756407202 1824.9242623164964 0.8923854629052476 25.856684732404123 2.394886264608764 0.00014160483898963296 0.0030989099665966317
721655029964275.8 88.47756485503055 1205.2573327208581 0.15028824371131067 13.818189344953177 2.301683253790964 0.0006271952947345113 0.005584224697947679
1304414466069992.8 53.98883800897198 1872.5827825651634 0.8919569217248986 493.00055427321325 2.2703298796284885 0.00015101985853609493 0.007381606182018075
418615845968520.06 21.321506777385146 117.27858276470991 -0.16975074283697733 62.976021766965786 2.197257944079548 0.0004197384793480342 0.005485131004956843
3747355738185651.0 25.97690418641801 28.186271674601663 -0.006836605949709584 17.63063791810556 2.3461842938026845 0.0005275760679502096 0.008064049033056011
651995018239241.4 22.87091115044864 873.844010273374 -0.0023892296691993 878.6462640212338 2.346688613148625 0.00013771560532762863 0.0038615699571175038
233051413969403.75 92.36184335149619 36.052449728293055 0.09796682208788676 15.548626647563394 2.2401078221570128 0.00016599424257915564 0.0097380826846486
638882451518879.9 11.983410697135898 28.88134004157496 0.4266364248423128 970.9918865801686 2.0717795978877 0.0001497986741703473 0.0018384981019307202
466048400073846.0 42.08968124201548 26.262083316582302 0.4400370163355342 63.21993165497552 2.4085780800861465 0.0004625232214368302 0.00019361004324096407
413566057136239.8 19.980387629470023 38.194545817829415 0.7084465035431693 144.64727679817324 2.217765924574225 0.0003751529610439954 0.0028515894436720694
1.0811018134830881e+18 2.3867142691243934 12.598757841491217 1.9713690707127212 37.15129694945811 2.297020911332713 0.0009274162500467023 0.00715493044849393
1.2952575430221445e+18 57.06502313391619 333.8155310348913 1.2709924844817866 16.272234171679337 2.3420217188602033 0.0004980994402747131 0.003253519446721185
5474644236196812.0 62.99156506622284 474.99286580453594 0.6279667314849378 11.889777297866784 2.0868218018173317 0.00015337830056149596 0.009813122661120104
1950583853353099.5 0.22370599426806592 126.93974686722883 1.0821391869229822 1448.6011016441912 2.974251476708335 0.0006973179994473304 0.0062305083523857595
2372238066010839.0 9.945573126092093 98.88641241334047 -0.4414380031897778 97.61790483420698 2.405701112939255 0.0006967785703518083 0.005327484803919463
548951187853268.6 36.66819263136674 64.35073279939378 1.8748014683513772 90.75075518181167 2.520284133589698 0.0006590636728325431 0.007002931756890265
621048161082988.5 10.767408824971605 285.2012949797343 0.5379170897617607 398.0166963347835 2.3680905814589153 0.00013350989977627858 0.0032440476337961366
195163125513667.62 62.4107659581054 19.09475661949316 -0.32874071094401175 64.9130030932898 2.1707429840819072 0.00046268669371294627 0.002503600904464336
632549479993670.9 38.12281734385274 28.582897219475175 -0.42202154854153195 524.674082088359 2.3950541106667464 0.00012021644861548892 0.0050185931337728374
4040921178402301.0 75.47081360457555 577.4943248770264 0.49572345527145256 17.05906068797096 2.348063144004436 0.00012001348966071461 0.0061047859727489315
604535343096214.4 70.01557380938777 11.822302509567482 1.9575536606795836 1289.1138446637983 1.3605249849774408 0.00016416202789695347 0.0049300151787157334
1.0823026892733228e+18 20.0702147709476 1291.7628191660694 0.40636164841222017 14.499273180049133 2.277382545803861 0.00010551968963048914 0.007302005029632021
383482294966739.1 96.37092600520731 970.2872350687954 -0.030871444374380275 176.98967477309878 2.2587747627527923 0.00041983700289506353 0.003235852037672372
5.991371907803508e+17 15.052082323743539 596.2818411385908 0.2550781526809702 16.34269862537722 2.4036800216840435 0.00014834133600018064 0.007564660875179958
372549431728915.8 99.53942194302223 109.58032196901667 1.9052485807256878 73.79270999849976 2.329645942528794 0.00018878385731375388 0.0007651976786277742
9.090566941190917e+19 14.336270012283734 394.4943661234678 1.618372038494098 32.24426904850094 2.346299381801088 0.00010169957352459066 0.009859736153404276
2196164815862903.2 38.71493346610514 61.178034563193755 1.9794178378719622 29.299799644045784 2.2827279288335327 0.00019529559974294062 0.008634868565208934
818576759276274.2 28.766022834214436 41.47752685312642 1.7703374855814917 31.803134334832897 2.2680986637314597 0.00015080422191614043 0.008832382638446757
159763158829808.75 86.56199642598474 15.316418671962648 1.8263019708275698 12.735025777111886 2.202235915231334 0.00011715287275827324 0.008869084838595588
429273312768186.5 83.50672486487788 393.71321800664674 0.5849033428584148 44.42891592836941 2.0939696134793797 0.00035760566528276463 0.00888590134141527
1.5509881825598538e+17 16.318032079235607 253.25431974815817 1.8184360431998006 43.97446516412514 2.081099740798253 0.0009032121043898388 0.0011013881049221628
657613989196604.6 65.70945285445377 1279.7252269364028 0.35928386723490213 182.46538944404318 2.334264330787243 0.0008974856950511194 0.00908816476640748
493360949010317.44 14.059354750220322 12.51860307082284 0.6076144222274191 319.97755414172025 2.2111124942831797 0.0006823505466837333 0.008457973799107463
1.422943889846131e+17 71.40641324834246 2099.0433673732527 1.5263846710644804 64.43841242480858 2.141411208877131 0.0006432552017746982 0.006729153889118989
1.2056424477057792e+18 19.999933294180536 2054.4909326346733 1.2633507819107188 71.64195037003009 2.2244389445111077 0.0006071580454916817 0.002486746226248575
13692505843453.988 75.67836771702258 2578.9220205267375 -0.4827170534916694 14.830466276228142 2.199689251280645 0.00010283570993106877 0.009761733550838874
473220969321304.44 62.74508975933336 59.331645784617045 1.2226226752789984 656.565872624939 1.7781337413559415 0.00020986878234820775 0.007576748505244386
2596397178680249.0 50.605225650879575 1824.5228360115002 0.9128315100103258 254.271792385547 2.5591080549690632 0.0001928618859925228 0.004148450055026105
225482321394040.84 46.66440342544696 71.90129757093929 0.34907630456285377 99.63035913103002 2.1158283559192315 0.00034476752919733374 0.00043684475087587497
4406890400775909.5 45.29433420683306 2686.066625732906 1.5099475116282894 644.6804867882911 2.4284866843919892 0.0002639191544672055 0.005958204960500052
1037025039953364.6 97.46299990333299 292.2352224364402 0.7976970776363014 43.583047221808236 2.3814495731737706 0.0006305101944871144 0.0023982772036141224
263996892472090.16 75.45266576774401 1787.9958090208647 -0.23802363546210778 208.17944943436882 2.0165168128523 0.00018315926439002925 0.007524494398508358
2510101783786796.5 62.64043179196798 55.21164337146068 1.653032960513742 17.31070192652804 2.2394619731667795 0.00010108699778142705 0.00873563877273594
633793275628326.2 11.559794059803018 171.6431199538212 0.9376714369855788 812.751125240835 2.249505105382351 0.0001514216406908683 0.004087033155639176
983217219030603.8 64.22006993759408 35.832535763663735 0.6138298542210106 10.826729897276987 2.2683101643974592 0.0001871298564697508 0.007632516027447797
639783761329178.2 9.654832789697608 19.873978735874992 0.7180164778040183 655.983637092074 2.108929083092543 0.000622313482463628 0.009165275473548635
644121063361253.8 20.861397004299818 28.223072623584898 1.5934964762808592 850.2383869509506 2.123243773725737 0.00015098616967315842 0.002993385868566091
5.9276609253089e+18 61.24114103987215 2367.12868557969 1.0774206755064617 30.729621388162247 2.533434065714543 0.00010487490104505678 0.0034021161593029803
174902010883837.9 97.69305940196146 23.73650987759357 0.30854064658432784 68.3861777724851 2.0741842408427127 0.00040309138260523553 0.0011487211732165489
159390252403752.6 89.41474429254399 18.097893996860705 1.7331704905290286 17.44097573890042 2.240360776600123 0.000534792691200381 0.006800555610656638
720997320116673.6 56.11583348891343 1049.6781629206444 0.88350732803504 472.7122262772407 2.3856075531111736 0.00012797020553403972 0.005748246528150903
489756745149762.4 13.797070750221977 10.341684013503036 0.9134052246740442 279.56554811071095 2.230905391074788 0.0006913508710638768 0.007792304187246895
584208567414615.8 81.69541162545579 565.1378594408397 1.1222445080678654 504.4709405036785 2.3501000909890464 0.0008333442785027669 0.002827217557955855
143694968970781.53 24.744891823289024 74.28924706405121 0.7083160018200895 65.01958433378998 1.9821052958263015 0.00025853288783314263 0.004118796658566241
289781716801835.75 33.45697780617918 143.68667993956853 -0.2076352426664283 204.5968237647461 1.9572336365873468 0.0003803101174765608 0.002536357388813453
1074039000005512.8 0.9128685617189873 2704.1207936270216 -0.09012509511900046 899.4607040799578 2.3536381317029633 0.0005526706449523989 0.00905414930663885
6.233502656942621e+17 13.707417244963967 694.5912254742176 0.36838267607958086 17.003268921971948 2.2625409638786214 0.00014475624174697656 0.006695016566313133
934449476867876.5 95.26846888811933 1207.0978441343013 0.954375036062485 2185.3977361321413 1.93006692976138 0.00040215686738729977 0.008221505865369832
466864594086650.06 53.36565052939952 74.74229248461668 0.005885811909837772 389.0391137242501 2.1562809601320723 0.00022792867987463843 0.0005038542916002843
348514541839627.9 93.0607247119897 12.148192092717375 0.5062473184768683 152.43508334898422 2.2336514043215803 0.0006839732560692863 0.005550449180344153
283703313582460.3 71.91150479770761 944.8491694312102 -0.005829293306373717 68.58257217026954 2.309128157473581 0.00029832919011214386 0.008556194188722655
920666261315198.5 78.7157994231317 1089.9859987924924 1.0018817333361445 707.259392202294 2.5261371589307458 0.000860387483600311 0.0022553581700278224
6.958988494502107e+19 17.053993303204734 496.14503264198726 1.4698970473327795 29.870737777849175 2.346825937495325 0.00010253935715380272 0.0094085593368879
2.761020629476806e+19 19.41708990477676 358.3451790222916 1.396388339590879 26.921765038035904 2.4213588072926893 0.00011392485330218946 0.009305312742262144
1221694932322675.8 34.41197329724477 556.3276323853386 1.8609339716732771 414.9716571591594 2.8951752147595684 0.00028879159116531727 0.006120944396661727
591391805940267.5 23.976878677697563 109.35775880144482 1.1414467483908668 1022.5198707117801 1.7925632120453108 0.0001137069613864675 0.008117889633915002
431818443909106.8 37.042602331919326 11.099841212664954 0.9269644677995552 398.9951175736772 2.0409262065785847 0.00014349694343469984 0.005265087474807843
507903739428013.2 37.34223764921842 435.9590705802591 1.1023272240736164 743.6404758149282 2.109571431883172 0.00020550540952848041 0.0016076668211495015
1078452823530129.6 3.2883041029902262 2216.6555335298676 0.019184590306083327 2267.844151143161 2.7277057759145156 0.00032509909055417 0.009725875247808597
399295950186387.94 32.784451231440485 82.51056950178965 -0.4683993671840121 216.27681137161417 2.1789092599331075 0.0004992671561703575 0.0007399846575610529
1277016330548996.0 64.07988174465733 49.83020571025016 0.520658013248012 10.586457456772582 2.244057320629331 0.0001434477776993368 0.00592440706078168
529225124089171.75 59.028488016148906 47.15893773641321 0.4245972278197204 429.5293088627948 2.1668631432917773 0.000259132581004663 0.004477588602408757
539060415536013.5 32.964494951582324 234.58303353275411 0.5024599601386407 671.1088653487157 1.8691687588380683 0.0004918082698019272 0.00030217557386806766
8.341299482834723e+19 17.687615759398177 477.2276926687369 1.4791984988580038 32.30801667357704 2.4499099009947547 0.00010754476326163938 0.009599045774416901
348256822385315.2 24.918140631313364 52.555600520989486 0.7367475662095312 159.8355221925917 2.226266877077108 0.0003624860557704928 0.0031269681169855527
2010589514738136.2 1.9797638012286822 37.06327979595187 1.1806300824251852 318.81604237363115 2.1537104826266242 0.0006789757373588011 0.00420811913366294
1.1644455242300424e+17 68.96384949716551 1881.962977369753 1.5706581240424677 65.4556049333851 2.1178399575825306 0.0006051120529369287 0.006145387957853376
193456645328102.78 89.66316387006228 496.1523669246656 -0.0353504694791924 149.72851653971654 1.9513677247702714 0.00011181205283800594 0.0042014715831704425
297875539022424.3 91.31654987664793 100.73793451760999 1.175339400514515 255.75292501993803 2.0195192540813625 0.0005196331957147777 1.8600546036663494e-05
2471972141876760.0 80.42403427924762 58.90989133140511 1.625259775620635 17.092832111493426 2.2700330288294523 0.00015383327611693837 0.007335775731383563
8.920117003083547e+19 0.16460757188174746 39.752263731800035 -0.4047539336967788 43.92867993252141 2.3336552634136916 0.000328644709958314 0.007638197112564021
1218274880966202.5 54.957048986341384 61.3607721161592 1.8639332391012933 25.394914280973023 2.2269083483569423 0.0006747520819426975 0.0005941701629537241
1.1644455242300424e+17 68.96384949716551 1881.962977369753 1.5706581240424677 65.4556049333851 2.1178399575825306 0.0006051120529369287 0.006145387957853376
476528355076964.25 96.37572939832397 15.654101298815647 0.9117902287108617 323.7479557295732 2.2236575116488235 0.000763283887430529 0.0051297326646460185
5216924435282405.0 94.19708894365687 587.9170033965592 0.43052703781805624 10.807769654238983 2.296581295895673 0.0005999608258369502 0.004306209031861441
300026808066630.9 90.64115578889215 16.045135051455272 0.7023487020697403 56.486874538418725 2.341045215449947 0.0007400266386087963 0.009779086361164382
1044943992702298.1 45.84400426385206 15.06699759048796 -0.21635859926882556 14.581041016910055 2.3174838085954734 0.0006421202175769422 0.00642334938932522
4010976568656253.0 98.27374393483683 523.0974554673805 1.2420285738907757 45.33737130371685 2.257295291647373 0.00036218689274505005 0.0046529507531298175
313059092188104.4 60.867869440552354 609.883493169452 0.2633124446167299 47.89942868836187 2.1327277653953374 0.0006724766749390968 0.00786306411215742
356805260045850.75 79.42359559208968 148.6476828129185 0.3155098282810094 257.4357559543171 2.212407517099627 0.0006908572529218106 0.0015419345522846213
685604329783935.1 39.895624343692525 442.3666670857958 1.1031722387551306 272.6525085617019 2.4844893395629755 0.0001453208447381433 0.00364204121804867
182116755872644.7 75.02302635249535 112.56561292914172 1.2511434636427285 76.91269003720666 2.185259336905026 0.00017918358733984125 0.0018326105067665195
1092942980299841.6 47.03470983256573 464.86872444496515 0.6076599520538475 71.93547122720508 2.316871935336284 0.00024437846169542154 0.0019046950353758866
5.57972301087128e+19 0.5070695758564656 31.203929601979986 -0.4119503309476664 45.56549936116928 2.431014015792287 0.00037518888815184687 0.007156702816212895
1276840572758053.5 92.85650464435437 1696.240692483885 1.2393350378217136 4793.333561903589 1.5706460693388147 0.00017799611336168276 0.009916149731441346
1.4793315117719603e+17 16.155548933435888 256.5628163144602 1.7945642066666865 45.58374760695594 2.105232284280271 0.0008922025604839965 0.0006691373755267271
6.406232841986022e+17 32.512636731681276 2756.465724429523 1.2079525589655078 62.62885233730639 2.1932963223539796 0.0006514553914974312 0.003639203872741692
7.912593727160654e+19 0.13578692898826983 33.72565740710447 -0.37383929086894574 52.84641270594169 2.432777144295701 0.00033814776452462667 0.007269552416941627
1.9329992510514963e+17 12.515709434328052 738.3755744218691 0.23120957157296002 25.998632798485875 2.4382879198623324 0.00016502208950386417 0.007386344281712976
532628322098339.06 47.753896656787646 23.820494786394853 0.6360849555333533 687.2087264453068 1.9072240179517632 0.00012535040141453316 0.0038204092138807164
9.443123670951964e+19 16.829976760958232 475.52889063859425 1.4924648287589573 31.794061991305437 2.458925469448594 0.00010638852732104516 0.009681061869735892
355741658306133.2 76.46232140086688 278.3414040094473 0.9939929931223757 322.1470079416327 2.072017683896421 0.0003770651045212815 0.007254192559555035
2613677490591471.0 50.27120743255714 1469.7362973307797 1.7401771074750978 386.11417665430145 2.1258720480719937 0.00010037577971471658 0.00784423022725751
1713718267571790.8 39.36121213538043 70.87437024980842 1.8311056406631676 30.492809657037395 2.247236995980297 0.00020562614773554378 0.008582241363592868
252790236240875.22 39.18386400402107 54.789413647343586 -0.19607357452510704 125.24524296297379 2.050769182303463 0.0003444153650263123 0.0023626274490159437
2113862707795027.5 9.96100793686783 102.3651430614001 -0.48814133313266506 91.32909923179088 2.3870631331686987 0.0006893758494455067 0.005137267680569314
1.8064199370318468e+16 3.7652385575513607 1559.2807008984098 0.9747770634480859 393.2809139817181 2.8670496855369905 0.0006131421686485142 0.0073180835424703355
353928882272177.1 73.92323575199607 369.12674614901715 0.40676110507990837 48.29256156606047 2.202585256303432 0.00045904339129529653 0.005104204791228817
403331410022380.94 93.18268586455027 43.040260103295985 -0.1999333731266042 241.171402667001 2.2154425334271286 0.000546140651485209 0.004269387992130341
4.3724976675406024e+16 48.43622991308048 117.80486033296141 1.8360452921011938 18.720217827584193 2.11899555217713 0.00011947945282011512 0.00972216921447621
549287392755168.3 23.743384469119714 23.89129937007874 -0.42694220531135435 74.8812896934903 2.3087694835916412 0.0007278470035000744 0.002861980234004461
676776609477501.4 10.05146528336266 22.88288307518898 1.212492139437256 765.747547380757 2.025713861772289 0.0004777478653627043 0.004437653285967842
868094509757740.4 60.540635926402366 1672.711610643624 0.5945136749133035 1024.9911048258045 2.190643743642542 0.0004615463783374318 0.001454739032846362
388474441892478.0 39.88004349869743 44.29713233413572 -0.4380365895688917 117.54017019943596 2.3231948316707176 0.0002570070460418959 0.007062234100364833
1866796349143567.8 2.2673321379408193 689.9955097672175 -0.33343056035757357 550.7865329393749 2.5524142389641415 0.00029649118088477246 0.006841147003638636
6.4449456010479485e+19 15.0343802248685 400.3485019034732 1.5743726489439809 31.971126788291283 2.348332314004013 0.00010296421989712476 0.009811623754418181
452962386573768.94 57.95111783937298 641.8409679075288 0.15817573946002686 39.67017988638671 2.32927743962346 0.0006287469739708662 0.0069359191325570994
1608978793729456.8 78.7738292909742 2720.7896717722565 0.48233960046430807 54.23514312464559 2.2481384260516464 0.0003869673091110891 0.00916987215487906
1387845481419793.8 57.564981703511336 1855.936062378602 1.073897316578059 4246.866917882101 1.441328440341164 0.0009953460673956765 0.0030715065568247507
488797789721345.44 80.9588752928851 286.7852237830937 0.4194882676892146 426.4621256858041 2.156506146588262 0.0008029893490407121 0.0012994144189783716
1419660639897020.2 28.862383570342967 10.253845390390516 0.01457212234316918 19.8938653784618 2.2979058932225396 0.0005288850951013468 0.008167375736652707
1037574519404443.4 96.35709915063632 287.6985409886133 0.7874996784530495 41.63338787921328 2.3771155916014193 0.0005988273077270262 0.002563499784457076
471165932558605.6 99.22575514778421 158.21089534102575 1.5703716063650832 82.88323350469956 2.376883093759504 0.00023654003921307767 0.002437830013353937
1.042258450069713e+18 56.383631273259134 581.9953651578838 0.9990894662961448 15.182230050966602 2.3033954297930075 0.00044460054481951423 0.002947347993255891
326662233962172.1 33.96334991286467 27.313594864923626 1.7165872706506204 38.116615842992985 2.2331178229663964 0.0001478322447096234 0.00989909499156524
695869696385703.9 76.20273674068703 475.51895100144105 1.8326740943610411 532.8360247918012 2.5020069786607073 0.00011096940986778611 0.007826347597337044
157417175175944.84 80.3568578265993 17.868804710389192 1.4115716865882753 40.22843208442395 2.166438694988684 0.0007718879955832608 0.008988477749830909
357149456649554.0 79.53380567977376 11.183508969991328 0.5548096522741036 216.4184268582605 2.090083190228786 0.0007359776574887714 0.009354431760619867
301955284697594.94 57.3716628388587 11.262912592171416 0.520752716941338 79.18683131624877 2.2895384128303875 0.00011717780807021893 0.006073663757306605
217523165699672.22 95.63436911236126 662.8050120122069 0.36576827311444743 42.7270304881491 2.0025945080939724 0.0002897398609980621 0.009883493560008793
9346842773674428.0 10.225438210739728 99.37362634728532 -0.00813554527447069 48.894245213714264 2.395563511319865 0.00044669173174784936 0.005390565171778028
3961515527231877.5 94.289052204746 528.7818266832543 0.5331382417949979 13.657703021831194 2.2882453882615423 0.0006163268115299616 0.003961754049980963
622323205386295.1 53.788172724684614 485.46736386857185 1.4328227913355416 656.0086493030916 2.246934753354497 0.0002943940776979615 0.006484484030971242
43454151966557.48 68.85459202071011 1578.1685876529143 -0.4331764202909402 33.5283593512179 2.1612154201057905 0.0006041024728179411 0.00637343034276209
198092491211623.6 59.854279442178296 18.749563846801387 0.38708614927864504 28.659493391552076 2.2317110050244695 0.00022627857309679664 0.0016814479102884626
369378837199723.56 32.69002689413565 63.76840956940668 0.22043226918303827 17.645581534873738 2.065697663280957 0.00011785714214904275 0.0064087002497275215
5.08196530679433e+17 60.78416593573155 2643.9917859040183 0.7748436962870351 25.648409609844062 2.457820833465862 0.00018321423945200048 0.005447839322255143
983510434431562.1 8.79786031254925 10.618599890458993 0.03765782657500566 674.77266864685 2.422969640812555 0.0009038155012645811 0.0035127895096964783
208756795794306.6 76.79239211245132 20.48785402180821 0.0029065715156348926 65.64143282928327 2.1174945276871675 0.000498852251173709 0.0005459114997863265
575736489297124.8 46.12558484895249 14.109793255754768 -0.31744949212210194 306.2920779550753 2.3555209132309587 0.00013636271753589342 0.004059043808437768
467675159785192.25 20.671828860063243 49.91704709480577 1.8834689380715686 138.32352526415536 2.292977756702156 0.0005899478693159527 0.007401742294577738
787352346176249.9 12.457075949706997 37.25697436222082 1.7435598293804064 710.062513818986 2.3700938693418836 0.00012792894819118963 0.0044105603314175505
537120147569305.56 13.461589912206406 918.4891916251147 -0.14445979400550046 132.25805724466684 2.329342097622477 0.0006279364920868098 0.001766135968218915
387575588503438.6 52.55734763915184 10.061222361087722 0.6916932702829486 149.10379993265 2.252530095591287 0.0001568074090837744 0.00659790726720027
447660555030251.56 39.40020726128357 10.43129308112168 -0.4961750501936746 172.42638735125428 2.344163722792527 0.00022065923540348813 0.0013391385588766955
433842910141378.9 79.0767971948511 11.788346131341946 0.41837483847797907 148.57928923813913 2.3752856109886538 0.0007458109467061107 0.0020467759331867274
5.556896525693257e+17 40.33517380752089 99.24089643619833 1.4053145479412286 13.843364143469625 2.3638415062475726 0.00022054871971428086 0.0017337327928641094
6.57833303841027e+17 18.122335005471484 794.1269167405565 0.4518141714257333 15.544607602017377 2.2459140579794443 0.00014889467071916356 0.0067622574571385196
2071509569722981.5 27.574023421465228 1598.575598789411 0.9972857304628093 469.0315624064395 2.824174372809031 0.00016062677042923072 0.0024031200571859156
3.296703078602146e+17 3.543451359180099 21.203605954354472 1.8751269257555676 34.2893111921676 2.266028147959229 0.0006296536766882088 0.007374446049439133
2184797453793134.0 79.45405671302629 1512.9503080251484 1.1969231315282052 360.8688795160563 2.5181837458753566 0.0006825250594456926 0.004002847526657021
560953682627189.3 80.67436291336077 259.54313311313086 0.4584990285980389 475.31569324225575 2.15253488121227 0.0007950228014103795 0.0012167464916411357
108948324158759.64 26.653562433607732 53.05332217609431 0.8169079138023916 53.07616909866568 1.9381457815659995 0.0002226241447424467 0.003939229550574548
779097736319351.9 34.15205990457097 1317.3070636107636 0.48785080463147457 924.9606013184108 2.102334531710012 0.00015666909396496394 0.002214707434487464
7817638538717663.0 4.68665970668074 1438.1605044469643 0.8311102166533688 408.8179393794169 2.933610464400658 0.0006843555225432749 0.006569519990193844
267014211041120.88 76.40607470619207 22.535597242110924 0.1182696035898414 133.86117538670524 2.1188243977052075 0.00015328029309890468 0.0059446720292595946
814759933369239.9 7.273508639910938 11.78910672897526 1.0112762582540904 1113.6295049609475 2.249343426189521 0.0009726351330524698 0.006729885798807719
208166138649072.4 81.43532322800777 12.046012489382925 1.9818402764469745 24.89702861353338 2.3098334292042053 0.0007044378046279539 0.006892307838630889
259510545063675.88 82.95748073874813 89.69127568080344 1.8523777426254036 201.12833049383585 2.075698828731727 0.00012803573101285133 0.00966411419341815
233938498159286.44 96.83414985305826 44.555409588986386 0.20072285183162408 71.23476741639918 2.2786083885253823 0.0008571003596379118 0.006254119325041846
158061962174730.16 91.62881457880579 55.75293602999633 0.5303351874257245 51.51725847053069 2.185312877313035 0.00025348028970903686 0.005937601671016472
876803136772626.2 10.235067898493995 267.2322605505416 0.03241505220247298 3518.4829717487614 2.430984804056689 0.0008205191164542983 0.00661787040364223
53279796456406.79 72.37384829589344 1415.586166189347 -0.39319171879951387 28.619363598891027 2.1996819279398045 0.0006283732474186622 0.006354650418817527
164041373725949.75 74.7726965280644 958.0763269760512 -0.1779547396291915 58.447971121141514 2.273176046160757 0.0002166961365301477 0.009780986552345586
1196707739121237.2 55.24330365623548 1672.9422033334058 0.8385945090663472 3209.2270144178515 2.7980276200756196 0.0004830322866053607 0.006898099706685543
708691834822527.2 6.694284509841161 26.953466659960867 0.6854791851502542 2261.2962310870357 2.199494957189078 0.0007930950369606328 0.005623374702486108
2001078302157323.2 2.5340171228156265 14.577625559855479 -0.012928182584285963 364.9585459129092 2.4333281324942004 0.0008857822186873522 0.0017870641047321024
1496384780057374.2 25.53755774198033 339.08737578897416 0.022502789202315687 19.729026363311444 2.232705150601541 0.00017019268533477702 0.008790179139141294
1897281433341869.0 99.82860274942102 129.66836598624974 1.754821619198401 33.65254980224305 2.30960481075384 0.0006960599100249712 0.0012247649749728678
262809270606944.7 83.98007866943644 58.99332242784903 0.395194223993796 16.852290073035 2.254947171982489 0.00020796991970742392 0.00997388214620273
107864815826967.86 86.51288363962699 400.7094707232359 -0.019133765351766696 23.36357192525517 2.135465851091193 0.0003801542872664016 0.0037336478750098177
3426741549169250.0 2.225463307398872 21.685211706233193 0.04229228140304109 401.52610919868545 2.724190294685817 0.0008569144840181942 0.0023539002164987208
935223115038853.1 4.904257262095888 502.7518614158835 -0.05918843461910506 657.0187533687149 2.3829544975801062 0.00027131534084239874 0.006353493797066868
364987155369182.1 58.60819750321325 306.82534230876485 -0.3015077545557181 16.784037386678854 2.4370254222246963 0.000576264842317555 0.0069300143734183145
5.087642800524913e+16 40.72662387369628 40.02063280876108 1.4204406286022009 11.22348623806938 2.3064050205983184 0.00011940074643914918 0.0017058836193929242
414371397729923.4 32.14086204698081 76.51525287797261 1.0787717793322766 262.6983095879206 2.1785391277424235 0.0003048445298110584 0.0008172878817439451
517367631155539.2 20.47280072912362 651.3647982566724 0.2816376506326448 823.1538817162852 1.797734812004971 0.00010967611870368762 0.00998392852867723
759920772713606.9 11.423763297795219 55.34612421981463 0.0077797450600623486 1310.6766464373068 2.077467737379089 0.0007355646442308523 0.004380398406704549
170324537345414.66 93.53159001620455 415.0685561641771 0.5438157668296062 77.00329115516654 1.9264654682738667 0.00030046574193815965 0.009562249023494198
274755643983393.4 88.11890742362576 1516.2986941884585 0.1018069419062384 132.88480573016616 2.084519064506614 0.000264378665653397 8.472836771434948e-05
812670004035560.8 8.105420963301867 55.835074533287205 -0.09534189677282368 1525.320555083527 2.0272161091089442 0.0007930678909286034 0.004131920744737615
150531981577307.22 98.98919129151903 19.36495081385732 0.4042439318273523 78.88664920103248 1.9854021477016177 0.00034557384827552714 0.0019031434016389404
6094621841559382.0 11.514981973075422 17.916987401147217 -0.15708695570212639 30.754869080484387 2.2265612562548815 0.00038278887750829043 0.005589471436828957
1.735647943114227e+17 15.939080518890428 255.52808318165697 1.8333827707036416 45.44321832428703 2.1070322851993106 0.0009221216589081885 0.0003830234250048834
186150853686951.66 98.57780487372172 16.205213949657526 1.0469117318406467 16.266064903633577 2.288075846230608 0.0009224628620517475 0.009285661048879498
1094834487586982.0 65.31526305747215 1240.8496001631763 1.3667880000236843 2079.707132750701 1.8354964038712744 0.0009411850295926714 0.00556904619265059
137718145614857.86 88.32920477023208 57.21120149290293 0.2285913156776872 17.524206568710884 2.157649993827394 0.0006044650000570903 0.005602395845926808
598789929139212.2 18.720273103585395 397.3734321059302 0.2660700794183829 619.8546081452346 2.212389076860082 0.00027046036764037516 0.004813062571086504
655573731586992.8 50.58969055665851 35.56403524299617 0.9696391519916087 635.3172432823371 2.0561363104944563 0.00019655225942370922 0.0002413518686930332
1.92424739816851e+17 70.34775972250799 1841.4025650010333 1.4455025212350412 47.15493822988236 2.079216085877819 0.0008078259918848511 0.007602637080062824
467938877540245.06 82.62531503849735 312.86072814994964 0.4041808379038081 428.65360038498204 2.115983353398427 0.0008042013507017906 0.0007217856124066531
547461061595860.8 44.88045790188959 15.129723656816573 1.5740358874651625 404.33422951308114 2.212911930668733 0.0001531640532140456 0.0045344142977859
3.6621348436630574e+18 17.964247379783764 1886.302686880178 1.5365229514555028 84.00669857467666 2.2079914905506244 0.0006480144133928538 0.0020510735547931255
425979476783424.56 54.85188741850872 1288.105215085154 0.1520357417915188 59.63405743964016 2.237100164426853 0.000891504385728186 0.009543554541514494
3466193924581246.0 70.9996084087028 553.1455974930252 0.5810918394556457 26.19030572274589 2.3889161834674475 0.00012665328643983489 0.00543196655757491
1.4465901869475838e+16 72.4160172408065 288.6300770703345 1.1613035035915602 32.83857606877518 2.487113141319977 0.00010247900256085049 0.006822590741666987
962492214817088.0 78.83509091863198 1109.0138577550956 1.0585391389997656 730.8444098865465 2.475246230613224 0.0008239896063099698 0.0023645793076328666
556434680067982.44 68.27267113070103 184.37299645757358 1.3717245772447626 765.249719724259 1.8319054953587521 0.00019212461904142923 0.0074307160474249975
168216401082311.56 35.33003718538195 261.8225744942774 0.018792716095606954 35.464721778730556 2.057815566289558 0.00020693171966583573 0.006308312311613298
508639617503946.5 46.015782820409555 13.028902641560402 -0.34277938721394263 315.38329287732273 2.3656188002636953 0.00013314173854604797 0.003931008239675224
25316770815501.72 66.6697479023565 2384.8313752600097 -0.42920413170082994 20.81854063735007 2.162432831304776 0.0005789292642739982 0.005950673709518076
497640221950982.6 70.80397620571534 159.55600517027986 1.5307556352464966 518.4418695661915 2.143797116759813 0.00016140577749060287 0.007837160374497802
446530334224900.56 67.75432757361122 76.37979044753423 1.1208434831195693 508.1167746755391 1.8381597469806223 0.00021474719304705948 0.00718037768496239
608361469662991.5 20.858403092762487 56.13120283265891 -0.2128369348621383 643.8704203114866 2.3442684938279443 0.0008526556712032456 0.004823088090512257
383561703250491.9 88.02363402271088 11.386819856951663 0.5352835972422567 135.85801306064536 2.3743919881916993 0.0005478571477748221 0.007911595998318241
342428851393425.94 88.35480524117511 68.93662987991918 1.333866143997274 180.51214100814084 2.129183546660576 0.0004254433718099315 0.003221989980001977
457666458908308.6 36.823747528732525 11.096779245542676 0.9242390582070465 390.4959071273377 2.013932185886839 0.00014857503444684243 0.005379433350857075
197814909722104.84 96.79482740185269 50.85703246435235 0.22327655707864102 78.09755745255154 2.134370460385542 0.0007093630100900873 0.005774012678459128
378364646682588.0 96.55153992375084 157.93449560596855 1.2756198710052995 344.60646924532085 2.04841473778087 0.00018750318042204904 0.0032886621043991347
8.725460452278777e+19 0.1263623672880847 39.61571712347912 -0.4040563393331209 44.30993380800813 2.3323406897272956 0.0003287336880577394 0.00763426224003852
645669664813049.6 29.002644944268276 26.53563795137082 -0.4515197525869168 420.62096751641513 2.45771440186102 0.00010173095483794081 0.0042939146723103075
495088746462815.75 78.4938564612375 28.04981659160343 -0.06136453307765166 422.67903597572723 2.1881744918326036 0.0004762788668863332 0.00399497249378487
377961982206455.0 26.776635055507853 209.53265684595547 -0.1391486199639722 254.04543034367308 2.022435164230402 0.00040564000167313545 0.0029332314036233523
2028887554101939.5 71.01689383250542 754.7278582679696 0.3851182175341347 16.581670520393875 2.25780733174454 0.00010433705905649196 0.006774424062988239
727089185144071.0 71.87067211076769 64.87179045035845 0.4898073248354272 11.268975321050203 2.2159515809664976 0.00013138378056671296 0.0071806196251845405
943221601124572.0 80.08895430650435 1166.9035445476372 1.0461806965651608 738.0973060463429 2.481001273019654 0.0008628198967999068 0.0022004094577813727
264614840962545.72 73.66209857988753 399.11537747735116 0.40955633914538936 71.81104299162622 2.1497240803765463 0.000496699509707163 0.004511148137133515
149190233035519.6 51.557780534612206 243.40966079820151 0.14727834429082998 16.970914289678454 2.0251364093053583 0.0006491908377797035 0.0040266404067601696
1436388697078465.0 95.11650074846038 1747.7336087156164 1.2651025776668534 4955.502447596337 1.4955392032620867 0.00016734005510457345 0.009936284878066125
5361727504109964.0 70.86515264937202 444.7181137049953 0.6948826651849208 28.313932260728954 2.4255492726941483 0.00014082147617735255 0.005769658185533601
1326040429389838.5 97.98029461455499 1862.2717906142805 0.8802995212318487 4283.369393246263 1.61990722065717 0.00019267249523942387 0.00941144922168148
2.312204827767133e+18 56.37736709414692 681.8694396582504 1.1510983674848307 17.708072944868665 2.3085512015090157 0.0004799579836845548 0.002580029085674144
694808231113840.5 99.42334713968597 374.07138898753556 0.4304549053719567 16.537607900454528 2.211239085098386 0.000534074971321658 0.002412166924610306
5888142184718623.0 44.84550592474693 2590.4224840510687 1.4704345579339877 378.12305767265144 2.311894038341138 0.00028701374370490156 0.005538457846940249
5.144066573120513e+16 48.14395293994277 649.8253362274575 0.8405512969492328 25.291905992228884 2.330811450177512 0.0001383672989342024 0.005597712086225797
3564023941989637.5 7.650402519873207 114.14713608809312 -0.4710152966204162 79.74791075391792 2.3213530534865754 0.0006931019743203039 0.005331903858277904
480134375666923.06 66.91228898581244 245.24141527709034 0.6679379821434702 652.558061211427 1.7673132667791565 0.0007197687879088204 0.001866645197511389
9.682265942669924e+17 21.5874042390036 1233.15890410785 0.48557561470308813 16.858588402421265 2.3298807471836804 0.00012127940967963583 0.007100135672446149
522924374115874.06 27.755640095409163 19.61574543786644 1.6030706908569847 458.1742682596703 2.1952713136129165 0.00020902807721185723 0.0028561427552181553
240501413345344.28 81.07481163118297 101.87738108275269 1.7206976501964388 238.81034252311932 2.0024012888075715 0.0001065515381986745 0.009677225628545618
649059943241133.6 59.70758272426245 822.5809464990095 0.8535635909457875 445.6329951862829 2.3089658536749167 0.00014351147223510272 0.005746668547879447
658352293697582.2 16.414549686876384 10.93982740124152 1.203225682053455 815.6135718642265 2.1720425951789317 0.0004265257404188155 0.0006743896735288883
251477306398910.53 82.16077800464049 13.645363469207958 1.7171516340899606 24.409169188870155 2.320300819806218 0.0008835582013833935 0.007185623201906809
680737205215079.9 36.89129827956537 16.645560129495326 -0.1849506598654974 427.0824493491399 2.458484504447 0.00013366578395712287 0.0057220100012745
527458117356724.3 81.55726772242713 452.6468117263884 1.2313811517346254 500.0531840220303 2.3553140023217427 0.0002270646036134478 0.007710897080851721
647177593413703.9 27.135935739407493 69.53380351793153 0.7403331318697333 1370.6638306107711 1.8217963793196326 0.00011880130108697877 0.008992165259076318
592379579391494.0 29.484482846150886 12.990330661088995 0.6260701259803765 625.1549672670434 2.1729114949772077 0.0009169829948784451 0.0073185977265241885
617123295606798.4 29.571463108856477 189.5124145121479 1.1532402413904517 712.867735758395 2.2097117610565022 0.00012934224322955982 0.002387572212053122
458138741323337.3 57.88909040486098 406.43933805338247 1.4467490655916597 417.6564697398213 2.3077644174572365 0.00033999851322318297 0.006979107347912392
4649138447846941.0 24.4505213970819 30.98089873175823 -0.34082011422023895 10.019254201878331 2.238860860664299 0.0005006223605137224 0.009505837643357645
444525379980068.8 59.08447915347571 345.85734020369443 0.3999247814675067 58.25076495735071 2.2141678972247147 0.0004851456806125672 0.004765716305025105
2059764517099458.8 35.46975818530451 61.544750712313835 1.9694560786411843 30.889654960591816 2.3033941997366645 0.00019083759312988127 0.008660692755383701
1006688369620993.9 67.47353994794048 845.5236079140805 1.7845508022496976 526.5536580057959 2.4244249644693117 0.00018780884097486792 0.004094589569409411
7638571571408060.0 71.79633635245578 507.5797306726475 0.8804969539630422 34.11939836340146 2.4207994868937837 0.00014547566663904746 0.005573011830454635
582690339723912.6 31.174108709620626 53.87224368882718 0.3159609346607747 612.6907809911071 2.021304627366265 0.000444534726110388 3.114067318594406e-05
450024933802328.6 65.07097704637911 78.45980153493363 1.0956708784488625 353.12405449855936 2.1048093768216045 0.00038499338863885876 0.007608987459918905
2928275180838406.0 84.27237597987437 2858.284215436252 1.0811746441211403 395.44365846989933 2.32203987978903 0.00014983055422399216 0.0009895002567860568
344198111240683.4 69.71061869465652 264.5442697776856 0.3400912927120394 383.31912298381576 2.019819233513553 0.00034409053310845784 0.0012026388157560172
109870246541103.38 15.679565915776386 1099.653676011579 -0.4290854740692964 10.26194414812706 2.0836256546172685 0.00012678602925479036 0.009873654037890724
1488840406943856.8 70.00637222164566 51.70371824379079 0.6052988576791853 10.415169134593782 2.257499248483372 0.0001463355621658115 0.006781606362561146
539582520178708.4 27.037229436991908 12.16633902633389 0.6104362349936137 638.9613197609938 2.151156517998785 0.0009453105636124021 0.007383355309228551
664442010455679.5 14.71065259565533 29.914121399985575 -0.17482659591228633 121.65637175367844 2.2920699675256384 0.000662847784980199 0.0024370731742010265
1285044415365173.8 42.98883514892644 1810.928073045581 0.7218157725758191 3675.409612663581 2.7868817918372786 0.0005368947273765662 0.008861910344994622
446178662687376.3 52.02209028904587 209.36708680123286 0.06955906954078259 11.470312289249431 2.1680839710640445 0.0007039534507009972 0.007200800447527037
261219202569726.0 80.26500432053871 106.97314221678377 1.8544465013169815 217.82182971441418 2.0868180500369244 0.0001232750302202601 0.009732726859250106
6.338367898693091e+19 15.768126192128578 434.8223047034318 1.5277090650740606 31.961405581419882 2.381195444247017 0.00010768891901549259 0.009772788108046984
6018137527413968.0 10.592310585429162 12.1946628433569 0.043992583134440766 29.194564723364827 2.204383946006282 0.00033846969992513493 0.005488878500428498
92939088537597.22 67.71684406518216 111.0588992297769 -0.39262329223944453 28.622513861546796 2.0680022643334777 0.0008677325123645712 0.006174705776074551
371466555632701.1 44.50659597173314 12.387406373102301 1.3849235298285107 184.52079501375545 2.209664293629599 0.0009819895956658142 0.004251162587743039
4633775491241900.0 10.436709701814033 12.566773510889211 -0.12409847421737363 30.204543957712396 2.16760085557391 0.0003694142400472115 0.005352100491141825
516201473408574.94 47.24812233764029 18.350487609527118 1.8417834134201234 406.5131260670496 2.2603062778522824 0.0001890775782238637 0.00885749268611443
264528250856008.8 44.71441976255106 55.04884969592658 -0.4360884054619934 129.62121280953892 2.0703013990728074 0.0004615191521225002 0.0019642206533872445
1024607377482489.8 82.74102737387769 1247.4629847326728 1.037359670787001 1611.0498388710419 2.584074556281747 0.00010890433579983392 0.006273954267978631
469061037409064.6 66.88136569989973 147.47613911705452 -0.4011180391758953 282.38654854597144 2.1418090206851965 0.00017436658271904898 0.0006979062856686952
599020296131591.5 48.538847585441935 122.00460098002617 1.5397168102719567 929.5600816722338 1.7953791274070434 0.00012519653629414104 0.008366016433390267
167574638681274.03 88.81798568451505 16.961250004730353 1.4697035253802446 17.69334466476901 2.24641212862896 0.0007172839217140646 0.006874613119336682
6000201621653832.0 45.19986026453664 2350.2648256929347 1.1781693066170003 226.9567357517361 2.349426426505817 0.0003811131090055525 0.005539687174293659
1.7905429191544384e+18 33.8775511020985 131.82481973469243 1.1334759582563043 13.13109253986546 2.3581280254510855 0.0002436781810448578 0.001262559361695537
529069108363763.8 75.0492332987112 532.5555242038283 1.2326491624293876 587.3553250603975 2.1199326640324725 0.00017744070775417215 0.004006241684691562
1009611589252303.8 99.60483187488408 1120.1006666072094 1.268630389517063 2916.487339557765 1.6556407555613066 0.0002184686402559421 0.008584303669351048
709724242990903.1 24.654444322127304 93.78454753176217 0.2256462497075611 758.6817743661214 2.2801223269617825 0.00038198288714631025 0.00035428761235023693
557715243957155.7 76.6054932244561 541.6021666567241 1.9809603883519937 498.64291640534435 2.228296586506146 0.00016326246840917864 0.007407172806394233
3558950298321368.5 39.595656461046616 62.15721705044251 1.8342566690908484 22.573253051747503 2.200477245701301 0.00024831864520518434 0.007995793982659248
449126831221459.7 72.56328816415311 139.27258293226637 1.5192287821385841 263.1163594202136 2.3717606073081154 0.0002564770183924856 0.00598057038859151
200776101407058.94 76.39104920717564 23.385722289866102 -0.10112200365379143 53.64795947485836 2.1623581557593146 0.0004939432099569535 0.0007484550859455732
701743263329065.4 55.60108970141272 390.58098552280376 1.6114457328747114 381.16595739783594 2.717735261146531 0.0003165238180257507 0.006285886509964421
659397396366541.5 12.525195036227565 46.51245982018301 1.4793362143404487 320.00361492835356 2.3156233576658525 0.00013702205801887957 0.0018774209928581766
471347600334209.4 35.04703379304885 36.73369014222338 -0.4758211989414267 13.480386005627734 2.2050313099766092 0.0004006283086193121 0.0017694681400140105
490240741747858.8 84.32205886057356 345.4058692749668 0.2854226437135858 671.2559101892526 1.9255349247104614 0.00040227950135146963 0.0020160363592741956
103878371575195.06 82.4693770677066 23.008334297694088 -0.15101923052342792 17.426411387394364 2.1089070334035185 0.00018066567642804408 0.0005501431352733267
6.977084363428764e+19 0.31194375248054484 32.507029556040266 -0.35217842841029623 52.52079186527628 2.4763491696109536 0.0003440364195880171 0.007303085788307332
810324305368779.0 55.710728391875605 966.6710279700408 0.9197234725474875 669.8527249162767 2.461407106095132 0.0001480792021822789 0.005469554777223519
4450668611019808.5 9.979827267070219 11.592818582158902 -0.004974393940514021 35.03676605068213 2.189293410170947 0.00038516402896944453 0.005307319646163976
353508449167648.1 90.4705795685227 13.472598319328803 0.42247273788298034 76.88630440923805 2.3202821678316017 0.0006605196320678931 0.004528904267372928
791188968572365.6 8.328957677622341 276.61553743698784 0.12194969043827969 1688.097699657857 2.614649418752339 0.0008061823539483692 0.00541597072746101
529105080377991.0 88.60829146411672 120.58453407133742 1.4720175605844292 495.77418099409294 2.0409696683739917 0.00032023318758148464 0.009690856972795652
267514202546094.06 84.49346853783635 753.9579981038775 -0.26576929300673724 139.56437813941537 2.0211216391905786 0.00010077646447103753 0.004502633604370665
309505196172269.75 98.96171841279684 14.749446691152515 1.371729534470729 101.00556312145005 2.2977719582293226 0.0003689075212457171 0.0019073043590009048
6.022703131759364e+17 68.18600124208206 2271.3064513173276 0.843672877493554 28.741376480087972 2.585786005680973 0.0001681086860480952 0.003802830015653629
1.086440898996549e+18 48.7047820207391 2270.740926154671 1.3914232817754695 53.12183372690536 2.2200238701086112 0.00029824130845594176 0.005104049595949133
60836464155342.98 95.54767295234629 564.1053421694318 -0.24700540382812675 24.098031616425455 2.121093314118684 0.0003086322609824267 0.0035880842439004784
376382846422111.8 16.594561969132144 121.60545753028129 -0.12389640274080829 54.038327908495305 2.105603119646954 0.0006041562666986273 0.0027220699746240383
2977162863294191.5 99.34704523394726 322.1210002253557 0.5111277886059846 11.411436505212322 2.2889172387658743 0.0005676093193343076 0.003928962776913815
6889032136747792.0 12.131234075664567 14.050299027309455 -0.11592470975870822 26.749242369700728 2.214935476545517 0.00036306277856744103 0.005523166373163754
808732779718309.6 11.415389678076735 255.7681134276235 1.4179432313269282 980.8614515997266 2.331150004640577 0.0001352517061402889 0.004831191446309314
469139319527839.9 28.492987283346135 821.0507641241568 -0.11695806777940798 13.495511687567971 2.1597572500300375 0.00039390833687660723 0.006820760687969051
1054308301855135.4 34.28605056724324 1667.3596526276851 0.25116971596653154 61.2866931778571 2.3216645073632587 0.00043412808211711377 0.0026956277426078857
889072842602772.6 35.18490812560284 37.13917394871451 1.971487487480172 27.787792386585892 2.278604635806757 0.00015605869815515008 0.007804293660142469
4.3922193289046574e+18 56.44684148737595 308.93033924746095 1.4271675256353702 14.733986532109617 2.2870081564420315 0.00043195114054393654 0.0023341107105477772
371182176514611.4 24.04375521359806 1748.3832959008632 -0.1672207298903715 21.986712840638372 2.270363050807 0.0004208658815087073 0.0072998636057027225
604330661579130.4 67.08901205907841 28.1205577211839 -0.28102771688114125 17.712675032451475 2.4073974708494923 0.0009399073129925631 0.006772058244956964
1.8393106106309202e+18 60.389864047339145 430.8358321917849 1.3069281963099033 17.801165779249157 2.3485997534686747 0.00045167676179137166 0.002800845724991911
597656189619221.1 20.095056916891657 20.959996062303738 0.8990246327972697 750.9156092885842 1.9444813657477895 0.0005213269702552543 0.009311609026974275
9454657137241586.0 8.622322997049807 100.54535480226895 0.20066094532252882 47.70202308931581 2.2781326639783916 0.000441923285309679 0.005958660981724961
1.0476814756689604e+18 2.4385626304261194 11.795487083210364 1.8223768220735654 38.178180099920446 2.3101047386745996 0.0009621821750346284 0.006878348191106988
529587847047818.7 50.753840902843066 16.863732755711492 -0.25902024600290563 353.24251084710824 2.30697744629071 0.00014795910203420777 0.0037898067320748874
549708598403739.75 44.46131950105747 22.27754184508377 1.641534406382878 425.7091155949096 2.26381249456375 0.0001964901933960231 0.002880281231628347
563875615652692.1 13.30870445781509 10.133882161634864 0.5078479033133557 534.6788022043214 2.116520648977649 0.0009705508736748343 0.009474200254717983
101881668364276.3 88.16272652570606 29.13372338392165 0.11583568165317795 20.894097552494227 2.1209744872401544 0.0001940458164619133 0.0013020543113033498
419074720396837.4 78.14305627667392 361.20244951209116 0.46968769589728887 444.1913351848337 2.1596455433765405 0.0008852274716726474 0.0008724899802870466
4162125118277057.0 81.69433638552353 56.78489420843133 1.7487613661657524 13.825106425724217 2.230017583197603 0.00011349543396337202 0.006707428426755479
117628482826872.89 98.70030468125168 904.6745221843194 0.002283637893035817 23.630219323018977 2.1523774174598995 0.0003201744259245188 0.003951292239949163
60216698619589.39 66.09242128859523 1690.6130534620613 -0.2966267189382964 35.82887648491429 2.1669785439965197 0.0004936013923360939 0.0057524364523388796
370009520048525.56 34.552437861682655 47.50195236767727 1.184910951790966 169.7178825883725 2.162032287116406 0.00039077610917425917 0.0003459462892774854
525757737298209.06 56.60348769448049 375.7834996224556 1.2599500178028837 622.9946319297889 2.177306044141219 0.0002500560241322026 0.006308544191505528
719453029631197.8 16.687978066647958 21.13127342751071 1.128060134109351 883.6689370340218 2.188775512381526 0.0007222863885008554 0.006613384726453989
6381745399288477.0 45.707489599138725 2172.2774969467764 1.3917056185613341 282.3471006344067 2.3626237188144823 0.00030461376954106685 0.005823862926003181
1213469486426986.5 83.63570810410677 1550.174711513769 0.9522842589765255 498.16177654688084 2.460049656632723 0.0007684060004396613 0.003344130304116756
1.1762630221819684e+18 2.550169355599209 11.549456590220421 1.817224258527685 38.05527851063419 2.3301606710687706 0.000969343284686183 0.00688685236953436
867370651308374.6 6.7250195772420085 11.376854097266884 1.0284413772117489 1094.8865682499504 2.247946622469243 0.0009716942037531504 0.006833317368228386
222366478745895.53 98.34403952977833 613.8239318840749 -0.14476389898963715 162.06404327781092 1.9369593520183765 0.00010277970989283675 0.004309882836792154
561783626282071.75 17.298632713742244 1581.7615242952813 -0.2031439294345765 105.20781570009491 2.576093312886054 0.0008376548015644722 0.0009660778846883676
500268642503616.2 55.50359405036346 33.24709450226432 1.462210285585328 398.6672086187351 2.126525192574669 0.00012100137246102214 0.003068904259457832
519404550504570.5 99.26870387707933 44.91583264020478 -0.37005730136355597 313.9120097324086 2.3059170529171835 0.0006701116362631682 0.0042483406067961894
941398012272418.4 17.33670515746585 921.2917138644575 0.9094115112710108 1204.266648217368 2.823114207820853 0.00014659784731273486 0.0028203819762866343
177664821055002.47 85.86012462891175 75.42382626977763 0.13228233515434862 21.779298707858658 2.182465066801858 0.0007272275582650497 0.006026906853800387
414203639992971.2 31.550256808531834 201.98894719217137 1.2491641996750587 305.96815143167424 2.3950388190267438 0.00015365809099309168 0.00459223853975122
303136102429859.8 39.90530908956349 37.70699096100989 1.0577399235704277 153.7445377480912 2.182260135799228 0.00038874544923075505 0.00026842958067444965
2099719641006141.0 95.9380432924999 176.2928276925673 1.432248831237268 28.656855362738526 2.2219242370731775 0.0004015486237254278 0.00411078789612346
260157903223773.4 29.431441408634306 22.511251462615206 1.6753661645898281 22.772651833328247 2.0741208392004404 0.0001976948841536118 0.006473840672479032
1388462569777637.8 52.35208242963473 1869.7430121319392 0.9411040764992257 691.1281046629338 2.4799666071286737 0.0001148987743307385 0.005286919851560511
650921908118521.6 12.934587765355854 27.616723982485134 -0.21976288993724435 119.67070338158332 2.279566865566693 0.0006733645608254077 0.0024273668444577744
711632293263382.6 70.94062960498609 862.8596308013528 1.5196925319862804 614.9475334219737 2.2812421660144233 0.00021115517473299018 0.005483406963620312
457262513988657.9 21.04659550348761 26.333002611290013 0.45195812276659897 236.04403709103752 2.2592035644556887 0.00023449446100499632 0.005651459381973704
660756828900966.2 16.171788345269455 666.3940686749551 0.18202362060714372 48.347238252185086 2.036182179217454 0.0002580173203604761 0.0031517353819169335
383551709518541.0 73.00850019263065 11.249783478887702 0.7957972597802829 174.08531126586777 2.2076007476287516 0.00021511666953546822 0.007936998867693133
4.4528508736782836e+19 18.292019081937145 369.5452632774911 1.3485754566469015 26.612509972745798 2.429507521889745 0.00012841968938948466 0.008908319223260755
66816154876481.72 94.49132821239259 563.2496184595014 -0.22323541538567154 24.440276130329924 2.1036468184586306 0.0003084836108403139 0.0035509705523092336
2653192203857902.5 64.94549926210566 304.282813468443 0.6570842807437941 14.770294861247082 2.1358673459323927 0.00016501644675306315 0.009395388596589694
304149312518987.44 87.26559480013816 1271.858558769195 0.17627735157916802 108.57749745163741 2.1161424991994617 0.00027735333382577007 0.0003023276296990384
973202712833451.9 56.83413499953421 2049.6862257031808 0.5322420989965091 883.2060563121894 2.1865891787801375 0.00047703489350815753 0.00221859108370767
770963832812394.2 2.8456427882686275 10.717847708020038 0.08859931293672507 829.834862968331 2.1164580561861914 0.0008970260988793229 0.0031271159231748506
227065792003246.03 95.79968260814296 763.2743949041578 0.5020461529338617 42.43959556049942 1.9394076951527672 0.00036748584165649696 0.009894962423916267
495732930247306.9 73.71136299467167 162.26058172165648 1.3869464528542208 535.44001823287 2.014448931507049 0.00040739075010393067 0.00920505772210683
1615254390172109.5 67.3671168410565 321.561285421049 0.6121266814044398 14.10668710751772 2.0850994560729954 0.00016791776220100306 0.009978911737381378
606520729249931.2 47.538520865024054 282.15568086366517 1.676429932973213 457.0443429028147 2.588193459300715 0.0007370030697776967 0.006433971658159421
1.3971893511378757e+17 16.746179465426025 247.58277400151582 1.7832329941261573 44.434485759933224 2.10879592477565 0.0008631877937528641 0.0006835760478593811
75098648473760.94 91.33473216544235 553.0857892227082 -0.1431921023952185 28.917768954012253 2.11272330515707 0.0003121126252091448 0.003401148945589405
39980628819905.55 65.241485989209 1579.4689232268618 -0.3589050048007465 26.751796110846275 2.153308330006789 0.0005115979718014805 0.005924699226405833
492715794384038.7 29.879382907425693 311.35865725936293 1.1061956672192763 419.7200527990406 2.331043877031112 0.000422960440496341 0.00031843265575465414
4055011918840589.0 59.7156083499425 308.00312490787576 0.7093405255915872 14.65341413786445 2.111028536276366 0.00015781937464167298 0.009029352264746424
121087595732666.6 87.12726322013086 1200.0301695476853 -0.13341479118463323 54.479135218751935 2.1345797041399903 0.0003564744031461146 0.009736595002094551
868317359994843.2 17.510728849395647 698.10906611712 0.9072303744330925 1145.282858054309 2.79666220741843 0.00017558371987172393 0.0034142033047711825
8.121366473635785e+17 22.447525235856098 1151.1509452004168 0.4460610873413577 15.659112989267664 2.329251608966723 0.00012620670373878338 0.007169908142595289
2196164815862903.2 38.71493346610514 61.178034563193755 1.9794178378719622 29.299799644045784 2.2827279288335327 0.00019529559974294062 0.008634868565208934
272545407633023.9 73.29342966749934 435.6525604156082 0.354307173039796 63.50612119562623 2.1629354038963813 0.000514791069596678 0.004685294255177423
1.2141552430604573e+17 70.07234886841138 1827.1249260733123 1.5639243889934424 66.71882315521509 2.1292928359479792 0.0006212294510787942 0.006196941509485166
925868201523978.0 8.369011692782585 14.15104374910438 0.256460898783035 3637.9078228929934 2.135195587576436 0.0009688866562363085 0.0045414586932316535
4313631684622962.0 9.590896386295267 10.1508245641897 -0.01242774644857536 35.760056441210956 2.18259482949761 0.0003732039654640761 0.0053959905903369805
1179608603556337.5 55.34676367006206 2317.2586977778437 0.6189438814429621 1051.562082076487 2.191668655768389 0.0004703315341691354 0.0024926209294591477
2938913963853415.5 1.0433086248827124 74.7885919064538 1.1425236369490683 739.8023170507264 2.5923090172958814 0.0005606207243230993 0.005194963305370571
4192845474587947.5 10.83856098899588 1626.4195209696034 1.018147994059181 425.13602834035055 2.80291121656125 0.000149119599216877 0.0014292405281413293
765408077785693.9 19.1311744125907 79.61050203068295 -0.19010181139570223 1216.736930641159 2.1161816440241363 0.0008906302565978971 0.003291644696211151
337190395345330.3 31.590762412755105 178.5523943474901 -0.4502972255052391 192.22030943006638 1.9690077245474258 0.0003983052567833916 0.0024972840464451947
516938227971483.5 44.11912436739165 14.781826663162624 1.5879862090133092 417.09674137510814 2.2384892662257885 0.00014914763739393153 0.00452712045870332
632065290402155.1 69.42480926815173 771.8323794895139 1.1201454973941454 605.1131819688075 2.265280617766511 0.00018985874335551722 0.004588803493060322
421296069275768.8 10.569935137755522 319.8753958382315 -0.3139949816971366 58.654220742683115 2.097536050820459 0.0006291303523917981 0.002708302355559251
5.210607338977983e+16 48.80809502848426 126.0100194953873 1.8094531203700803 18.652324623679547 2.1159240405162896 0.00011991913104717278 0.009669108864564556
6.423921530855455e+19 0.4750533644749879 31.57705185134879 -0.47678138073444476 45.952745005826515 2.433193042332731 0.0003690338146070474 0.007143882733626945
360201475281598.44 67.96307952783185 32.85603527269616 -0.405238006218571 19.113608555123623 2.316004175619246 0.0007292107119028193 0.005762197877262974
929497613110849.1 2.557813711901955 52.19428405506613 -0.1700912175652006 4955.221986697625 2.401027697229435 0.0006154683664793234 0.005910725945709723
190692695252670.03 98.78920474056765 26.764565113089596 0.2892045774770101 10.644451352143932 2.208363501102071 0.00014461246606343743 0.009926927502010706
2.2072344720410646e+17 78.8455272341944 2361.1907749745696 1.613903665630417 68.18945573513052 2.1249035944223946 0.0008478914537087212 0.0076755109678957115
248345061404226.88 33.477055507668084 15.549456079958846 1.6616163658168692 30.72225012007982 2.1687546858465625 0.00015011045267688232 0.00872681734089848
1034484512738747.4 95.49837188984363 1181.0804514709655 1.2495532507628233 2815.032761883785 1.7913040422276274 0.00021336582524060952 0.008466560482649828
297847685038804.25 53.65134689585884 68.14784873546282 -0.073438772268685 131.3400310823944 2.1562203640948936 0.00022885115368873253 0.0008865920987814028
2319556672469529.0 2.981486755084319 11.187613628764945 -0.038837411629957685 333.7697896236145 2.489808797187092 0.0008927113553937692 0.0017107867608076146
923990523768550.4 61.596225602978784 16.49794183146083 -0.09033103200996895 13.039882094333647 2.3863653335971455 0.0008100951508096152 0.007555084783585026
313357895483840.06 91.98287597085474 67.69251221752803 1.1082544944745478 165.3544068236518 2.184678910164949 0.0003806749981629163 0.003289006168758946
1353724334947917.0 7.889510187971915 99.68618898923587 1.7519218329353243 340.63347483697083 2.748807736508826 0.00010123531056523506 0.005245648632910493
1418954245984917.5 92.58746830952717 1556.6154194603084 1.2371655596016762 4928.141452864719 1.5102412660184759 0.0001752147587446685 0.009751794508067093
8.225582405545832e+19 0.19920794731206626 39.016146335705095 -0.3639318278961372 43.77141665839378 2.3320050105285923 0.00033456561151275346 0.007630740951183959
172354990469279.5 15.369896295639052 1756.8406164181783 -0.2225775633283953 22.911728429502755 2.06385123624214 0.0001226295442549866 0.009746272317549088
364607453799678.7 83.20175087991672 150.85083327275646 1.3175400033929383 409.17409656490105 1.8800153351444084 0.0003224375199757796 0.008923570436036655
193376669743976.84 63.7593782359987 19.872664380353168 -0.0003583326185053748 23.2860516714442 2.1882567413046123 0.0005555102245865601 0.00266707066791579
3727192510572369.5 43.99034295946422 2307.6410327232225 1.6707791213921972 711.9851932299456 2.5566074505926837 0.000205642853149559 0.006662040632276251
2157573046259120.5 56.16616895137242 77.41315948740255 1.628827136308629 32.434725764887396 2.426029430559685 0.00011111655034908581 0.00863357824416278
1.533208390613857e+18 19.98940589427074 1256.7592515378135 0.41395750683911425 13.891587597118987 2.281701578498402 0.00011004576175100827 0.007094609381889436
4498475668289734.0 58.85665428867784 2725.328677621955 1.0478467609732638 264.3202872366481 2.4361340011965673 0.00012763178244993333 0.0009291151258605549
678372061102576.0 16.549582999509287 94.3667793422132 1.3898695767236302 709.7809687969827 2.2562915619210013 0.00014620839064310737 0.003265167904326716
5929845605355207.0 10.756156292276067 12.64239494884788 0.0341142956482135 29.166315133140056 2.172019268581556 0.00033474164224250825 0.005500509237354972
751982862841689.8 10.0945921828057 13.336975081713511 1.9738458669633838 542.9027140624429 2.407980762282914 0.00016293652644585452 0.006839171548790309
1188307542032989.2 53.33493691109756 33.84536089359464 1.931683418518905 19.74069075332314 2.315658151777363 0.0007445738568423217 0.0005265453245802301
492973373361801.1 83.43785197511352 345.88278759301045 0.10879541511234136 462.6425496058662 2.0036020432169863 0.0004642412658759096 0.0024160912406101256
200373294648166.2 75.1566506255287 22.970432830666045 -0.29477935932261484 56.76489500572003 2.144834882787264 0.00046171162898338026 0.0012250965713634589
4920659800057892.0 9.717431666082451 10.849698454104043 0.03809123505560619 34.402649968443725 2.187911741649658 0.0003878819541432648 0.005310597545930743
343538716000132.4 92.57035895993127 24.653230459071423 1.8413506346439492 123.43875935031065 2.3090478237980587 0.00034033822810700825 0.0029458158143120853
612500639952771.0 51.07826636581922 193.1046160785316 -0.1725341655431562 11.16394425720418 2.3369554168591757 0.0009088276342503186 0.005927855140416584
275724774178631.7 94.26534438190474 524.2781326365694 0.5364333029628172 45.6266004259103 2.054954637064944 0.0002819870403334896 0.009980228191358185
966276375108395.6 88.53562741997143 1555.800415492901 0.6670974359019002 396.77697185640665 2.401086086083789 0.0006674632522326961 0.009291700530518171
873262273832512.4 35.92796554265033 580.575175799249 1.4615169945378526 598.6363683224132 2.841127221312764 0.0003456878799889483 0.002120876662887276
355351760824162.75 84.85352923975661 16.54297607857788 0.34533288398699535 272.49520051918194 2.0420409827587576 0.00015661002893994493 0.005550683583306787
993953495774284.6 7.076713136957153 12.383421494861347 0.24177908924383967 4040.9814339850827 2.1668518692072034 0.000996597802144059 0.004567386733946855
996301695432487.9 95.76692750258182 1351.3158928842383 0.9853060074368492 1998.6641376389348 2.360777747985169 0.00013134504159987792 0.005798834938664341
596388869509962.4 88.72602939497827 397.25908108593575 0.6942261598735717 557.8947013505745 2.288809698314486 0.000961136539389567 0.0011752016879850251
466048400073846.0 42.08968124201548 26.262083316582302 0.4400370163355342 63.21993165497552 2.4085780800861465 0.0004625232214368302 0.00019361004324096407
894072508128985.6 70.99622433164086 757.7940643132172 1.790170379285553 481.5577442957551 2.4502928475185044 0.00018598501747329357 0.004118701575075633
5069864276114339.0 5.011671399036342 1842.3123856254178 0.4616803509451951 368.46790854531275 2.762467678479708 0.0005018785456645964 0.00713871843306724
417883746713215.7 48.997550189226885 25.498999932934762 1.1144499971332287 243.00892340479223 2.1843590187737476 0.00010067510582263482 0.005444825154842034
144091289379500.16 77.67665146034409 15.22041066005874 -0.40688651278438626 13.83687408274083 2.1669769055794323 0.0002314950784458446 0.00013519630919459806
85664599916331.5 16.34357591413122 784.2563539961294 -0.4323026891548152 10.595858885558359 2.047545486015641 0.00018791928238777662 0.00913278334953815
634651923501319.4 19.46977655585869 52.430145447285746 -0.18316050964399488 746.6311121572236 2.1870890559994987 0.000830531257830313 0.004015283356116003
8202987134098144.0 53.69548781129153 2570.38616377527 1.6853367475762502 253.3763507354831 1.9381298058439833 0.00011619247699979347 0.008881218040424717
432220294364071.75 36.605285790391484 127.79060873708639 1.1765247055974237 278.2530980244236 2.2596470963538002 0.00043245142501443894 0.0008388803028707564
2.4085522239339843e+17 75.4680951812808 2761.324124189501 0.7151988873318267 20.727407963779616 2.390455730504898 0.00011842664959329473 0.002203643591919876
1.6360051136552094e+16 4.397890656886014 1172.584043492041 0.8769520897127367 306.4869752213476 2.8000304703181973 0.0005735067469814083 0.00706667029870753
1145564356061572.0 50.939776827739394 1552.5855500225139 1.0249017236722522 649.6622090860931 2.388526413161693 0.00011776420096023019 0.007101609090766058
447880174949541.2 46.05677604101804 10.210473854600187 0.6676056917064759 58.94170983473067 2.3677433233135132 0.0002689954886292038 0.005186005468767867
2971338608764328.5 27.125606065271125 34.52533141699492 -0.1145065941150798 17.682326023871717 2.3459304967891335 0.0004681392119774115 0.008454328025935999
8.596952226770248e+19 0.11794834627116302 38.726261073676184 -0.3670860185865803 43.74690115029722 2.334242631421816 0.00033485522064091776 0.007635859348033356
1203188005112215.5 83.81737053615831 1720.7318090150786 1.029312839166379 1979.3669116841795 2.6367878038603836 0.00015330824362973008 0.005178189045699533
3.261670815930505e+17 17.61495764953152 231.1253461200214 1.9778784169932344 36.961561646722416 2.0316357663331948 0.0008274523580826113 0.0011487769787372512
5.715198388502495e+18 57.47429200317401 370.2690504899221 1.380783267768007 15.948656902769933 2.3583660267197515 0.00040418018077446443 0.002547799205126674
483883221928355.94 23.515030211761626 21.158472524568452 1.5581495545133073 579.4450463844257 1.9870551123815927 0.0005291254175174501 0.008233158984210561
1351527032781060.0 52.474447032715986 46.45247292896152 1.949177658716883 23.350541875416273 2.2764097982773173 0.0005892754236338767 0.0010107875177033125
1157185795474064.5 97.33561359755716 2154.590517737326 0.6445772981133251 2387.4626824233906 2.1319303165357164 0.0005337229004282937 0.0035158677291134456
586128746748869.1 97.42461588237192 54.70293905073374 1.5668057593738398 252.38305441477877 2.4168945767211447 0.0005359515007871051 0.001524129274294753
297119690065923.6 32.096347721454855 10.606515198275465 0.1824178421309608 82.20575505402533 2.1955828321176196 0.00010217060388505429 0.008534389637060998
369581072925936.1 90.74771319938937 76.626002473578 0.9326670573218564 296.99750076070643 2.008656432055627 0.0006562029415176591 2.9516669099778885e-05
555736649601944.44 76.88855924658532 412.90369437560094 0.3821188478025082 546.167352077988 2.1886967800564805 0.000969225540567756 0.0009996421913750868
556159815750689.2 80.69091844904419 347.8992071735942 0.5167383725726948 498.7744510657908 2.18751072391582 0.0008240830372644826 0.0019512377958348865
900899056610665.0 36.09720247649889 684.2012116515369 1.1837243940549786 853.9214306963355 2.854823323669297 0.000249057631109584 0.003293908512255087
181908363468397.5 95.34080301149497 34.103557591964176 -0.31132369271818583 36.69125649510667 2.2080180075721625 0.0007710428466435106 0.008877917807410157
630001131773983.1 60.012649157429294 1251.6490305284906 0.4055064209830261 465.9244976981951 2.167553041017336 0.0003556031265953454 0.0027884545288911714
159086635584307.47 95.69361105933032 49.78029505045743 0.5049934696078479 42.656969599832074 2.2096738485577383 0.0002737586652218508 0.0062274681240828585
617233762116007.4 54.084491143470665 14.702637213928487 1.0763311547521532 921.6223814316261 1.842306985166826 0.00012116797409488676 0.009265418712289718
107022377941500.11 11.604651840858507 1715.073690146241 -0.47741914106431504 15.924202694930004 2.1095346849363823 0.00021496003827550455 0.007783219247755646
779331682560391.6 8.927517329959343 129.54731062738955 0.3579761205281198 3012.105259782269 2.051507152975666 0.00015287097056599098 0.0005806804725928885
1419660639897020.2 28.862383570342967 10.253845390390516 0.01457212234316918 19.8938653784618 2.2979058932225396 0.0005288850951013468 0.008167375736652707
3.507530365204138e+17 15.17762268632568 206.04592082831076 1.958425949081842 37.52675066306023 2.0488109479580783 0.0008627663209626418 0.0013779709156579289
671098377095913.4 49.62925937733341 76.13597435618394 -0.3361782474146966 692.8121526896595 2.298398066364098 0.00012045816823494971 5.1532071015741e-05
573659994784369.5 94.67005297979861 125.84271678135431 1.3567478036716647 41.54670373125856 2.2837272637491215 0.00040369818805083144 0.0029434893483600635
4633775491241900.0 10.436709701814033 12.566773510889211 -0.12409847421737363 30.204543957712396 2.16760085557391 0.0003694142400472115 0.005352100491141825
365278843825869.0 64.95617056791119 202.6055756329711 1.185374117397292 315.1175409185547 2.138914809691468 0.0003116444088950638 0.005876726195399874
603954666594162.0 56.06830107885729 130.7369455354311 -0.10524680182820423 521.4267552223793 2.278362057084575 0.00018638545050879968 3.5125698103062554e-05
1360623137702151.2 92.99464534508559 217.31825677444155 0.7806908846528176 15.421655497434108 2.1440681935467096 0.00046417151795852783 0.004159553297951816
556244232364088.6 74.8850384133398 563.1167160212533 1.296734612356734 582.5719150540257 2.3571811050574105 0.00022723793272883875 0.005125524790552826
772377237185721.1 9.426917096928264 42.93924830487123 1.7666768478513206 966.8506237183577 2.3058566603966613 0.00015437587279259704 0.003503921840108923
268416031457362.2 83.83320296674086 57.18049528155723 0.3278961424171343 13.847181688100187 2.197174776541577 0.0002686495481706644 0.00021457339267318782
303471403040992.56 96.40916295718577 555.2716081349503 0.48907131620968225 62.75042637637522 2.0685430829300064 0.0003801873972478638 0.009482984854189786
4096196840934254.5 1.7918581515366228 2871.30587032955 0.027438115497585513 410.0019659782104 2.6744085557724038 0.0007990848585926385 0.008898404163241266
833083142729599.6 7.951731826190439 24.285147011687616 0.06530037159934993 2661.784399436593 2.1326691332734082 0.000947176382127856 0.0010732262462498118
545009486997836.9 29.399125559146448 12.341388021000117 0.08089278569110592 382.31244573704316 2.2194807781258623 0.0003719010601958868 0.0027774855842100385
625567105458960.1 14.276331267146915 718.3697959879577 0.1361024311336304 50.14409898716369 2.0301714093232124 0.0002645347398508175 0.0030385740586200125
1017427177746599.1 65.3939533724184 1235.7168924654861 1.0544482667575437 1631.9259558304623 2.4060713459352496 0.00010319135229194913 0.005959794428301162
443088068059839.6 71.94461056310445 15.281909847149748 1.3003108779196717 28.502335124673717 2.5004348996371895 0.0005058024143007338 0.006384625538315294
589114370834746.5 7.719975607798915 386.07254715480116 -0.30788897534164716 262.1377872828345 2.1570185448530297 0.0008316137625474556 0.0012440670541915364
226879710931790.97 84.45615450143747 14.794915039697733 1.7727812491931783 26.8092861950863 2.334879526233401 0.0007133005941682036 0.0073897542889103385
300445683439775.5 32.37308322825219 10.802772001340985 0.8469710322738195 112.59751080844443 2.197471276169428 0.0006377804815913244 0.0038086789118923787
905316153998382.9 5.801715776499464 1313.7977419013787 0.32615159805949856 1246.6372512010632 2.3072436562361736 0.0002945260906521512 0.009871028538989234
143780125346748.66 87.42286355415558 54.436105697694394 -0.3514207553101043 44.710442932021074 2.0309692107525494 0.0003868579399612053 0.0019128219216250804
201674060906613.25 37.94323208640832 161.73468390827693 -0.11757734911835371 16.393152216918654 2.0820664360715413 0.00016860528277712366 0.006180819908330349
139021599280056.89 41.867832812199865 37.60650610812605 1.9883136393665664 39.80364347143125 2.104711635199557 0.00020465104612865716 0.005551126089888256
2796631917183103.5 11.313509706186828 1082.5172601418788 1.0802198952964308 300.1183453580108 2.3854931859909883 0.0001513187044558733 0.001697683175592153
867341518488773.1 20.555560622814703 29.947377456906146 1.5541893486393756 2178.9968771584986 1.9322843787564818 0.0006266080658034213 0.009145372492006967
324025418043134.5 90.33111137741221 472.46184740685317 0.5474609280374001 30.378097168765592 2.0264717962388294 0.00031512816931567825 0.00995803791977698
2.0217681710771092e+18 55.75973659229683 632.3390530977059 1.1254323059146307 17.176492789661335 2.3224171907960707 0.00048112873833720707 0.002681387147550075
168694889134547.97 86.73836238402609 37.5238682455195 -0.017390383611150806 64.91420086945672 2.131362131326994 0.0005951332599147766 0.00027034721424441257
721650263684752.8 16.960144316782767 69.6086433032164 1.872435567120626 1068.0635624749802 2.167784422845714 0.00024153030743768815 0.009343694975856921
1111415634979679.8 68.07213610822149 2430.6028072714694 0.5732018278063502 2829.8843849990203 2.8653286499895456 0.0004428319674628927 0.007911845552919159
492715794384038.7 29.879382907425693 311.35865725936293 1.1061956672192763 419.7200527990406 2.331043877031112 0.000422960440496341 0.00031843265575465414
604615726059603.0 39.16434217125997 31.50067610752953 -0.37663625533964257 456.07456528467526 2.321909444491323 0.00012602505938091648 0.00481626757745493
2.200225100662277e+16 2.3105224842484944 93.82362470978188 -0.19054635944602566 174.76029892111862 2.535479689574412 0.0008517106693447844 0.006491718166978357
4.1408284068956616e+18 55.45823092167791 339.2500561721982 1.3901407828896568 14.955831633076876 2.290122832625635 0.0004034532674685299 0.0022403688096610903
4443300157233563.0 24.23848200554299 25.45635912793289 -0.30763791422134434 10.064369690766389 2.23502672681112 0.0004988939888094763 0.008702442755900479
1011714066280750.1 73.08409820391535 1312.0983984236623 1.0113175383900366 2711.3512135698375 1.5069992268075774 0.00014401033957335655 0.008118312575767363
1154527026690194.5 2.407582717366168 95.4223917807293 0.9781897190896989 1846.900673012967 2.8233783204372616 0.0008293930515597872 0.0058138574651937155
947948507973950.1 14.108958728511826 142.91538433096105 1.0125282145331556 3614.0317834803036 2.9500580076938134 0.00020232734309321522 0.0019013907497764005
457610147187928.25 94.13242611597263 395.6958073224673 0.6198287034336832 615.1916052850142 1.8793415089637153 0.0008554805436721682 0.0028145120999707625
1068995927894721.6 69.68504285143669 53.73252766241562 0.5700762365615819 14.324337597458705 2.313191326579745 0.00017145676232557325 0.007718644259333729
3.1064792523934966e+18 57.511789778240654 655.2389876260529 1.1732355292552523 16.28121762756282 2.293977501965665 0.0005129193834379643 0.002506002609335296
5136621426833414.0 65.54881542012168 1441.5254629644442 1.5314965711927324 182.92928466111377 2.224153820119379 0.00011883873099203247 0.0013241305012553191
384642796761517.25 15.641008223227189 173.94044940508948 -0.3310976973538498 212.4863064118879 1.9857680443108374 0.000383883172417426 0.003053149359989087
3.351137377584981e+17 15.28987150939746 706.1095869030145 0.46801744490388186 30.18672411327144 2.4565944672007127 0.00016486604912254515 0.0072545963333369625
4155672503239167.5 24.893537766227098 26.577603467435242 -0.31601672210746723 10.970373089988641 2.229608687046685 0.0004939304812040177 0.008604679011864676
971678542843582.0 3.940890006432361 32.28638279696868 0.35076312067585236 3962.332764135394 1.7989857430729916 0.0005267705071237479 0.004657380664166082
863076584070032.9 84.50418270651471 230.42256563595072 0.9261707843988736 44.40701275390999 2.3022887880047636 0.0004837535975839619 0.002756778165958411
341711238741777.6 57.13740564480326 29.286059500627516 0.5430611676421946 119.82934807186282 2.241511279183243 0.00083416001295784 0.007489927233391966
1278851352799331.2 51.937910793443706 383.9519462707929 0.6290295700187181 28.16232840263683 2.172309701612509 0.00017540659271122043 0.007316655739082243
334124274256664.44 70.17648560175907 10.188868397215973 1.1482232466311495 129.01882635477668 2.151020507442945 0.0009203608264004993 0.004932573802421349
1145564356061572.0 50.939776827739394 1552.5855500225139 1.0249017236722522 649.6622090860931 2.388526413161693 0.00011776420096023019 0.007101609090766058
602095908267971.8 58.519220479159706 11.869390832196698 0.10550620198013971 234.947873033298 2.48738335380159 0.0007052095347087824 0.001450177791853008
997540474797297.5 2.4216117174671723 1839.2619230484652 -0.03065696631177188 2349.780787032437 2.7636962679363464 0.0003992025849135881 0.009547700431783317
5.125781773430892e+18 64.87752794077507 2835.2410554874573 1.0393818839771738 31.870217265787417 2.543655344350209 0.00010328488309908042 0.00276663078176162
560836622677163.5 71.51351857855902 12.334735182360248 1.979918971316578 1460.6172757130225 1.4114285671872824 0.0001619441695940316 0.004957425286160369
1883704469882156.5 2.188713138741575 651.7138188603778 -0.3041118083876899 538.2396774462057 2.559456884653639 0.00030014430541230376 0.006839782262665698
408336673746248.75 70.65947737139541 120.17180161054027 1.6108832835408489 295.85730618012434 2.145325562994457 0.000142550192875185 0.008046520970347066
601127395849055.2 78.89863951366232 667.5785227987858 1.0789635730518934 786.8140490992749 2.3786754653330866 0.0001346003712276905 0.007145031614670847
2078336927013774.5 0.31811978312430433 126.16380906751198 1.0823571889106673 1454.1910735487552 2.952525880028838 0.0006903595213831103 0.0062025893823506525
2.903601609081597e+18 62.72598868334766 599.0971253551834 1.1568750673472477 14.640421980015745 2.313361719848942 0.0003745292174021562 0.0026259230041316027
427039644429365.94 15.645903904233322 12.917429197696213 1.1032025517499244 153.8162963356078 2.2167386146338446 0.0006674709365047746 0.005519845013851607
8812733781462332.0 58.21002328431415 702.3320323891231 0.4613091817085492 12.66667728475553 2.217177998512345 0.0002860209924496792 0.006341202127672984
1.0261064624544602e+16 2.7345696852198813 125.21573863079887 -0.377415943105498 162.9134202158096 2.398170136700881 0.0007758097137729344 0.006338232194238976
1.2640342606020816e+17 17.32805127052136 237.08862121637455 1.644536108015224 38.23193743773705 2.098291084935057 0.0007657232066933479 0.0015042407084770362
1.0738031374206739e+18 2.359785299543052 12.610675108140063 1.969186772544787 37.01231860644249 2.2965588128718797 0.0009273898175674082 0.007157102073608832
140990079699583.88 80.89932905994746 47.75224280958565 1.3780806022588556 43.668438255216806 2.176538112404021 0.0009291591912923399 0.008543174452463227
1796622372373512.8 99.1948624882542 130.90859875741154 1.7254469914108939 33.34967681276297 2.301173219368511 0.0006913460076572211 0.0013056483519750632
174532296066122.1 83.08003761021541 1181.080062103937 -0.05365347859379899 73.78628878892187 2.1409020369456955 0.00035137125870905896 0.009198733557336414
495289745795685.5 39.40227441718788 243.05861683636022 -0.09382220907115846 374.9417959645921 2.1378806037013574 0.00016763943018499093 0.0018780611545597707
1016929102477235.8 9.05016709998253 755.4089634408175 0.2888724436270862 2293.7250411200157 2.7138937663434337 0.00023006266729061866 0.006990297834204396
684290388446585.6 16.237590756994877 91.486546299125 1.3622078715585806 745.1990502376515 2.241552384683603 0.00015115719433614282 0.003298266704457295
9.781375283358748e+19 0.48576922213778184 30.747930231398986 -0.38584671034682216 39.47343030297352 2.435541250304634 0.0003600762874039597 0.007404052967647997
623580483352524.2 89.23870642050105 31.337649152410396 -0.4746496309102175 633.1864103159786 2.1397435404634577 0.0005475019321471512 0.004243799637865358
838101761261689.8 33.591929053390174 1201.0360027621416 0.48733014425964893 1510.265568992823 1.9726507585587132 0.00023431389871810289 0.005070291501637503
450645775034988.5 45.12486645420417 10.308858534378722 0.6681073011389749 62.85190169293796 2.3609687860019455 0.000278935005415177 0.005311315155245376
635962709738748.6 79.2926980461906 331.52818379826726 1.9532165138116624 892.1520946386876 2.179619364521252 0.0001432181215764669 0.008830928747998226
4512654842600185.0 23.97953605564966 32.01700249821684 -0.29267952671647257 11.708336357644162 2.2415827118008265 0.00047191970472477296 0.009015937529444436
4226994276111593.5 1.7949135398370144 2852.298522953469 0.012379032487090935 415.13749469085377 2.6605082262658675 0.0007961698925060408 0.008854279172829093
563953468500449.6 26.719805924073064 172.42039011159122 -0.30193090582172033 380.4796127779334 2.3034393807039573 0.00015363770208469166 0.0005647361259224683
957622131623592.0 10.060089874250552 63.7060571341724 -0.3745854003057576 3161.105403676271 2.2001270560444808 0.0006396730317291476 0.0021943675401615743
491976182980287.0 78.7387520044955 600.9690561532973 1.235850356205893 543.9602381225797 2.0428807264574242 0.00018532614958506022 0.00426962010338745
219295604029737.88 93.47646854430063 486.3527204850306 0.5434801774746487 73.63849885065113 1.9527176683438103 0.00029816389940119414 0.00916203129189716
1874535840641141.0 17.39843828843607 1723.5176515942524 1.1474917883683233 581.3451768179127 2.5028611509693772 0.00014958564743243585 0.001998966063314728
1.0576057846224821e+17 39.5771767649947 39.24175531789675 1.503772193462377 10.627593253612849 2.3173364266455336 0.00011488058033661441 0.001950541933880421
1348725074601038.0 58.0223693363939 2038.0623575085524 0.7866386445903122 662.8495536354936 2.4169358761818485 0.00011517603629496929 0.005444200026752484
5236522979838530.0 86.94826331382987 1932.0387907123209 0.8750122635032463 76.71955318429005 2.33573443565283 0.0004982308302423724 0.008961862765611542
444446520624659.0 95.6744515645197 2204.5235152299083 0.09043732327400189 183.63235418006366 2.2268832013143722 0.00024494327603139253 0.004100666276091246
1332830687103324.0 60.599585530648106 1848.6823788424406 1.0959791456816959 4475.13855018872 1.4674645095940195 0.0009722775699188565 0.0031012793985016438
41499883294246.91 15.569369623804022 2795.636278783902 -0.3717844905939085 15.453078240671404 2.0187506594230618 0.0001868802501490391 0.0075428182112101515
443766879218005.8 53.74012951271044 369.53549392026423 -0.12514993684522535 10.067640229362034 2.2833066747174495 0.0008171281802612592 0.008422248895786338
520878728109531.6 22.839918679204537 14.195597204835327 1.515904429097602 504.2589336502369 2.1102413615133195 0.0005061830330183753 0.005198599054934821
284033605444934.8 61.599235947013746 343.39685717317536 0.38714291113712657 47.58046546118009 2.0871952360061496 0.00046201047897019435 0.0047851436551864
7.09791730382453e+16 71.88245641667153 1742.527944596372 1.4799855812216425 60.32289919626162 2.1120602532016406 0.0007226163418463638 0.00661674917220345
324849537676407.9 89.20619307862935 439.5543095934211 0.49053504305953677 27.619063676054868 2.0589292738612324 0.0003324400437193913 0.009907075545465514
45909127006963.86 22.123945584293967 1415.5369827825305 -0.4225553999196141 16.352742528377405 2.121376877441442 0.00021529750912535603 0.007094594481499931
1.905928080308645e+17 70.14533019656979 1842.237168685525 1.4437381752107048 47.49612919146653 2.081637790705149 0.0008069475277259131 0.0076010800114977885
243781616829545.62 97.01246775977498 343.4073321047731 0.49141867245497217 28.310316423794053 2.0381519462583095 0.0005160707965250535 0.009656190686216702
454098739842553.56 83.82307543558909 331.86106727741753 1.7521557292482524 436.12835134478814 2.309380150401763 0.0001264572162964945 0.006816258191571262
452484225269090.8 80.36502435148282 442.72642605036225 1.73479110052566 490.7149756171008 2.266600441607106 0.00010898173692201196 0.007257107388060962
4479157625468620.0 34.63700738457891 42.688931915747155 1.809052459991468 17.500974360458848 2.1848497295157956 0.00023632088654883664 0.007957202017325186
392729243912299.5 16.741414457814678 178.24066597109064 -0.30015481911751074 210.5652945310312 1.991692140073467 0.00038040380680648894 0.003149715955020488
1525250388787587.2 53.53488804641897 2894.8789974893275 0.7476996899715288 843.942410601265 2.376711771377574 0.0001041914673909559 0.0050064436008018225
451861632889605.4 27.32651230967748 550.7186273143024 0.3744661782121218 424.3022945584834 2.1680402195587387 0.00020359331962790524 0.0036864698572207514
1.7047782356918573e+17 15.967202394336642 255.2421849745574 1.828590344493648 45.544779812061144 2.107376930025738 0.0009167047642577743 0.0004041307493729352
4675277492752175.0 24.63521954912411 29.671181503466222 -0.2994321845604613 10.63995777723396 2.2443953421393656 0.0005097220712279563 0.009400747390021962
459252602821142.1 58.88236593598892 69.0502793811112 0.5365100195140662 391.34290654613864 2.1338752672803194 0.0001315949101564287 0.003168371695765544
3578261019600725.5 57.20510558811143 1361.2269041616173 1.5618543224682089 244.12357775792827 2.1758696596386238 0.00010097382519685598 0.009473655159275965
6.1051599015085834e+19 15.794581534929906 425.0281385359365 1.5194950728135828 31.925864729567603 2.366134025055083 0.00010783718033552644 0.009765648585256416
3.622838480686832e+17 15.674845512344776 675.177408612385 0.4841741751513171 31.090587052939384 2.4628536734887083 0.00016377350550083716 0.007224533581695328
698075350209573.0 19.643344165037917 1117.6388364954169 -0.050425774749945695 76.45309729985335 2.430435344142002 0.0008952062870070402 0.0014167298402908025
1113188335924298.4 8.031983210365532 26.009833470734957 1.5848459151831986 378.1415840895429 2.6708930612895325 0.00011172034390839805 0.0017065813540737152
113312756144713.66 25.71364140922593 59.772352093484095 0.7476910344675548 50.775123251224194 1.9388302201225827 0.00023125069678679743 0.0037432037087167178
340361531609919.94 96.34062264179207 1142.8700207381955 -0.12708369188179253 325.77162029076794 1.7497627271308556 0.00012898388869506968 0.006832192783440701
4561922676430967.0 48.97798736063248 2412.904226914612 1.5228119134047475 503.00081501605484 2.418826421858675 0.0002780339468617647 0.00592396006062265
2364900857442704.5 97.70814404072358 215.03702981189014 1.4271536934011524 32.254535916629784 2.2166004544962976 0.00047245067834067006 0.00452570473769677
3553806006553099.0 20.785050413179796 18.36255746523591 -0.029141983710642694 27.752401211084127 2.4171677450069358 0.0004731378821330319 0.006459617166148166
6703944015284784.0 72.85726163673455 452.31384314839585 0.9491997415135557 39.53046569573561 2.4345797168567125 0.0001293688741522295 0.00560995761753741
441783959792388.1 71.84531077990933 255.66231870023742 0.6225066865625613 512.1620392153806 1.9445369918170945 0.00031230818030580297 0.002722960777275597
528143064959849.44 61.583421255904796 66.76688938958837 0.5742557189081314 506.4363894630829 2.1099652754690688 0.00026520569930040265 0.004252464618340665
435232034510777.94 79.30318874882511 241.97850219907926 1.5071163655167072 159.67146718989258 2.379241104334003 0.00036829215940244837 0.002986750138674314
415178694208003.7 22.70378509134806 10.28132885498494 1.0957325801737614 180.76994032310355 2.2377518602959734 0.0007087877317469216 0.0060466917539859855
9.363551297787933e+19 0.11891239253016939 38.71553314265992 -0.3812059312223439 42.80161337211487 2.3287559534062567 0.00033302504184144354 0.007650081643310539
7.09791730382453e+16 71.88245641667153 1742.527944596372 1.4799855812216425 60.32289919626162 2.1120602532016406 0.0007226163418463638 0.00661674917220345
545080887518820.5 85.37451239863233 122.09343048135187 0.009893214654502769 463.7607636643263 2.1884166974662524 0.00017382659763596648 0.0012435169337851803
535242703691785.6 54.51823817232662 143.17986779191125 0.43813630820753063 332.30545491998316 2.254732690469159 0.00013111862707796296 0.0044706380822247755
89927081488034.06 92.5919602707993 17.19733683246011 -0.2075117774795232 13.94154906183105 2.0960168271442527 0.00022456663615464623 0.0005536387928364163
3396510196889708.5 2.026192483250279 22.079794635524877 0.04355970262119182 428.14979167364504 2.738437849570139 0.0008763422000259371 0.002273451109913035
9.736785332015286e+19 16.58250080176193 476.6186475529208 1.4608906074768235 31.894624379840398 2.4183583871407963 0.0001065523106038755 0.009612491159693664
719365229892513.6 17.452626223695418 735.0605706268494 0.2866324550730305 812.8483691068925 2.1021835820442414 0.00022489740721164973 0.0066415522337810945
205496541921571.5 94.64905704139535 35.62299244514924 0.4822491875753332 124.50183675597668 2.0086154628658672 0.0003612719596919664 0.0016134831498311412
1476845032765922.0 55.236435820778524 2880.5561249498 0.7300297586499784 620.1065622631753 2.513130017081477 0.00012740756067803014 0.005362785519266804
1669568727714766.8 65.81359105153308 2378.220417545136 1.3440948211537795 4936.619329603836 1.7073721874545644 0.0008470990051027812 0.005636504310252867
516925876913981.2 33.180748410540126 34.35402315243299 1.386325528042964 35.27328438123905 2.249058709009171 0.0001573871908874974 0.006720093623237999
443346733038062.2 88.22695958692775 21.713256682067644 0.33974687797705183 171.56177453946216 2.3384751290767536 0.0007157397381149829 0.007565763799758186
1217390676831608.8 83.07710785229536 2016.5713026881901 1.1230749478657331 2153.283049379881 2.433652440722669 0.00013402480157679873 0.0047464426441457905
495145555720937.9 90.84371338152229 236.1239829193339 0.7951249481247853 373.4437763584947 2.337341383431318 0.000969492080084731 0.0014711358761464192
5.142117272588322e+18 58.593140447883385 387.4170153062458 1.3443254332981351 16.364627507243856 2.3620767479070337 0.00041653458995614435 0.002517251147762565
1543684219069507.2 29.903080449959134 10.63250246020385 0.032886564487332404 18.056407538183805 2.2873008465644884 0.0005353582042592718 0.008283020848770528
505096001898274.94 57.3890536708397 237.17363077144094 0.8374148980930094 515.9676436089896 2.114588493378741 0.00033826835559665837 0.0010759238904210979
169361906026849.28 95.41084253530369 36.979571377710265 0.2963314147049456 12.19095031646814 2.1947019779940957 0.0001704689694541438 0.009946583650408366
416071169725410.5 13.6172209521426 111.67608205005176 -0.4930579577722664 171.85031089028132 2.052907931732937 0.0002873016330127202 0.0022718107688850233
933458323483257.2 8.062137798588864 12.399542651918054 0.2750680732572849 4143.873834072672 2.171399719991827 0.0009942106782260794 0.0045619217381882285
268007253687514.97 18.408769540117525 50.229540648447056 1.0010043811687168 102.88873308536785 2.0770361917573714 0.0002612251507775627 0.005059879512766695
1247292478146091.0 23.15698403800987 173.45796114681443 -0.17271985179682336 18.791421415164134 2.30621465973284 0.00019499795680139455 0.00785500941088458
2481631020753591.0 95.19489141308819 301.384425741928 0.4634183076103457 10.102332296294216 2.2655892026608537 0.0006123919689412375 0.004483886161605052
9044700255709470.0 61.36590682957342 469.295232096843 0.6217781409488013 14.473477744607674 2.2150813574222967 0.00023476873353507909 0.006394231626269378
357834011160748.94 72.96147328169515 462.064034920889 0.3942523397822316 63.45308823931986 2.169142738021788 0.0005407585911270208 0.004558835812281363
356142080731648.25 73.84102556316971 818.8433290765631 0.3077426687730983 57.62127464061327 2.1772306987818317 0.0006468924316243647 0.007536758587100557
6.014456695123031e+17 2.578729222103524 22.057000684168813 1.9241271448248316 42.26878510418206 2.3180001100020307 0.0008011225238211242 0.007562066144022875
38385818782283.54 67.85752934210522 1433.2569770629261 -0.4854102370089042 22.441930579955187 2.2677955402520547 0.00014428514183377906 0.00762234599418159
123349865989741.52 86.08268546780677 37.203664525705385 -0.29516409255054377 43.30611786292353 2.019860280905789 0.00039764109596182335 0.002329272299875769
486089810221125.94 29.123985169575363 124.20204496007956 -0.3270292648408022 112.8365598873633 2.3887127725974766 0.00018389205075023253 0.006898930567211525
658371627814314.1 54.50425004523886 446.5885662272041 0.8064362041298841 965.7465045826509 1.8824380072683904 0.000108001098807027 0.00792408080353125
432663262651652.25 92.08002282702058 187.27825593232456 0.16739769539952876 216.78352336253235 2.26305192437907 0.0009812244523845553 0.001988045044908223
1476060455738241.5 29.504961074701107 925.0747557248529 1.0478522641252623 243.47249888589124 2.347083254304262 0.00012892290240914669 0.0019945029717906284
902576420119638.5 84.13919771840182 1883.8635784096807 0.5614223378971215 807.9620920841533 2.273383833732669 0.0008306193520784559 0.007885822515977584
38170071878033.14 74.37338903532147 1943.8634517351895 -0.3423414554398544 21.975599363067204 2.2154775880348883 0.00011765163713148185 0.009459433201120903
352978588458071.2 36.944677462599586 25.85465249678165 -0.4454674614839298 14.579145464156975 2.1502536582729643 0.00030518522770968637 0.0014313088809389633
302385411996923.8 38.40847188399873 45.229208775932406 0.9008398873113079 126.30683148758087 2.197449677684673 0.00032622564990761793 0.002142014166898058
366861903626056.9 53.75742917981823 10.811153509769676 0.6024948664435231 123.47055781435023 2.295614443062506 0.00015832686526480246 0.006499699681912002
910575942154030.6 7.079037962965295 133.7837623617177 0.2874292113805197 3209.92589593994 2.0686199563225296 0.00015502141742538989 8.78831982671956e-05
716716233806958.8 42.964691266953494 15.277605166079393 0.1045848476897504 1197.2632357373925 2.153950923557512 0.0006965345590798013 0.001920168927531898
293626276131895.5 94.59604650892463 66.68365367064895 1.0401169545009654 251.15405765418535 1.997953458651392 0.0006591360349715799 0.00034395771327171924
6.977084363428764e+19 0.31194375248054484 32.507029556040266 -0.35217842841029623 52.52079186527628 2.4763491696109536 0.0003440364195880171 0.007303085788307332
255046590356462.88 61.59172231304318 10.124525758583685 1.3461002177664594 113.69392395669442 2.123745751748815 0.0008504637837725389 0.004173069654726848
324584258663960.94 61.32000582627098 605.0820727649656 0.26538361515567954 47.74924376512098 2.1280062257664643 0.0006806219496082843 0.007938812028390156
418243370454240.1 80.07805330720186 313.99283656853703 1.2238638090964726 290.4141409765797 2.319182269847795 0.0002630950716064358 0.0022097947665351333
589114370834746.5 7.719975607798915 386.07254715480116 -0.30788897534164716 262.1377872828345 2.1570185448530297 0.0008316137625474556 0.0012440670541915364
602504649588913.2 61.61612079174428 144.7557336260544 -0.001848736848064414 389.22417819821567 2.320148738785317 0.00020272851179122895 0.0001726871995072841
351355677989560.8 92.89852411510782 12.177309438797948 0.5040531114913068 151.78859592555708 2.233611231141123 0.0006838903806490298 0.005551307090805377
497842604054075.6 51.64919381996529 214.93019600840188 0.24878399784093097 18.45166356101179 2.175818772255726 0.0006335231881968695 0.007247323208030877
469583551227888.8 65.73657036199091 117.09475533166547 -0.43641584382839915 253.2160554611788 2.1188104554712366 0.00018783218587145833 0.0003739471670914129
703781775587467.4 23.104223604038943 94.76703846272693 1.1264279218848703 682.948504958159 2.209338214032228 0.00020228655492458958 0.00030388432987649237
7225055390991143.0 2.6590896700991635 133.72660615080707 -0.43762049651503276 180.76286949775997 2.3900454140183327 0.0008224336989329854 0.006423376916809945
412490893891059.4 36.69294653355034 13.206427417835085 0.8101825074547254 379.6890877644099 1.9950171018090432 0.0001479854959085898 0.005297029449183196
1.0846608325329812e+16 74.90704217507084 280.61848977482515 1.093530590807449 30.12895379941893 2.4472758953702245 0.00011903119038315716 0.006599274404759101
330374615420270.0 14.073867932630403 28.707733125502 -0.3094206800185211 209.76629834195634 1.9351440893535647 0.00034076361496300175 0.001734725930623909
196465812521533.78 93.48039310172999 39.16497569507934 -0.26454728451431575 37.491720336964335 2.2119481690350282 0.000744891235804664 0.00850306825567809
342794452715449.9 35.02598431864459 573.1909597250185 -0.045834614141391894 165.68740852116716 2.228692656467566 0.00019046533040264913 0.0023279603658202903
357710656596172.06 13.295142250429109 40.870571444730224 -0.28834204552956266 257.61536102554896 1.9941900542178708 0.00034296023792100203 0.0023263969951000767
177435918791977.16 18.706355771151692 659.3705585724512 -0.3906071755316446 10.214577417366552 2.107298448480048 0.00021044683685868463 0.008861956873627098
1949900969765190.5 11.89178511557052 80.4943567669397 -0.22216768636543294 73.40393505214459 2.421287032101773 0.0006368700853992086 0.005263545641268498
936257786222828.5 96.56013300403055 893.2572097280988 1.1919549484773133 1622.0568995244537 2.6096168310158987 0.00012269398872489539 0.004914338457112843
621242918560567.9 54.32692559369165 316.9352010441098 0.5314188747928915 591.0074772722544 2.1945606338804335 0.000331331145601375 0.00022409714519908575
8158487405186389.0 10.163516412507796 88.0954002526452 0.1339687548461772 41.20198858773463 2.3527734472616735 0.00033899089545994285 0.004589183081618772
3.263904511900156e+17 69.14750374890534 1942.8850888096777 0.7520914014495165 17.805314110917905 2.3866058428715635 0.00012522337820063736 0.0031047387099532395
235810140617465.34 58.6188953233701 20.57625038350471 -0.01036953240492089 15.64921763212421 2.1823356178623805 0.00026725338873523054 0.0016100341870347234
9.071314365253421e+17 22.30553196404543 1158.3950060952684 0.4717214925212647 15.317009954761675 2.3047844866020704 0.00012572271380206565 0.007238440063270223
383551709518541.0 73.00850019263065 11.249783478887702 0.7957972597802829 174.08531126586777 2.2076007476287516 0.00021511666953546822 0.007936998867693133
7.638024107858706e+17 23.751003192148417 1135.841438437924 0.6494434858149665 22.9209068930529 2.31611374692989 0.0001415205230832188 0.006822667634822246
2.6513516519676356e+16 2.5291740336140878 86.00729142158792 -0.04032816732049255 153.06672731354598 2.521006700269318 0.0008420699354670857 0.0066032025256585886
1.0132691784924386e+16 9.16270196408373 80.61399863554715 0.11151476213183065 46.25921877184806 2.342679136848535 0.00033516146819018573 0.004688459826769845
497452381123784.56 16.12808026669522 13.525398190251575 0.6628316419989653 319.7826711603908 2.199401679284221 0.0006589882287262439 0.008289247587557546
1649839548666735.0 65.05788934368555 2270.410769519317 1.3395571711920071 4948.6931230449145 1.7407110737915499 0.0007946729783465138 0.006187624671649466
8083803194102344.0 10.04481023689089 89.06043568955609 0.1405921687177607 44.68999380013364 2.345699738923208 0.00034616815641760705 0.004629047635637094
434958968462167.06 97.16568901969404 15.72300769690916 0.6177905688477472 126.35666587047527 2.346157009115723 0.0006768968056791803 0.004385506469912714
616797526529756.4 65.25167328076431 57.04138038322136 1.9253980678088425 691.4540347113211 2.0615420379556033 0.0004558557092285399 0.0037531308179435275
369522959360212.7 53.201225415441485 22.234039016990415 0.7635277377841561 81.00106042905598 2.3508093835611916 0.0003295136170922054 0.0035977587663358805
1008469355643153.4 40.482754347699185 1026.0126340263312 0.9349086426726485 4411.449847720851 1.688431571401074 0.0008358286035977253 0.0004718274942188589
1134847556359173.5 3.607483262218217 55.564968736903595 -0.21725530793793413 4459.423616012412 2.3356293541358455 0.0006186787179833653 0.005839556570672877
2252640857132723.5 67.07524502313431 1579.295843133331 1.0655953884727187 251.62446185073577 2.4004080021189953 0.00020287375077570078 0.002782151430268243
851110028741757.1 5.680000967914306 174.88048683564136 0.26600191266060413 3104.301191750468 1.718031161802633 0.00012389334740062604 0.0053120713436146825
1003796179622397.1 4.550586513193423 56.030232208518434 -0.09782845310596439 4008.198156577051 2.33296756522399 0.0006214151530955661 0.0059812800183901595
2073927591889800.8 93.27274939416193 228.98558310004455 1.602015770208054 46.470518116403404 2.2624681012320393 0.00039863446385629455 0.004279950570978893
252880564137603.5 40.26810531935617 125.0209219983531 -0.40038668036881275 91.7131187839867 2.1145779263654743 0.0003908528739599897 0.0021868587597979688
4668807408581872.0 94.66999993497168 629.2567081901304 0.5526242965184514 14.527865646212101 2.2990523773735103 0.0006507853242986076 0.003817808522444432
554147479193003.9 26.01066800376593 219.817043433563 0.9789421975981752 334.6847428252479 2.4541115409926144 0.00010317351095456041 0.003809520290215353
213981861889544.38 92.42314991462766 29.663739518059604 0.3407985567434819 14.776205928799943 2.257288303148524 0.00016196511920205873 0.009668893149721396
668929143873970.1 46.290677850124446 375.20278576996446 1.2566077962249795 689.3365145906592 2.31850815412283 0.000344458678391737 0.0008347472230130579
573554734570435.2 40.92369656899202 24.628078621361354 1.0216562016424007 464.6717978569077 2.107729533155783 0.00010411718879056862 0.004188744206389474
608517450598887.5 35.70381085986666 404.6591864566794 0.9776050874299348 257.5008636719631 2.4240013134943403 0.00015020293749005292 0.0034882394418077906
760113983361254.5 13.357532570189832 58.0100656528283 1.9680799163729357 1270.7996042109546 2.1217305951217775 0.00025691275043727453 0.009724165305155116
2141037729542398.0 70.66290922561168 743.0435498826192 0.3948738620299592 17.027059473168055 2.246606241806119 0.00010492036635587494 0.006793646320283975
352540947231172.6 86.30596710214665 496.30040636788164 0.558970874829303 77.03983111119614 2.0860219545865557 0.00011320706760879786 0.008747307396617967
436230775737334.9 20.76239319267141 120.26614817816099 -0.21195131037814738 53.56834389034618 2.1936378062811626 0.0004266412371339821 0.005217452173283054
928622934441851.0 4.984481478695706 42.65355866480912 1.6025140112433467 772.4091058466787 2.536312650273366 0.00014243270254549415 0.003223882501234827
837465853499892.9 2.9556198109919904 964.7050187995011 -0.06591608402477345 1389.361758201264 2.233605449471687 0.00021164365141963868 0.007339641641888387
510350451863655.75 32.95606507446111 12.302535435972374 0.9282828868807258 461.759529830824 1.9359562361788902 0.0006283797716559129 0.008603787405047941
1117563303666556.6 96.30728570670499 928.4084412552859 1.4350453335888034 2707.3865682520172 2.926733107359698 0.00011824102157153428 0.008864971079127693
2675587680165789.0 80.43872981817191 234.2169244250692 0.8375970261612783 25.018231022707642 2.356277927217986 0.0005344261299872391 0.0034177963150547165
327810296327052.9 89.74667623529629 24.928321775721514 0.021461653665217684 190.48662821312007 2.085318769060417 0.00023534471091894021 0.0015262385623283524
8.719373571771264e+19 0.1574767233751757 39.73715530000062 -0.40682319934408384 44.56055847473967 2.3414627272627846 0.00032860483578981965 0.007617239115876343
1306792199779144.2 54.90718801974906 61.83682527784396 1.8798963587998734 25.27868232782371 2.218315676813309 0.0006721737557954365 0.0005546520227755663
477985340032173.56 41.406551064714165 19.807902014963407 -0.4216035314319949 13.888383337528639 2.185877633988419 0.0003700931575015575 0.0016636230407541456
490545296303698.4 90.76402345632594 426.14025503122446 0.7303410101928995 353.20404437251807 2.367679557569236 0.0007502018937570114 0.002169419395859653
386147799377724.6 71.40513007300807 303.0154797650935 0.7663257706256743 260.8863933539147 2.243473609887313 0.00026443103338037955 0.005135057044670474
454307827964207.56 41.34304412662876 19.40422514000585 -0.45299305304648385 13.944872114522543 2.1835696826306017 0.0003739169671204485 0.0015219226659152945
1004406846217971.8 54.4085602752054 35.419995174025 1.7552937067368037 21.32557891354261 2.315891683437508 0.0007019890134615774 0.0008196371282527606
2.1966929755929946e+18 34.384304517670635 126.84716460892827 1.2127189129305367 12.244362298035353 2.356759463861474 0.00023908813685238734 0.0011293896870401554
508429122944813.7 74.76023783404685 11.141908240713835 1.9102588947359629 155.93443687422211 2.479771462583214 0.0003915202274254678 0.0020635938764647747
362674207744342.7 30.160823767653486 815.8001519351865 -0.13711148621605962 14.180909002984484 2.1944412173191035 0.0004073509965325567 0.006600645814736958
699311347671375.2 88.72827797148892 61.62062159079841 -0.14799197098612277 714.6970394770555 2.2158129525480423 0.0004622314397061079 0.0038829099545085437
436645528443507.6 31.599917172371992 83.01579263091092 -0.38256709967218694 65.73802106814702 2.3490162925576086 0.0001952645476412669 0.007065052322040698
1284016826569071.2 82.4792971259995 1791.1585049279463 1.048245320759373 2143.0303204362303 2.5871834178927875 0.00016012500347341256 0.005145806834721297
249120601404813.56 18.71721536957728 2011.7000316639012 -0.13823033025435572 20.614950446700636 2.054536267647911 0.00012190279461777269 0.009619652438483879
4127785960924096.5 67.6528888461457 394.3617930404415 0.744660881045218 30.77430559074455 2.4073073477881595 0.00011908654332688472 0.006062009324695284
533642912360102.56 73.24415468847212 293.2643841830682 1.8173121414101916 756.7120569039304 2.0829249547877127 0.0001549529373606859 0.0067536623063046055
1.4106120072311134e+16 54.50866517645701 894.8524494663909 0.4064523808465733 11.266689921676893 2.2123133711553162 0.00022457277155174622 0.006471921578906779
605994341141165.1 47.07232854637064 348.1526902607331 1.4601134978309263 227.38774163706708 2.4389498028285956 0.00027014448279187234 0.005797956736993886
1122899727578501.8 70.24894129420736 1441.7158997686147 0.9658207204351882 1990.6103893255558 2.4044743482362887 0.00014625054517951384 0.005474056518611395
456853698482257.94 46.687732521864795 52.41698116947124 0.6335485871959698 377.02882651312694 2.1219581131735987 0.00010179217714738704 0.005877992772668893
346676477450451.3 89.56346408106161 1082.8969641521708 0.3287352007650184 63.682384144480544 2.10838684636927 0.0008739663106808362 0.008236961721473823
1983920452665932.0 1.4734382168734346 71.03506073052506 1.1100233786663907 650.0393978691565 2.40802008153336 0.0005675201317452289 0.005020783073048242
4964042219105732.0 66.33223485752978 1278.7454187925377 1.5106466060487584 162.42513645425387 2.214161836754015 0.00012994917168366113 0.0014021557677288115
2985859042747803.5 7.62263213015551 15.359054279549675 -0.27484709137749336 75.49220653158206 2.27183947956199 0.0005629676085480809 0.003416585665878028
813040134483331.2 7.055292938275059 139.95573593567286 0.03820596067783233 1867.425311246822 2.125385331911259 0.0008713726528171087 0.004541904990875216
7071141665514063.0 81.32124375296803 1421.138636849568 1.5599034580876465 168.29932864890094 2.345647323767396 0.00014995405748949574 0.00038622852331274445
535930217268087.44 50.18902386522711 40.203285382714064 1.924117033830065 25.89382520935905 2.223578330610733 0.0005496462571743018 0.0010930366572234661
9805803402412128.0 9.886867703938798 120.3507424734038 -0.03326486765640224 38.96530130996372 2.3360026317413696 0.00033076366786490236 0.005241333263117014
244838977841563.06 26.234732563491786 1689.8709334634434 -0.20976275441603776 28.066952122847447 2.2572403298716064 0.0004427389332124751 0.006813962710438725
541611640086795.06 86.55720451919417 349.1919114639229 1.5524685846925594 435.2320639534328 2.333609108887346 0.0002304005666433069 0.009250926306603327
7.251765889521504e+17 46.53874690705905 2127.5924017369634 1.2976505097244835 50.213395291857275 2.2272410337291353 0.00030545712301439855 0.005186201661682868
158763921773041.12 94.74976864705759 27.462225248688778 0.03866929480837611 18.632607556470603 2.215597832302057 0.0006278885556080675 0.008504542653187397
1683787453816062.5 69.44194921538185 2916.244141260031 0.8375255031739035 468.63571151424696 2.309562523989637 0.0001835976083995456 0.006806650574998031
301647243401049.9 21.500864623207576 681.068747706082 -0.2169658794600866 14.188188337758831 2.1137693765774817 0.00021717813756257646 0.008476010889017713
529102543402477.06 20.329295865469327 102.90227955227472 0.9926146911133542 880.690636942711 1.7756659032430557 0.00010925322521829614 0.007858517979862952
551603093964619.44 74.49709161603221 533.3582585564351 1.284363855419136 567.2306801832472 2.355477109673709 0.00023238583857065247 0.005161389783817266
610409122793343.0 28.670174420612746 32.200834016746164 1.9116597245958982 30.352567063228303 2.2474405126882 0.00012342468042904602 0.00903398143328718
320865595213230.0 79.2183643466368 24.66187560124558 -0.31370363818713565 12.221142878421048 2.2952106468785756 0.0007365651074320842 0.005365922964690743
1088587795772977.4 7.855904835554881 110.52048885189485 1.3195312421230097 240.32445478282727 2.4857124390258383 0.00014795805841262346 0.0056876084534261545
550186152736834.75 31.713810992623237 259.3583186242526 1.1739644617161635 432.3969873666358 2.314940082279287 0.000422762457133034 0.00013874465061909126
3627634926454818.0 24.91115666716366 29.929715395806262 -0.09268840649894783 17.501618042374506 2.321047502564224 0.00048794610265152395 0.008527595254265444
296776756103032.75 91.5607719345593 14.22419419849401 0.6967940940323022 55.98373284200518 2.355907733749727 0.0007891853054100292 0.009856561423447095
426975148836687.2 40.5000468029178 58.58493509622507 1.1858918012109725 350.9146767017632 2.062490796042654 0.0001882260209869913 0.0005559066818872018
1880851961453306.0 2.2835653369757978 19.940588739184992 0.12783238776938033 425.3914822206972 2.4762079844168126 0.000860652585169735 0.0023007467761478875
147046568352465.72 89.48281652554893 14.002585619630601 1.748682840333491 11.924306414209891 2.2025750414187235 0.0001273204861913824 0.008621800208968484
431108542135661.25 35.31794721640455 12.047290748075595 1.4800226906164413 492.26520926556856 1.9842016209033653 0.000674037326521914 0.009827930286465076
339878407210859.75 81.09671875613279 462.8689227105422 0.8181060675346297 314.37036387402674 2.0740166802377797 0.0009281851609734787 0.0033674736207198533
1.92424739816851e+17 70.34775972250799 1841.4025650010333 1.4455025212350412 47.15493822988236 2.079216085877819 0.0008078259918848511 0.007602637080062824
442224834219277.44 73.98107492113712 2519.2831119787693 0.20150526663342072 218.2593313025473 2.078142256922766 0.00013537784160462911 0.007498814425493454
459874541093821.56 46.17942053129045 146.18308289692092 -0.2681873614253265 212.95223157747438 2.17785766021659 0.0005839175647758473 0.003365168008676516
7.597484703164917e+19 0.2042484117080683 39.78845332545637 -0.3545960527747053 44.36383332601404 2.3033033011010056 0.0003337500871050903 0.007600056822227981
388956572354228.9 89.08309448395032 30.962194612242044 1.721786779629867 327.7404664141331 2.002503549346567 0.0002726007535389997 0.004826696482955613
379077805404215.06 38.34577128116358 132.4103174283699 1.3523006350636684 299.7208905000016 2.1433684574406984 0.0003070799777022379 9.93226756914661e-05
6477462413376752.0 12.120582743173628 14.136609559334692 -0.10730527178259175 27.187814298515885 2.1928289513578307 0.00036485114879249695 0.005492880589889247
7902788252094039.0 10.648224069382596 104.37555176765908 -0.024662838857193725 49.219087990475224 2.4141309321535545 0.0004447259615820875 0.005385552712357638
331566878227675.56 71.0277748364426 424.36275406347914 0.08919647328425329 12.848798834394414 2.1991611526445975 0.0005470391446503979 0.006346242188813685
1950583853353099.5 0.22370599426806592 126.93974686722883 1.0821391869229822 1448.6011016441912 2.974251476708335 0.0006973179994473304 0.0062305083523857595
346807650776635.56 20.914557270140886 909.2748186139099 -0.2233982091961153 15.354185757684686 2.16762979799081 0.0002569426977284235 0.008356939398370067
476620508595549.75 68.58438715633827 76.1557338730075 1.1581796284439934 582.1023658132606 1.8180945610408705 0.00022321647263713368 0.007211605600939511
364812752789206.7 87.75164714459865 211.077475120504 0.7630237161224888 318.3863655257395 2.1089049726794906 0.0009708033136661137 0.0011338924330092405
322003034868504.75 54.15873293285111 13.659951739361004 0.5874105821404778 95.44316141180873 2.1889416136257553 0.0007765722534307429 0.0035596915139744075
317240540872878.9 60.442003720003896 635.284459607386 0.26625803980393886 48.714396333017106 2.131687964388819 0.0006881367014507874 0.00802166831613315
171554808453126.2 78.99051955827544 19.17915547964729 -0.04679497335908356 25.108008764003287 2.18290758917117 0.00044392218481074545 0.004176467247155144
2306033103590849.0 78.26997398001834 2599.0814729120266 1.059220723712236 472.1544006304485 2.3182747765152767 0.0001711344519787083 0.002456925035395689
518801962881311.25 18.607997389277074 440.50769023563817 0.32408460533689676 765.9706382156791 1.8773817937063173 0.0001363915909232626 0.009241095818098653
3341803767562675.5 33.053668023010914 373.603827802086 0.8735375045791203 46.88221964554656 2.214873570207223 0.00014558827878005884 0.0015497748382075176
471871743181800.44 69.57129727313493 17.756225539872904 0.7850230679577338 391.51509264254366 2.0605572882848926 0.00026072130917469355 0.001648426762936605
7.61300137799923e+17 20.642236999672775 1533.1168562913635 1.3234121674911483 68.1744934234439 2.218572329068159 0.0005423666191475117 0.002981089899882501
611548468563258.5 14.21373665868099 985.3414673487022 -0.1481197005561361 99.9793651914428 2.375322773916238 0.0007619695011524423 0.0014150836986412273
5380666981925615.0 66.14838939935328 1438.0352503535928 1.5580522913537922 188.23430997416057 2.2236492220499446 0.00011647879400649786 0.001240405782177489
537334727066169.7 26.110404954186585 13.419377236280186 1.5980127849023038 503.67773482489787 2.0253971851767334 0.00038892989339374585 0.005295059032249595
693554123268050.9 39.854021434912426 554.330513218751 0.2933834945246747 62.7495055797509 2.254731801650396 0.00040674968126970436 0.00288428393835742
501553642199336.8 46.39416993587197 91.25134838818103 0.49407272186239626 335.535041568963 2.229295605925807 0.00010289633731112544 0.003382416278196728
284352894817802.3 66.62796119098599 13.811321381305488 1.513066911402603 93.06617567441047 2.1984981349428585 0.0006909811691951636 0.0016053899445058924
561271223822150.1 12.184037791670072 21.246542792672138 0.2633671413841747 572.6653102191729 2.139484644899011 0.00015435641707125305 0.002290361826854173
1217454775452336.8 72.98015862633477 41.06722173154592 0.6747719365515796 12.919044534814725 2.3401064001119214 0.0001427901783650852 0.008086871371198049
1320703708396273.0 96.55206950531618 1851.1529116786157 0.8693884248589896 4160.42623307669 1.6319371042613553 0.00019451369470328985 0.00938902719825455
332088157957560.7 27.464600012212408 198.816831214985 -0.39847671503072934 231.30451420805883 1.9073592557688364 0.0003599004897819947 0.0019329234246158646
429493064680295.1 53.624316574556715 33.37541219360014 1.9350030631463992 15.885236135154209 2.03902988526589 0.0005907772077694059 0.0007326948122582813
5207026392046862.0 98.73826303965544 899.6734963867384 0.44972557573621785 11.037713642030818 2.272019870758146 0.0005711263618527187 0.004535122771355455
2.7089178922252933e+18 23.46009733126023 2175.1910229664622 1.4981327332820373 92.2425213469409 2.3687196791361194 0.0006820339366950717 0.0021220234390256607
2082711895235477.8 10.341408118177696 101.08691253553167 -0.4792432999086933 90.77225968370931 2.3873120408694843 0.0006872090579162224 0.005097717808598879
1162764605323964.2 48.6075795796571 561.9289301473653 0.9530881335053647 176.02759062942977 2.596433657793494 0.0002174036024957762 0.0030088331603922557
1.4332130860107054e+18 68.88286614799237 2815.544600185525 0.9562166957622672 31.55038873645956 2.5371264976402013 0.00010930773149334719 0.0023771906967198003
387575588503438.6 52.55734763915184 10.061222361087722 0.6916932702829486 149.10379993265 2.252530095591287 0.0001568074090837744 0.00659790726720027
1590186652929304.5 4.913542130097936 12.50511933936759 -0.14174799717739847 220.83399999169555 2.384551444574671 0.0008955649837157414 0.0013771460153043046
2.107337743117685e+16 5.317472691951458 106.11591480303089 0.5346004014324727 70.36035585822205 2.350123502937647 0.0002903552509336672 0.00455851870778123
934763547800419.6 23.435811646329356 2511.5566315935116 0.4288946875023628 976.7414681222732 2.2675304687892295 0.0002836373006315659 0.009618827735324869
4817644391161141.0 9.820166804577834 10.360505658507629 -0.008238951812620743 34.420038467191844 2.1756283969195134 0.00037740194210746965 0.005376622416510126
1046469831399592.1 92.44050611320134 1290.2529043508878 1.3376938865040096 2061.305297451119 2.35705949058013 0.00024869730540620925 0.0013596882827055204
308716767800240.44 43.95570373830587 10.112078493238041 0.5839672840820527 118.36631972698977 2.235682480323864 0.0004268389043192504 0.003556142751851175
253910692968140.2 41.10736671565782 34.14545883496411 1.3243022645344236 25.84991384499263 2.1418448832874493 0.0002068889712054688 0.006299585578544254
543549838489574.7 19.36058487972855 64.93356935915997 1.1172533535889868 532.9152067441844 2.1619282127976485 0.00017689640338275795 0.004077436413635879
330053437825264.06 89.85607796620343 12.907934429843053 1.3639229589505526 86.58019066308181 2.3700832452272698 0.0005243167225999088 0.0026266419758154943
107783258453461.42 23.812872465264654 718.4450343662182 -0.3717489736091558 26.292327551992468 2.1586624674073875 0.0002337276477320353 0.003842674962304542
525410575857423.9 61.61723852009383 70.7439216814267 0.5626011897320149 470.7353566473971 2.11617531731445 0.0002678268050556091 0.00426763088275045
7905999933210138.0 9.636724651259847 117.2757274865511 0.0506994037684787 48.23987525896259 2.375831543270941 0.0003332394729501275 0.0050653580669713484
764510615786556.5 28.715790043275895 42.888207249212755 -0.13646213626082668 1073.4609509041372 2.1320234741245008 0.0006899940675623288 0.002738996688432061
562699095650631.8 91.78626419285447 457.5783058653506 1.329079274996464 545.405843867485 2.3858377872010497 0.00022569937047085676 0.005404932209007708
1.75939383242028e+18 59.99820002920254 2181.2198362273366 0.741764890392062 20.465133674249543 2.5650095346104687 0.0001250089480841529 0.0045542943618746105
189268284758998.7 89.92560367271267 489.718621315989 -0.05043252029812195 144.48465024916746 1.9553276554967907 0.00010935103074954986 0.004199416231224347
1054821639263679.5 6.311303205974184 107.92975612797169 1.8007355101145899 948.8863066411245 2.7668514294479074 0.00010172776853944362 0.004954937360635782
422563157577694.9 85.49018637438245 10.406339147598155 1.354540622139195 81.3273712192685 2.4673026054830003 0.0005979873875300388 0.0017579205093690674
2.1680974520263427e+17 65.42280349544356 1957.7069886806692 0.906820254871193 29.97671568813511 2.4099549211344704 0.00011744262449477099 0.0025938418027145766
1.3490161426641272e+18 24.4734729452854 2240.4585967615526 1.494120772914972 86.10772553723041 2.2101020937393763 0.0006892970786818893 0.003121900482969573
2636435043634030.0 79.02805712843694 44.72078455792355 1.6530944616794807 14.935818170276669 2.2928830863950656 0.00011443060146123146 0.0069507108077371295
5.3744334785213235e+19 0.6506540672186942 30.914869473985018 -0.34453115453965366 42.47076567695543 2.431829546111451 0.00037326184882577974 0.007214791679948101
1106605224415281.5 65.28904062634732 1241.5027424745472 1.3615724909333493 2057.54839811095 1.833214431980833 0.0009381363522943449 0.0055610486044497835
237765959945697.38 79.89319531901673 28.053847988635937 -0.32250533800521036 10.418392601891261 2.254792441192417 0.0008374403226434797 0.00555596173482332
2236873217424009.0 59.94906033240162 219.87675776205765 0.6601738803003376 12.501756372224271 2.0796734304735356 0.0001411255667166065 0.009096531072140776
433669327862655.5 98.39945514477932 51.90991480410799 -0.29833276857558433 258.3581523779022 2.1977617885343026 0.0006600527710815614 0.0039031305874375156
1.1948792492505907e+18 20.23385423059822 1217.1171809630139 0.43058818524381026 14.190789349626332 2.301399250082497 0.00011992850692327321 0.007423715813509793
9454657137241586.0 8.622322997049807 100.54535480226895 0.20066094532252882 47.70202308931581 2.2781326639783916 0.000441923285309679 0.005958660981724961
1603819785062245.8 5.879289551293429 94.26025139994759 1.4875801752308206 358.8382327826716 2.7334653315640383 0.00010305357089704167 0.0061387369443418405
347022283254693.75 59.645852768015054 405.3307219987862 -0.07605053173376386 10.698731928573903 2.258745658244008 0.000931251767674165 0.0078008542877277525
2437909113219534.5 99.94391095928933 566.6368488511547 0.3702494042398321 10.190914745745658 2.274266260411374 0.0004922733108733299 0.005092168608389257
408568396908531.5 42.79520685251708 25.0970587328399 -0.36205810700965707 15.433933267775982 2.212874667527367 0.0003698898359142852 0.0018669363410741832
922065237280344.9 62.31806785530311 1531.1692902079405 0.5014080781018644 1029.419812360311 2.3240937620583337 0.00011238245452690935 0.006793120957838198
612632444854906.5 38.143212116320534 1108.3961163682166 0.38553380374883184 732.1281253677603 2.08768782561596 0.0001348274284045371 0.0026787180028018604
682276637413767.1 96.75362973886794 92.05230340506805 1.4838556746447802 27.23349116676446 2.2381696012492767 0.0009750713997367669 0.002166606189514149
533031096003491.8 51.02627524627633 55.45610306334417 0.7165357845080648 916.5519502906486 1.8369330075601278 0.00039424436330817925 0.0027707545793496284
1252267322298975.2 88.18422593029163 1454.1024972649159 1.2072451110430888 4355.4109492574735 1.5127638718425227 0.0001766267764244506 0.009435359705364802
179402381354919.47 96.4681928121878 24.45408826195327 -0.17664970750403805 22.626145551764335 2.2321969662368257 0.0007772436755300139 0.007820731779300757
762968830147562.4 88.28402844974161 220.78056929470287 0.857718400240996 44.74728224418285 2.3123020234514273 0.0005304781651177645 0.0028185325621975198
399855506847572.44 99.45820222977599 41.83630202062975 1.93174530009941 178.47467826078713 2.204600975374067 0.000345519868774358 0.002781624591457552
463831558327107.0 92.11555823013327 1500.196945721931 0.06829646722212801 12.704662135662657 2.310886794640622 0.0007159169248489255 0.006111270958633747
756346952639194.6 17.281527576478908 35.710304991332954 0.19894843380224425 1882.3625342580144 2.029843463428391 0.000799364360663311 0.0036855893826159038
4371656477908288.5 23.116277834365704 26.988286173063084 -0.3003759858087214 11.10353459332062 2.2390586056196753 0.0004972768895787661 0.008889726090336204
994798371160342.0 2.469566304727813 92.11084501756885 -0.2138971014670317 3772.051579760894 2.403255314401507 0.0007628644004191417 0.005991241561071947
568086197179916.9 25.49044377082514 22.11870533694892 0.8861015273662707 459.8976460212493 2.3125570243078353 0.00022212630068946395 0.0031528994961275147
3008695416706333.0 0.6791046800543823 76.02248191874077 1.1561495124791872 752.0026883295557 2.6016238101131783 0.0005653189471552228 0.005240943298961295
214101983386553.12 95.47155739909822 31.432738763303973 -0.10501703182164224 24.31766684178115 2.241038939556033 0.000766258087519375 0.00773811379620904
614946458709522.5 67.79928933585205 764.5143096284902 1.107791201484351 620.5414914058541 2.2534069575694704 0.00018953063667081883 0.004554520925961255
1182124757499243.8 68.20805919888245 49.798702699485744 0.5073592293097785 10.385400402888907 2.2519259718134883 0.00015571377051278975 0.006161219242143907
509609661996082.2 90.69308563918358 68.87908057740044 0.08098305660230021 455.5249848618124 2.024854342188349 0.00039776701803308874 0.001937115445998866
117861142993063.19 85.23092143850525 47.99808857454635 -0.27575333925450835 44.98083802034593 2.0106595655381927 0.00039081689122876363 0.002086614382184316
641375995617832.8 14.493395290369946 55.45896568912526 1.8037750415965017 901.6954578710321 2.14182910531485 0.00015995427528135708 0.003062803357142232
2038198999745140.5 2.0788872176998154 29.729266514390435 1.0616222259273835 254.9334344060058 2.0663067350987556 0.0007910072361122635 0.00404252607857432
356746366311182.7 58.676408960050665 395.03981420697215 -0.04420248538429217 11.42947958560484 2.270396972609737 0.0008949491565207894 0.007762905847291453
2617778252035801.0 51.91001267433699 785.396071423243 0.10302763984384433 14.170731345087455 2.381301677064765 0.0005589901817158196 0.006179267328194821
1335343590813963.2 81.19383211411524 1514.9002618530888 1.3157853021263906 2868.449649365794 1.8277741539144283 0.00017521581811349727 0.008986404877957483
379614290996952.25 40.170313160464616 484.7197819745302 0.30199163752426517 91.0722013878034 2.192094054104736 0.0004403101365928731 0.002807771012937094
269450133854579.38 80.29356543759496 106.96749558764856 1.848043756322879 217.66671536004856 2.0873937351310294 0.00012354486163080304 0.009730892262544144
3803344858723753.5 91.18709531496948 117.87794769573604 0.7604789703873677 10.128201649493153 2.2423099314460857 0.00022429477677306752 0.007915515549214882
512576081532157.94 97.71724099803 146.66469533978676 1.8251797821255862 83.47562176833398 2.4285771988579388 0.0002005128335942635 0.0018812853918664888
509128644996807.9 81.37341219913864 465.72189393011126 1.7527669136788986 499.58495761352987 2.3001292424851787 0.00010692610945594055 0.007358836678164856
3119122215473581.0 38.49203921476866 61.581158105184315 1.8919683953051112 24.59907035831642 2.2147968046823463 0.000245819978120384 0.00802239475384424
4.988319218631221e+18 54.874518423314484 328.47868147548724 1.4499934424280556 16.209817358946804 2.324842161033816 0.0004621085134956487 0.001974001403736131
746913752454938.5 36.18106439244365 416.8487312403829 -0.13693306181046097 718.3770365966817 2.2254792197900635 0.00012610312585631232 0.000861124255975709
141165362496960.44 96.54800855890203 22.254877675735713 0.43106641982853755 65.45715581525384 2.0528503428584344 0.00036447659064451016 0.0012956435291689274
533988372712142.94 69.4003246363586 331.3890995273203 1.420349447167344 631.3175706619784 2.1027289193275394 0.00045989927416228434 0.008917186040737558
1148327721552220.0 67.68834006082974 263.29520766072716 0.305251681159514 12.649688830857055 2.2202583719069953 0.000988205315221646 0.0067151711523709716
667997718204205.0 87.05922058157148 553.450755909505 1.6245547537530756 271.19909951639045 2.187855834093612 0.00014579746131240895 0.007636162033812569
2233108276350141.2 95.94950402331762 142.60254994256698 1.6131609072772148 38.150818068381504 2.4149813775329285 0.0006655480789014395 0.0012252950466629647
5361727504109964.0 70.86515264937202 444.7181137049953 0.6948826651849208 28.313932260728954 2.4255492726941483 0.00014082147617735255 0.005769658185533601
7545727055184240.0 71.696807728814 511.25066878633083 0.8787860874589986 34.28580379764574 2.4283569427161655 0.00014490289983298439 0.0055541087868377454
121553601386096.2 33.3332404709738 898.9072863317672 -0.2377436215850685 17.006564536852434 2.1233801378094093 0.00020378800910333508 0.004322379357640585
398479145284140.8 72.38973190989789 119.28226558972926 1.658987289903774 281.09681155575987 2.1400938142051564 0.0001381491150641085 0.008233239226696401
571035528153910.8 24.848026001883028 11.189214592268915 0.8590686570638335 544.0860413392487 1.9190998487047044 0.0006593174814106317 0.009294288703521596
337844864325539.1 53.28334942789428 15.030752296198088 0.5996358004222957 129.28229672723538 2.25084898564704 0.0009408024833980746 0.0072877793814846315
279752960867788.66 63.06145120285034 250.24461790184742 -0.22476538923294143 15.861343920038362 2.3944526457294515 0.0004064808380338033 0.007829978525874153
630112058935721.2 10.761599149771016 91.22552732284366 0.44698602565359025 586.1215410973887 2.1825631394929452 0.0006022297594457124 0.0063870098427631136
259434643267388.72 81.82868827246487 23.263373897723767 -0.32753034104031387 11.121847704144772 2.2601408856736516 0.0008032647148407904 0.005011981226468528
1016274389459336.4 86.94848620671706 653.4858802055212 1.6542007695592147 325.6216811320999 2.539582421542483 0.0001372033072304438 0.007626786608823345
697906384123246.1 55.077167189054194 36.00798020612696 -0.40116466455636324 25.634120140878803 2.4426322425023805 0.0006901696231808272 0.005814818690989017
1036068145186830.6 98.22877536066464 1223.237470317662 0.786395062509857 2378.3707713823155 1.7888063451874376 0.00021756889166420592 0.009143321245395474
2403279449428744.0 91.55352494317536 239.8342777620298 1.5293946774239562 39.03095135364656 2.219537448486665 0.0006233952736749745 0.0036890441718373307
455327923284821.4 31.895874728143674 190.09672156132206 1.276345956914706 329.23285008298194 2.3944374662958148 0.0004299052871847939 0.00011415439720498504
493502422575024.25 32.089417696518105 189.6970054891765 0.5840938895820685 665.0996591557575 1.901815851080503 0.0004947872436570368 0.0007307773323175556
2261354564429439.5 8.695010716451776 92.67573266229647 -0.49482388812875144 99.75591415439595 2.3893093835981105 0.0006794105805300566 0.005192893243710585
118171566368065.12 94.26275424557542 1010.5861157137388 -0.3256337148036679 73.87277801828165 2.0537183472843896 0.00014753078640623835 0.00669005028295591
2433539864234566.0 87.16632419326072 138.55039554343475 0.6770024504632252 10.370365642743467 2.2055510407238614 0.00022678361836029977 0.007676071005646991
345696123910605.56 7.939437846428243 244.305714490384 -0.493942957936957 22.514443800552115 1.9664868418870212 0.0006115343201890231 0.00124105820133994
362610149644140.06 64.8863625276752 203.33844179133806 1.1888345189013725 321.62383949059193 2.138729972574663 0.00031310473487765046 0.005863513504728446
942093879139016.8 22.469788628655635 2369.9464506067525 0.4108817082789908 790.928081230581 2.339653343700797 0.000293220133269354 0.009831401975814596
3341803767562675.5 33.053668023010914 373.603827802086 0.8735375045791203 46.88221964554656 2.214873570207223 0.00014558827878005884 0.0015497748382075176
492611818836262.7 85.93377308880149 83.00077810003775 -0.27965163510492164 362.7330978965861 2.140956073371305 0.000256652074075602 0.002159937672901453
1002891260641023.0 2.2755798365039226 218.21345503360604 -0.2923151883791202 4242.123494280983 1.6984418004839033 0.00010606082363104653 0.00482311103824361
979689256175453.0 3.2140937054761025 27.47152586644242 0.3450360146414617 4113.682113290228 1.7826893697147963 0.0005404715131318347 0.004489943712148936
4447744762065328.5 65.09793745951045 166.737951775367 1.1654869083912929 17.47979461267273 2.1223074110124602 0.00016250843674460642 0.009129086562045117
455238815392711.25 56.73556586504277 64.80322511410611 0.07004770338959099 350.9609964158921 2.1898491183889197 0.00024195057768397374 0.0005063112976349676
340009818261295.6 87.81595907913744 968.160708777195 -0.06486299600111234 320.3192780097177 1.8968035144479969 0.0001249210480810221 0.0064608215672860925
424077754232112.2 55.558359920041084 169.67665088228566 1.5574817030066181 247.85864931522246 2.365516634625941 0.0002492368925524287 0.00464100790969298
224282715317642.03 38.876929438859065 362.3130060492953 -0.14569902243763289 47.2924846016485 2.1826036249665437 0.00023365667531572017 0.0023907478241896813
1004601262728510.2 81.3295930349335 1462.1173541860237 0.6444703242852907 358.15317598420876 2.400429356255266 0.000578317559735952 0.009142146247553815
334124274256664.44 70.17648560175907 10.188868397215973 1.1482232466311495 129.01882635477668 2.151020507442945 0.0009203608264004993 0.004932573802421349
844709885209586.4 13.787768801663631 82.80071695128092 1.4594936782286037 466.11097931596555 2.654364266134949 0.00012192494127244448 0.004554150845517201
509609661996082.2 90.69308563918358 68.87908057740044 0.08098305660230021 455.5249848618124 2.024854342188349 0.00039776701803308874 0.001937115445998866
244078555937738.03 29.383061612500214 37.557396526057715 1.042642924076028 100.60778447969845 2.09955348175578 0.00027579611651052126 0.004970959951408988
212974716127551.56 79.73599943875705 18.271424024459694 0.9848623556402145 42.652882886486346 2.282031774802042 0.0007277844191768124 0.0056715694301372205
4490758593048522.0 74.76480750284881 596.475398276155 0.5212592927128292 18.54200438913218 2.346584868510249 0.00012079527931430424 0.006065360639281076
1.3158208168019899e+17 15.253193988664165 205.346715114568 1.7348902385686849 39.9995458801453 2.066395240371409 0.0009610634814854651 0.0008270425249476739
898416377545028.4 11.643063681199774 228.6022096747595 0.0727794253790972 3186.0814292290734 2.388406109212068 0.0008358457723435928 0.006566729405118973
818576759276274.2 28.766022834214436 41.47752685312642 1.7703374855814917 31.803134334832897 2.2680986637314597 0.00015080422191614043 0.008832382638446757
948803346398874.0 49.98427317830728 19.022984379912387 -0.049026186241653 15.799161721354254 2.3598808753594844 0.0006893276806665896 0.0069037766741730155
251038715629654.88 58.318053323443266 461.915283501989 -0.10126212510996302 12.082860781064392 2.2459803351918524 0.0009830006414652023 0.00802839292643647
515321951050569.3 43.72950754081431 13.758939733924812 1.5939998989452715 416.6410003975203 2.2001427801996716 0.00015311604286631305 0.004586958307411269
2391052703586651.5 91.4038920911335 245.99667352458647 1.5221785268024361 40.23306014247559 2.2233089046174754 0.0006248026002476869 0.0036869778334467675
117861142993063.19 85.23092143850525 47.99808857454635 -0.27575333925450835 44.98083802034593 2.0106595655381927 0.00039081689122876363 0.002086614382184316
517712361825355.7 85.73297124953964 323.21153011659686 0.7415181208173558 421.19305986540024 2.2963859659976382 0.0009590900602420951 0.0011320611379005163
682321442277546.5 38.78782197823301 24.564977033221684 -0.43638635361332434 537.9800178620053 2.3566520768959136 0.00011263477790928653 0.004784110833710256
707068564394415.2 27.02068618031285 71.72924570930148 0.7645712838403607 1324.6323759196753 1.8106549020185685 0.00011947758912421387 0.00896657932357751
717293775438206.9 98.95348359381558 284.0234807820375 0.5010696142336519 14.968980891915686 2.1723854750219713 0.0005651999768225787 0.0032238166390951813
257326322401396.5 28.030662012692417 37.513477531491105 1.079411377496004 102.76071931585066 2.1257848858153237 0.0002755442131059124 0.005172783039968076
2571884064636982.5 69.96037635334017 52.87216345239618 1.8270894390329226 15.274218167524774 2.177153408691215 0.00011079846960969155 0.009941366203490877
1.92424739816851e+17 70.34775972250799 1841.4025650010333 1.4455025212350412 47.15493822988236 2.079216085877819 0.0008078259918848511 0.007602637080062824
6094621841559382.0 11.514981973075422 17.916987401147217 -0.15708695570212639 30.754869080484387 2.2265612562548815 0.00038278887750829043 0.005589471436828957
7.978044585378894e+17 2.3809061710061243 13.767723002810294 1.856300718546418 35.73578570177929 2.237777353835376 0.0008787823399301824 0.007174980951563565
244998112916060.8 82.13133329441736 10.39018886244073 0.4424189493822031 87.92816806115096 2.2561237922611883 0.0008698285322235508 0.006390423685983556
1.2394643156576208e+16 8.498248727765557 80.1266725963901 0.0666788067560311 54.524099991850406 2.385931574984885 0.00046586037912534707 0.0055734203551470315
976844713713392.2 68.5143833093331 863.1916482445843 1.8503909017051816 518.816235655199 2.4444057124750245 0.00019078931599756654 0.004186850649795508
1.1976166761889576e+16 58.12123416338049 799.7387023732778 0.6350272561739485 16.453991983406393 2.192481327031331 0.00021670307192426876 0.006773768190914485
239507126510604.34 58.731015118002674 21.242545055403312 -0.0035109366117145324 15.991823798115771 2.1829655681230897 0.0002662284337948378 0.0016124113739700782
44378744083175.45 66.90803342131473 1876.284258192519 -0.4494760532518525 37.9168934016635 2.144223609337324 0.0005939247413636959 0.0066573794334170815
858721202031155.6 84.7770899066509 700.6894903631008 1.5353383492534052 511.5496128548023 2.5661148093898327 0.00016798602343498343 0.006835663015074911
5.321176120594896e+16 63.40328183559962 1346.1341731688688 0.5679759789262226 13.045949818921416 2.251353303515208 0.00018618306057418776 0.006609107970742759
219390333507187.3 91.65685866491427 27.350404383445678 1.4167995813172967 16.623369884450852 2.2131695207777065 0.0008993516617925763 0.007763728999672383
346293236394298.75 7.922952536153645 244.48479457178794 -0.49594945518179245 22.49676170199912 1.9689902015955 0.0006130845385620135 0.0012385278922837925
539768508345391.44 75.5873361959095 108.6629872379273 1.9898797525466587 628.7881043233325 2.049854160942269 0.0004381933203710313 0.0017773839885889108
290958417529533.9 66.813204536181 14.334373224474335 1.0845253848401122 141.88369132413476 2.1342724647520086 0.0008810566203784225 0.004808593545982551
362688206610544.56 92.64693084376552 65.60233958709912 1.4081392004778965 26.451102406847784 2.222134629290519 0.0009512174528056155 0.0022558276099759493
6.823426769467274e+16 47.42538709368745 911.8864095097157 0.8743629718538011 25.463836837645573 2.263221395290001 0.00012864643301650777 0.005768498582058356
463787696948968.44 41.96491409464115 27.890632657604403 0.45465301917894985 66.04967322113093 2.405442200621393 0.000457058036642412 0.00024005588832160972
641717874271649.5 49.565485439470194 23.69250754203337 1.1957389953374793 1308.6856408250103 1.6329973582377857 0.00012964482127425712 0.002852779033282589
161062093019896.7 87.71941599325201 14.109694721407196 1.71609853705759 13.325286060956357 2.2175518171397126 0.0001409459371055214 0.008389120666933234
434079146251666.9 87.57248860925078 40.339253435954916 1.8220064989043019 388.8375006216949 2.0595392872155194 0.00033539819853436586 0.0045324495184383955
1188067486411166.8 53.01169548690227 33.415864146819885 1.9383056114179598 19.98299822845014 2.313777949518048 0.0007474904908354388 0.0005056261056508881
455780989822522.25 75.44493991157393 18.16205388920538 1.5208595519608152 33.21505070794717 2.5043282145641066 0.0004682699892369931 0.006768778808567546
654079139305311.5 7.488751473201864 597.7075507063663 -0.2309999724209475 486.1553047553185 2.1768273185095213 0.0003699709327285306 0.006886317542859073
587292584190133.2 41.78883641681575 15.220868661427899 0.6236814143306713 32.086449183765644 2.3964117892816903 0.00026490911192639444 0.0062553722421079625
348080350203537.44 37.37748047348833 26.488062979570465 1.7102634695188192 24.617468493434234 2.2102242734487016 0.0001288691258352802 0.009942843813029343
1861644339514168.5 92.90870828338257 152.72161927489898 1.57444665916659 36.76568818207364 2.3077554211311995 0.0006089677409463962 0.0013856096676916497
623977602445688.5 97.117540564343 649.9661131970308 1.4985372837138558 550.0819771033271 2.336876505301367 0.0001965141600038494 0.006142314236133358
270074195424124.56 26.76785109688544 1812.92172098187 -0.16266223241911554 29.060288016489892 2.213178009222046 0.0004147604559179961 0.006925871508374984
838994445423556.5 7.686343119382084 150.25954199492983 0.34895043226287725 3837.806360058634 2.228811894272545 0.00013613941204987883 0.00026677302043927884
1745706660932791.0 69.32567063583602 2808.4618953431673 0.8361829791471548 475.8534591304189 2.307083811957969 0.00018461372998797263 0.006721260159851172
473330372981312.7 30.587424983990594 120.71549156504238 -0.22672226395660444 165.51671901829806 2.3394415930502124 0.0001594725221821495 0.0056929640307053185
2303882548839554.5 1.8052981877271321 29.803407271739506 1.1014325372094274 259.6346617816086 2.0539650239320264 0.0008008716359614578 0.004050672252825033
92939088537597.22 67.71684406518216 111.0588992297769 -0.39262329223944453 28.622513861546796 2.0680022643334777 0.0008677325123645712 0.006174705776074551
1140765820420925.8 72.26975928272894 49.65994604402715 0.600516689082776 14.188566481991595 2.330726614823235 0.00016379426214632392 0.008044191692795931
1.7176137545113565e+17 19.775185908372606 218.57593259951648 1.909218521933444 35.97655115043518 2.0714982743750867 0.0009480899832932434 0.0016229939508859439
292640707083675.75 38.59604014337111 30.92298754328206 1.5556971695707802 31.31812640182561 2.19355474444913 0.0002068842145780629 0.008085489196863499
252678267050671.72 67.18325045493773 12.025777490981636 0.5422539162046912 104.01464097888248 2.1445858132963345 0.0009099370696029 0.006689112787369887
1809162684653845.8 9.38879315321423 96.11684350271375 -0.46356510467866063 93.02225880509633 2.4161035622288494 0.0006971586867729434 0.005253091896426739
5.071482413647214e+18 55.42382804213716 312.6065041059701 1.420203908457996 14.662068228178532 2.274753876426531 0.000425436258315557 0.0023862954113653074
587764575529786.4 9.80060065225053 24.239842762126674 0.4457844970654664 513.9807267981671 2.1524733722672464 0.0006379341677149498 0.009757627411702293
297875539022424.3 91.31654987664793 100.73793451760999 1.175339400514515 255.75292501993803 2.0195192540813625 0.0005196331957147777 1.8600546036663494e-05
920824008050750.0 83.49023760404742 2446.277556014244 0.3183831341294858 21.500677247447207 2.169610896885641 0.0004638068591106624 0.009945291173620103
1346470206027786.0 3.146353646292539 87.56968727101184 1.561336099340958 387.88454764294124 2.4756074860179935 0.00011828570558797488 0.005356944540677812
1033210816807357.8 3.4461038910889688 86.87192094361399 -0.2827098975488028 2834.1736461685146 2.129328882906512 0.0008272126765798908 0.0058137480547643585
203788855466727.06 92.82970149166745 44.43687003017014 -0.23464945464133224 39.210877985178016 2.215801458633558 0.0007136973886781652 0.00830388920728415
478632970669959.6 47.700871196029304 19.259890749084747 1.5776722439190805 311.5858976599008 2.2225690960305076 0.00026732658621823153 0.008115227826455762
518674013967260.6 22.838558816344715 92.97291575461445 0.2544373675422196 29.42511299625661 2.09835258355945 0.00015519095916376893 0.0059026372802806915
1338797968379160.5 59.44977569814158 1623.4992830943263 1.095649731234708 3846.0363678558565 1.5113721400915954 0.0009211041618497769 0.003267793354040783
3253277258132386.5 21.8464268549141 28.396466538323565 0.24329751533034627 27.184320793955404 2.409876953203658 0.000432897770438229 0.007220911405886958
5485069751198826.0 95.13294554927975 624.090077759353 0.44612049942823395 10.411936325951721 2.2826924073339625 0.0005837987587344093 0.0044168040051192105
518924837471006.4 51.69068970267365 12.637135625246518 1.1556200609994554 351.6875142229834 2.152651297376119 0.00010155092050659304 0.004564989703024955
363038330938730.5 92.83974499175345 13.0244632426926 0.508849495312779 157.49390104352378 2.2340276744716006 0.0006678601189763227 0.005503351616837914
455901774733858.1 89.89041291387755 103.53770836828494 1.877664038824887 48.63591290903174 2.322605441323856 0.00021887582586548198 0.0024916844911131546
582079023655100.2 21.537084404844194 103.46603548760183 1.0867539666164845 676.9362762166903 2.23673163523904 0.00015381432451371739 0.003722522740324424
326668032556072.5 77.10813321100915 173.79586263822983 0.3937969114457469 42.73949311725019 2.2649746401273663 0.0001744453272914373 0.007630196873244898
711210102176660.5 78.87850992770916 398.86307825928753 1.8978714945980903 648.4408117961536 2.590216018822768 0.0001077414234366793 0.007618182455883633
278504382185996.16 82.08629360339077 19.643866990773596 1.3522340649888307 112.73062515141275 2.1483053093841398 0.00048457603948217 0.002591366216978808
2726872640058243.5 95.58266112123013 111.008224626031 0.8254490065051525 10.68225199719258 2.214496903346441 0.00023705070023882554 0.007760063797164509
2348143929553811.0 97.82016552613652 217.165059735751 1.4301735473228272 32.033638789900955 2.223823662839659 0.0004722040819281446 0.004523597603056669
58623969597211.32 17.80875187948334 1388.1924014316803 -0.37954987286535014 11.13160933485942 2.0547499230177313 0.00021078285797267865 0.007727375877958577
367435470619280.5 71.83561454745214 154.7507832958439 0.28672703148969375 321.23840386600915 2.030546454447634 0.00019258348566331165 0.0038507768922996987
423011988793771.9 20.70734263625542 787.2709204574684 -0.17065772803060852 25.121514533912098 2.213476875463705 0.0002906328171225462 0.007183868060197066
356332952161121.5 96.31952268498813 13.055211453471241 0.3822390085057499 86.68109952032063 2.3703069260395715 0.0006965767158013268 0.004477139977876535
1459871719257594.0 95.5122582672841 2053.4866409009996 1.12279119914409 3605.118354478018 2.452738487313219 0.00010646278208122854 0.006248763797085303
1669186461452027.2 69.78441160558513 2873.2220502090986 0.8392923353811749 478.263289465163 2.304674298683627 0.0001855222759341417 0.006824934309217738
217144376298575.06 96.23271106607964 777.127365575292 0.40774148287615897 32.51882777940124 2.0037475297905716 0.000290269442522077 0.009707004264029494
553529426084952.56 46.276388628541326 25.99609424588402 1.6093247474219738 403.57305309116606 2.236144955079326 0.00019929439579320909 0.0027910455517337978
933285933047453.6 95.61901687643777 268.4356635258722 0.7836312765838509 40.88937425945594 2.3686716791765376 0.0005881478938417215 0.0025608736947653485
7.384462237629425e+19 0.1936929387298178 33.07896387344357 -0.35478575781753996 54.81618808250899 2.4576991402414077 0.0003430937123459866 0.007258905228956275
4872907700633557.0 92.50776896893525 273.9295547372413 0.7278346820396722 12.710116289717604 2.2294036877554273 0.00033867964261348504 0.003560328996542247
924032726204193.2 3.796018779654773 29.041487414666758 0.353746663689689 4431.083465937163 1.7270394319523037 0.0005034373760576845 0.0045497185593391856
2706487153680101.5 96.91282396541173 151.36874579864926 1.846316041944917 34.96335075254783 2.27700945381414 0.0008247987621394074 0.0022650365998743865
243413037305774.9 26.080082622765083 1747.961127846688 -0.21945059495333738 27.541534928516143 2.2579634322315356 0.0004469594491516248 0.006827071156235421
618373002490516.2 12.796858311240218 218.34853712447517 1.5153548805700774 776.3383164406426 2.2478892818287033 0.0001075066783316628 0.006147679811408867
923990523768550.4 61.596225602978784 16.49794183146083 -0.09033103200996895 13.039882094333647 2.3863653335971455 0.0008100951508096152 0.007555084783585026
417365964024847.25 26.94862511799396 1543.4054636269802 -0.13939208168503026 24.4724000383943 2.262003335089504 0.00040018749022408803 0.0069171938571368505
646820384604833.4 12.899171985179663 15.001871190103081 1.0396580976802587 805.139844478572 2.159376345447967 0.00042426585955912966 0.0012233690089769461
1160937984242437.5 66.69498182285234 2348.3495474499014 0.5554078372773247 3280.1967793264357 2.9048227554898474 0.000425899696614112 0.008484566252635174
1846754831813667.8 12.768752471506716 12.25579493280887 -0.2548022552797368 33.177094876057176 2.172213680787895 0.0004385606461838114 0.004837199997606241
397845016096183.94 38.45192237466359 89.88156689643719 1.9462303704459307 42.41948792129832 2.0399400632809233 0.000841361817895716 0.002251754280601033
86902704620628.45 89.76284745929702 16.036757179797334 0.017428667052305835 20.27251571136051 2.0863716980227074 0.00022455972281308037 0.0001856655312183382
905944679815734.6 44.73025463898611 350.1687546477514 0.6350957726999317 70.68227066462592 2.3507716047459217 0.00018458818115143477 0.0004366324869458857
843065644693961.2 29.806795284649294 475.3919507389488 1.9373331445042448 569.9667347764967 2.9066900611674695 0.0002625702974593146 0.006040713822595462
420741279250589.9 89.32360665962092 73.60978506833553 0.8750187892486484 348.2321951508509 1.9980139164461723 0.0006321081169426922 0.001221947521543927
368706346775399.8 70.22067289014825 374.5449589282451 0.12123893635776321 11.268510750126891 2.19291439918223 0.0006319482812757148 0.006934104282516149
519459532521540.4 84.87271629423707 402.7181385106424 1.6210932526175534 442.3596983557479 2.4350634462819922 0.00015811337272009126 0.007252274743050614
664859822899496.6 24.4484484079659 2192.1985639109603 0.12212207320643466 501.29951628247386 2.232681185718601 0.00029232188432301077 0.0031203113913420366
384468695778208.6 26.554754590973808 49.63997127296642 0.2308563808596371 23.656466065123645 2.0837178897895448 0.00012065321991154679 0.00676848832849306
471427957472159.2 57.538064828943476 12.98851275069672 -0.054029720541589055 242.1314629305321 2.2720956463965494 0.00010829421874818228 0.004509646857979245
475722517699483.44 94.64964673105837 19.590983563044947 0.8249251446788188 320.224572069265 2.219869415069074 0.000684915633731491 0.004888297272726159
824612633917569.4 9.161687161102165 13.068152959377553 0.9402198999831867 1069.9559608113946 2.2432641809303444 0.0008754923201362781 0.006487945472413001
562537925194258.5 94.09997745743657 13.785819309899582 0.9250342584274842 386.24259502466685 2.284772855456288 0.0007803511828141489 0.0043580806531953046
391165464318359.56 52.93545104588737 13.484088191308865 1.130397124080254 198.81286534034197 2.171178501636606 0.0007892262370473132 0.003945465946069093
412609410444143.7 65.72134506190665 80.83662050876761 1.0787276654507236 327.2111181230499 2.1258471905477765 0.0003773567712128724 0.007582996130295013
276480042886365.5 52.43111096439627 10.222522073565807 0.7536081508394292 156.72382197414686 2.072243069592836 0.0007695390706781976 0.004352519864980408
1025833390141736.4 81.1491124321737 1380.3700300724831 1.0769346966611177 1991.73330809737 2.6120517242513444 0.00012212720446639472 0.005834086488707527
972639223573044.5 9.073669641795762 80.1923991220707 0.8433981287559774 3089.365744203077 2.7455404743856353 0.00017706003630477084 0.002382371527837635
812443598651535.1 86.42190015564566 221.78377425144814 1.8640513593263177 79.98836005162981 2.2605485172082047 0.00016454674495156892 0.001233664091790113
254172983561283.8 90.56687326343345 534.6666697805557 -0.10931274760944071 202.7245153035985 1.8992199760265283 0.0001322234348574383 0.004577254187022771
5575496285804588.0 73.47077401394785 410.3974982861896 0.9352603002653768 37.28736515608437 2.433029732885595 0.00012697818787150845 0.005698168755727605
1045204968773186.1 29.86514891905339 1284.2159007317453 1.1916280527317016 1899.8227577161022 2.6642625688301047 0.0001711690847739895 0.0012165817857806129
523460467979581.4 36.57232484121053 65.23316079065967 1.8654202608057557 93.1028748433471 2.5267008921149237 0.0006660801157757679 0.007002665827612661
433241761453063.06 80.97573491791353 15.827041343935369 1.3376642609509393 103.25844713595609 2.419718124926654 0.0005879501025424935 0.0024108249250330478
975053062052488.8 2.8781753625070765 179.7125439049729 -0.09564678261075929 4354.415530163246 1.7953844402982218 0.00010789417053414096 0.004583587433589569
381398098666690.7 48.594745646873406 78.94914161861489 -0.0936524230839737 209.12036046070207 2.253899787607855 0.00036822797737697704 0.003183894422168822
81526096752648.39 16.467715638050052 799.3910999433735 -0.43445616561744266 10.338300689076318 2.043294617657196 0.0001854459461950368 0.009157053164192864
348024155193257.56 8.308266523873215 238.34261833449216 -0.4733732188565784 23.205495838504024 1.972104244706991 0.0006057685570486603 0.0012559228008816705
755462076317586.9 16.147045128774508 1470.1919185923944 0.03220443581695287 88.5641710295831 2.344519673854982 0.0008333119339122457 0.0007317100653069274
682064995203932.6 38.258203675474356 19.750720377403617 -0.029592400552765324 381.3328123161257 2.5095380398187106 0.00013105048564239822 0.005383945718704808
595038814670603.8 28.2059357655988 58.95964507999457 0.3667538505456166 515.6089742488837 2.1864863366258263 0.00041633614832813613 0.0006974266497739183
5172738963886575.0 25.03547403298338 29.362247326908555 -0.18702461683267343 12.164256984384366 2.2758434915355967 0.0005193517596097677 0.009039005442677663
276471424889659.7 20.681889011135148 59.121401384904246 0.9373368572519591 89.35492217642657 2.1342120733750565 0.0002749821533381526 0.005481103490528966
5.555699443520413e+18 22.79591229901547 2746.759552355078 1.547202377572521 103.56462830484512 2.4046541902927054 0.0007748664994474165 0.0022331961479605806
298735680290936.4 89.50243816556493 176.09807852443836 0.870888131805768 143.49823100697054 2.315462969604194 0.00026042519837928045 0.0029874961132156067
425434155188585.3 21.505690915898043 119.26527047382648 -0.15901853829873558 63.52637351683334 2.196504264848985 0.0004166871037672783 0.005501431706292781
5823003268967968.0 10.482914524235362 13.082129855509983 0.053209541669707164 28.689258821851517 2.169250176047859 0.00034092564951754994 0.00552104117219647
109022738050302.27 13.820336796298285 2534.1564418368107 -0.2940567698902581 17.852484254078327 2.0294952514842164 0.0002017927590443685 0.008393867798251292
1007091143194571.6 2.322550856054166 1964.0459356287217 -0.0885244956356791 626.2358398390446 2.285294630143446 0.0004990849734140685 0.0091243520482447
395563851493257.0 63.03345722181429 20.28349527700395 0.1732950564590069 175.91407214283322 2.2554268734073926 0.00015150947272582336 0.005925528353087897
103878371575195.06 82.4693770677066 23.008334297694088 -0.15101923052342792 17.426411387394364 2.1089070334035185 0.00018066567642804408 0.0005501431352733267
365094597973418.2 74.65389183667925 142.29604285952811 -0.2737610334502746 92.44679753506237 2.2756111405973996 0.00042067211853915286 0.0033775565493513607
947078380795832.1 96.14501631414252 898.7283616108157 1.1882912846893923 1585.6837182499319 2.6090258940461974 0.00012333268005111278 0.004914884609314735
251223909795948.25 76.40277996580024 81.12181115101936 -0.27564969519097127 87.77532445914699 2.115096799707451 0.0003020514646487342 0.0004212274800179808
589928154400552.2 51.615287607807616 404.3001694325288 1.3362591531672479 582.4504893298059 2.2577614143356746 0.00030831242509251835 0.006687493454193852
174457934719121.53 96.09322067556727 19.63579206132202 1.8169222343188116 11.969598135635128 2.1392120083284194 0.000124581260542507 0.008676601607754615
614811000658639.5 17.08567050269742 674.2885352031145 0.006297910984526478 701.3334511415596 2.185129799945043 0.0007667582113418171 0.008168475731403696
664369628831704.0 47.45875966661696 326.4717068107749 0.9984971760943686 934.7457758257034 1.922260575717567 0.00015423415103642545 0.002534149075547056
505788696016119.4 29.643538181026138 51.42531387978712 0.48616767813466666 263.70075242070044 2.3144057701996243 0.00023138087050196096 0.00584953083037648
366183828329196.75 76.80160275784002 159.4744279871993 0.8684952742972294 216.5419721143482 2.225303753720165 0.000856016932248112 0.0020690752557747678
1067022007232964.0 74.15393570246773 1387.862105225283 1.0294710390913893 4705.63111687618 1.4087465814484357 0.0001362503211184796 0.007846418705117887
668607213686646.1 96.65261992515717 92.98940877843273 1.474347449024389 28.7983241432746 2.2318861906883303 0.0009609888828294286 0.0021162892701296356
293168745922591.44 92.37972007447154 134.84159651165004 1.0584878605996237 274.1408682286279 1.9607399738665572 0.0005328856410240517 4.81288399670661e-05
486330752980345.1 68.61904303621452 11.982329427906848 0.5025778387713518 236.19162395536884 2.2203684439502984 0.0002870292564397735 0.0015487344831431123
749089830754886.1 16.249457345597712 32.198586335689185 0.17682215723067707 2377.8897683036876 2.0168096829045674 0.0008511641342476537 0.003749448965997596
455456346430449.0 78.81402584099921 229.9735047984545 1.4230644001227089 130.49712496791378 2.3540417123726343 0.00036680662459931146 0.0026956292964070818
815468623886543.8 14.220260470997758 17.22313174927646 1.3732914022015759 1340.6615239761395 2.1129505552697436 0.0008117227398227922 0.007694383009269599
179337831523283.66 99.64112552936484 13.393870110714005 1.0637111631984726 14.892482339930561 2.2915797593657143 0.000990694743141328 0.009620466458334498
1028279322261145.9 7.712925759482857 14.8608380585901 -0.17587025539646553 312.8003600020867 2.4662206587660918 0.0008842434894038836 0.0012341707607235546
305727343859031.0 33.37613811789034 39.10068408592896 1.4100442639578183 35.398673770311255 2.1793348788330578 0.00024839365075360033 0.007862704854360917
202336071901408.12 92.16059687988175 18.687963917536617 1.8839782745358904 11.720275470226184 2.167300577017701 0.0001235402672973281 0.00867887228000714
406282567448200.4 86.73800253705063 23.447484903906147 0.3415946722251939 169.49049587895934 2.31409701908691 0.0007107940090718868 0.007273720625752539
8.074639714710638e+19 17.77186773192023 425.3041177959447 1.633525991546964 30.202618716918614 2.347200034795353 0.00010018703686112531 0.009470171903643661
541567393609686.1 37.66099811276381 16.82286060627526 0.5380661265801248 532.1636629622552 2.2302667037756443 0.0006279177084365757 0.007824004874134776
606985274469607.4 25.119756539384177 73.4760158797693 -0.09060731560589527 914.659587900402 2.0884123518263196 0.0007860370504913017 0.003703737132594869
1001152291848964.2 4.5157523013374075 55.83060696510556 -0.0972662069320338 4073.714489372416 2.332675742193472 0.0006216202073893941 0.005980676431694896
550574693855884.25 36.3344799850432 261.60236030281783 1.5913470678119415 462.1528591674907 2.4042744171095234 0.00020273142599683456 0.006183463832009083
568086197179916.9 25.49044377082514 22.11870533694892 0.8861015273662707 459.8976460212493 2.3125570243078353 0.00022212630068946395 0.0031528994961275147
1.164391151827163e+16 58.65092995390831 531.0240870098577 0.6078213074446589 14.4234073931676 2.214188669417281 0.00021924744798352955 0.006440131036146723
425182935818187.4 46.31988827256424 11.345564865121544 0.6870416633525774 59.04524072985783 2.3841590845437723 0.0002719058546672241 0.005163799173715447
516016221504607.3 35.379519362567414 184.7134532991774 1.1779243438821314 316.26302062557687 2.325399042875845 0.0004348489149020808 0.0007200794509153378
470965148316859.06 52.697257049556285 70.0413689607579 -0.009025925153159142 403.5288548609569 2.1588270755249996 0.00022710629274509857 0.0004945775816191375
649209353915403.6 49.667392938565804 155.61191108315796 -0.16636272818776798 10.512296463096806 2.3110539373503713 0.0009191020086417832 0.006889306893180275
1988606195702075.2 84.76964296416274 546.1439165112344 0.4724870928515311 13.80566256698311 2.1856949833448436 0.000461069974471943 0.0027340597616390874
2928275180838406.0 84.27237597987437 2858.284215436252 1.0811746441211403 395.44365846989933 2.32203987978903 0.00014983055422399216 0.0009895002567860568
4646318665841428.0 7.201591737006709 2094.639876500091 0.5024786335202168 369.8126663582624 2.772659039536127 0.00047638596525089247 0.007611491168510898
157797097589258.5 94.8312810361238 55.98020583006916 0.304083996285335 33.83732098135422 2.198371013055807 0.0002781011891886649 0.0063487780691401895
780020636025896.2 75.10205134576739 91.50242385317488 0.37718021587288836 11.700416921400999 2.2090157822690224 0.00025798306685875105 0.0013888199135233432
7418094571066990.0 4.195138427948308 1390.1635056248301 0.8161939374461568 409.37170397620645 2.8713199581966764 0.000684203247319659 0.0065036670402773165
572438051711311.1 49.316277385330054 11.709119508792147 1.3707417009387783 770.1311939228327 1.71419128999233 0.00015374099438882568 0.009271383845214526
212809618914308.78 84.98554262180596 22.924788541704007 1.09495269337806 25.64985230080715 2.337297110558576 0.0005911739490520173 0.008362523648578275
144174807444932.2 84.33975078595462 1833.7344381996124 -0.22862138497112727 96.07158792179779 2.0269191633401444 0.00014390410188737932 0.00673682512869571
443866021150577.4 88.62861710103688 375.77386016617527 0.6016693719203768 27.048001049773582 2.069106965314101 0.0003222651816159041 0.009473539688575023
133499719592160.45 86.3468474770643 1406.5478213781626 -0.23360014948907598 49.90596596234764 2.233750262899778 0.00036704480497382855 0.009336984207930976
517934078484639.7 78.19629781977362 243.99706684609538 1.8817351586565225 670.307695024622 2.048807162682623 0.000177050358117625 0.009137862856336632
241525562250110.25 84.56854833145965 73.04071744196946 0.2017801381545199 10.275209577746734 2.1841127178581905 0.00030311602829261085 0.0011356735543629056
1308137055690577.5 98.91024387767456 88.4549572189894 1.7149866952126207 27.912549728459258 2.3277050769993717 0.0007913035872098966 0.00210974789639357
385104051058272.0 95.82149658245307 70.36072319268737 1.4981987199202298 25.92049252590083 2.212269784872554 0.0009909520065036477 0.0022353778829568433
833318979542598.8 14.060254990905083 859.5507448705246 0.017544723506879523 764.8990096600423 2.5241665014806256 0.0007916238539224995 0.007848279847243091
406072418231335.3 44.2582615725378 24.1993041477459 1.2199397742648423 417.0293344112196 1.9666103176637573 0.0005254837172985189 0.008600275406850655
1.0417858192538413e+18 2.42108056199928 11.302139632116686 1.8261580580494197 36.64559562657971 2.320026073323347 0.0009621751614097143 0.0068524270277901065
255078762494935.22 80.24308081779931 99.29055976032728 1.8607422332641224 206.6087926932192 2.0921672180708573 0.00012250639669676456 0.009769165425019146
918241374053114.2 33.64269529578853 662.1407254527189 1.9636616541679166 734.6006128174927 2.8897905812197986 0.0002461074987470908 0.006240749955376931
1504241699753979.5 11.741771547406614 1145.2415708437222 -0.15583622329759272 69.25195573748269 2.4912016250833755 0.0008702745343781572 0.0021279028928962006
3452381937914935.5 18.273198968819642 947.2488444404239 0.23759490005747042 62.58365421013592 2.429741679868346 0.0005980667789122261 0.0009641639400637886
957102123197105.6 31.11372510689045 621.7020497991049 1.937175333670441 578.2214056607735 2.9238328899306567 0.0002530423162970975 0.006274560573977872
739771916734035.5 19.971294033748507 10.845069649246007 1.0699990407181454 1167.000769934465 2.1423452163302037 0.0004942833617802457 0.0024024014202328877
639276811859131.5 31.674682147891566 94.43446139091797 1.7706236058036104 759.7234912422041 2.213247835957838 0.00012390552451852573 0.000952448714028325
1668099964995772.2 29.469536781287992 10.660576150294133 0.0401413899723391 18.149157587896127 2.3006148897752468 0.0005317189896918196 0.008297357234438495
406146790024785.4 88.93384071912305 31.38253864185248 1.716723918440795 338.6206071866206 1.9872798613193652 0.0002667636066186733 0.004821284814806123
224728426010795.44 56.80673467858724 20.422708141880683 0.0024562216786341295 17.874062897323082 2.1904399262622185 0.000257985318672346 0.0016938222879234845
404681030051417.56 14.368080707020402 132.76419215889823 -0.10591667390470866 66.43904680221723 2.1278932382467337 0.0005712064267588954 0.0029980122588465124
456720023220583.06 80.93167838679709 233.95122179240454 1.4570293151900975 121.37040974533893 2.352905060122593 0.00036806411420297095 0.0025776875956640298
1.1583792580076646e+18 2.358417539394855 11.308127580145444 1.8269052631602836 38.26165406552934 2.3424766604567013 0.0009712441969397085 0.006921964864584978
349276985350271.75 86.63739744476707 436.12390194905936 0.6899570179192278 36.3329497304145 1.9917732008885498 0.00031738753460069626 0.009834832377242045
352087277326918.25 73.49096494192756 178.10780819709962 0.14368884576326302 313.76183308752724 2.037856317975005 0.00017858811878887693 0.003218574507659316
479705032342096.4 40.28089944117146 92.7681740140186 -0.3636374239103972 279.56477813548287 2.1261805438421404 0.000519927817214234 0.0004437075691829861
518827777967813.4 85.06058059206683 401.6556686028947 1.624255838077448 441.2830780011237 2.4353254122109567 0.0001578970114096586 0.007246889803699611
595130577772234.2 68.32190677785314 25.212180717693172 -0.3449209455033331 15.414450018597014 2.389853140788892 0.000986880515332824 0.006981868230308091
532727836153729.0 47.730744880482426 23.823656326249317 0.6354819958439087 686.3845426458188 1.9075355084640302 0.0001255010062159141 0.003819437385334495
1081297385038835.9 75.4962369038 39.452150646413706 0.6149168055464521 11.793222699325996 2.3158220623754335 0.00015300577806722242 0.008352774635308612
155936707518735.78 42.510222321641095 30.676574889390764 1.920259443443106 47.87604503141776 2.1394827611271774 0.00018541851351025785 0.005790570725711468
602328320551507.1 57.984819208177704 522.749628933489 -0.17975271735315262 799.8698788345654 1.9428599440996026 0.0004440502819634046 0.0024479520244974243
1018590382694431.2 79.77307430200814 1454.1125370873963 0.9183477292407667 642.1991911809034 2.44686928487483 0.0007877278495663393 0.002752207025743328
381255165925784.25 68.30831541453468 12.871762770433213 0.2076493424124583 169.06002938232118 2.269494196502464 0.0001249421368914677 0.006257224743410379
424716419771201.25 78.78603369267854 200.32984480245477 -0.006728219130227364 249.4198340268859 2.203933448627814 0.00019489331030406913 0.0021650983503384673
318953315383976.2 74.25114765107332 604.5493489983338 0.4601677878691742 123.25072704367604 2.0773396897465926 0.00024407964713587293 0.001004353562096225
683545682498821.4 19.300226153295327 2469.5412015972292 -0.024927026690554466 23.16863360313077 2.122359833312791 0.0001847430342897969 0.0077680915790078065
521564644818321.4 20.06384706854837 22.94105726460453 -0.2464189574084327 98.48578215831895 2.2647096240233386 0.0006781107743177775 0.0028247974859814803
427072621678824.94 66.60129918583146 10.182937265998248 -0.08901115211821553 214.99508740388774 2.2532556779080624 0.00017174734277267925 0.00531895615108897
3156119281905290.0 57.91357394479482 1182.1893468038686 1.5409378501993785 228.66323634806372 2.172004582252499 0.00010132229149559798 0.009170653957395069
289784272744195.5 58.23609581854615 450.04503477487793 -0.03201883790450574 10.800512164796354 2.1744663639592945 0.0009669862641369783 0.008184519549517887
3873851125732538.5 12.39575481641652 1070.0672773198423 1.348062877444058 404.3478231092809 2.782580220259283 0.0001549570369306727 0.0020994407055626605
1556053912671999.5 49.64855784899021 1098.0767652622271 0.17091342571777923 24.67632568310591 2.361311181235547 0.00021005733090171557 0.009728857468063859
1217511319864844.0 93.9018100001235 129.76082879262682 1.5254383950645658 35.051715414364736 2.269572338201882 0.0008374498510698658 0.0024427421285325972
503123489755456.8 31.008496541082877 283.81516908197796 1.064449814567644 410.5924924622111 2.2851102535507084 0.0004205918755971394 0.0005605419512959928
2273902820766144.5 24.266299650375533 168.41782235069644 -0.104281364458787 14.092070964814445 2.2348376078869547 0.00020009946897177406 0.009521547438908463
651531195976661.4 36.749038741727105 34.920058092833614 1.4078529070457182 1458.8845548490522 1.5108719562265267 0.00045277984289874684 0.008854303247483519
1.3184338561155698e+16 99.27235350819598 1086.7804052469999 1.5081796280713704 116.31697244505885 2.608120813782202 0.0008526526027164458 0.008932877245605124
522757868989477.3 57.36243862624444 135.67139282068408 0.29959169574719136 407.6950498388162 2.187927162279754 0.00012222835498943834 0.004612101423931319
471713521785642.3 33.36422337883737 14.641032833570108 0.17128252573829816 329.70918485629414 2.18116992734372 0.0004386069321293466 0.002827899226394206
326199142255660.6 55.53569438478987 279.35771707267304 -0.13604180300660618 12.29828849804869 2.2960955532448786 0.0007938170280081429 0.007108261930882966
7743228515683040.0 40.75881962052433 2773.915772074596 1.2326221378692805 235.40645303192701 2.311432887567992 0.00039152627250713654 0.00561809189220743
359205184250744.8 67.74583598178089 226.13771334427136 0.3518094511990768 318.5342552279044 2.0439317560278285 0.0003365277462186828 0.0015397409663254198
123478490786507.53 72.90197021356416 1011.8957283497932 -0.16653144905538003 53.061428162310534 2.1391472199919863 0.00021456758350618966 0.008882920904796593
796089528961041.5 5.74418135474621 355.2816094331876 -0.44158504626186734 212.2714216510115 2.1569301901964977 0.0008246576594616734 0.0013266882960934283
2131582088317707.2 0.5144190128108814 126.58093853302894 1.1322874774991218 1372.1778530260456 2.965309516878891 0.0006898760282631493 0.006214195312873311
1583872615579044.0 54.08071574401373 32.733469100801145 1.905751438232058 17.652729893575863 2.312224386686434 0.0006391183114175712 0.0009265369832562138
397845016096183.94 38.45192237466359 89.88156689643719 1.9462303704459307 42.41948792129832 2.0399400632809233 0.000841361817895716 0.002251754280601033
117224987100455.9 13.54000681398179 2818.322486510274 -0.2714302451506718 16.319848828479827 2.026792376777663 0.00019847533369404824 0.008557778116255882
958925804855292.5 42.90914845841332 2863.648379906611 0.3380057997487788 1206.6198004334055 2.0233643754083563 0.00040056102810825185 0.0036136766473411426
1019028378973556.0 2.529188265957682 92.94092935015499 -0.21483642517675866 3754.9232445069397 2.4001428922379313 0.0007623444602905649 0.0059771211013737325
613288414472323.0 41.00233821847923 352.4871137485709 0.9432918167054918 956.391184522093 1.803173776939525 0.00016920255202268616 0.002727699569547526
547006184890575.7 77.8335589986343 609.0843443550024 1.9055928833785254 459.87225044418693 2.223481628703394 0.00016320781058234832 0.007456672258946076
1213469486426986.5 83.63570810410677 1550.174711513769 0.9522842589765255 498.16177654688084 2.460049656632723 0.0007684060004396613 0.003344130304116756
934319302244670.9 95.31738097704539 1062.9127983463593 1.17196380281008 1671.760620532885 2.1711534379747666 0.00012290522682872082 0.005170642068988869
824292837312649.2 19.37015831555295 241.43190589694254 0.12502869349041867 1900.602735789764 2.381421321061795 0.0006750309531629349 0.006478917102985232
102901720206785.0 78.04835117234163 1004.0429041708779 -0.17219355773191758 27.142746293119583 2.2306695537366577 0.00014093938278860265 0.009881620846859018
365938274416974.7 97.16944338391266 14.362168602211387 0.5857019892294892 116.10308634893381 2.365759507655964 0.0006971625590444237 0.004456245746021793
391660644311950.0 98.72497135986512 54.55427418515085 -0.42733762719584917 204.3957144972476 2.2076742633923296 0.0005293807759830133 0.0035340009472626696
5.844476884676467e+19 0.5280703785179401 29.984968548034363 -0.3260300205090263 42.20382395919552 2.4320004844027343 0.00037811619549999424 0.007266275897633307
877989701652544.6 83.66168631328844 314.72618157269363 1.3486901251990853 91.77738687007069 2.2848951955900585 0.0003754524349286542 0.0024597410345004586
427732907750444.56 69.97506899885535 12.323401356488782 0.6099948029958089 243.75802656218417 2.2421537915532297 0.00026007079281911276 0.0011917190219321847
477201820113167.2 56.52439133614621 40.52146786625204 1.520325941308903 249.91463675434673 2.343933879016601 0.00012320061269475432 0.003738986584287172
891058924196824.4 77.8968521468959 1006.9864650641105 1.0380102736622718 654.1595918440574 2.4533027071436275 0.0007887915233764718 0.0023739305207545938
490722074736554.56 78.7914894982248 361.66113834745863 1.4929599101523268 250.18650628659296 2.3670979834183 0.00024215636386213497 0.0016088381916457466
505087673164410.3 72.35794494080852 177.89897879009493 1.5796399036114854 557.3566451074299 2.14325321396242 0.00016393995837148118 0.007854128957915698
472415792704914.6 59.07959621863222 37.06268688353083 1.300332331124596 842.9744533468238 1.4934729469085095 0.00025686671830801665 0.006678428055509358
153118929222724.5 98.9690270674992 20.052743731079673 0.25806684500780375 69.31322257158196 2.0769992979662995 0.0005288891954495005 0.001450640096516486
673655354571547.1 4.438716799530383 812.3699629282627 -0.4607518761750593 615.8196038133115 2.1533026192914737 0.00040359249876905913 0.007459312675797957
325963523992035.56 37.84605097649426 33.05971872734959 1.5828465263203593 30.743993131548166 2.209036722211835 0.00021391612133889656 0.007684951105303207
159868973441105.12 93.1224048244301 53.4581300366836 0.4773430923358323 44.76689420377043 2.1883920087660145 0.0002576346847669144 0.005943868713152757
165082331770473.0 87.76236720275351 50.44456473804485 0.264891006463379 18.148285136290827 2.169032299869912 0.0005702617674465965 0.0055558420345219834
1594069187020252.0 2.2590429550219966 909.9152689232246 -0.4226149727767151 471.52568420904987 2.5934868119111516 0.00027119863833104774 0.006802347031238216
669494620757791.2 36.73591064641082 298.5851361056046 0.9918631872259827 1019.8249123022408 1.9078650413844307 0.00016032090158819522 0.0030978339068573205
603427044892616.8 35.6739179144841 37.46455820811314 -0.4476835067152156 12.094282642679428 2.1998168856462685 0.00038348800483541264 0.002406892839923746
142830610779208.94 83.41254486036595 18.965478063063305 1.4399496585836076 35.28662716716392 2.1910691476240447 0.0008361452100049456 0.009304650084454382
437565181455680.06 94.7785428462035 55.18830556834029 -0.20792898824647635 287.8019946859084 2.2334908767267314 0.0005495657970980995 0.003946348310223101
151209478003090.97 10.563128138562718 1619.1170328431367 -0.4246786399184589 15.000111636775856 2.060767958261527 0.00014032999375156435 0.009795968025897541
1030036500572983.2 78.86718117111482 1101.7106179331022 1.0036830592196968 699.5479380899558 2.493173918443439 0.0008526592884652602 0.002283507800414768
382443499705175.44 96.64990715801443 121.34966757147886 1.3514986415470438 342.78120047939547 1.9909836964413408 0.00017491848875699124 0.0032371022210588994
461863406833655.9 59.809236360568875 34.058908205732415 -0.43354238957475655 18.57142005982934 2.370306112849838 0.0007823449728232127 0.006865474892290062
6880062709104115.0 71.1748031649607 499.4478519194667 0.8713567994550703 34.6056760928244 2.425191032043316 0.00014577690931598232 0.0054912998156833
240467934801091.8 47.989560973565276 11.324081363162499 1.0096776442885984 19.200765059460284 2.1918405198733133 0.00021424144665712922 0.0059513471858002615
492631696384061.4 26.735537962771296 14.452352124366119 1.4291322341158899 467.64616744669195 2.025261003090076 0.0005255293935452174 0.00575154663707543
8268248432428757.0 7.769839308807052 102.29621264501951 0.1484880815964289 69.48850534387675 2.4132920772596176 0.00036659184643064854 0.005481896192777496
425791946943833.3 66.37396323940861 106.75895991894507 1.0950033794558787 479.1057494777511 1.8478435024947841 0.0002289192047613662 0.0070404293415228525
151419989772588.66 89.67970859397747 15.956853575747868 1.4940056400242692 16.860554381817668 2.2520711506327054 0.0007190417686443618 0.006957250053540552
3699088204314472.5 71.8912219520033 242.01250209959784 0.860998933959001 29.47895794306489 2.428525465533067 0.00012125062690258208 0.006430016756492606
447981829573142.3 66.74842651999299 130.56014276288548 -0.4752622501381367 295.37900192634186 2.1036775658909423 0.0001739448092390305 1.0939535930637283e-05
1101693693443987.8 19.36824550632125 823.5937988920895 1.1459255060791562 1444.1027560805865 2.8944898549911042 0.00015677984719501055 0.0022919816703021673
324025418043134.5 90.33111137741221 472.46184740685317 0.5474609280374001 30.378097168765592 2.0264717962388294 0.00031512816931567825 0.00995803791977698
1893591350010649.8 1.4584944805622466 69.85268846123704 1.1227990741589564 639.3440391414381 2.423612291194037 0.0005686897344203615 0.005066176998506476
472306426071351.6 26.545682614362732 103.30917524513809 -0.20942999771724757 135.34604677490822 2.308070351170741 0.00017255154903385317 0.006220564093594396
1365845049012486.2 52.794133458608115 1804.1914709144025 0.9409369872247972 683.086346580318 2.4752230198236234 0.00011692823070367563 0.005246270647100574
692721032331729.2 76.63782883514607 108.29744854921196 0.5130504021647726 10.976835924692915 2.158452528866844 0.00014502995463694363 0.008310125766772983
303560155092893.56 60.48852570105846 378.63352752821703 0.15158459922916218 51.50339530983657 2.1908642711164736 0.0008226933029759867 0.003917571968136655
979222741667634.8 69.07614719162618 856.2310140170256 1.8495613300396592 521.873552256528 2.4653264892319333 0.0001890030917351017 0.004140546446603667
335207556969249.25 99.05123136271816 157.6889108564112 0.6161628885678054 327.04472129786956 1.9594178155459645 0.0009463930142149648 0.002792565170495401
453810577357184.1 28.002619803087892 42.15366754931119 0.5215315209529571 327.78545511914905 2.305130768357974 0.00021332100202138345 0.0058564984532809726
401039934683894.0 65.97632854802578 88.83292522016053 -0.2275352207446968 144.03851895381658 2.3245882139556375 0.00019176647138274225 0.003969242217015464
440872909574824.1 21.593289255189966 50.163896426131735 1.8672402435950342 136.8951825304727 2.257329212577153 0.0005794534522346198 0.007432062541707021
174457934719121.53 96.09322067556727 19.63579206132202 1.8169222343188116 11.969598135635128 2.1392120083284194 0.000124581260542507 0.008676601607754615
1.0883062119041418e+18 2.3257330180481617 12.5246920478468 1.9727441261394827 37.0484616736559 2.296770250134818 0.0009292608599801073 0.007156407763102593
853076199546702.5 7.292340159787649 62.14070774820478 -0.15464576411909747 1617.0393051133121 1.9770905047301122 0.0007755756049134082 0.004158916389756571
228714489988069.88 91.27595286709524 24.79778606393432 1.412446953448873 34.546513266713944 2.385016723039267 0.0005103694145246874 0.006300582634817527
3364378474784904.5 79.84735762459361 54.15295874046345 1.7600275379677295 15.473191471865189 2.2807227397401197 0.00010000099102988639 0.007320197395888795
5066955823821236.0 72.94620018882492 523.4955112841488 0.6013064378236193 20.76932674415568 2.325996650126164 0.00011221634396361853 0.006299571100688614
685567467387448.5 33.303342955875856 1127.7376690767544 0.21018975369257165 84.19576398461467 2.307235081380309 0.0004922012719574654 0.002294091912653537
127846068546167.44 81.79319388549868 1274.102141055882 -0.12850817875223797 53.62816639773079 2.168938491975568 0.0003872546700313223 0.009077963784378768
668966503337734.6 41.529718818169556 332.54871897934777 1.5074935564793548 457.74580836015537 2.6347635502930853 0.0008160397138035022 0.0065992214120680764
484216698237448.0 25.338342891135184 23.46737130645993 1.5171321550321166 585.9717910539066 1.9651048016930912 0.0005035275747217676 0.007794636470202783
1234936448647875.0 8.383138587890906 105.09345265809799 1.4884170845940627 280.4198832561901 2.534335584660825 0.00010365132085144875 0.005678030050764671
405891196704750.2 68.63134459627034 175.54723014562092 0.13224904963870965 25.984355724104386 2.3401327483698733 0.0002793133986238343 0.00857483200112586
807102777084020.1 7.269921120499333 141.13312247346923 -0.19357241446492318 2336.1806084657005 1.604055918176403 0.00014216225314073877 0.0034448623493794775
487857018897974.9 25.530501224062903 26.878275846581246 -0.016099727497439265 69.16043731581532 2.287258106240921 0.0005192370332066976 0.0033824629869811515
3275108207815880.0 32.05641283296682 39.026852210848595 1.971420702293918 19.070670974379567 2.1821824606464473 0.00024276380626396144 0.007961503552107207
293626276131895.5 94.59604650892463 66.68365367064895 1.0401169545009654 251.15405765418535 1.997953458651392 0.0006591360349715799 0.00034395771327171924
64928494729404.65 19.54641853456807 1263.9516647387243 -0.39400708614825497 13.964927735231937 2.0964678568197184 0.0002128187840544032 0.006717048019059423
495508228178023.94 12.718764178842662 79.72961843543897 1.375480816565482 424.9465554724114 2.1239001115386946 0.0002507212781085606 0.00030231279991938236
181908363468397.5 95.34080301149497 34.103557591964176 -0.31132369271818583 36.69125649510667 2.2080180075721625 0.0007710428466435106 0.008877917807410157
318763648342751.4 49.21367773470492 297.19374524945414 0.42610204942531815 74.38679220934377 2.143480422581689 0.0004036912520433233 0.003298725433911553
3487157108589265.5 95.69566211396803 513.8581102274065 0.5156446988845428 13.190966159034527 2.2884505908081456 0.0006167479716293841 0.003999124781880697
527625219063991.2 45.35868608809805 26.430347630825786 1.7132030003379777 316.7909007570451 2.354998457308559 0.00029406642087338107 0.007462787864906713
887151295209292.5 72.00094224009963 599.8274273032333 1.5750879715482042 248.38025466433615 2.298448895367063 0.0001710959712504119 0.008256135761504633
406578256664946.44 43.94353525315663 27.697904983640445 1.8034356739117043 229.91563324356662 2.145783795682942 0.00013820078714992903 0.003019365629404881
840190715091944.4 9.41957370702627 247.75373657235866 -0.14317955589448017 2119.6537252464786 1.5707283174201017 0.0001451329872709439 0.0028359075238421367
2182050213952492.8 70.5825189091512 763.894213272031 0.38143303258645145 15.708590842232885 2.254333278259295 0.00010426089312998239 0.006774997544038099
7.822794188769368e+17 2.098113085623048 13.432220353525423 1.8675240239894602 35.83452406478468 2.235710986450833 0.0008836349247309614 0.007171857267475794
432709206557806.75 23.426534347262645 159.1843277058862 1.3761621278866836 302.65773802149306 2.2162625051820104 0.00024209404284405785 0.000166261155157452
728349947238797.5 29.389437130483046 615.674291773221 0.6966698844618797 151.65984064761335 2.216607124701675 0.00016646516996244898 0.0036555532644340256
1893591350010649.8 1.4584944805622466 69.85268846123704 1.1227990741589564 639.3440391414381 2.423612291194037 0.0005686897344203615 0.005066176998506476
2500624347785592.0 34.022845484189105 50.519979309467125 1.8724306606048968 27.197513754436685 2.2902783835844414 0.00017730091925267352 0.007769086813689033
6208613940346677.0 74.22588384229188 383.2237593793946 1.0125613859465932 38.46094720421487 2.452195559501546 0.00012265536480188856 0.005673641481947577
1037634611131097.6 62.60946411854323 1124.4806076564157 1.1416095146958798 4124.735371758011 1.7074594507971554 0.0009035516025960101 0.0018443582751537855
502502498481979.75 39.23292033803985 558.0955227256466 0.6982493802710577 647.8989234629366 1.890409360634035 0.0001268169873106049 0.008763215925917304
692333586098699.4 33.76995344997944 523.0082919985566 1.2541805948492775 360.75931316145255 2.5502574003411507 0.00012276633591812276 0.0035914502334864987
201674060906613.25 37.94323208640832 161.73468390827693 -0.11757734911835371 16.393152216918654 2.0820664360715413 0.00016860528277712366 0.006180819908330349
449785424796456.25 35.50711652147453 67.53205228607796 -0.43851160096951397 155.07480964234676 2.2871945004390075 0.0002331296928750515 0.007070863227257685
828532478658673.1 3.168977472667578 50.91795603365546 -0.17024946577759173 4539.541770272937 2.321201194141895 0.0006024691645773072 0.005771563627993914
1.2527640288935148e+18 59.674614664815934 305.48563762398055 1.3232472870001861 16.371553314042085 2.346843682132079 0.000552189443326303 0.003009587290132957
422603070898976.56 29.141408535714405 30.901394277503613 1.9210298381257234 36.45546379346193 2.245461245802356 0.00012512450750333328 0.00963323335225484
857880109329197.8 11.04274323177797 249.46684380894277 1.2947155317900043 931.6098691605204 2.361779101255293 0.0001509248310986249 0.0047433945213573225
872582972985408.1 6.532637956028552 86.72711733028149 0.18859365625829938 3381.3792868901305 2.2776019077967047 0.0007635643494073063 0.0050287813214564174
967400199581803.8 4.590376645327872 112.07385209088451 0.5869679370087241 3463.5027788057364 2.7253512496612293 0.00023409456411852916 0.0023525397263196753
2839990866991374.0 95.61470843465892 114.25438970899145 0.8412921831057567 10.708715021116264 2.2040587836862766 0.00022324502559516207 0.007832710336654253
864865562156976.5 4.495349724792341 12.26511939513288 1.0627849519526786 1017.9354590564102 2.4172302616415506 0.000847756473798678 0.006424405649044537
158880704145228.0 37.53588296064395 17.485417693889847 1.665322761778653 20.57783808069771 2.0734334844078113 0.0002021067897935059 0.006180450220705732
381692099507350.6 89.2934864586407 20.639884134280425 0.1902424665524593 142.96365288490946 2.3330447335354667 0.0006416611408190131 0.005888376364088609
278818854522894.97 62.87031567179807 236.8632112123917 0.6662539053107976 186.3267114831262 2.1381777781486764 0.00019603783907226068 0.005480267959480782
482962422615709.4 47.50458204585872 953.392420294693 0.3418569341903326 459.4535928478536 2.115583987066769 0.00013170501788380503 0.001075704261745556
371565891586530.0 45.199556453701575 14.36593595001206 0.057034082189912017 127.78858697967546 2.2885141982465043 0.0001012778168614178 0.006829084868294271
5.878722509895578e+16 71.16162451004229 1652.2992757069485 1.4858838497198616 61.67234697080395 2.103939041005238 0.0006807728703321916 0.006454095774114484
4.673004880681468e+17 59.4947959708077 2693.4881802789087 0.6639509942442307 22.77722553187219 2.4828727003401805 0.00017829866276106943 0.005342450122574626
398607703385038.3 8.284896309341846 310.34201060258556 -0.30225316322107976 46.024935372155205 2.001477084211179 0.0005834746678270341 0.0020762674580137724
8.477614893856604e+19 0.16937061624906535 39.916059146158275 -0.4005830334372076 44.67914793768938 2.333545651766512 0.00032822064135299176 0.007623216256254875
678252574933559.1 91.49136735200405 804.5899556759065 0.1176115126206132 1155.2715877408316 1.8474714498991527 0.00045795832361696803 0.0013943586627563889
992076658674719.1 10.465795472201819 2342.287345125951 0.3311094869000736 1451.4488890080972 2.1982212148092355 0.00023523299722591338 0.00788205263075647
347579723217216.75 87.31335229773516 431.9332285000019 0.6417894370185167 32.67771021564342 1.998913951015244 0.00034369862644214564 0.009998951215672848
1233991766833846.0 34.14321276591441 578.9456919055203 1.89849297383349 435.79401790527226 2.9027872339763694 0.00028403340817869955 0.006110744082642039
149130859928313.84 95.50458847559037 17.9486044343908 0.3097085522149533 74.8356083450241 2.071634525803904 0.0005027735682257503 0.0011263230307384641
1.952430358740035e+18 55.32022225057284 640.1703944127903 1.121650696424476 16.84451807258246 2.318075145546147 0.00048756175355396843 0.0026886702064762343
373796479272253.25 96.33138616817413 16.234244624810355 0.23283335858596899 125.06336727840076 2.3496564259992185 0.0006914019148184639 0.006212064225134988
1213254664475267.5 1.634951459239435 2124.633868822136 -0.05057116100065841 718.8845576303804 2.3217947162878927 0.0005741810509245405 0.009375918567344045
667422783659183.6 47.32083134978403 76.39084562267692 -0.320252567070865 729.4988468958998 2.278981413088862 0.00013590665136116076 0.0003314417091669006
7.261320963561962e+17 12.476830379869384 715.5037861096471 0.3271842418604254 16.244584390683258 2.25422463823728 0.00014089587328779433 0.006754234911130102
356536138254928.25 16.102701710334905 104.31134394121055 -0.09800896872793197 49.490027507544646 2.087820414409206 0.0005039437959126073 0.0029907603460530784
5325141495289603.0 66.7194230802014 1460.213557434721 1.5146456384040377 170.98093021905245 2.209641513298224 0.00012267162064804035 0.0013471081795878798
1.3700586823172861e+18 33.023674912256126 93.34444138459637 1.3500164131987278 13.75252926893524 2.3757765122384398 0.00019615137377302356 0.0020736972834671597
518838714939584.9 34.60540992681271 26.00439978407185 0.2882109222580781 372.0583449186196 2.259657824612324 0.0002853959254534357 0.002933427325092495
1065800969599542.6 3.4376279526725817 187.8888981548422 0.04268312447270977 4422.620601415967 1.568777878805213 0.00016380845854997852 0.004788887608018813
3807026856945929.0 58.1515630197982 1473.7940332561498 1.5435090454640614 292.0294873781933 2.235924730177464 0.00011181967559153264 0.009126934019759492
618373002490516.2 12.796858311240218 218.34853712447517 1.5153548805700774 776.3383164406426 2.2478892818287033 0.0001075066783316628 0.006147679811408867
2149909483641092.0 1.9452115938247214 30.122945600931637 1.0875688561200034 266.39751171885075 2.051954185233602 0.0008013822738221633 0.004003112354863547
631621738760712.6 66.66825373682306 26.378317575146735 -0.28850932014532293 16.302926485622756 2.3739259819548173 0.0009359272182849161 0.006847915707874052
244369844128888.12 56.12792064099535 65.75975733768279 -0.10432721132646305 110.09428702129549 2.1678211219979264 0.00022139843976168715 0.000735831778564856
1718928300218607.0 41.60770706226193 2053.0107226577657 1.4473158311130698 4046.605858004413 2.102509503760684 0.0009488991839416773 0.007538739278326066
382197645093954.44 53.1539233748291 120.44106611157785 -0.24531592841498667 146.7350353898733 2.1982702855933542 0.000371056684980691 0.002341993262243227
826874570261518.8 88.20366084670016 212.43375304844452 1.3446316179078657 59.929903189668856 2.3035453601308475 0.0004084393178516604 0.003354675888767934
196597661072240.3 87.83284236138809 11.083017197755387 0.6054089030572257 58.37508231771299 2.232500013439097 0.0009338275806080114 0.00829989716364992
4704011790643862.0 94.46290616153036 577.6099201000634 0.4543871356888125 10.462961784229154 2.278448915425846 0.0005770567664401605 0.00437514951253911
177578144664858.25 85.82097525504558 57.4839067315299 0.23037603283019947 21.261485109230513 2.2005603779778724 0.00022595421071960536 0.0001246423759212567
629070376171150.6 51.641606873639944 69.78849638635181 0.48333594651062595 488.11930591658376 2.1540689784154643 0.0001314585043809529 0.004037702531414771
140370865451838.94 82.58055745531414 31.143973218403673 0.3569083275058449 19.827617192644876 2.187895052740374 0.0006966887505308966 0.005181834180450391
189492802284581.84 97.94621564917632 706.2260419662402 0.3708484859709831 32.40100944368753 1.9730930049603004 0.0002879842984971015 0.009913186082678868
4.424049102543458e+18 17.344066536662602 2472.932310139115 1.4653171313622844 97.3910694005407 2.2970476411186143 0.0006925803383904983 0.0018336718643330117
737301436213309.5 28.83699121470892 642.5283163813526 0.6933029155848511 155.60378081581413 2.2228194672047317 0.00016280186224932998 0.0036380314863783533
432445896845015.4 78.5308598579941 14.789024562900087 0.4444873796352429 155.93098687051494 2.351676912672306 0.0006675418299280868 0.0022843103660646078
458138741323337.3 57.88909040486098 406.43933805338247 1.4467490655916597 417.6564697398213 2.3077644174572365 0.00033999851322318297 0.006979107347912392
1131792363019988.5 94.1374204618291 1436.9299742565947 0.8953553867069552 3344.616022545175 1.662216669959947 0.00024116611499738798 0.009409518612875655
2.9963189250541162e+19 17.26962576596486 391.9687806889193 1.4385689528967762 33.44292154413568 2.4718632428948064 0.00012034631064794567 0.00930506887532721
259510545063675.88 82.95748073874813 89.69127568080344 1.8523777426254036 201.12833049383585 2.075698828731727 0.00012803573101285133 0.00966411419341815
471248599107468.3 38.1759397134995 54.910605668865074 0.9820891923613904 345.27005188808727 2.1199707945362762 0.00022928206229127091 0.003533851162584757
584996246008024.1 43.82988173860253 409.87186339101356 1.5374079587969396 269.29346752699894 2.4775610372716717 0.00025148056762591605 0.005510936740080377
319694889266676.44 43.95771760540721 26.8911141662954 -0.33048099755678256 17.48465893063854 2.1808353074114066 0.0003038842285732086 0.001632351807939329
825926948063943.1 62.29543747606502 54.48966262017959 0.564598740080466 19.108022219795885 2.3466875286297233 0.000504048938032883 0.002844840797571111
792966512164195.8 7.686780187021778 289.8771148532672 1.3517434617173516 1117.6802159295974 2.416486310298506 0.00014306802187330383 0.004722857982862389
505309100928360.0 29.867951960618367 298.09665177936733 1.101064381484312 407.91636345016946 2.3001082098172843 0.0004221008504449294 0.0003317565436492297
2401380983606163.5 88.67052835745083 274.3365606034492 0.6648029180355931 13.85096816420547 2.2110194635174123 0.00033999396820987195 0.0033956833514285434
4363678386227316.0 61.439599898732645 168.35842214084641 1.0526624015451738 16.34921330671366 2.110551729823554 0.0001366595914124639 0.009917371631008438
513181463383679.0 11.607648866409388 10.199666137030531 1.226805791755983 186.41823864584694 2.2211390519647174 0.0006719751183058334 0.005795245402155934
349214132811561.8 52.99746875535995 101.61692525845577 1.2994931083119656 108.38524650722609 2.405874620236437 0.0003618932733522045 1.660518324848783e-05
646466983645030.6 60.69558077025729 31.170333744274668 -0.4894871581386837 16.765131840284194 2.413270625671069 0.0009236277813654793 0.0057418385657304295
4544031818587662.0 44.475731233876985 2688.034085005607 1.8027644335022384 904.8917384099412 2.665773104224594 0.00019878507287438002 0.00672387865519802
33087233084516.39 13.795005280807736 2968.280842651317 -0.37067947139551216 15.55545108890399 2.0052205500773788 0.0001823986629784111 0.007575257199267733
315284156702113.56 75.82210067483201 11.279591089999972 0.5775873212676889 199.01571668306207 2.0790119115078785 0.0002614804729013217 0.0015071998917179112
681378271970528.2 88.65041900070116 60.618633273490595 -0.17460105582391883 746.2390033533587 2.2149210287934973 0.0004598021060330991 0.0039017526515677248
4144078124941174.5 15.008634205296481 1609.5658895395427 1.0610714726525474 344.7303959515137 2.6784444706492785 0.000854306316682664 0.0064900032125114054
280480827642677.84 37.29293501134544 59.447852660782324 1.947026398914597 174.10638744393668 2.1256619725490156 0.00023719576913367073 0.003938995914200877
1985833003092705.0 66.31486819070216 302.4574759399961 0.5984850907848764 14.172515369270537 2.1115069647733367 0.0001623091033784138 0.009407565322763996
3399543956050126.0 2.5042802440797765 2249.0543380358804 0.01772142675182037 365.03433842429956 2.5420750505194 0.0007184758756813467 0.00834571579822484
4.969324569789016e+16 39.700826057432124 42.52352226902338 1.3231679851616298 11.792903615528239 2.3390405817477684 0.0001194576820736013 0.001729288006409915
469139319527839.9 28.492987283346135 821.0507641241568 -0.11695806777940798 13.495511687567971 2.1597572500300375 0.00039390833687660723 0.006820760687969051
1198302214004666.5 79.75555934582692 2627.880027730585 0.43834835550755596 29.6400114066871 2.144378241167952 0.0004690022795147829 0.009150492798287614
107783258453461.42 23.812872465264654 718.4450343662182 -0.3717489736091558 26.292327551992468 2.1586624674073875 0.0002337276477320353 0.003842674962304542
2617778252035801.0 51.91001267433699 785.396071423243 0.10302763984384433 14.170731345087455 2.381301677064765 0.0005589901817158196 0.006179267328194821
645080493961376.4 20.59493492625093 2350.86030512036 -0.13874892641365377 10.685350538520481 2.0980501131823237 0.0001974103470887093 0.007645739600226985
596555467835152.0 70.81567628132578 455.63278964367805 0.3864872895149625 690.816716188663 2.1484286902814373 0.0009180671262193174 0.0013281594944164257
678252574933559.1 91.49136735200405 804.5899556759065 0.1176115126206132 1155.2715877408316 1.8474714498991527 0.00045795832361696803 0.0013943586627563889
4.905699452174103e+19 0.6917715442267003 30.80137196078156 -0.3115009731710878 42.43087833267827 2.429535026511579 0.0003767985962803565 0.007215737547339977
1145564356061572.0 50.939776827739394 1552.5855500225139 1.0249017236722522 649.6622090860931 2.388526413161693 0.00011776420096023019 0.007101609090766058
2.368980787726793e+17 71.36375237081361 1968.0574278295633 0.7760127095508389 20.827061344194025 2.3773506667284994 0.0001332435594581109 0.0025451389861003287
6317426861101771.0 45.2551619992297 2142.7539364555864 1.37267701897534 275.4197493464309 2.3637303377769836 0.0003080210673730337 0.005743737800545737
427437398018051.0 78.32769802269162 259.1322984977531 -0.008595692517950448 302.2642107405076 2.1833086861233695 0.00020282061384674848 0.0027027428944297167
435247099343183.6 45.511036274408895 22.612407417060346 -0.3141663571529816 14.694628905234051 2.2135636627663486 0.00037694905583577693 0.0018777154301495595
1488840406943856.8 70.00637222164566 51.70371824379079 0.6052988576791853 10.415169134593782 2.257499248483372 0.0001463355621658115 0.006781606362561146
344113738722951.3 86.40792196226798 167.30810344866833 0.3042783192309026 228.60461005180025 2.190063819444581 0.0007047196834464218 0.0022739722910612775
435835492574787.5 57.605082724089996 120.88621526800573 0.8383066807691538 567.5997399946566 1.7061519627889745 0.0001419933291746029 0.0032094675983522425
404681030051417.56 14.368080707020402 132.76419215889823 -0.10591667390470866 66.43904680221723 2.1278932382467337 0.0005712064267588954 0.0029980122588465124
899070610938189.5 23.973598867689272 618.8404199147891 0.9590790284892645 1252.9337255928936 2.7771615473453855 0.00021691152304910492 0.003941183357250143
1309353112088879.0 75.30803909227245 113.22003775357287 0.6409994940301322 11.062956587882516 2.1684504477507778 0.00014895717891860808 0.008303641338458753
458041919122236.94 57.498634871659135 375.95406407182514 -0.05067545856963915 11.739975962772963 2.273349552356756 0.0008783076680119429 0.00775778792576342
539060415536013.5 32.964494951582324 234.58303353275411 0.5024599601386407 671.1088653487157 1.8691687588380683 0.0004918082698019272 0.00030217557386806766
492439037483386.8 57.64204508734089 23.366325048548397 1.232535554128533 710.0821238139122 1.789909838475308 0.00014172182608934331 0.009857105683076427
1239345806754781.2 46.14003144052347 127.02780751154468 0.0036950774522683805 14.36294417243265 2.365722148818591 0.0008743419128541091 0.006103139277381801
9.270480770791884e+19 16.851643664236096 469.6192025756534 1.481565338886482 32.8766352437076 2.4502428931486326 0.00010675405784603731 0.009627973595608942
226879710931790.97 84.45615450143747 14.794915039697733 1.7727812491931783 26.8092861950863 2.334879526233401 0.0007133005941682036 0.0073897542889103385
123498286950619.25 76.95521590864917 17.343140797953794 -0.158742094631519 15.91425977464179 2.138110405116125 0.00022035987894740688 0.00029319906693415446
673026227501765.1 26.548935506839534 14.390110120016537 0.8579431033400019 382.3259185643039 2.481585542670122 0.0003149339111424278 0.0035500729147846617
2.740415524338571e+17 17.77902820220323 197.6367786623263 1.9561905051919237 35.65030171665599 2.073805954176658 0.0008326088929892013 0.0014914655586333236
547863411331635.4 82.89193678334557 68.92933838781016 0.3252815088505746 501.9257538773275 2.009948645589853 0.00034031956683150074 0.0023171494225232205
138918327598460.5 18.857078549659015 1210.0212005549931 -0.32841531557870396 13.219005236584158 2.1089799344515034 0.00013054253583178388 0.00939832825847084
957368625651199.5 76.33312835187905 965.7173033336427 1.0543809643758455 816.6842242073812 2.5170373122525564 0.0007980166579891225 0.0020569557993952155
535275115091302.9 43.216130500339844 291.84432541937514 1.0662706910129143 586.8594729047508 2.1332460174824304 0.00023028408379536041 0.0025652815720650607
733439654162059.5 12.060868404216748 82.68377875682505 1.3520446840962856 812.2396378080211 2.28217091931681 0.00014559879267376578 0.0035512466236937478
379614290996952.25 40.170313160464616 484.7197819745302 0.30199163752426517 91.0722013878034 2.192094054104736 0.0004403101365928731 0.002807771012937094
467798821135212.25 59.39308445134786 20.731405325483678 0.7228845873346579 34.25448045916722 2.4221565632621322 0.0005573904409917363 0.0014559701240755684
1893281978186508.5 51.10272458383501 69.32105574928906 1.9216794384243379 29.948784795700426 2.28191288964589 0.0005730963194935639 0.0009340694324137676
4162125118277057.0 81.69433638552353 56.78489420843133 1.7487613661657524 13.825106425724217 2.230017583197603 0.00011349543396337202 0.006707428426755479
3373772896994060.0 92.76352421243269 361.7309097651271 1.4471311422366278 50.059365087987686 2.251997761061782 0.0007788167339030062 0.0031709893019068805
766281949311544.6 66.10314988963847 41.34704374748491 0.5343204507098529 18.628009235670742 2.366630428959179 0.0001967505374089796 0.007940073606477882
491976182980287.0 78.7387520044955 600.9690561532973 1.235850356205893 543.9602381225797 2.0428807264574242 0.00018532614958506022 0.00426962010338745
477155085067916.7 97.00447078134883 22.73178546665986 1.6930636769045324 233.94567322557148 2.393968116011694 0.0006359186146646994 0.0004798439198099931
1740501593522800.0 60.73425412569268 270.6250583888348 0.7158322712368393 20.40105780450218 2.1509845561400533 0.00015670463391184418 0.00848229293991781
430147596494194.6 57.78900776311856 26.173467793487365 1.326314824810547 173.03523222826516 2.3808863971061096 0.00023579630135199105 0.001230680135112197
379542335076574.5 50.0239141917991 77.46922465148576 -0.10973407272493008 183.5020229335277 2.1957076617152396 0.0003518614295685718 0.0026919748550749134
143694968970781.53 24.744891823289024 74.28924706405121 0.7083160018200895 65.01958433378998 1.9821052958263015 0.00025853288783314263 0.004118796658566241
594511996108927.8 26.504338448429273 45.92323727204734 1.7713082092149506 715.4118966375371 2.134876731704726 0.0003246772857956835 0.009425410951035783
151958469041427.38 81.69930869719754 37.09265948583352 0.3465009817596809 18.60131287755834 2.176875858716788 0.0006753294700099635 0.005069066833066007
659490637724092.8 11.259515342322906 88.0892921924761 1.3755265290945733 814.2656485741444 2.2527597301201867 0.0001409676665551383 0.003342754428189708
421208464105690.9 10.00139755403817 320.017435903379 -0.3242408412083381 58.59165918995986 2.0961871286752953 0.0006318597144102737 0.0026963910299717775
750250464416931.9 13.695502787182186 249.66197767458735 0.09134149844885875 1220.345271190597 2.2157526251965054 0.0006438480791532577 0.008691521421214524
3110690010513464.5 38.575622663876395 61.93245191367691 1.889098396926618 24.781389986965692 2.2142363101067812 0.00024595053445519954 0.008012926943754942
509748169787055.7 13.64014699948762 1440.539489825521 -0.24735956587439656 100.8118241813891 2.4488819893584246 0.0006694027847830443 0.0010436394939436783
258252133968059.28 59.229158070604164 11.784822943300929 0.47101258796368783 60.84407298066606 2.265914615793363 0.00012744673829401918 0.006253597095144076
621411237706211.8 32.06049813043609 240.10161124587708 -0.2056463759704079 417.21607015871444 2.297829455455514 0.0001496241193000445 0.0012376102934744766
8660488753091695.0 89.91953136172853 251.74259146189607 0.8614775997066465 13.025130863194853 2.2391513107301133 0.000386820614773134 0.0024723857649586226
477796490853737.9 29.96465815352607 16.003793398872173 1.7411191773055175 399.28502637681595 2.212231757861885 0.00019285535094288586 0.002544511123841862
572778704425517.6 41.51757474017538 12.344153773871996 -0.3071427530324351 239.16350554601888 2.4146921123801945 0.000200787203495124 0.0016502337586539054
466524759667531.44 74.73849675836796 260.5756121949701 -0.17710317548982196 282.2498864014129 2.176171995159335 0.00019629319884496957 0.002103230028613747
6.346130690341056e+17 2.5402832816600602 21.973144280453507 1.9382006202396165 40.68667720663673 2.320670926459974 0.0008005020244024184 0.00759567116306882
292673021302308.8 92.52936109849992 140.60321121683086 1.0862180804525323 281.7271286313548 1.975394993396194 0.0005306558851974926 6.233357651316785e-05
3635585289316866.0 23.919225441592744 1577.629823838196 0.9501061996450337 292.80791113483406 2.725438627780716 0.0009662162993332113 0.006991650807350293
389969268276347.6 39.62512301358561 13.817235830663545 0.653611716026235 146.1475202131277 2.3324119928310645 0.0004710341517140865 0.00415571036472493
586128746748869.1 97.42461588237192 54.70293905073374 1.5668057593738398 252.38305441477877 2.4168945767211447 0.0005359515007871051 0.001524129274294753
219854773223084.88 91.77509783095054 27.229123724160647 1.421291105369782 16.639113160472068 2.2134094056019156 0.0009031522323561721 0.007768208142456837
382611268142496.5 88.6722160998649 549.7842836472879 0.5908819807268771 79.2717278495506 2.0929784536965514 0.00012463192295542193 0.008399222458912278
244134684201166.1 85.99822198236785 128.187219097201 0.45705295910378624 99.89903693645118 2.239671610894152 0.0002923923070342992 0.006220521130462758
4272162827771013.5 9.60375715674589 10.139842010403967 -0.016180283757033287 35.75784647052153 2.182305903356394 0.00037266380933535494 0.005391879295855689
1.0132691784924386e+16 9.16270196408373 80.61399863554715 0.11151476213183065 46.25921877184806 2.342679136848535 0.00033516146819018573 0.004688459826769845
398371973675372.75 99.20948706733682 42.50337506975409 1.922407459249137 179.33219913694074 2.204484755786943 0.00034563940485543527 0.002800486595913779
9.994835274945327e+17 36.61705327670309 96.24117860221476 1.1283662345250767 10.50273172598982 2.3397012186720945 0.0002282707209768064 0.001478749663720992
313305811319758.06 86.17435296039625 799.4830415476788 0.027279258746985446 272.4270220762724 1.9268503664692544 0.0001228339495966601 0.006467303487608022
329585973117211.3 88.86825706642466 465.03905247331824 0.4783288430617458 29.020831319995654 2.0602170746646764 0.0003253482984894953 0.00986633459302557
564009401141378.2 83.44135903019469 325.87311340417796 0.7397461116576451 458.25358896715187 2.3048628538453686 0.0009555793539784518 0.0012082539670251037
1138342033652232.5 4.483069120536804 2336.868763680354 0.012795011004214096 2440.556472328165 2.7957952368984467 0.0003715126990060948 0.009608293999533491
897228307071258.2 4.505023421993869 27.66558436058512 0.8528524178191536 2263.7131194154404 2.1991742848956957 0.0007824004746537553 0.006123052086646591
816137837806448.1 10.859017282625672 456.8575617311837 0.1091229034226906 4959.991920599838 2.2267919482739393 0.0008925080075134295 0.0097622412101847
650620232864724.8 49.9415091183158 807.0428863762969 0.6616495767156996 1182.8241646659774 1.7125415929253593 0.00011072391350883047 0.008783132986072424
259510545063675.88 82.95748073874813 89.69127568080344 1.8523777426254036 201.12833049383585 2.075698828731727 0.00012803573101285133 0.00966411419341815
130034271901812.4 9.055526702891612 1542.9926887425602 -0.45701511373609227 18.392587640525495 2.0358316480441037 0.00013624612006682172 0.009980770887858132
320223269351497.9 92.79409386445539 582.9293122268355 0.4805188751171002 48.33408676467441 2.0548869579823643 0.0003105520783208342 0.009483650072343799
847911182618179.4 21.421185846313644 102.6632010054989 1.1355784580654482 363.658229796919 2.669736738256619 0.00015532542324740047 0.004686256408005348
1770036087869131.5 5.656874636365075 101.83881563002456 1.6043786891836023 363.84707572240836 2.828370680552311 0.0001148489776719555 0.005588146505907798
1279924246033290.0 20.172458076758446 2693.9741957405463 0.21432090530066467 89.20880923045226 2.3268304599584897 0.0005990389073881524 0.001246223886001101
854041592825436.6 4.760143321445419 213.581139767121 -0.022159121954354592 3575.2691716209233 1.6516197010229878 0.00010935122589617753 0.0045320735302867106
2823300165045971.5 22.231225311562973 103.02261667270618 0.027560243442716903 21.215453593605336 2.2956381011765954 0.0002247533546089684 0.007989318520761783
1632999232112753.2 64.57858468289199 2287.438999427875 1.313561518435998 4750.531873969926 1.4286991137608536 0.000935753849066521 0.0032659664455944046
2230927560224738.5 52.10048357133332 781.2912683178363 0.0021924252280647316 13.431342588430653 2.441339694917227 0.0007036304307235345 0.005754174760769254
1581875148130231.5 0.8199632654410465 128.42626880694857 1.0321048836056304 1484.3936068334895 2.9511628217344654 0.0008388734530781789 0.00573270063225416
552658459167582.8 80.59802656435124 416.2869635229311 1.1157626999853172 379.626938963271 2.4656105809699116 0.0002747183645323309 0.00034268073106490885
771929061987405.8 8.439035199567357 11.795570098909769 1.4937944436366888 657.2270630458471 2.4526529070841514 0.0001638530166991878 0.006558571391486388
205029707486354.38 64.90230951674383 10.679488610648042 0.2830781799351045 48.91167057364912 2.189691502095502 0.00022319947987980973 0.000367113927686288
352089437536418.6 80.61187671748976 686.6707930519981 0.4228765321905297 166.87198819014932 2.088886839151363 0.0003146830610748701 0.0004825213775963774
454307827964207.56 41.34304412662876 19.40422514000585 -0.45299305304648385 13.944872114522543 2.1835696826306017 0.0003739169671204485 0.0015219226659152945
469957417726188.5 36.386530862871965 32.344036505041366 1.1934577839691307 558.8560866141468 1.9743416232440723 0.0004884529409903934 0.009763623419290305
465364357529360.8 25.64612205106667 56.015594285037096 -0.48024836950474303 106.37429697609666 2.3668442618845087 0.00020458359351204915 0.00800972881785444
741468891717738.5 30.29765835573373 190.2200732943315 0.4355290160980224 17.097568155275845 1.9809706675966325 0.0002647381985149841 0.0036611555265411103
6.23102205158964e+19 17.735782848140182 426.912204731397 1.5909724252784552 31.645473577579732 2.348177966976544 0.00010144634491260061 0.009314896193025824
744605347484339.9 7.422099335283896 767.9270717123483 -0.42160290277100454 613.2643743214286 2.182021299973384 0.000412248563771493 0.007123837932590286
576005925372004.6 30.231201083485587 212.58029501881802 0.14707532092027376 854.2567760139056 2.0097452594012672 0.00015059522599527529 0.0012312605478296502
263558996608294.22 84.68804227997242 13.327327569523444 1.660125670052702 71.46184415116942 2.2186430258777747 0.0008528087105531119 0.001264205641842004
216824447750505.72 47.02814149759427 10.321582577260164 1.1324792995593738 21.573111627010864 2.1633175345982303 0.00020897226513686174 0.005387638794899644
7.310832876227683e+17 2.082696071089325 13.362040484735598 1.8464446648932802 52.59077019363371 2.3224273640097004 0.0008047194250540715 0.006724290055353218
453127235325962.7 28.810791311697535 50.455063969855466 1.0260927640890904 401.57177969692043 2.1211429601923824 0.000204530865704634 0.0032720380258328867
450024933802328.6 65.07097704637911 78.45980153493363 1.0956708784488625 353.12405449855936 2.1048093768216045 0.00038499338863885876 0.007608987459918905
412723427847236.8 81.20587267208643 13.310735951887994 1.3744727409154434 108.0968044494355 2.3785098802935805 0.0005061293486189868 0.0026067849291807844
4362422512820017.0 21.200170073009346 29.873713322000775 0.2020851840779101 29.634120104519692 2.455814484348356 0.00044105349655838594 0.007101243266607496
301452323617176.1 69.71993730383406 297.0786464524822 -0.29759534508539964 62.903290699316365 2.3022791802250473 0.00019545563922522988 0.006470875184857389
438538976605227.4 48.40839250041782 11.370176818419528 1.2553696851015688 285.2313956745605 2.1255093291581364 0.00018892973171736723 0.005896519972002999
384692796315309.06 89.52813168968277 75.65092120318556 0.8909195322703038 334.1040659941457 1.99778413291622 0.0006932165862077985 9.742184956039305e-05
250086922796671.3 67.6452105689608 10.06257627392592 0.5524565956601429 102.57489719452931 2.1590419964069225 0.0009946782696531556 0.006805239662368909
835567581351657.4 87.51968784418142 211.66474191096265 0.896350812149781 44.98350998918606 2.3197707727860184 0.0005326693327230669 0.0029000533037326645
377682247205375.44 27.259331738476803 86.81337349930365 1.1575274550358807 237.85405574363577 2.207706245780864 0.0001257834600540411 0.004695965501728313
425417732494065.3 86.70779548388711 79.03016168347911 1.2336521450799516 26.989643892130918 2.2194693504622167 0.0007807057162789777 0.0020675796692008292
6638517810075044.0 3.754034736957287 1674.205000159231 0.7210332993427628 452.59701166749375 2.7767105981561393 0.0005304512431829845 0.0071857157388178884
186409947432226.84 94.22950458920813 28.675733898241557 -0.06507351201034467 21.357969380142602 2.2428665478891276 0.0007101191742096208 0.007796404159005711
983217219030603.8 64.22006993759408 35.832535763663735 0.6138298542210106 10.826729897276987 2.2683101643974592 0.0001871298564697508 0.007632516027447797
635240812828590.5 80.48400074245973 487.7082517444999 1.793980520270384 570.2315212536996 2.48905927876617 0.00014907681509972615 0.007208502225808439
1092751047016074.6 60.34104700014446 1714.4298376765657 0.5718342061425529 216.15963047924396 2.313997597128255 0.0007019869270930729 0.009403130773907623
2876335089637345.0 48.48662302000983 57.25530292001342 1.646645754312835 26.47811642750608 2.445568947695322 0.0001059055705020514 0.009028804551370995
1221688375071887.5 88.90845243530153 1038.2358382016337 1.4056466728861554 2731.9935858177505 2.9089437867674253 0.00011171822890729883 0.008298695069094565
2875293114384167.0 60.071483016645026 119.83632235564046 1.6568193650746617 32.02180178360056 2.28545587862502 0.0001538731922123386 0.009246126247207397
168977195165246.2 97.63022260807105 28.38013757157772 0.00530677506418431 83.6275939057103 2.047584941763071 0.00046015267823397167 0.0011347672745695538
431108542135661.25 35.31794721640455 12.047290748075595 1.4800226906164413 492.26520926556856 1.9842016209033653 0.000674037326521914 0.009827930286465076
1030368264404855.1 80.20157128602965 943.6036520775496 1.5384752648500029 464.21181352698983 2.3676473942812932 0.00017399137028068954 0.0067051127649224804
973835967322068.6 0.36936978403220166 2636.9146087187823 -0.29427447744116053 1666.6989827141836 2.8010735008403977 0.00046814969149205297 0.009913045180071137
311060857185225.56 90.41104791001045 16.176220875754794 0.7059226264193341 57.85391145407345 2.334109549850816 0.0007349349606353577 0.009710175174989854
157131736905780.8 82.01129935757314 22.72947956620552 1.3935599188598546 43.35248115972138 2.1873083506181286 0.0008512244489554504 0.008976870346529893
464850983712584.8 62.720544787497175 59.081702626038535 1.2142398739790496 652.2641754792612 1.7846420102677247 0.00020846483532381213 0.007544410886941279
2111873087644377.0 98.10663350338302 458.879250226378 0.4362756133441623 10.196298273652946 2.2338394195806446 0.0006128218614327665 0.004698977829212704
282600202819444.4 37.50668778729829 39.70672566788198 1.4480964934130376 43.38309512882597 2.213732938004714 0.0002377578455588481 0.008065400070704026
5845360808877418.0 60.90884490143623 2609.7392960088027 1.1227981479984543 204.18293256693235 2.3700525750559542 0.0001592446937385487 6.440312317245291e-05
2929531461507491.0 9.529812380810228 86.50203540000568 -0.47528611098284157 79.42235134594752 2.3815488373191234 0.0006569101050363267 0.005503674522272053
448756032453306.5 94.9279275474236 54.841403275595425 -0.12345150748828737 432.086329717872 1.9810709383078686 0.00039137035321712963 0.0020817467844131887
653527684154364.8 18.874480333365753 11.064155774440248 1.7157127927261189 794.9174591314373 2.003988623324902 0.00036921487839523305 0.0048644809128079725
560748354900268.6 60.61658666842813 334.82167922222 1.3124516032281077 601.3162889365402 2.087299170282636 0.00039888937195368593 0.009147901136222698
1.2572572115263606e+18 23.8213181543256 1188.912360963138 0.5191124391412049 15.313700299454403 2.2908819374809113 0.0001245254745604476 0.006685330052617029
623996243351033.6 44.93309178960293 248.23989816835268 0.1818570837942306 1079.9702349179174 1.7536611361452417 0.00018146927845967559 0.0003551844195495823
1162176399568947.0 88.81824281776464 1527.2354343724774 1.230221164661923 4081.0815424756297 1.812560426351173 0.00017008552583880733 0.009948101209548954
541230283624780.44 38.703758793561946 14.250085545162833 -0.37315524824978735 281.9922787043323 2.2882168630083606 0.00016203748511954842 0.003136728282081307
1705943362585014.2 39.37919232403928 70.97499236959473 1.8324917588204954 30.496080029828516 2.249148067290612 0.00020570946499210487 0.008582117723518554
387638011334916.1 45.623986667178386 12.890949495221617 0.8961982534071102 157.08248374811143 2.295625866996937 0.0005147282818667094 0.003522649164823183
2732321157517055.5 97.98376798757012 147.57576725616434 1.5674218643370061 25.19082645497169 2.214676848264596 0.00041202858404670314 0.004209048406071017
2553743796000342.5 66.46269270703279 328.83728974188256 0.6538626162344866 14.7472909908706 2.1186780931555904 0.00016575516582197135 0.009568895266956024
346382456015420.8 8.066654572833741 244.01221539742087 -0.4833438879279336 22.70181043061163 1.9630426648667556 0.0006125227579307211 0.0012764898925863664
3445200309903466.5 64.57743481162922 198.25107031658888 0.9885091770471306 17.580068188322116 2.100723754230551 0.00013272687870535498 0.009701567534007121
226115208031128.97 17.30212117262318 843.7973798762603 -0.4269189490829095 12.96469163189598 2.2053771055802356 0.00021602810339965535 0.00770178924411477
3696548678979757.0 60.80404396063725 145.11582856486385 1.0917427635632055 16.024100556866 2.0832870847784717 0.00015129564926683902 0.009683314881275558
8.225582405545832e+19 0.19920794731206626 39.016146335705095 -0.3639318278961372 43.77141665839378 2.3320050105285923 0.00033456561151275346 0.007630740951183959
368805300130826.5 77.2082081476627 605.8821948019838 0.5601846405866372 132.89229524390058 2.0920503818970975 0.0002388418127505901 0.0005001190315731649
476528355076964.25 96.37572939832397 15.654101298815647 0.9117902287108617 323.7479557295732 2.2236575116488235 0.000763283887430529 0.0051297326646460185
1219195072081200.2 70.23323895368722 32.88674726481102 0.5951882099123329 10.236609344416939 2.2878577064156675 0.0001561541194018087 0.007104088491351282
637743860059917.8 47.707708375567826 363.45824917854713 0.8600924359965518 871.0776703612808 1.9708236627949118 0.0001966668680617244 0.0038757413402281233
7.452625889185219e+19 0.5300505355667582 33.59830496804578 -0.3630067646426476 42.808756578207706 2.4206769280723615 0.00035792302898312705 0.007457385628680854
1163111256694356.5 52.94471511486979 40.9230606604124 1.9750470797588568 23.693742663702267 2.2871561707257144 0.0006231165715701136 0.0006877913124610545
433097816718941.44 23.866060318443154 160.19159922866248 1.3671176702624304 303.85028865215435 2.214615024537169 0.00024319128524875552 0.00018168993624850718
682064995203932.6 38.258203675474356 19.750720377403617 -0.029592400552765324 381.3328123161257 2.5095380398187106 0.00013105048564239822 0.005383945718704808
264978514913771.2 41.461128224529304 10.599594048708623 0.47936776713883217 103.25742482844603 2.1669073494848288 0.00011006212957193118 0.007298564865478172
2422106340091480.5 60.10602851673991 112.79751052209365 1.6986747426768944 32.13656502709179 2.281196508774998 0.00015042420773745988 0.009429767727170947
3378368956516722.5 2.0318548635342437 19.602286076277544 0.04432309599026588 428.4734342494604 2.7403457930950554 0.0008784031380121242 0.002112333324931487
640488977138436.8 14.302262395274887 17.38190966346355 1.8255339011526461 417.43240228383826 2.440708617886596 0.0001690027100733403 0.006915812892474121
1418481311709528.2 19.388085332341618 824.0781670346148 -0.055485508285616714 26.978157270770463 2.2706177393022706 0.0003957429379074819 0.0068931526549337275
759620519048460.1 10.954678000175619 27.088682462939556 0.8736364174009278 824.0756243726692 2.2810794961615852 0.0009543653609847317 0.007627465603214096
2928275180838406.0 84.27237597987437 2858.284215436252 1.0811746441211403 395.44365846989933 2.32203987978903 0.00014983055422399216 0.0009895002567860568
386166522146705.0 65.39049669270622 271.9357761976297 0.6250835060698402 291.5029712205359 2.2450229526775036 0.00031748430076411943 0.006499696868198113
828343991176629.5 6.489180126949293 88.6331866169742 0.18447903283171274 2712.243489186509 2.2044449782257765 0.0007721164353078813 0.0051030419711153244
1543684219069507.2 29.903080449959134 10.63250246020385 0.032886564487332404 18.056407538183805 2.2873008465644884 0.0005353582042592718 0.008283020848770528
1215498209095162.2 85.78477248523748 1488.1243335283386 1.1393006510241235 2704.2304536108063 2.384959129519108 0.0001208347544087247 0.005378376375240529
563108145321117.0 14.550657763525606 29.750296439031665 1.4666519442926527 469.62141396089123 2.2340554714517094 0.00013466664845859663 0.0008521534553947454
694172640317202.5 15.633325439759268 478.18258863563665 0.22779944884057834 830.0848669519172 2.2739060442303796 0.00029402457807818584 0.004803399812596079
325611908613502.44 20.61816593989594 148.28131241108616 -0.13510920737725182 58.23804831458868 2.140346052642892 0.0006344555427858641 0.0028383632773073346
1.8413462679280056e+16 5.286173563369152 102.6725203866104 0.5481656813270086 74.62899880911692 2.354857861646469 0.00030216784296050223 0.004489015237360168
3864768853234535.5 34.182474728622054 356.32193379171434 0.8533786258192758 52.049928123896215 2.302967018482923 0.00015053450602123435 0.0017905676117606333
871810276787217.6 42.26158949798163 545.1486210413113 0.3622721940366817 57.389238183996355 2.2939493756808926 0.0003829751460162936 0.00342265162655882
8.98722310574046e+17 19.634904390235626 1384.8487891880886 0.40444635566816683 15.267452252381217 2.286406431789959 0.00011129853434585393 0.007302708976180915
426491115369431.94 27.8922314248481 110.76200409971588 -0.2181776672876582 156.59507997995425 2.3297581901351485 0.00017372344463265638 0.006220425460538171
5.781004207005258e+17 31.02442941151665 112.55058650261894 1.155312741212663 15.226468191753574 2.381726233796762 0.00022788679965364883 0.0021453838441605052
263139433880541.1 83.51437319026475 59.32637376472193 0.4019667714946069 16.956767484375334 2.2414711896673682 0.00020764929203025056 0.009926086462708117
5380666981925615.0 66.14838939935328 1438.0352503535928 1.5580522913537922 188.23430997416057 2.2236492220499446 0.00011647879400649786 0.001240405782177489
128834154495571.14 81.59887775923706 36.56633231130425 0.39373803827829246 18.683500582990618 2.159960941862109 0.0006737211973442473 0.0049802248049959095
127292155636723.38 48.53596904179807 79.58060159899418 0.05787898617638815 15.233120060508258 2.029795939733008 0.00012343701816397735 0.005902984475096625
2564960296632853.5 31.14518747797244 817.1159026737541 1.0260119983435243 189.22632147991592 2.633499138328153 0.0007067704727664289 0.0073528684264128775
405712172534105.3 9.94197029883118 362.7336651921719 -0.19455733102426942 53.195316233016676 2.046271421544782 0.0005720433793739163 0.002506594604764034
2927689088987962.0 93.60411536423456 135.10534063224264 1.853139127488281 30.581623550651905 2.2958203679257903 0.0007438265764569026 0.0030284256052677872
1.7021999438195106e+16 5.237432260542125 99.82207810040676 0.5146825739062937 75.9897468862382 2.363199959318459 0.00029357717990980683 0.004600105551029117
422719516477759.6 63.637986594003735 181.74478277597393 -0.017505308016528 120.74685849605567 2.363168044930758 0.00042595783210971124 0.004672374067970236
2.0753961041232694e+18 56.878917317577546 687.4500700075305 1.0528457336237347 16.36127142909916 2.3388589655555827 0.0004526710023706161 0.0025902305738896504
1.6812607790374768e+16 54.64417516895366 918.6408596350823 0.3700062538218426 10.054694061310967 2.233132426880578 0.0002516057138935464 0.006550969411019991
2093487524626968.0 2.988503322658584 10.916779297344418 -0.035890352455045016 340.88707407024714 2.5077007397031714 0.000909366311568534 0.0017131273836207281
710101111725105.8 19.068824209284273 66.79813557946655 0.16610664800869568 687.6718935608419 2.246092898933631 0.00024265557573714198 0.0004952531925536564
645816052829579.2 7.747161167055879 1583.2346255603775 -0.2890163453071253 658.4081392988595 2.1502988433581733 0.0004039640248814817 0.006730261116788229
1306792199779144.2 54.90718801974906 61.83682527784396 1.8798963587998734 25.27868232782371 2.218315676813309 0.0006721737557954365 0.0005546520227755663
373216249867029.75 54.39404596941973 23.58968915897558 0.5512026737346302 44.70634242578528 2.4161370555246817 0.0004772655069190864 0.0005176038323720144
905944679815734.6 44.73025463898611 350.1687546477514 0.6350957726999317 70.68227066462592 2.3507716047459217 0.00018458818115143477 0.0004366324869458857
144464184527345.62 88.57942064378695 67.30834233019335 0.06550059863129842 22.28162905887135 2.1875118404729794 0.00020832279026829746 0.0017488470422728074
661955598213749.0 64.68805477970878 805.1455462573301 0.9816965498754081 603.4215647621069 2.249020735556627 0.0001883808397022109 0.003992240552622761
540318273501262.56 53.70061491482171 40.6523590704109 1.0099567152947435 618.9595280382975 2.13334657182859 0.0001978821576325168 0.00028869979669420096
376190845018354.5 95.70917135130895 1087.2250986236086 0.14725523565327642 87.83241363516143 2.2617674540625 0.00022519066461649303 0.002029059521015902
226685215300991.28 57.39562178324137 21.097904539065926 -0.03432402188972694 15.089962193252841 2.176390739410436 0.000261125054845614 0.001538655130081599
1.0941004618394797e+17 17.187211256003508 240.5907451004544 1.7149054002852853 40.78779674992164 2.082486957875373 0.0008521632169870045 0.0010492318040526295
17497916638876.791 69.53430996236617 1789.8267158385147 -0.4170391796835671 10.861931107050175 2.233633241925823 0.00011742279467663156 0.009107400855053434
306710015576135.25 74.39212150209929 151.4221637904438 -0.2849554850004208 254.39614511877048 1.919926981888709 0.00016786730943228718 0.002787249800502861
3426741549169250.0 2.225463307398872 21.685211706233193 0.04229228140304109 401.52610919868545 2.724190294685817 0.0008569144840181942 0.0023539002164987208
624103236741546.0 89.46573048286562 589.7660658857503 1.2809089061199526 566.8697699376906 2.378813315771626 0.00021080308122923403 0.005850991871724524
4.360438426644851e+16 48.442984136997424 114.83927150439494 1.8554086557801164 18.551934257831228 2.1316323414084053 0.00011811093264567613 0.009804954759319725
332785530591166.1 85.54652224947691 159.8361314567415 -0.16431372966743663 171.8779456621603 2.1009157222039705 0.0002018296857422379 0.0011742693976608434
1.228360624276723e+16 71.11732200646202 297.1434305065432 1.1609035129040404 31.48819836182414 2.4022261825354168 0.00010212186550362558 0.006554233072653959
1368819239880101.2 63.72595761182663 1950.445778662187 1.1815094216773268 3781.8327705263746 1.4957166337152845 0.0009046340048022377 0.0032209201887146216
3841219959462630.0 60.337613873110435 148.1175635053713 1.0968818057254563 15.672813961716637 2.0876372258439173 0.00014961653288513496 0.009783167166261333
540399949925532.25 28.620548763322468 13.496993290560479 0.8335679448657458 482.45994084845347 2.1804317079413513 0.0007594051079692938 0.008762409119134283
2.5311278281200685e+17 71.35823191007924 2013.872505536842 0.7863894227356321 20.792182315037977 2.379951471466589 0.00013119150797790094 0.0025141054290728376
476573853776252.0 46.189598813872 89.79674821020447 0.4868272574605883 326.3661740386333 2.244086594661588 0.00010005704105519793 0.0033070846504986515
373404473278930.9 34.209967543065076 65.23978227361981 0.26868471211053246 17.767635026545165 2.0747142852072833 0.00011625426400243508 0.006383195793561252
1.0991552215148251e+18 48.844988148425934 2253.087850438724 1.3905378454539208 52.91903281123584 2.2148510533134016 0.00029862914060583206 0.005091474829391904
5.606594605256578e+16 48.28502186129789 743.8728854724754 0.9019465637146117 26.59099461496176 2.2730490481529286 0.0001285022903256006 0.005835638950233669
251530951672538.84 30.44793461468928 24.585250836530154 1.6744955167299689 23.209843129967066 2.0907893962507336 0.0002112466895297744 0.006289389509518958
502088260485117.6 37.73927356170385 16.175297565799777 1.240116991801263 392.66799408512315 2.1910597492459742 0.0003862014331392824 0.0022095011927497693
699367896078827.9 46.38859286260639 18.676404785071966 1.378600993673562 1856.1250483759302 1.5633135997108987 0.0001124842319020546 0.002950207410219405
7.978044585378894e+17 2.3809061710061243 13.767723002810294 1.856300718546418 35.73578570177929 2.237777353835376 0.0008787823399301824 0.007174980951563565
333261295358686.25 38.601390610581916 50.55333649656497 1.0379682163749249 155.59374768006006 2.149929154792289 0.00039285611461147214 0.00032780881779816053
512064307074644.5 58.585784496203416 144.07359585528764 0.9560639093455717 497.27376820438144 1.983866872321273 0.00017521821780141662 0.00968514377575164
687593336929442.0 67.39810774441132 35.704768924103554 0.655190311406532 14.4696002502854 2.3305614817045757 0.0004948995426083922 0.002579484945972702
251038715629654.88 58.318053323443266 461.915283501989 -0.10126212510996302 12.082860781064392 2.2459803351918524 0.0009830006414652023 0.00802839292643647
5.69884571599226e+19 0.6202923322015312 30.029537545553577 -0.3229639894836456 42.31085361140146 2.4318258420926258 0.00037821300436976515 0.007255714556167502
484488895589124.75 83.26561565253374 426.5443729878917 1.2256389809439938 394.17598682053034 2.2237695883683 0.00024249722256911924 0.00729058246135832
400307695014760.9 28.456409009298646 28.39702473684716 -0.0440283691557154 75.03431165693932 2.284568034818183 0.0004879066863514648 0.003945695830413484
5794001757205425.0 10.46343470064624 13.006875003308183 0.05304395362922398 28.493629421840723 2.171672839216827 0.0003411739258171685 0.005526570666223996
8897790070494938.0 9.149869917876785 93.12016437709522 0.20938870332053217 46.35881392812852 2.315274640464368 0.0004398685294118777 0.0059627947422814555
893825186766950.0 12.96134441042014 106.71894590088091 0.9209686746646608 3853.423650905421 2.7592220341216667 0.00018569352054387356 0.001409948772894189
914859521474147.6 95.95462424985949 1071.7403471682871 1.2108911013403199 1609.4659946597885 2.200141170027228 0.00012200531844562169 0.005286529899539852
2141299566036231.0 3.488331504727164 12.675686911026265 -0.07198202577301971 276.0467536400239 2.4304180629603875 0.0009449849847270736 0.001640256819657228
43454151966557.48 68.85459202071011 1578.1685876529143 -0.4331764202909402 33.5283593512179 2.1612154201057905 0.0006041024728179411 0.00637343034276209
1325921331669203.2 51.300431626838325 1737.6150059008635 1.0406734020467774 3982.7720206506197 1.7343348140064299 0.0009391667047821382 0.0014040928410346256
117628482826872.89 98.70030468125168 904.6745221843194 0.002283637893035817 23.630219323018977 2.1523774174598995 0.0003201744259245188 0.003951292239949163
247622791349075.66 91.751013489832 13.757117011117472 1.7206724934033837 95.97026963294668 2.1387981472915265 0.0007501871564878859 0.0024503292958240725
7.666183151609224e+19 0.2798188402418731 38.66752108995469 -0.3572882838153479 41.2316818713306 2.329927556970422 0.0003379410778156628 0.00765680884716151
390213759543416.5 39.90490299048404 437.02650879246056 0.2815848208962125 87.80068575403149 2.1958584830501584 0.0004454164372491411 0.0028447704304450597
529225124089171.75 59.028488016148906 47.15893773641321 0.4245972278197204 429.5293088627948 2.1668631432917773 0.000259132581004663 0.004477588602408757
489585436584471.5 32.92093874448166 305.90621450967257 1.0634894098490602 435.1192471643537 2.2929075480706094 0.00040045531442306156 0.0007076769713936365
1160371308901264.0 82.91866382886244 407.2008340783622 0.3204767300969163 10.895977458322136 2.2395881649104163 0.00047613238343964135 0.0022088919895442336
540399949925532.25 28.620548763322468 13.496993290560479 0.8335679448657458 482.45994084845347 2.1804317079413513 0.0007594051079692938 0.008762409119134283
682120370763808.0 16.558873040034694 232.58463525862487 1.3296729974124673 763.681187784525 2.2096610604781173 0.0001442417011311087 0.004952132069797186
400591846852892.56 91.88619053097601 262.40186090299846 0.6934678613496318 316.48325735726416 2.2515467348579135 0.0007118832870651968 0.0019497452921401369
1.777780641759986e+17 67.12745835312805 1657.253472589854 0.836941621738977 23.8444868257895 2.3730712299364036 0.0001418879520216047 0.002997155494354849
713262846829771.1 79.07316712772823 405.9132863060044 1.9117487212347588 650.2916594184362 2.5946101548455096 0.00010773999449126516 0.007654831022527508
2288702321251391.0 75.15551944486987 2434.2421736755296 1.0020022499836734 368.79964259343967 2.2964969200626446 0.00016788522545638828 0.0027335672994601304
564504648555630.1 53.32789357425616 20.498853539177365 1.7394119048892318 274.2075607650458 2.3812050193516168 0.00020610143846337348 0.002581593548990945
891081334178822.5 4.618577565186925 24.639644234445566 1.0151167070100229 1131.3945523308985 2.2461750930142546 0.0009091334912491982 0.008377298399850816
818331609767835.0 7.736664634405628 13.064485200532324 1.0388474293624845 1228.9210651000778 2.2398554192680433 0.0009516061246143624 0.006669756872949072
562994531665172.1 80.6130974920202 477.3101312138569 1.020416992215109 468.0883545264139 2.495175320047152 0.00026618473554372 3.052712787496477e-05
311024723304077.1 88.79629236506192 485.90490592091874 0.5038878237427681 34.29201378572297 2.036431778404926 0.0003181129804044395 0.009970238983016142
198729661756227.72 80.6670131859686 14.125187306595793 1.6797334337027046 28.67600329775022 2.2859117982684403 0.000809167149532775 0.006476025194833049
160363690357546.8 87.18472754655414 61.2726517368223 0.26752533821023616 19.13658288520593 2.186238121435613 0.0005974873796524269 0.005587502792343832
4920659800057892.0 9.717431666082451 10.849698454104043 0.03809123505560619 34.402649968443725 2.187911741649658 0.0003878819541432648 0.005310597545930743
437192410165162.0 81.673544414957 193.67669608020603 0.2113193204905182 183.83680351374417 2.424278741366752 0.0009602120391641381 0.00214828298155546
616745998526040.0 7.8135909404607276 475.12957834833827 0.04815581207493744 584.928523181777 2.187916286217632 0.0005602519026464176 0.0071167711796047235
6.8007631560199656e+16 47.409070176907214 897.4802124181389 0.8818565778160403 24.942130718148597 2.2438938398015367 0.0001282766123710507 0.0057975284650096815
1925253007298315.0 95.62685970459565 765.4241150050796 0.3698984150970531 14.352596292899705 2.302005609244775 0.0006339729440413812 0.004524828578556294
697896190944118.8 11.338022074637593 110.14789203825394 -0.03913093154848646 826.2487817560192 2.334040332092542 0.0007724243939941191 0.007256236456158343
174521321039261.3 95.08092755345523 27.612643227390773 -0.15605865732770763 22.116470137334442 2.230182061158712 0.0007726695274485277 0.0076657147307735065
151492806440884.97 85.19629114827299 117.09446985102907 0.8879410905517207 48.549783517298266 2.061839274571609 0.0001756445816861306 0.0072867697998782776
5882975964284809.0 11.015923889961151 15.76294276651262 -0.14049365041730655 28.286166410458236 2.2169756825076874 0.00038762456463215433 0.005562923765796677
944418756178494.8 79.59441262645845 1094.058973638202 1.0486278746103017 704.1593602359326 2.468286348684023 0.0008173151187004115 0.0023185473921346848
2321961769193571.5 61.68873422035147 224.67660837007327 0.6476428411306371 11.248063550935202 2.061272739957633 0.00013642703596409306 0.00916935179092674
877881664642366.1 6.950418522177488 54.48811760190526 -0.2692992670876884 2853.185231303291 2.2177130247748305 0.0006908501412487743 0.002636644212660296
321012123516025.06 17.01719457011913 840.4574868818727 -0.35418592413330785 17.464437325068698 2.1930682557434036 0.00028044059164809967 0.006878813624328986
1145564356061572.0 50.939776827739394 1552.5855500225139 1.0249017236722522 649.6622090860931 2.388526413161693 0.00011776420096023019 0.007101609090766058
583652351877430.2 72.92698493518084 412.01059541433443 1.6682118328114897 610.202413322726 2.2220844352321714 0.00015638722355995198 0.006758483462068249
6.605890735093891e+19 14.856952073287232 479.81851293511204 1.3937219203811575 33.402614168406565 2.47513712563072 0.00010394161456432124 0.009632291704324687
958925804855292.5 42.90914845841332 2863.648379906611 0.3380057997487788 1206.6198004334055 2.0233643754083563 0.00040056102810825185 0.0036136766473411426
257299840180482.88 47.66657774715998 55.19528746001108 -0.3383584125141825 140.95110942829893 2.022624372949624 0.0004850729798555954 0.0022761598865317983
6101688075033316.0 87.76286208578401 2064.418013405123 0.8728969233643105 68.38616238782545 2.3289172571798495 0.0005162479548437015 0.00930697281581323
4276015868387372.0 25.13507848327152 26.506417864583863 -0.2993846619976314 10.208530409185173 2.231840509560903 0.0004955704590751182 0.008717170494070687
918359381894558.4 11.116827278556627 449.0461553350831 0.12272629232393895 4903.533212713472 2.2223639059780673 0.0008753133913727241 0.009707062826397762
177034584207325.5 98.42633241022295 757.2885305672672 0.39937057122574393 33.860918368006416 1.9449228293549439 0.0002569338549277493 0.009888028440088788
150996580959054.9 84.97062333168168 30.80478134962582 0.6550179452759912 24.24114130300526 2.211887070950298 0.0007067222393302846 0.008663731296232116
203876952554789.38 83.27947200471459 38.86005223098874 0.002108419077277768 68.54057022326784 2.128209692227265 0.0005692154483510523 0.0007078641481722634
721055385903356.5 10.383904283588137 548.8313731015926 -0.015607701675761865 1001.1480118250178 2.129045827426154 0.0008096709647724074 0.00743739527839112
1.1320901448144722e+18 20.93426374351727 1219.4053312428398 0.43493074553573674 14.41182760009518 2.291509346252708 0.00012134447967582266 0.007448750712886376
435845714596623.7 29.31893132179323 25.901773485928175 1.9531259895749604 29.261025107622288 2.2346011793658564 0.00010217177779551134 0.009936543586517856
640807342797889.1 21.818272430791232 1887.9783447793966 -0.006514279749378484 68.99846636115628 2.3475384058174718 0.0009085612839991902 0.0018215635456745906
149190233035519.6 51.557780534612206 243.40966079820151 0.14727834429082998 16.970914289678454 2.0251364093053583 0.0006491908377797035 0.0040266404067601696
7.201683664712651e+19 0.1707323443978428 33.98062045271934 -0.3716495212692431 54.39185863327759 2.4067273140963885 0.000341618191182251 0.007209688307012111
2.322706189034105e+18 59.66728006375001 461.1644622713952 1.302996150696505 17.884160158977068 2.3546477513748014 0.00046435006245395914 0.002666484570963471
1003838481975256.1 81.25255987879665 1388.6271475562605 1.0711901604751262 2073.297351579846 2.616678781150047 0.00012175567239324685 0.0058915066942571035
495852312742792.06 56.1768257152226 169.60884543727772 1.0036092082396002 683.8756471246783 1.8298742627130928 0.000168726936038663 0.009665527180230126
444525379980068.8 59.08447915347571 345.85734020369443 0.3999247814675067 58.25076495735071 2.2141678972247147 0.0004851456806125672 0.004765716305025105
397047174275444.5 89.35845991894708 74.58699222452952 0.8926201543128446 333.4087421789401 1.9847521880173629 0.0006903558933643655 0.0001306142250482173
1080266735952049.6 49.92038480836029 1117.9847610835968 1.0768091417277197 3839.3822587249547 1.8024448961837742 0.000789428333130735 0.0009206312345355744
1077849049047362.9 44.92825050029389 635.5655507710765 0.6006068148402555 82.79065519102575 2.284235914260145 0.00026069296220297797 0.0018222772888823423
7.912593727160654e+19 0.13578692898826983 33.72565740710447 -0.37383929086894574 52.84641270594169 2.432777144295701 0.00033814776452462667 0.007269552416941627
2348143929553811.0 97.82016552613652 217.165059735751 1.4301735473228272 32.033638789900955 2.223823662839659 0.0004722040819281446 0.004523597603056669
646589014222064.5 4.348667146363283 807.7950024399863 -0.4817283936158758 629.0597038264641 2.1780682504378235 0.00039991237617787763 0.00742873167965913
907174531565124.5 8.280578794898563 295.32350199261737 0.09580263058854799 1898.8844701352932 2.5951501079270116 0.0007836840082986356 0.005414786637995262
628815585404273.6 81.79535979841293 48.859646317254175 -0.2182242489397188 742.5200099013522 2.0561370387613653 0.0005870224217196678 0.004885895760987091
89864781544571.31 90.49221946022331 1400.850431099771 -0.2944595359307508 41.057433547021574 2.259675684337201 0.00038107509643556394 0.009488773406962397
1.3648370517609914e+17 16.491654319508804 244.49143018476636 1.7850638311233524 42.27749544878737 2.085791226599577 0.0008672944987364097 0.0011795805311491693
987220066438375.2 5.138673052078765 180.32616135966254 0.28382533473647126 4529.4746201342705 2.6112011893226916 0.00014094674914709318 0.00022712798657317443
440824313683242.0 45.41837978370746 13.314542483036059 1.357802799524998 190.47154290027964 2.2039840479876 0.0009638171482196288 0.004300259712840845
265805680407809.34 17.980936027151667 49.77976882362549 1.0116783606227853 103.14646832867673 2.0736606501000843 0.0002590208466926899 0.005088537966674286
400114144187685.9 97.32728652297338 65.4728200321414 1.828020626978144 275.4121709103417 2.149426832665705 0.00047451428404579696 0.0007934098916250338
2596968551690344.5 69.91362072870912 52.43067939690424 1.8214722431731558 15.403353985783486 2.1689711118376516 0.00011164231627085116 0.009895172114133162
277736530600485.62 61.670222433961754 342.03173908862834 0.3848398133218207 47.249721058293574 2.089672325934818 0.0004627187566739797 0.004786882475815757
433669327862655.5 98.39945514477932 51.90991480410799 -0.29833276857558433 258.3581523779022 2.1977617885343026 0.0006600527710815614 0.0039031305874375156
467012210403150.94 99.82154691735492 29.54058619258247 -0.4380621291063882 508.46839329278924 1.9995865227469594 0.0007172321186474439 0.0048841746351140514
2224375850312563.5 8.370932626881306 13.10551705846809 -0.40473321172844734 69.54668157619801 2.240858037667802 0.0006231883547243313 0.003309459000370292
515601983062830.6 58.76149009716103 634.295156458673 0.3205838932942214 502.01559829030185 2.159270058726741 0.00012436647752620992 0.0018695985984235309
811151611171685.6 6.771378153715578 14.180038551347769 1.0649276478677447 1398.3703280358507 2.193242525663338 0.0008299614989067572 0.006597055106782396
251395335389729.34 56.73013261507513 67.04814835987237 -0.2051273466534444 100.64313650594114 2.1095248576751633 0.0002096050646019302 0.000817214179666591
512807381310385.1 41.1269855777499 242.37520336893033 0.9578484284038449 375.20761623814474 2.494227923911602 0.0001312362731113849 0.0047488806015898305
473254955749510.06 26.13578756185936 104.48326174231758 -0.2164305646699174 135.25448680095286 2.3085002986458125 0.00017113136261926527 0.0062189851593462755
3009888933490954.0 83.13362603891547 2621.929477717577 1.0875430640777826 340.4502060621077 2.2910075357170707 0.00015186775168451466 0.0014459240032155245
1.16355209040227e+16 57.59477732121148 699.7854190399595 0.6310261797906175 17.443639800398387 2.236297284064716 0.000354385204074221 0.00627135474101833
747943174565358.8 5.419775708565226 533.267890164165 -0.027366454427009468 1113.5265205469937 2.1665701595765494 0.000999190483334479 0.007782041626648672
569330382505973.9 40.94032206701273 21.38671966756228 1.7756938117527261 453.11729496324244 2.2501269854311214 0.0002148173538275581 0.003542713079231698
329339391416243.2 84.16137054218281 103.63302079144692 -0.45847900064868535 113.77394926756718 2.1448911081708824 0.0002581153156159868 0.0008659912951832598
1884389487910343.2 27.165219573885715 1033.6426188567311 1.0510727891592047 224.05798530399147 2.327608033569007 0.00012753982127965146 0.0015760242687265088
1217575808261680.5 78.88227410714731 2484.6109742409194 0.4342120891624084 27.400788138305607 2.1462584272744856 0.0004493263995983876 0.009266332096858853
398816524691079.8 76.41915171178663 770.2586780549977 0.43343378024351387 48.02700438599558 2.111598352714599 0.0006798239158266335 0.0073704513692956445
647429363340629.8 15.185535192070333 871.8405295952689 0.23889563394831 73.46359375047534 2.055501947972271 0.00023012038409108337 0.004471347485354842
942183107139620.4 92.53489031059246 839.8999977226715 1.4463938739191644 2000.080909541381 2.7742590175263375 0.0001228618165994803 0.007865513920676727
9.983104133484502e+16 75.1737538628631 1754.0706865326492 1.483681789070666 53.60242643228649 2.1000317359470335 0.0007339002765375345 0.006655102226851901
523971573717105.1 44.83537163959043 233.93644755675132 1.3750486972736669 379.3491051936263 2.3367803625616435 0.0002014632854222515 0.005920527022143967
469306416519231.5 53.33017619090372 15.381437428690306 0.9498239816264802 112.63510790919167 2.3873484828904328 0.0007805042050744823 0.004856139576995681
189492802284581.84 97.94621564917632 706.2260419662402 0.3708484859709831 32.40100944368753 1.9730930049603004 0.0002879842984971015 0.009913186082678868
4506296953209960.0 73.39827305564184 375.88334256685755 0.850403407482008 33.82171629917961 2.4427221356509263 0.00011969109170559248 0.006131882946157463
89976670023110.89 76.89348423226117 1501.2695868698313 -0.3282068253851792 49.71469773593895 2.1892755475372416 0.0001942212199357846 0.009832817559170853
962729967044137.9 2.3469651247879653 19.16448782313236 0.2596405868976184 1260.7886871709218 2.259805583005736 0.0007911933976762782 0.00230678268246486
363516282975062.06 51.15575618347898 113.90456478387445 0.2218659043233443 219.3393016357238 2.1500876943837324 0.0001593316547002257 0.004411883446776685
4.0413170950992e+17 77.8457086725303 2905.8639790833017 1.6115574392502316 72.43811254536175 2.1357041130523466 0.0009079644606224119 0.008013594943524018
190692695252670.03 98.78920474056765 26.764565113089596 0.2892045774770101 10.644451352143932 2.208363501102071 0.00014461246606343743 0.009926927502010706
714215071403591.9 14.302272657253567 798.2925005912654 -0.05611366944267848 111.13112912668247 2.355091187307395 0.00063260393129559 0.0012014130145350192
384364151417276.06 26.540017643809065 49.567428077548534 0.2296928603676176 23.59366484316669 2.0834768574238836 0.00012058261108465185 0.006769424226838998
151840658452964.75 92.20317747125743 51.2677620635695 0.4622274240256661 44.87548670635859 2.1907823889649714 0.0002608686561947266 0.005767435895428188
61767066524977.86 71.48961040847911 1255.7278259642542 -0.35204806277916784 27.668089505496148 2.2013472469355966 0.000622016429810034 0.006402763584692427
365421331358665.06 90.82449258492169 27.585062120045837 1.7753943209942307 338.74685077386044 1.99255044115377 0.0002644680950246939 0.004842801247908738
242597392117182.0 87.10318474781744 19.525562418045908 1.8559329310961465 12.857503456884164 2.1679068028238317 0.00012679509649942073 0.008539750312268807
