89735396000542.92 20.986917085122286 127.09771429815038 0.13121059278788944 469.31063781702335 1.2487691224200783 0.00022421334919890305 0.0005171498713081196
145353104324655.38 57.62773566596658 460.7173073745142 1.7483716323988312 255.56510940976568 1.7831772401620272 0.0002121887553486823 0.0013384150638355609
50387651124498.06 91.61638958430703 808.2223543916218 -0.1955006895399004 108.65623974079772 1.736595634769348 0.00028525544336848016 0.002173474053172803
42211487643093.52 12.668411618216048 152.09225153466775 -0.45068818629701557 197.61100674057457 1.3461989975000885 0.00027831913646184873 0.0006107990354203251
1.1998134214544584e+18 87.38181760433694 1911.392381988502 1.8587094118145022 41.05697866217771 2.034863134287732 0.00018073589535599812 0.009939485101927829
30186330369491.88 80.20834754057108 102.82138858909606 0.555984890198025 53.74130466791536 1.8304615552247712 0.0001668431632197556 0.0005016251288425706
577069237335701.1 51.78542197266512 78.85698205794225 1.99764528460045 18.876659738137544 1.9262553322989386 0.0001767619496838384 0.008739164587925148
206225155090437.9 38.90734950862151 972.7691153241251 0.7631014260973379 300.27536022226064 1.799183301857279 0.000917519937341205 0.0036858797594418336
41120631582498.234 28.037931276410532 23.300343900606034 0.3999715152340374 82.9405716925049 1.7562803490472536 0.0004466304101918866 0.007589307244411899
12630920444193.59 13.116939456402898 111.22795155802245 -0.4814407318273407 40.96029701193738 1.5674248631822532 0.00028122834054420114 0.005139025965281256
85374560166413.03 74.51967063631668 118.91196926207498 -0.1417476427806409 117.88654669301317 1.8866550214882265 0.0008837335446616292 0.0051501865628058195
103837806276092.16 85.16472024465517 268.4999797935242 1.9210897235257498 108.24822559512393 1.7607632199819359 0.00045355240702522025 0.009516424431132825
126201177063515.39 36.964580633262685 257.67729999419635 1.322725817230603 340.1284640872137 1.837936656980214 0.00011488386850418216 0.00017201099119288867
829946061825652.0 82.99748910078914 2821.5731304652318 1.0863937136379436 1875.6171355824122 2.1254160539888303 0.0001498403386500697 0.009150138157753026
56563756358016.12 78.69996729982049 976.0714909199643 0.1874109354477982 73.03890309599993 1.8136548215477615 0.00011617499492790416 0.007449371153327611
39947022076277.51 6.726342787557883 12.01056932366939 0.4192402837918283 26.486416370096546 1.6222444532997042 0.000269735495533976 0.0018182454549095222
168412649629632.66 5.3535034860066375 168.11102027718056 0.1641094904442359 116.07291490672972 1.8672686151926612 0.0009544581916191616 0.0002717990376264472
1.4645084487612864e+18 0.48720974123648 52.2247794261983 0.28437727818515846 31.821599359849095 2.043818865820805 0.0001426360432966457 0.000458849105574155
37904799521658.6 20.7010485320639 19.020260039112053 0.8515992289884666 172.6680782599664 1.4600226544372432 0.0003264435480628902 0.009421017818068918
817616836665037.1 30.30890432120127 1547.9072695993061 1.2203296575622442 198.44159012900255 1.7680308636580913 0.0005081493467311926 0.006043340482103362
1.8359209358684895e+18 93.46487489328038 2926.5266988014546 1.99939694845241 58.99323532989175 2.0104317932411537 0.0007614717730456708 0.007714098027645347
41499061858057.63 89.66724420183117 13.60790056051034 1.2421212123555863 76.26441482768423 1.7818099204875517 0.0005105185596036634 0.0038703641057316225
26473389365225.727 96.26096701878654 11.176298700079398 -0.3439923888581946 14.001861638629489 1.9891941684691743 0.0002308215270103968 0.0034390737844766164
1.2274033009580828e+18 92.17621578983916 2779.6959291263456 1.953867656927474 52.34110750718886 1.925476157010682 0.0007123522056312421 0.007912659007541869
77997521867490.97 78.05441278495344 13.82832980560288 0.9553844296758613 219.0618544471653 1.5655831797160373 0.0008023643497053504 0.0063838455152562595
83144752550353.1 70.79936342525548 130.42657742893692 -0.29145241057313087 147.42199870125435 1.75567921191783 0.00012308777934157502 0.008901103666157532
92860002030425.9 93.12092647869878 16.016941480562846 1.5234310007445007 120.14203266056944 1.9423905894506726 0.00031582163393584976 0.009364586390211545
118816596015324.08 16.52794084632575 19.24374094000289 -0.18408094492342175 116.78186435165911 1.9953231473242194 0.00021219169662290224 0.0017982421725124013
531492789225837.5 3.7277232983802975 11.219044184279223 -0.4309639530845836 144.50645056441098 2.0565081182771063 0.0005089370859641624 0.008116885819447722
906657651137813.1 62.96980152591322 75.15256135800294 1.975336736498755 15.369847874871386 1.943979883139018 0.0002252021058321754 0.009927945923899253
99484862721728.33 78.03449874770683 42.33458558564125 -0.49026466731551777 88.77615161209742 2.0597147754905154 0.0004130996255039918 0.00990484441535197
950369887467956.0 3.8598215979829646 27.594152744510808 -0.36599763166862886 80.82652727649888 2.035328463195587 0.0005117868871989332 0.0065163160388981
1974695442643013.2 10.136721395713373 260.4558657466446 1.8390986180120974 46.347343588429766 1.551897130573659 0.0005329429518464511 0.009893846172696326
83904118777581.16 70.88662479958352 65.9256924770886 -0.237013762989845 274.04727058393007 1.4115860929985533 0.0005615953085345865 0.003276518707849052
479261395072075.3 96.57914718014116 1005.9099995000715 1.285486096132801 1770.1907526815369 1.8919627126791032 0.0001692621341891806 0.008397518690228645
103837806276092.16 85.16472024465517 268.4999797935242 1.9210897235257498 108.24822559512393 1.7607632199819359 0.00045355240702522025 0.009516424431132825
83574884596420.45 75.25728436830359 89.90513508051032 -0.30760879591490875 160.70888742015416 1.7333437345703104 0.00010404041046016739 0.008939419572381264
784330295953454.0 11.96124242956433 1064.4851904114626 0.6169053213712883 34.97765662385495 1.673804552173226 0.00033597884462116984 0.007922122566782035
27350387241934.504 75.10595010594155 31.18609469543312 -0.11483520449814177 12.586600136407672 2.010913254735527 0.00018881681432545517 0.0016638201899197933
1.823388019710142e+18 0.43591971605503443 47.2089025540112 0.3159529629897701 30.50406323739647 2.0541678408540918 0.0001297312712236326 0.00042525658328291225
2492103687555039.5 14.949579296683467 250.82469632062754 1.8110903311542914 31.44957962359909 1.5196134550463838 0.00040982298866998546 0.009975044581556469
323034505758949.4 0.8040908555042297 43.18853713656215 1.398092136000141 699.3903646419667 1.934051680017348 0.00012769285605997608 0.008206392804131116
947343164965668.0 11.14532209829192 730.5865715510595 0.7327081759092123 24.79045255670263 1.532855485475516 0.0003988614302530687 0.007402771025595602
540473269303583.1 5.974423865423333 1435.3391523862401 0.9261476898807015 2197.3046139601615 2.1482332275477667 0.0009222654069198165 0.0022626570705674993
325476955309942.8 47.40423242491227 710.1678844788141 1.3278946502386666 123.51246764953358 1.8025646010909633 0.0001350443502645134 0.004717423548126721
11816018031212.857 13.306046918225144 16.282583428910396 1.2046689765947374 48.73013618522384 1.4892616440345885 0.00010638455362891921 0.009303756639261964
70595785634085.25 13.77319835143845 1048.2301689508374 -0.16699614170771734 167.70235432149246 1.7169084704932103 0.00012489939401967503 0.0017574877723239173
423619961614167.25 2.083855179976644 230.75538543744992 1.3038588419474748 894.6766936380666 2.3647945687623646 0.00022162405642409515 0.006033056296631785
68199131154386.79 97.82838487338945 18.718729434162825 1.235886027817849 163.63699397342893 1.6642815696627051 0.00045486857023342107 0.006300450918229216
293619970953798.75 3.264910430976151 311.92923044601815 0.3248679485376361 365.7435957765229 2.044526641583918 0.000931544911247202 0.0005898562071807601
22202992624511.387 41.04100550584702 16.40215646110598 -0.1502010021011595 48.94810515754262 1.7162425414219935 0.00042862728939045496 0.009753797299836572
1.676019072034592e+17 88.42186586009909 2899.338455931035 1.0278399232858257 15.998162480895747 2.02667871377614 0.0007499106528524517 0.004977639454950254
283537001638302.2 1.7319829634419657 84.89408388524646 1.2164903813303918 2653.2768963602657 1.11900646399919 0.00047491260861164933 0.006281034574848679
1.956658176388476e+16 86.51226277587952 469.8838899705354 1.900062877979771 16.51077778185078 1.6567935814784525 0.00039221428556895693 0.004927311286523857
352283155600418.9 5.793105287679907 847.8445992100347 0.494881376669006 1003.9999211062875 2.048436500918632 0.000665865405195835 0.001387722882207278
250105813357306.8 38.89023184373352 908.0827966125812 1.5830487420174841 893.0967342102741 1.4665730927643819 0.0007634439461283061 0.0074450421943305705
167996986376375.8 32.47347731091611 13.926441825938173 0.1838424235303231 461.64309306261316 1.6079585204429676 0.00042065031730729416 0.007196031971932848
223417843015665.06 25.0779161192241 56.691796977011734 1.8444736435476377 22.122575381087767 1.8613612843059042 0.0009624284253769778 0.0012303789514838386
11962155076634.3 37.422178525237626 40.89615554837302 -0.4075848459941376 26.309480067727947 1.6495966190140043 0.0009463893748191057 0.009788031696133447
1.2753622438660451e+17 28.516276807562885 551.935202225253 1.804268445803279 43.12813491703628 2.026592994597622 0.0005491232499004979 0.005040266335835281
52144780086035.93 50.362008917128996 525.923501668744 -0.18931843460923437 72.87919803602497 1.9209955928967681 0.00017932303749289164 0.0022686052936467375
10375957920803.117 8.485424295365377 48.94434348410292 1.3636946937369423 73.67967854098592 1.3995841820261947 0.00022551756595330733 0.0017403411058620434
26210058959901.26 85.72340798585003 563.948539332306 0.2256168478004611 16.121774198939057 1.8387019957397346 0.00040010486762915264 0.004539133603125483
5729186535037294.0 5.010766566162964 258.3193922346014 0.42737234915045985 34.52215473031518 1.9199223225480753 0.00011058949990508076 0.000503777166042863
141633058616987.97 10.514811803101985 10.291161442957478 0.6945898516544502 193.6969861401448 1.9197406533811885 0.00019704298213227514 0.0023110241760256724
95068671922292.38 94.00678267007281 15.855380362770145 1.5555607748458065 120.02043602652975 1.9351316510371572 0.00031121912568760177 0.009397695992237538
5.236826347642839e+17 33.2322951442401 2103.510139266653 1.33457456784337 30.00471317235067 1.8333275035429835 0.00011940998431474451 0.007946550922197863
551378927798476.75 2.6026052124992844 2286.8832848788848 0.49262563913348534 3488.3614648464313 2.0424554201876974 0.0006447155737122728 0.0021796764916723072
3.0633184444298515e+17 33.63535554882654 2507.2862187175765 1.8684832704374856 71.71007215022868 1.6491364177453223 0.0007419811261658106 0.00582693756593209
668016843843734.0 15.230206729924902 2634.258207395535 0.6516630858598303 2832.305833389239 2.1122050554772387 0.0008473002066212724 0.0018797728160665989
30747514813863.87 29.972378206180338 56.123099032791075 -0.17715954395792474 23.8121476226901 1.8719335413540485 0.00043596160005551744 0.0001610333772546056
114120128876471.84 91.71071093453655 36.65686173705816 1.4532663091246771 180.57085107817517 1.9129653430212301 0.00021299969837607066 0.006183935911531286
64281871162686.7 95.24415144196752 22.078837328809424 -0.24936107549767028 83.50787860789376 1.9218124310785298 0.0008274856703295185 0.009392134705243188
36278998731238.71 98.87126117248663 33.66356406707933 -0.488312258458677 78.6486810735542 1.7250296519929005 0.00048179438807662337 0.00849285901419933
105049496667420.77 13.475135637462195 470.9612199427103 0.8371279369868867 481.6551327400481 1.426595287981286 0.0006740399986938403 0.002607641823822557
184369070585590.12 60.29654367523651 850.1849331114871 1.0675315598460917 104.33019537960426 1.6596293820590629 0.0007763821980641656 0.00900927514482135
728780539733925.1 30.657225993851313 146.97685408251616 1.225464479898574 20.01416715209042 1.8600870872561748 0.0007379436847875899 0.0015037434206013564
661340571653774.6 27.38587285250794 692.3638732362735 1.7898059971920612 139.1420561484537 1.7345902322672282 0.0008742883219918563 0.0009403040608339818
1148399001802807.5 55.971852542420116 94.17728197838852 1.9787544132902042 17.13227108831037 1.8933867060477982 0.00022569132806571845 0.008457059970340523
10730412927121.479 85.94654573454595 53.65730149029461 1.812005269355877 67.76496484364516 1.5765627956453618 0.0008749961720759075 0.009345469915114651
46491426505636.836 8.785622543164983 380.1131513484445 -0.3253611446190152 174.23755919003673 1.5012966053170698 0.00013091187869300504 0.0038008789512544534
27598864065704.348 59.400008788555816 1134.9127806336976 -0.40046284900360196 57.23494479551211 1.9191088877536644 0.00038281847900673824 0.006172065209545213
142875757989412.84 45.19099493899817 445.90381192368596 1.389213014984771 334.1763106827178 1.84010739021701 0.00014754643773953705 0.00018537358261759736
24736823599015.098 21.84506054004859 21.14262692519834 -0.20095365340676474 11.865775411756422 1.7791699037491153 0.0002862410816426907 0.003927422368765871
380993392827591.5 52.562787720284874 689.6413917817341 1.6647412390634342 232.75957201053103 1.99282496955712 0.00026263778554760285 0.0074018472940958245
71347051018941.39 67.61786781789306 37.80659793588754 -0.424405518127815 125.68676770016681 1.7709841805965054 0.0007254055535634385 0.006217900191713681
343583693324661.9 33.15357664395535 1500.9782541423178 1.370831468970247 1114.533322700413 1.412026257863988 0.0009901121351171029 0.008834958909506795
25335009572477.78 81.66020235991726 1199.0650888564119 -0.18963900013112345 52.79107497771216 1.8392372171982554 0.00012252148358548194 0.006728458634994932
17680805150601.18 47.96822675736951 16.107579610222 0.33343032121120797 30.211557730559655 1.776250690321567 0.00010336554621237231 0.007866959202623662
87079587435721.77 98.87026623703417 195.1395185096915 -0.4205884438070777 150.18033192049083 1.5089035826058668 0.0001430873657486331 0.0080975360846273
1.4335655032343444e+18 81.73964483119653 2904.9689914531746 1.8886984288236506 56.61405924518373 2.0145588036688973 0.00026539065274859856 0.009604921000279933
5.727061732010425e+16 0.10859088910932968 273.78403770522436 -0.18823871867019615 67.50451304934043 1.8715593270594828 0.0007324268139506924 0.001151538366346851
134494389896463.69 69.3688916990941 67.35692017105667 1.3554271322134095 13.734323831728661 1.891077675995835 0.00035597194228638847 0.008702681057746981
43654052371329.63 79.18922742637672 21.135802102292278 1.1285868224178954 83.48172415419708 1.781819713976587 0.0005318578579630099 0.003654241953398832
1222555063005532.2 25.78656087660577 104.34292378055011 1.2769122235922374 15.205728174063186 1.834002872227652 0.0008620418167119607 0.0011553355711009807
33247823716762.562 83.59076904098774 15.391477290918331 -0.2947068015150358 79.80107598011892 1.6891482061466923 0.0008513709119862704 0.0003504324656460429
122362111760559.9 7.8792291535217185 251.9788429697719 1.010452639272382 372.6710009020037 1.6500870248833153 0.0005357107723887039 0.008561010863032877
33291473140420.59 56.74757781940862 27.992470934537625 -0.1041926885219728 62.17175747555994 1.7845997607166924 0.00044711192738906396 0.008678630703814355
80437455152962.55 79.36921072731712 35.41956413718192 -0.22928508976224715 266.5397188642168 1.437322539685029 0.0003757190292662063 0.006292930855416893
68655529284764.72 16.66308094141192 856.257730835052 -0.1466835760321159 168.35486733723883 1.7127028096646835 0.00012848861301313874 0.001764169290833228
172192314743289.25 5.117786464376727 12.990612751892186 1.765063119976434 138.02769712224716 1.8876255654059906 0.0008926895687812754 0.00047129281336241724
894344107803978.4 33.78330352717589 1899.3475255018086 1.8204842620857062 1286.4418850588474 2.50130573785392 0.0008518766674268316 0.006041991308897781
191682838223300.8 63.75798311316574 1478.4199396540946 0.7659024961104584 113.41908430618176 1.7057209966605202 0.0009272017388857226 0.009772737250456513
69971477751230.27 99.1620133140097 18.19554378429778 1.280358830364136 172.15645715284018 1.6559241724001967 0.0004741137245991924 0.006353077601683774
82171650561160.11 7.553997156183115 12.686777605610192 0.32454633121664545 21.5758766963849 1.7105676732284125 0.0003412936038962375 0.0017693208599936887
586847353662486.2 57.85150324672456 62.223996364556896 1.9779727852134736 14.18623738596638 1.9198241827796942 0.0002014526267447299 0.008584660809428473
67370168223216.82 6.386029970930114 2195.3680260599294 -0.4919777037372547 224.6827516324012 1.8700481989898718 0.0003572009494824277 0.002658651970174226
193082056097111.66 35.26773652520032 1937.5242658767788 0.456803144211941 220.26024920495024 1.7671816926551078 0.0004296326627648257 0.004505537214635364
85000502554168.55 2.982456003314315 203.1449699054092 -0.26039714512298917 230.14351177210193 1.5051476093248215 0.000309899529717512 0.00290953243217152
822860593031107.6 17.74011094247517 1496.433856928279 1.5468945111648553 403.13149049609143 1.8497705161252498 0.0006828930866336186 0.006292476275742535
52258844034687.26 25.227862881984976 12.93514765667101 0.040758983668452986 85.5327335953288 1.8285667884697 0.0005322792026110438 0.008804093487345227
5.903301575009568e+18 0.13252269862494576 303.3025449585856 1.9505422497317477 95.82762998119237 1.893273474735211 0.00016813627399146398 0.00644517385958996
71664566468007.45 98.49279941409429 18.94443514930746 0.45668880897119773 141.64000934253227 1.7444063411790272 0.00032388249887715096 0.005274773108807009
252052830579606.5 96.49381084627555 1424.9409059399013 0.9324324688412067 79.44638901312699 1.6908534668609656 0.0006240434445352287 0.005177550770310715
2.1009162181814595e+18 0.40116205409776534 43.55597956345416 0.34281371118677373 30.39302680650983 2.058927577538908 0.00012213682056265383 0.0003970127859955954
2673297578880525.0 12.411776452193955 288.4069500954619 1.79584069603756 37.552714995235334 1.5212162515583885 0.00046944797038701543 0.009726658791507997
7.980538284627297e+17 83.6367379507426 2322.0274885794192 1.8779231739770093 44.61072608565127 1.8907540942034384 0.00022537096221184386 0.009783005263184118
11801988460439.234 6.269050055710451 291.11916809393716 -0.3719153087129968 34.926475935845176 1.5739984624357115 0.0001607899547392541 0.004085193391341063
2.5251253240056397e+17 24.50168909826127 1824.9175610311004 1.1922011306391056 26.618813812762856 1.7532521074942355 0.0001168517060284916 0.0066921528800390675
405359551263664.2 2.424092227723463 224.8277959554756 1.26005800998193 910.2094681011241 2.256844059625535 0.00023623670329971265 0.005818027369572344
196514385459016.25 58.10752912960475 1275.4201549991851 0.7518353776747997 143.10010705241612 1.7562172165648593 0.0008665974364517535 0.00879352620819177
83928784066065.38 70.88288140916458 65.77132476707703 -0.23773377577181248 274.12135097714526 1.411481042881256 0.0005623677895711659 0.0032696622800495153
44781127218699.9 23.35757510441929 15.869391837037824 0.9135701282402788 176.07735148197978 1.4617893592180924 0.000336386069743156 0.009610930118969973
51530575238621.27 42.11781250768807 885.2703466623977 -0.3022638778160299 124.10935761330957 1.7803653720804333 0.00044677410389822454 0.002198404974345438
48306032205805.9 28.721030408816674 1495.2529675750084 -0.3697162679198418 116.76376096344143 1.8942647771261212 0.0007491044240677642 0.0079874620381711
34399996430692.32 65.9050643330477 775.1361733216896 -0.3463486254237218 52.90183337302917 1.915418800285619 0.00013164807676256687 0.00028496222489833275
10456181319635.355 7.544865041682776 268.47027668102334 -0.38731765044127653 40.559658119062746 1.5454610259625223 0.00015860577181489103 0.004438758183332485
218108698956308.8 20.28455094837195 381.3129542385282 1.0868172250505164 540.1682564489271 1.8549091355336553 0.0003625167232963248 0.006773805631376935
71952996061167.28 58.70033243117972 561.844373124958 -0.20895289650512805 149.14046698015207 1.7134224356338923 0.00022749368416359896 0.0023225497678740787
166154754625404.06 95.61539187401529 442.47561484478143 1.1208275221419872 475.4974293655033 1.788717394676147 0.00014820127353616994 0.00755294545256014
192142852817930.44 29.822718010700665 197.17987637899273 1.8967428141218183 64.48438165026916 1.8105983852289818 0.000747222156992121 0.002781111720048699
19116945223489.34 11.132317776379526 52.793795563379064 1.3227586493604735 93.36550688771007 1.5246423007645944 0.0002255933954387287 0.002453432478147888
58720318901835.555 96.28460595113407 341.3609041724647 0.2248743411207177 79.4544075230982 1.875495460511651 0.0005402739233293098 0.00048361029573082415
26457876710122.33 74.60032868050322 25.568755460658497 0.09970420103238942 13.722212897844607 1.9921964618237225 0.0001549564311817239 0.001547189018874786
2.3553324648364956e+16 31.015364494062666 860.6696285967067 1.6866792898465 50.86841297516392 1.8120786003399385 0.0008835419162189961 0.00969575280856709
60844136416232.66 74.86682316886906 520.2758239900321 0.4017179649750527 218.55975902885393 1.500406402645923 0.00016545263109504183 0.009378979301307547
48606189101920.99 60.59316118997163 500.8321501012328 0.372804476052208 171.65464808269527 1.500059651429571 0.0001426701211667061 0.005202037458851089
2.0841687516773187e+18 0.45560034960732665 43.63271308038435 0.34031126799516914 30.75092615557148 2.057772753049634 0.0001227749537789733 0.00040678862079284806
88248324297153.11 20.5952197425845 59.620593941200134 -0.38670667996450425 407.70891123833735 1.2527842055598608 0.00032559462916171374 0.0029345812856331017
5.822808582632099e+16 92.01328801569852 2118.257922253391 1.0291626451038376 17.144400867476712 2.0615933809077 0.0009706341833502255 0.004942216993863682
3.2836725167791e+17 85.06981824166876 1514.421795622744 1.9422415563150315 39.28709568299156 1.8416919102909763 0.0005199914272487521 0.007741945500755288
2.0070699609027315e+18 0.7722265088558089 48.34644684929675 0.3550001670387662 26.132292415942587 2.0734470694175156 0.00011337055503589824 0.000485953961976893
5.727061732010425e+16 0.10859088910932968 273.78403770522436 -0.18823871867019615 67.50451304934043 1.8715593270594828 0.0007324268139506924 0.001151538366346851
26503950571323.504 85.62001734267143 562.7657567122127 0.22767932440856775 16.24066168883507 1.8361425751534735 0.00039950786748818237 0.004542322458897556
65654108786089.87 81.51109033808692 345.1003179145605 0.1438193431404028 166.06944059449583 1.6952731586161651 0.00011071108795754544 0.0009842088480231375
29612695716652.18 80.76134946250971 1075.347994788431 -0.01662867739640639 58.35275141985834 1.7784660360013052 0.00015523968551526139 0.006398508508577249
125088558448886.25 70.46624379355698 255.58721795967782 -0.22256146216349082 299.3146667610478 1.6155276700058954 0.00014279261657251165 0.008553611440351374
134045121397777.73 70.29157653550999 70.4196153485254 1.2627493968842938 12.191391597677772 1.865250387532007 0.0003540686901268851 0.008576937030894521
4.259531913472882e+16 80.1307909284137 1731.198292160172 1.0317840370202587 15.409406229751758 1.972290163928808 0.0008018560257580292 0.004185534591568889
128086685494936.2 63.3808041442963 403.606064467711 1.9920446274784211 277.55261776890615 1.7777236215131338 0.00019853164068683757 0.0010003444098340732
162902883148902.84 14.968514418827114 49.64957591828367 -0.145289227804887 379.57112643532474 1.7606702948331288 0.00028261791048715527 0.007488097143441368
1.646308521456714e+17 28.635517190572397 1630.134023284667 1.2407276893901726 27.054257263496744 1.7876001666678836 0.00012530468217511936 0.007149843035770889
718715459934939.2 29.744441220803253 609.1503800846529 1.9607089042540686 132.01658863978156 1.7469299256584891 0.0009755124086041376 9.048108814738425e-05
1.4976884530417274e+17 45.196607286980395 542.7703205854732 1.1659093603347954 10.342394762995589 1.8837720858323976 0.00015939616844948243 0.0035398971949676438
180321983094116.2 5.450184262144276 110.14801069244045 0.2589085267708784 168.23604766245975 1.921986901629995 0.0008109073780804651 0.0013197558138188436
16755442632517.262 41.022335606742246 53.96789389679583 -0.22235634691750178 13.680988481188827 1.873717262361619 0.000353827855404232 0.00026167765457183194
52163717628986.484 97.95716941371319 24.927449752579516 1.0604592669983086 120.69264957440778 1.696584173193876 0.0004949588287815556 0.0063667798246901
109561079841920.02 1.122663088123077 157.3540742067546 -0.18609741076939423 567.6776815132251 1.3541436881551956 0.0005840826123828896 0.002596153193901234
81674420698788.45 74.1879029161159 40.94137428659695 0.5949709955801094 150.30725488159294 1.8058513266030178 0.0004872168717585403 0.00071887508325724
467139728377002.8 20.31906802751973 13.337450233026239 0.10370423930131054 14.379333439716824 2.1122418335527287 0.0005413102879312248 0.00809831384017816
105952356245070.77 81.7036327085213 252.51845998599455 0.2330312767333212 185.6870588401622 1.8724852025004965 0.0006773141425808478 0.007979090363116288
741771375997302.0 17.357318780294534 2875.5625346595775 1.4496510507244482 398.7963840415176 1.3260195174349763 0.0006605629279440432 0.005298026815596856
5.610367985698701e+16 0.1116859193888331 282.5460568812716 -0.24512705891096426 64.39020257687244 1.8792636810511125 0.0007621569609219486 0.001049191405214105
54747888134243.67 33.75753009200021 11.621363828903126 -0.46872349016256076 263.21429420736405 1.3321451831493416 0.00030886201410815055 0.006611049006349207
100551300907634.8 25.31651438713027 79.38158659917123 1.6569138908793617 37.77380868916121 1.866791425692959 0.0009785233011044448 0.00036940780309468405
126138679004894.06 9.736625948316515 11.16284588755906 -0.23513978860971446 161.05334158208913 1.8967835667272572 0.00020678193488853365 0.003792394794445416
610209305037236.0 30.08270107374947 2438.254421771475 0.7386404260672863 2093.2943480273675 1.7264619745357692 0.00014827729011506095 0.006086873473350738
1.2804117221772797e+18 84.5322515978568 2962.8243334600807 1.8443029413251821 48.423527926502665 1.9220212777633794 0.00021345093945917136 0.009628591417910507
1.1062275197604351e+18 85.40865099143934 1785.5097284940784 1.8092739000650073 36.75537714082153 2.0203424219375408 0.0001794281390911806 0.009358654968740294
1.1701948278142096e+16 3.669409991023129 1251.1168200247585 -0.18326522646244353 13.554810002704192 2.01290522840555 0.0003924697904706646 0.0017504403199045822
725001367678470.9 34.533938522602455 1292.024276451487 1.7528956691159403 683.0828806976327 2.33102514807856 0.0006157037193110225 0.005946610601411613
72025957709143.38 79.67678016089006 851.356569713014 0.5414105943677487 233.27436141844115 1.446205727671796 0.00017096604358289737 0.009942264657958833
50486502159251.82 64.11201966434096 159.04433975017932 0.19084717358995273 119.67168042152153 1.7150202038268563 0.0003102958609036069 0.0002604749646650732
167468912535662.75 61.78796168366876 603.0049114369554 1.4765965195109647 184.71333622258925 1.663476543144219 0.0003730017850596619 0.007611920327170329
221663835887781.06 19.271404999976667 699.8311409628014 1.7576951459036567 279.68492123948585 1.6416057804323752 0.000992852145063069 0.0019067244547129963
9253766930052354.0 75.86811562274309 227.2445787922426 1.3429534970587915 11.037643864481895 1.9564619250142437 0.0007602631324078896 0.009886105112596511
60806976707819.586 9.816343595078813 106.672553542697 -0.029473672547670582 300.1165738593739 1.3784461104001244 0.00015886757391667916 0.0015902529170474216
217943402041266.1 49.6576669996817 458.49502184921283 1.8671614262940839 78.87517026725445 1.512751931857499 0.0008601230179434748 0.009806969453093487
125279428599043.39 9.696427193688265 11.143165977251448 -0.222116551451306 160.5317358450314 1.895246135923323 0.00020558135046612979 0.0038328596249965546
1418311852158096.5 31.962278782968966 2549.5777196727604 1.9699900071396927 1901.2766002782726 2.64230721298111 0.0009210351373161392 0.006616643828951215
51048027202880.32 71.29603296619801 32.34129262023965 0.1934800684962099 192.4152552565382 1.4081557277533934 0.00029388694050088717 0.0012137997538738895
71530356028704.53 79.03530440209482 24.398964498947752 0.9932911753190622 126.55344240850589 1.813189624616737 0.00044146993356067744 0.005012473756549395
27778856460068.074 37.823410677021116 646.0491991476896 -0.47656212606895654 75.5291520379734 1.7260521002961915 0.000164844391046041 0.008859273859417068
121205899191682.31 77.63056144122035 475.48998490840734 1.9986643566604527 191.39287756254288 1.6019717737150792 0.0005868507734576604 0.00827918364777696
29724746377381.375 55.2862191644645 2434.189662353373 -0.27216076560876634 91.84463612125569 1.7827835357280177 0.0004799309191538828 0.00912654262452272
85185449459284.94 93.30316501875579 12.056878834463223 -0.39617967480977834 173.5196650732106 1.716454494303686 0.00033547322132831356 0.00785826246828614
86123213861901.08 69.4101223192703 95.99701904527879 -0.182458656141947 124.24191199268458 1.8618992447296725 0.0009754225473411905 0.00474254438818769
3.632601654470635e+17 24.027319959854648 2810.86127108264 1.925842492986026 104.1303678021017 1.7087054723126325 0.0006552038808776843 0.005142640034727243
694285590645484.4 31.984725818429357 146.65797575131134 1.1683181499296205 17.793750820547917 1.850794705743672 0.0007944867532276752 0.0013667491984834098
589420384541359.8 48.32043369214633 61.51159544286866 1.8445373083436452 15.099250613508872 1.9299937588475184 0.000195483504196419 0.006638293580542295
8.36472548669112e+17 74.37401386182376 2146.001911753716 1.866202562625474 47.97396631816905 1.9341514448968282 0.00026060543762490893 0.008947110843995198
420996501423213.8 29.494785713846774 1527.54764691343 1.575491615023609 1383.4787665498984 1.4887234378266885 0.0009907241283780717 0.009963998498969895
612603999766056.0 20.26425529291749 1850.1071812702407 0.727682416526042 1990.2758019043195 2.0902972311125483 0.0007770032553744268 0.0023636382475333913
646262481375120.5 7.962090567414208 2334.1138133714144 0.5349042731609576 2715.038665143727 2.061037501871806 0.0007224588730662195 0.002489819107585226
60340015196361.22 96.2708253853753 899.5693025055639 -0.2040918996975063 118.25417568647319 1.7532329959040036 0.00015041783414934453 0.008541503795322666
684650900924090.1 30.18115992224265 1713.0008789007256 1.1315936676940037 198.3898668324019 1.7744688995895632 0.0005102704058402247 0.006167485068365449
108904609217479.64 75.6050580912526 20.37949600990628 0.18027893505250278 153.83775167748595 1.9545417616098213 0.0004733628023101613 0.008718195870149756
147175713748685.66 6.640926171638604 10.600264737995005 -0.2795374914297435 170.49137891360675 1.8882715312179985 0.00019434368715799918 0.003813757308830747
475861310338099.06 2.8722719399183205 1654.7902689620394 1.1086543405932154 2432.947115399103 1.6416868415031602 0.0002528492750163855 0.005358944330750015
51797985742225.8 76.27715933243707 15.221898914305324 0.4907444748851533 174.05989939684537 1.5251304240223105 0.0005739275120845329 0.006154242667218928
1.3718160379913074e+16 2.4483691157462566 1233.4913724832368 -0.28142787797416813 10.990917522960286 1.9925939598350322 0.0003842514413202432 0.0015739775689505228
104737333871824.66 27.90041763753508 24.31586874077098 0.035681272659588315 127.05483618787841 1.9262069092853744 0.0002281752849856998 0.0016199504062977517
19862650541742.723 66.080708858778 1548.411491846867 -0.3573275424916961 67.8874787199458 1.7267741040013997 0.00017520717958807957 0.0016302568971846192
109228396745351.19 86.79816814120053 49.07297147138134 -0.368190619537319 261.9971018134004 1.6383179595565436 0.0002512575953499773 0.005913545876555639
627331510686825.5 15.253106165388402 1870.3793205686895 0.818516184784655 2855.330605105274 2.072246413904312 0.0008393807299027241 0.002147033962987951
708787274199072.6 36.82729731812066 336.02285367285924 1.194505802284452 15.302965018529271 1.6040174838227041 0.0003374612552403076 0.002111111571956195
268000332272855.47 39.20021355499812 1027.3511432818266 1.6739369270868671 981.0092989302797 1.454341457713126 0.0008171011232503756 0.007713321327546973
23873532431765.766 39.480115566861066 496.9416375320034 -0.4220237326688312 75.7922704180899 1.6395950959978904 0.00017394538776811441 0.00986763271190644
36422917001458.67 63.02248854954597 18.02354801778587 -0.014509552625905253 12.723301725788 2.028648098260369 0.0002816166388281373 0.006830510718219916
1.2822962352696166e+16 6.937525336723851 2809.2744898642986 1.7279275696356673 469.8871245042552 2.1455194861875873 0.0004262258320077238 0.006199853492665131
857943644770670.0 24.52528467437415 1315.3473313545833 1.934055062153934 375.323170983563 1.7539589694445301 0.000493675909531364 0.006368275496780778
1.1899756117624686e+16 72.04627144134672 241.10836523638577 1.3821575030275777 12.243047568957097 1.974421212362211 0.0007436190047506066 0.009522677278245927
36711513484307.99 58.080397440489875 12.867081396446277 -0.19432669399642988 10.325974523847105 2.0031226462982885 0.0004253367752562337 0.009623442212986309
70289132476276.69 72.9589790143472 64.54600029843456 0.6497260476451695 144.13056898724608 1.7676885992753677 0.0004416636762035491 0.0005014991082353669
50569833618891.38 1.8779742378663116 2056.116997006721 -0.051625803004074156 235.27680282921065 1.4167131830501354 0.00032940709706566175 0.0037366548475962994
123863787740842.31 88.19099442064329 822.7709689500128 0.5547469650380601 11.18716288486418 1.8104144262019402 0.0004351115101796157 0.0036674789500125045
2.3856489741820176e+16 3.0773032421376936 1113.498084536682 -0.15892066665995036 14.288136748790274 2.026334450409128 0.00038920357829918064 0.0011136438557730437
7.410471231149626e+16 50.924515545718904 493.46104107839614 1.2151044228718118 10.862296711722907 1.8751541874242221 0.0001866242550834659 0.003309071690857612
38117925776372.9 88.44030842715554 15.122929495542172 1.184437825438243 72.20860727823538 1.7694479442746895 0.00053218226920206 0.0035699647710964256
271533849397257.12 26.36349911063631 541.445005123159 1.8580817034489205 136.21120843386794 1.6081495029452153 0.000702107221396162 0.0015920847575350318
1.0826265788460282e+16 73.29412447080976 225.67988457215952 1.331976643307216 11.275963933181389 1.9882804427679606 0.0007792180312164371 0.009998959542545507
1.0782777538455808e+16 3.8448421001725537 1962.4651580575762 0.6902349732467543 207.40538085324 2.349937066044251 0.00043878512942467255 0.007528274070819386
549288601518725.7 14.38225681978199 1998.1788775109255 1.2139986115430887 1400.4321201728635 1.6772633519651392 0.00025856859932274083 0.004006419426894923
119433347491914.95 62.89871556198253 21.47174949209042 1.1009080469065848 155.7370027316621 2.007456682955201 0.0004598286382613256 0.009098758007185268
76263929256106.56 13.401139876995444 1441.9459326656888 0.027454453110468346 193.4634301827305 1.6796058205858218 0.00013219913929497535 0.0017577511394431984
78366422017476.25 10.917977375193992 121.8305046261007 0.24128154859069606 408.7080598078463 1.3409902543463024 0.00019204724730873668 0.002575121118850568
748281366344064.8 37.202966434207354 365.48421298969396 1.1907513571560482 16.334745473299755 1.6017224387691358 0.0002785150338235079 0.0017181177700659224
706474331166541.8 35.968819275918364 344.68977409902396 1.18546027987799 15.211895232291385 1.582486223058964 0.00031200062670874295 0.0016264447319805754
64009525072611.47 85.27126499616139 10.189184919896832 -0.1563897075829015 92.68254972096575 1.8790297654150356 0.0007369980345300724 0.009872677973993875
796195829525295.0 32.54116529967087 139.04801322149882 1.1799975378494032 16.37813397673388 1.8438111282847993 0.0007718904650450395 0.001668419015990798
84118928683367.48 86.32030164618942 21.513294309335752 0.7716874086162949 155.64934530576758 1.8315048391587863 0.0006229885578170144 0.0002883163206263972
8592674661018599.0 6.684783238780206 2084.073027695969 1.628227163451507 359.4921298422604 2.091027333301553 0.0005000695165677374 0.006232602171414853
38662167833202.086 79.78338299636088 14.27907716457301 -0.4057880597293758 87.9182063256856 1.726428893761059 0.0008234663714159188 0.0008275867432453142
302255281853105.4 45.605306597918485 2747.7956056829407 1.0477253377254319 495.7844585353839 1.2814662130244283 0.00039035648402427396 0.0036245274363727055
340119881836426.25 2.74810072268172 14.22002424533381 0.5938928166436331 1250.9694899402018 1.8807630869852983 0.00018189926457736256 0.00836412654896497
351374489960757.9 37.3618319117498 272.33085808097184 1.1083131675099063 13.711606088795282 1.5852255981686607 0.0003027469168041918 0.0021004363015029526
184225762890828.34 3.9941588775074415 80.81839691871349 0.721633599499227 871.5406152382126 1.338946875192177 0.0005000340415331984 0.0053627552878701135
293615592298874.94 1.2304744938103482 21.366264786455385 0.5752211562425232 1084.0588575357067 1.890517797244824 0.00020922652787463308 0.007434574208060875
41249166026437.52 60.208386013958034 15.96621179239787 -0.18831952980406208 11.437392333834609 2.0310808953969213 0.00038679515108091796 0.006848041071255846
588549093216325.5 10.054834925151045 1452.7995709622535 1.3399826362158045 3296.9225118100035 1.6714803672467153 0.00019049432716916723 0.005461432549177454
33202593506909.625 25.44717633679706 1376.3146547673134 -0.3140034664277085 181.98319950284653 1.3767857320174222 0.00016297825737892813 0.002142924057022039
1.2848862493866302e+17 28.564342618730755 558.821211475531 1.8046616424096547 42.9159394837376 2.029593307168102 0.0005479717743287545 0.005050022857457905
81154175047536.22 99.38252715413014 202.33063654319108 -0.40379594555666376 153.47980403282943 1.4964607953531208 0.0001424682627394624 0.00816794952225831
153723651562676.44 7.526619398070411 21.504146525313345 1.8910076232609978 171.00648113417526 1.9154818595880148 0.0005567503794743937 0.0023310266838843952
440826219520974.5 4.219044323906282 10.585765294263997 -0.36598374404240075 117.86216205999324 2.007721942693773 0.00048104055800576157 0.007389370416510594
2.1009162181814595e+18 0.40116205409776534 43.55597956345416 0.34281371118677373 30.39302680650983 2.058927577538908 0.00012213682056265383 0.0003970127859955954
1535832141349837.2 11.18501766729311 966.7411436221444 0.714973943957244 37.83316130423096 1.6901934217897785 0.00031963557841995015 0.007788592265113342
31525477603370.812 62.71743485633257 1165.0458388186153 -0.38061485523107846 86.35327561805332 1.734068800501917 0.0002537112193916007 1.6677644463978212e-05
515219040376211.9 56.32377397719038 2540.96841812857 0.819485714642338 226.15955269207024 1.7667011469997895 0.0004769296008114271 0.005180705548122054
3555438992748643.5 16.360822485703572 263.45342855210606 1.8200019180295413 32.56646923789782 1.57681342655728 0.0004223500577418038 0.009913799097449952
158063820398627.34 47.271886789976456 486.7598058673194 1.386995937782654 350.13696158448585 1.846434196613352 0.0001588922185126848 0.0003811482070438729
2.1444292772505392e+17 34.827819457370225 2851.1292414699196 1.8036501372494893 77.3780203464582 1.6829639529108866 0.000738958222730565 0.00586339418089322
67587477577718.43 72.08054711713316 2516.913616883391 -0.14277459171524765 170.17394275258786 1.720206284494659 0.0006471931210348307 0.00034500312072921306
260233875757233.62 78.74940882345382 697.4023839182272 1.6259753115265638 376.68467215997777 1.9632951613087208 0.0009397616719258043 0.0006344958842201976
66719997468508.766 66.64427108601097 12.628250471324963 -0.1914113504075885 260.60313625032177 1.3691012957319786 0.00040725499603272354 0.005160875932799008
45577039250894.67 34.73464269926129 1231.149672274365 -0.41927824342179043 153.46809585829934 1.5667145058032754 0.00018353293496544692 0.004052791275237768
274998181785303.0 0.6651554736402332 20.08279326963136 0.5742475939862197 1072.7993124071152 1.8750235750687547 0.00020595206958765893 0.007429251608731306
454618641266314.25 3.0684283802605457 2944.211922291155 0.12060529406733678 298.3247747819448 2.00592464774409 0.0005155792720761392 0.0027206404748987187
25797376235693.723 74.66268292317594 14.290286720799203 -0.492372318714106 73.06310785624403 1.675039180277957 0.0001416644021596925 0.0032042546764028353
511274690361972.3 39.77252151980032 113.15735482531146 1.0886051428185561 15.529798105240042 1.9235405157272396 0.0004917351746802168 5.4532474931847904e-05
1.0278960831795734e+16 6.64485565512696 2490.306201167197 1.6441246311463864 411.8989399936015 2.12398759647599 0.00040942859646555635 0.006225644167267231
51087357647002.57 71.25691913621625 32.36505493153115 0.19416067100803075 193.0395510259198 1.4073484577579802 0.00029403743665542604 0.0012097538974664766
847203025036417.6 30.09211827275798 1477.2552173601212 1.439195428228888 241.17428280343756 1.7805069116205219 0.0004454355560905045 0.006462628646765793
268553962425487.4 52.17727827745048 762.7642483361492 1.3278983127563309 291.82323773555487 1.9421026297968391 0.000233850473977096 0.0051964125061901255
77597829702503.39 61.729269956815685 10.395832991724498 -0.20347612062939172 134.36240858716576 1.822240986313478 0.0002892307527646959 0.00949925021495407
34049873879806.965 37.8111177112351 12.454383035850718 1.665084792284909 98.20896025887737 1.6211680430190056 0.00011128522388348974 0.009291125262185779
122976380224594.81 65.43090999213301 392.31740896995984 1.925389760511337 259.7169081725347 1.7795039050095713 0.00019178896721527516 0.0010377445773650023
63864113671092.52 20.500135225609853 15.441720711727768 -0.22084657305803512 75.94268166705524 1.8652239239641915 0.00023678535266414907 0.002005859396077134
134781745194399.5 85.77004573713387 19.90069513495278 0.4723568208865345 240.30426657684694 1.8790598162386285 0.0004478466488290928 0.008790297171512675
2.3603006377947108e+16 30.932988816899346 861.6297489382982 1.6900248121492678 50.863647970278244 1.8145096951390562 0.0008842301304143841 0.009698322250162395
46490117987318.99 55.47619338387869 15.08550416802477 1.5468386078404215 112.27456230750553 1.6959286568308047 0.0003018013611821418 0.0034115912069792574
8.318350633829194e+16 28.094279878563235 505.2143307851898 1.9279293155053077 44.82649573972304 1.9579148342642605 0.0006135820076309883 0.005665011864255846
157153811550570.84 8.235338894293552 19.734970323268055 1.9653291815199982 210.07561955695695 1.9387950267093403 0.0004636944593258614 0.002437271961909385
9693686930432238.0 8.141418718812911 2746.141353901272 1.6639857163420384 443.949604376485 2.1265548552344407 0.00042565217920554683 0.006078362189683602
2080197907635685.0 64.30111502255502 128.77277679523326 1.2737894902932867 11.052579761999228 1.963641883171478 0.0007078192631586143 0.00848004078272965
83659653436581.34 74.40447666565464 45.31492001343676 1.2139797868455866 128.9637081989478 1.8758732739589692 0.00039200205273210326 0.004504116333187195
273918339502962.2 1.546462209357081 82.6535875999031 1.2338156461627077 2570.4175951996685 1.1456800957509772 0.0004540303335215606 0.006376456154805015
5.727061732010425e+16 0.10859088910932968 273.78403770522436 -0.18823871867019615 67.50451304934043 1.8715593270594828 0.0007324268139506924 0.001151538366346851
8677972238805099.0 6.597872880584774 2138.5385937399838 1.6329790701198426 370.5337377634849 2.0986301568226042 0.0004942289308509902 0.006263857717059465
854975495911547.5 37.6455466022846 1449.5443672079907 1.8264256589446346 677.1655042580009 2.3662553778037863 0.0006253049610474732 0.006027330863082338
45625379006451.2 5.941296972428148 193.85189794551698 -0.4856147794751877 161.26896125221478 1.4504993123436538 0.0002342379693914063 0.00339814006822642
237758123640592.84 46.63075093783291 1178.5370013631857 1.3556952930876984 736.9460020648507 1.485238146515327 0.000951256666175111 0.00654405331858641
804773343814583.8 17.95391551533331 1461.0648701293358 1.5329001431112066 391.8085763087015 1.8481756686187452 0.0006732973964030325 0.006249202798085285
3.4280847302241356e+16 19.56937496162122 370.28270499994943 1.7535507050587813 51.69611735626561 2.1213069161961733 0.0007105415086496243 0.006455142898020842
45257952000897.33 58.60995057989875 41.82346722236801 -0.1169706659135645 80.20276105696001 1.8169594738113921 0.00016620186093775852 0.00022434332406210148
93824607478844.97 78.8293356578341 20.92841748449466 1.3297526749506678 212.76419870724968 1.7282335074467046 0.0009875806942433174 0.009207886359915674
102681200503179.9 83.25981730632415 72.82130495538084 -0.16489240664203242 337.08812968351606 1.3911331713158646 0.00030683879092498217 0.0025127455847355406
830122328623918.6 14.5483967641904 36.246869039660794 -0.36623668106898655 11.335690785435604 2.0858837756932274 0.00037767386105734253 0.004108874167039356
9839027955910978.0 73.31237706116003 217.06333898304734 1.3210763210331589 12.079314892994894 2.0107662986271846 0.0007424117137714371 0.00952643380655558
54782140725510.375 26.40955343249577 891.9027343199363 -0.4371536192051978 111.85847093647125 1.879660105886262 0.0006459065936219921 0.00731445080174479
1240379113436509.5 27.17016650147108 111.47911308186403 1.2418371101095327 14.553425268874845 1.8064642545109102 0.0008389426524835848 0.0013245434069029784
195295679606125.28 63.752453663977 1473.5393269372248 0.7667317772773835 113.2022387434827 1.7064068316165815 0.0009236009029846415 0.00975478259882263
248931327666664.38 0.5105294128366129 18.4354442547582 0.48301549226552076 1889.1951415202989 1.8909236969753846 0.0002125023267274184 0.0068810056232531305
38912564261225.84 43.631271528715445 598.9904002894718 -0.30693592223641225 78.25640267110529 1.797442543822635 0.0007085458446353175 0.0003303280545280578
48679447249221.195 20.681091476063955 1192.2891941776438 -0.23163212039987813 152.1192901866376 1.6832919974872966 0.0001154663939618542 0.0021427120728064676
468402323575798.2 1.334595507569432 1265.1155968872933 0.633852697088641 1880.348212032364 2.1250901643872857 0.0007667489876620411 0.0007945004784109377
11494181225405.273 67.30476599285282 603.0469139374361 -0.13913905792859715 75.37729512229122 1.4021460956790275 0.0005957843730111544 0.0048171166268025
190438127636831.66 68.57841399026137 630.3167850064498 1.5659891630209006 255.11378952097454 1.7919456134666578 0.00039888263088532687 0.008535674134542847
1058215786726388.8 25.683625826957126 101.50650635301977 1.2035124885072377 14.816943557897513 1.8334021010420272 0.0008634143065869637 0.0011839285550219306
113067635917014.86 90.83465568899841 24.563809890929512 0.4719618857547299 209.29708319991573 1.8096595595289078 0.0001605151780515186 0.009758669253292747
35387044897967.38 52.27626850299896 10.402102156798561 1.763096181961186 82.59847956843777 1.7126008706947795 0.0003110322233281831 0.0053205757129058786
192192726063415.53 62.9201751836988 1060.2564174774911 0.9061813351847808 159.1280025251592 1.7392119410786833 0.0007668182400349844 0.009373276563709593
118043110523115.4 74.96429987931504 62.30023266149381 1.2895673548250168 10.964368461416713 1.86602454231104 0.00042126024116292125 0.008573139834796175
326260138265549.4 2.2472579959363372 12.707194631532264 0.6133831219268768 1254.5601778091414 1.8791129205100556 0.00018900035230922732 0.0085453266364342
73041590186748.88 98.56808069765647 10.6645425565051 -0.2505055515012505 104.75091451505644 1.8955129003457125 0.000752910105301446 0.0028730054674052036
33844972111790.82 31.86336086713021 1385.6269966830014 -0.3644584290332854 147.9690754335681 1.5080130030929195 0.00011732918648093627 0.0031977148096221184
125413506775421.78 22.112517190738636 506.81072429474455 1.3237728113662632 166.2066186527486 1.6174191911237807 0.0006701112904274524 0.00014682362777233647
1.850156065724374e+16 80.09056762800124 410.04718743645907 1.8985784639527754 17.82196075667825 1.7210393673066757 0.0003935619411544285 0.005445820885873339
20270214779299.797 23.252141811351564 26.778504647518435 -0.2558336567199013 13.418561371101454 1.7704433721085349 0.00030087303901538885 0.004010639382979261
374128334734650.2 1.358571713319467 966.4314873970104 0.49630573463285876 1557.8364683689438 2.160038084728745 0.0008726497030652912 0.0007173659322821588
72417390087011.9 10.94952306139625 403.19170097481185 -0.05407369107859336 347.09008351442867 1.3552003703228128 0.00017271894045122193 0.0006621947102033996
1.2368615577754316e+16 3.383806472568267 1263.9313111565048 -0.1896916847423037 13.512375829863451 2.021902434227049 0.00039436484538363687 0.001758773031626899
2.4806638217652874e+18 0.4184892103234404 39.02953939406537 0.35728849671819074 29.67726142928375 2.0662690921910114 0.00011361625098756788 0.00034722813721662314
385062897621238.5 51.21881183598237 1386.4619017005707 1.9663603084428176 1533.3871608162647 1.3269261559737586 0.0009699424024832826 0.008742214057411154
41040745746332.016 59.9043480595477 15.839563752392529 -0.1859085682767755 10.360483626458542 2.037028338802661 0.0003725411496546449 0.006836140187057966
5385897613988146.0 8.48558970044083 524.4133066220194 1.4254980144579326 67.18019856274759 1.6968687518773666 0.0009819442086838517 0.0045189482309598555
118628581317969.77 7.886015553144954 261.7026896197778 1.0237097693059751 380.9454470461269 1.6441977113031998 0.0005300366822475111 0.00871390961069923
86493085192114.11 88.53900980449788 27.397876121673583 1.5671171469901368 125.52956433462771 1.9182945531677025 0.0004144150133262754 0.00987462402078598
9085817835939550.0 4.495596223830432 1532.1745027762763 0.6593731700028914 169.30529590891305 2.247820939724064 0.0005162487348340236 0.007329914524938263
69393947633211.945 58.36539978040812 12.003649295335578 -0.22916761439583422 122.05017550162114 1.8210310015359488 0.00028209133430945294 0.009499074745483407
98456654635374.06 79.29651696359737 19.647604028766967 -0.486328789781301 139.3100453113928 1.908471181097219 0.0006245358507533415 0.008459151213017999
539346185001402.8 17.278538869895577 25.671799967269475 0.0372758820702338 17.175160354683754 2.115369374336066 0.00047071187902330327 0.0045624723082123165
63673706268571.86 95.60315278794246 306.4027088985492 0.28256743362713205 84.27719749314532 1.8762064325085923 0.0005481058493669168 0.0006009591070220144
13206741822350.854 83.60865003987304 464.2842417579045 0.15037231094572523 15.434803821339354 1.7705263054106672 0.0004310204012598104 0.00418279143921948
67442746936556.45 98.65316032461918 393.00171094492134 0.3169331757335511 224.57429955296308 1.4803687370311724 0.0002131979670767891 0.009640667655367665
241202358055251.44 29.747794517841204 1256.699440600876 0.7969757558667125 318.4109277391608 1.7389494315142147 0.0009886078602526181 0.002366117561021573
9.659633848364933e+16 47.81160710645874 535.1738587383616 1.1962782839801998 10.689841801412888 1.8577169504169322 0.00016852780723208423 0.003597689133259624
774723786973694.1 10.781542016197747 206.36585247888198 1.7242998842111759 39.62337076292137 1.5311989612564179 0.0005641534719643394 0.009381501493009654
192752215626069.7 40.05373205334987 900.1475422274324 0.7210075232038893 340.5967127181403 1.7971974836334812 0.0009279240334365589 0.004350483101981408
765678299309050.0 28.882688605930923 486.9492647635911 1.2194776718978417 18.870787710918485 1.4994345922520287 0.0003848369171778765 0.0007987994345716272
157660751449652.25 66.10044072569964 1080.9483331781244 0.8055288297885818 156.00238320599743 1.7149759976702097 0.0006411083945360693 0.009561682773285292
1.7125325543613572e+16 93.62561400860105 1300.1850557623911 0.9597842238377589 12.7281907768751 1.9967040809885885 0.0008473396646755206 0.004211002103422136
1.0609360038165226e+17 47.8532297762355 564.6093782164262 1.1694101234700987 10.773002424240142 1.8763411671688384 0.0001502424076270397 0.0035071243992096227
122823963173903.31 77.72880345576024 473.20947667230104 1.9836778464588796 194.30603371975565 1.6071304488470486 0.0005924353194373117 0.00830982191373657
38397144544628.48 28.240977299515954 71.44027211378635 -0.15008183524676677 25.67591509088295 1.902347384778154 0.00043904172380476356 0.0006068592052799766
124368297383085.6 88.15768194509118 13.935561623871529 0.1921014881763769 175.27517739384567 1.9647135933891808 0.0005705776188291557 0.008722870766095929
199356910420287.34 22.15487540095642 219.73223430923056 1.566221336126002 484.32786271137786 1.8699692187491532 0.00013020016425262883 0.0018360392660829467
80235220714957.03 89.78571737845566 145.32165011049895 -0.3961460504160057 223.48349067334533 1.55627314341044 0.00017016658340121766 0.007652869610142177
8592674661018599.0 6.684783238780206 2084.073027695969 1.628227163451507 359.4921298422604 2.091027333301553 0.0005000695165677374 0.006232602171414853
257307134058757.9 56.69405773143807 1150.9442150677078 1.6389130086164603 1087.507928659991 1.3685928845423092 0.0009905242806530505 0.008351506037905087
2.9335881098150396e+19 60.63935796979111 1059.8926304188717 1.9984075628214075 25.12693184568556 2.003341084662579 0.00011826843330664192 0.006375635457741917
3264224904709645.5 7.245535309677622 710.4951059504069 0.7032946658877116 45.16177535075405 1.7357429527151722 0.00019451305155413886 0.00865671527269924
112339473193696.66 88.28203129329555 45.09210510641921 0.8856054691661935 254.6442951969256 1.7096566730200962 0.00029636435332463666 0.009696265275794168
1.0696701577544466e+16 3.85085787841645 1942.0896880655014 0.6703093315109567 204.14542029549682 2.3529708584199907 0.0004385036171605192 0.0075418087569762635
2527427453418436.5 98.32332116348957 1213.4840532074984 1.8524992055261307 92.57771334756838 1.6814695377158424 0.0005458840949445817 0.008604154760315234
1403425205076957.5 9.0619593295721 341.83121195394176 1.4924668299637909 68.22158121462947 1.7239977496882866 0.0004723784826427432 0.006674664419804888
45855378855111.98 6.666255166617404 12.622678292828432 0.3965211474714728 26.087781019469293 1.6217662883698214 0.0002817623915192293 0.0016196514791767726
85992398299483.77 91.1327484223748 1365.5604271498617 0.47779616737162584 11.319894018505709 1.7770467620877732 0.00044815243665305085 0.0025821655895679886
3.6448448555480776e+16 2.143117854929301 1254.8617636491847 -0.2870871582634602 12.815122856161356 2.062576226254988 0.0004264701425393214 0.0005801169854280971
1.1006822382482243e+17 37.1002520527908 647.1947673669495 1.167336673407724 14.80709801779757 1.9040603473688478 0.00019659006518732818 0.003697911777201853
65387115908541.3 92.57549489255098 16.832242688250997 1.5200684713864172 80.10900611307909 1.923579647522598 0.00045674292281019073 0.00470640438093824
314277396188967.4 1.0561309576519093 11.176736482119543 0.5018600969196412 776.8962375457907 1.9517866570010236 0.0009845508199213195 0.00016206803809945807
9.392629802392188e+19 59.30558395789184 1597.0748893365594 1.8600854470899322 23.628184535655922 1.975499664184014 0.00011138318553067061 0.0047921832298762
100729281149313.16 71.26312843108212 51.017337008391216 -0.4777872662773536 114.36454110835102 1.9949668037188268 0.0004644310712412595 0.008597919411532477
876186125625119.9 13.061111982035257 42.829388236523776 -0.3455736821292319 12.935981038674793 2.078761216719655 0.0003903788390045324 0.003971418536604305
424493499812611.5 1.047445761297756 26.890483833271812 1.759123918118645 466.0667461054949 1.936380151638765 0.00010462815073628492 0.009704554843557214
48664435394666.99 95.65944485704625 15.90323140784387 0.9020744102742865 141.4485720402373 1.5895453886951072 0.0004255021770737741 0.006027049348050884
206225155090437.9 38.90734950862151 972.7691153241251 0.7631014260973379 300.27536022226064 1.799183301857279 0.000917519937341205 0.0036858797594418336
67480406214950.37 91.35962448483386 502.07164548246175 0.35099673998522607 212.39290378438457 1.5752576721607834 0.00022716292776734547 0.008533396278246062
37064013769444.79 26.39205106823556 375.53121156924567 -0.491740632780994 74.14197423969082 1.7911440753250234 0.00011692297645134924 0.006491459991073431
1.823388019710142e+18 0.43591971605503443 47.2089025540112 0.3159529629897701 30.50406323739647 2.0541678408540918 0.0001297312712236326 0.00042525658328291225
209840199581625.4 52.626958269684955 1036.6769596042272 1.2296518168938841 77.94745648209846 1.4625712112553722 0.0006901445779559342 0.009198114490746706
1103527184212759.8 3.587246551347775 26.192523309149852 -0.3860300311206055 84.82027377281133 2.0489195467174213 0.0004423981267176952 0.007293294305923761
236758134619876.5 65.92475183611373 739.3819125438857 1.9784496411267676 283.3775315397277 1.6606612390441264 0.0005384638801464523 0.007812408861161722
25546306093797.85 79.95258034955987 32.235649705789946 -0.100723620356535 10.363842312956598 2.021385723705119 0.00016351221248123447 0.0017684013638465433
109762691426517.11 39.67582920226569 2977.665661110425 0.13463726822612698 191.35838892481507 1.74939297663167 0.0005680950485634472 0.003330605612816156
210157719378903.56 45.71617225667015 1113.3302930478794 1.6417089484161398 952.749581440037 1.3214399958081522 0.0009620971538212999 0.007767361878495798
104420069149398.95 87.33475554916325 43.367422939472235 -0.46123296785853685 259.7657706212219 1.6242991647840286 0.0002368762154305051 0.006159628479688963
1315442457393841.0 37.90376986410931 405.5080036820082 1.1777269889198285 12.243127638673274 1.5447641082413879 0.0003175671837074746 0.001941054705325386
58103899506934.56 85.753802075264 115.85481885688202 0.09347239394871432 116.73406370185641 1.7754518788846916 0.0006508014927134848 0.008676857767972742
196368485102380.94 90.94821760899133 435.1318371757314 1.2643669953964392 538.5284353908486 1.7594173031411382 0.0001431684788578077 0.007105279671982283
63047889352270.84 18.459348725136337 77.86463282256904 -0.1964101333137691 12.236435581262134 1.885583273551498 0.0003384211057749238 0.0035007666107227838
799787004059892.4 31.322794691298924 157.69515157945568 1.1811746624178077 19.902081194411252 1.866742333821081 0.0007955199076166337 0.0015458608313606834
11865513341795.602 13.909923937313216 22.500626709336043 1.336647305828237 76.2506324563901 1.3922680832698986 0.0001507088212615931 0.0035273783152877033
4.072334435732334e+16 87.97774343812101 1645.022548575318 0.9616384888402734 11.597265594194287 1.97661682858814 0.0007507449987175424 0.00435815539011877
178403894325795.72 94.9510424151145 394.92711368480445 1.100753432419751 523.834040542642 1.7485418238674995 0.00016058884786366703 0.006720377099346871
596834620059114.5 8.935243199029486 2147.1027470803747 1.259114526575317 1703.6837681020447 1.7219653378079949 0.00026602599450596014 0.004492238148714408
41379440181745.88 44.51767651336546 1172.7019443428535 -0.3826735362572534 138.22045509959182 1.5278729021366098 0.00014475108889274647 0.0020149709709520293
487742151851324.1 15.420220111957226 26.799167626654985 0.055562162281580285 17.977384298784255 2.0894369843207894 0.00045153689308300875 0.0045229333971662355
5466586493663506.0 8.701248801575026 626.7963914322909 1.3508484128007718 70.2629000885187 1.7066505839264396 0.0009784080159228057 0.005025875355748978
40153601171412.445 42.87350159366861 78.77243820474976 -0.4650211184568507 28.84929697382343 1.969778074331377 0.0004054056488139447 0.0003503888077541484
83730950434667.67 93.26173913131964 25.357292432833752 1.6121394530680033 126.3185620207982 1.891075873187767 0.00032319926457026845 0.006899455718284177
10375957920803.117 8.485424295365377 48.94434348410292 1.3636946937369423 73.67967854098592 1.3995841820261947 0.00022551756595330733 0.0017403411058620434
27181471449414.938 33.8960593969539 62.24775949327326 -0.15495274675037035 22.863184205589835 1.8696162950317852 0.0004096697011923787 0.000298400032252533
80836536725019.31 44.02974298173607 30.670392615876175 0.42028102494148445 363.8561492440392 1.2400737862165545 0.00028107522573560066 0.0024886376553515882
1.0291891601271248e+16 76.29625641027154 220.01195461236028 1.3685227245182963 10.740345651287804 1.9508198314410568 0.0007603498791974566 0.009977229919325451
48191543930992.52 79.48234603197457 149.25975425439654 -0.4868574192333015 70.62755577911997 1.6058590812430076 0.0005723188341688899 0.0007292516329705824
2729538972810429.5 99.48745770994549 1293.185744321955 1.8483945659245888 91.66093898705485 1.6810029817267027 0.0005444756672913229 0.008675372821540564
309489373087528.94 70.88379594114326 70.56510092046786 1.4251218226928217 10.550372542242918 1.8783085994784021 0.0003986845823555949 0.008719804780047661
953014248311195.1 37.499772135818176 126.37507264678192 1.1659582163905235 17.222349904105865 1.9496433585310378 0.00037037376236809054 0.0015519685950632703
195537364254451.4 5.132784461645684 127.81543024170274 0.3007982479720773 176.96950291076442 1.9273916553776576 0.000856925484868163 0.0010920001345680079
51495231120363.305 9.317312238144282 378.28989601676636 -0.3273867351791928 180.3535099149762 1.506677039638462 0.00012850006875650524 0.0037558375634185364
166133166079120.16 2.2001041946173654 40.247517517968085 0.2866473412613433 740.6781707317353 1.4119998415531685 0.0005069313306867496 0.008362436286240643
1430425003022347.8 30.434148517171312 2694.549853505203 1.9649444002724938 1890.8474067866764 2.630347815278829 0.0009242986450848265 0.0064463338308878414
484611888323257.8 44.588531513701554 742.5140434283912 1.6471885022539419 156.24155522565826 1.80210924721034 0.00015684192853630284 0.004066911832804085
90644461396421.28 76.66175024965975 13.074441236340654 -0.12088151817110848 142.69608397865122 1.8820463047291658 0.0005818944668165188 0.007676790274605076
1.4189440626843845e+17 32.296682312667585 495.3700236217387 1.91040127881964 40.991507865572096 2.0497411045404887 0.0006034192718515783 0.004805103624053151
17377678611255.742 6.248413707052997 63.728107272670286 1.2630044081571015 112.17007198508381 1.4164651423490413 0.0002426464029176676 0.002578972065435235
261972936022046.9 78.81970018811583 706.9365600340872 1.6321658113862076 381.32051597661297 1.9631597156302072 0.0009422986638492985 0.0006039261925878546
978008900661361.5 32.04411674582643 420.5495243472706 1.181739782069366 16.875872109256104 1.5760698751608533 0.0003475720490547092 0.00147467966640474
23075112850894.418 7.568238332473868 41.41913153921709 1.7107681062203637 121.49277494163746 1.430913310006904 0.0001245686379069708 0.0022998961778588614
30699348096537.42 6.127970168322189 613.0989495494894 -0.4226124124991981 176.97575151030753 1.40768112391032 0.000119881674068475 0.0026567978881735198
70546642979731.45 77.78437849101637 56.998893580266376 0.7097966643517795 126.3028723125791 1.830344559674004 0.0004610293814931133 0.0006358476967285023
52936416098552.87 70.8176841670832 496.2855984899073 -0.2779927930753544 137.35915657114361 1.542598798261257 0.0002472002089833792 0.00397995870505299
614736551136301.8 33.37069250363222 637.62419586251 1.7596841160358043 126.97179094813728 1.7581279826072758 0.0008645728979617504 0.0002161572817095253
120533110877659.12 70.66501311897345 92.65301724728428 -0.3725307972942611 149.43530198993614 1.9488358614345662 0.00040723599186417216 0.009493085134929295
232881423310898.84 63.54453753806696 1159.398348530287 0.9491141979394253 170.14595313792057 1.7319129735153171 0.0007808135429240173 0.009362105272712664
86291526576361.05 93.42766812604854 15.105040854608603 0.039063981996701136 138.29995021730312 1.8792157705188661 0.00034359660439228735 0.008921124692104954
46728915007819.88 33.02685801485417 512.9140853943752 -0.40089204076881835 90.10510587211397 1.8161627181715003 0.00045559765624445225 0.007044595632700426
7760533097463577.0 7.867173098740722 724.5800851023225 0.6917958535950639 29.019104417071798 1.7206320351509472 0.00026384843582113933 0.009703912533080205
26026100435857.51 96.28757522030907 11.065641683651418 -0.3464614549762657 13.861188269329308 1.9909066511959956 0.0002309564096234366 0.0034324397148756784
913944425106727.4 30.2737584392713 160.22173550889718 1.2501731679387866 21.005112390345 1.8675940830968263 0.0006872618378636183 0.001826973483128702
59384972329235.59 81.912076604613 27.428018606041427 -0.24572072047131638 62.50786515027307 1.9904264795054203 0.000845742318609542 0.0010563425433108631
6.865497480301123e+17 89.64316224010904 2057.9940606450064 1.9745132010266604 44.80672292447564 1.862070961288967 0.00060956219848114 0.007863316262250413
1069557840842125.2 6.718436214722942 338.11820036704256 1.3775030535998012 83.00793379333187 1.7393259499568943 0.000537225739760985 0.006824941872034372
281798280821281.3 3.260103180044645 56.88955536375364 1.2837777991071753 1628.699895896512 1.2387102714382077 0.0004250990958731165 0.0059876071806983875
172507060485384.72 30.033910664217707 2189.996930188562 0.3123125827131792 246.49597458534586 1.7703858097939105 0.00042852021462306964 0.004398141720598969
172268573043160.12 60.08963683624558 869.9341254028795 1.0691528363376321 105.07444873788289 1.6551908219411977 0.0007830249485009337 0.009035563320816998
6867516043644311.0 5.285514604321866 298.72911918127613 0.3613377979225141 30.043883749370178 1.9220527444608415 0.00011883389879434481 0.0003055001854218916
178484348537465.28 5.423922386647289 108.69163106239372 0.25674294948605914 168.48774180267736 1.922941310968206 0.0008074782376969823 0.0013616070611758312
5.2481048353114104e+16 0.13030723561143276 273.3472784272758 -0.22805137733461844 67.00150199061196 1.8711498102013477 0.000752531391854116 0.0010525332010751307
22931704453213.844 87.63773930745272 947.264933244612 -0.09549806129241567 49.19330006095859 1.7836286283537577 0.00013629931677624824 0.006996266646806213
2.4806638217652874e+18 0.4184892103234404 39.02953939406537 0.35728849671819074 29.67726142928375 2.0662690921910114 0.00011361625098756788 0.00034722813721662314
351827739003151.8 61.949997815901526 1001.0366620844349 1.681823261791319 709.0913679103677 1.8999206775112052 0.0006270600057915066 0.0019143948401411197
152879805788005.88 61.17728956334211 565.3989406762112 0.7971088100598802 278.09189385738364 1.8718131470398143 0.0005512716226277822 0.006165799866682213
106936988269513.12 40.62347280493167 1916.5260770419286 0.027585839314309468 181.18469805835926 1.8435230503977773 0.000718964075163716 0.009666302974200658
9460203678316968.0 76.01242283991803 224.43591902552367 1.340960275799734 11.03203910242428 1.953102589537057 0.0007566527078943182 0.009894132088139801
113712456086148.64 83.0678689730613 336.3556243742081 1.749352999641728 108.71276213091144 1.7189206895045264 0.000524681121620088 0.009235898365904945
1.1059448996657226e+18 91.36252235817841 2412.770599895177 1.9875089275903928 55.466725034175774 1.9995187865427964 0.000730078489561926 0.007664849572805477
1249022355127244.0 12.695066508006544 2520.06048521455 1.0872368773858214 484.32033606092295 2.051520241855644 0.00011156583697591779 0.0037630916658188823
447923212980989.9 36.39014230038015 323.4357235992014 1.1066733845983194 15.179618346799648 1.6098049371007062 0.0002724573322743592 0.0016915359078907466
1.1414925332726062e+16 74.23399520879063 222.56404092247084 1.3226713071114586 11.580042421251537 2.0087092212754425 0.0008112890017362777 0.00994859896595138
215814038117838.94 38.23322890222832 1056.1396157473225 0.9540211757409578 374.86397272406896 1.7554107831059909 0.0008568138758621181 0.0021506257583427985
1.0457288918019106e+16 3.5069149770159447 1970.7942707421703 0.5720203075234199 194.6188839317728 2.3392946290458756 0.0004844721243116144 0.007760561158296304
18849190927692.715 23.856629224243378 21.30281978491242 -0.3832045964407018 10.034546672161957 1.7801181939061692 0.0002902173532988807 0.003641499493655427
41958196289883.3 54.459690591133594 928.4155865059832 -0.24656605717932956 84.1388682372327 1.832136933070511 0.00042372399586836253 0.008429809791790234
256853118493067.78 41.94994015446855 971.0488088562724 1.6823829270629276 1089.0755522672086 1.4774536633876516 0.0008948829602725574 0.008831049715782817
40325039416975.17 62.29874767312786 535.291612756589 -0.43164357502270034 83.8875704778169 1.6625656185304152 0.0008412042077355932 0.00042777736438653034
106439388962931.31 76.18064473407611 143.5923235466377 -0.3563993148041611 314.3444949584555 1.5229425343540677 0.00022555758018238936 0.00781876259049293
1606898216743241.5 9.821413630553266 245.70903948245552 1.781792787625904 42.5955141146092 1.5343543012971526 0.0005715719948525922 0.00972653741728615
34676299372148.074 52.230788227729 10.344404976684261 1.767242902717535 82.69494155735272 1.7156877962137105 0.00031095378336463763 0.005316664832959875
141213950166078.4 43.60064514078228 739.332142874015 1.475522253871966 626.1383166834305 1.4102604538687344 0.0009062476689387178 0.006770362760716954
29085547284643.918 96.6260221566204 16.997276572051753 -0.28873892575411986 19.671373385419145 1.9765346637065637 0.0002050269710387121 0.0032011530012984258
337661217671963.7 62.897214215453424 995.0739454287257 1.7258648286192428 710.59260954401 1.9158242821251166 0.0006652960068135759 0.0019361389903238546
257650305346009.25 71.84069690048187 83.60981690424133 1.4285079063264918 13.556634181477222 1.8941267395057013 0.0003864268666357434 0.008920575480937873
26992853178004.258 45.86306456683564 565.6978933564876 -0.40549848416077455 64.14114019956494 1.7819060651401406 0.0005803021297327559 0.0002638539146225978
2.1242226304124515e+17 34.70647372560015 2859.0347887191147 1.8036120945271206 76.79773703796427 1.6858845366031168 0.0007388187319373496 0.005839879497398486
21097302944449.543 44.91284362257148 22.915512072237252 0.12385223615068025 11.926689920968366 1.8943065583924947 0.00029992262318499514 0.0006788490642427019
2.272876394447524e+18 0.7691283722603846 46.5056624619775 0.3415418011228618 24.39018667803715 2.0716983085829215 0.00010948862072663683 0.00044667352027935657
55222163624226.76 83.15480088625304 1685.5106059781413 0.11263431088338169 76.43709842141114 1.799746910212901 0.00011311352616331604 0.00691161390373606
333527689045901.3 1.3922072868449709 22.815367566954254 0.3381107753214718 1289.4453190676863 1.9917766155335348 0.00015689978983059554 0.00880002798877108
1.0826265788460282e+16 73.29412447080976 225.67988457215952 1.331976643307216 11.275963933181389 1.9882804427679606 0.0007792180312164371 0.009998959542545507
286159425626742.75 51.63965245041685 771.8159928477462 1.3253269414190578 291.41606978499897 1.939991122996872 0.00023675068069249728 0.0052038287809661144
217368149397918.56 24.322153934057035 2950.1220466178643 0.3256423686915636 266.79186218118025 1.7809739680678223 0.00040476354429174453 0.004504570012659322
913931897565937.0 8.409960632882779 204.58498079468015 1.779619546744017 40.73625466399651 1.5007223792000546 0.0005888614738189116 0.00989530555541265
97331229647511.1 17.332886810425514 264.9069559031916 0.16241984374363078 409.48690213896447 1.3601036746744046 0.00033669576851041587 0.0027832401285829934
66358916062659.65 69.97213903839105 18.244520761508838 1.0458079094663786 226.95823112665354 1.4970098806966685 0.0008769280629298964 0.00610323192156561
5.87979316081373e+18 0.1446746724886594 306.0170367343311 1.9410734833849599 95.33419788957688 1.8894085494690604 0.00016901242230397444 0.006429032574445276
46329924024738.64 69.52678265529266 1429.647151046905 -0.03061162830217401 88.21133517276041 1.775514041819956 0.00023469309580006014 0.0001144025045543215
37770002643159.8 34.466886242111165 1289.554389753979 -0.3169246770574272 146.43733944297665 1.521715023974342 0.00012673665847744728 0.003446998895846318
335642154071390.8 29.297171677600822 2000.7488604081477 1.3026743686603977 422.0281876564681 1.3239160352781114 0.0005655760085352023 0.004069353431751761
166154754625404.06 95.61539187401529 442.47561484478143 1.1208275221419872 475.4974293655033 1.788717394676147 0.00014820127353616994 0.00755294545256014
80490824624510.42 94.15461529401145 58.209606986128406 0.9695012089635027 189.16024172718747 1.6726467363532223 0.0003022235422218084 0.008421368635057503
1.7268401599337942e+17 46.38829129716597 581.8125928521216 1.1216028442321162 10.20841826248548 1.9039336219539131 0.00014693141937754958 0.003013971952225902
1164885130294580.2 12.419465129786886 2441.432877012343 1.0245630781227106 439.76376266962444 2.0500627116570453 0.0001153968116619224 0.004006858353031663
115460045974642.95 39.19415119575799 352.7102165186644 1.1134507592243084 323.8409953316722 1.7760238275342375 0.00015610731668901884 0.0005749870744845773
48306032205805.9 28.721030408816674 1495.2529675750084 -0.3697162679198418 116.76376096344143 1.8942647771261212 0.0007491044240677642 0.0079874620381711
10388650344730.95 86.03057833859457 54.02504417649701 1.8157270922303523 67.60905835565843 1.581871710272016 0.0008764054217268983 0.009348867705636556
2.8588511852706424e+16 22.00891899649723 399.8368523570293 1.5823400367404037 45.29158384895614 2.100569730752681 0.000730400734368357 0.0061794714819040746
56415825384082.92 91.1006023019846 21.02899820554505 0.8329948274845381 153.0939745641958 1.5990221558257391 0.0004707425344934167 0.005734534086057461
21785268212471.168 6.103775225878968 35.99433177957773 1.9247329726788855 97.02414597742964 1.4461686445676247 0.00011471524222014028 0.0012913053902678874
88897607708436.67 20.253475503878686 59.246355896123326 -0.4000227633704422 420.06361620758685 1.2681572020542748 0.0003263341020843676 0.0029238097425659817
46067944188557.95 56.55003450561617 1160.9715734940564 -0.2690345421807987 118.67315495084749 1.7233984061654744 0.00020642749961748 0.0009117856928247968
26774892449344.71 68.04246016434512 19.011450602071136 0.17904318091231175 40.99680595561497 1.842396980787535 0.0001106926835574733 0.008431744448851405
5.983304499004508e+16 92.17608592055832 2102.1482962762293 1.0306244423982953 17.03652700777996 2.060459524767101 0.0009731046958868947 0.004942118690106174
21409395996559.75 42.032720019576985 19.574405637610933 -0.16202219755704528 55.98920275448737 1.6959691878535874 0.00045819923687589326 0.009689551823756418
88114520416476.08 47.727014948017406 556.0403241114708 -0.3455979958462761 130.31207618558312 1.8554154893618833 0.0009484394190026432 0.0010938877375188262
452290720944982.94 1.2470404393937002 440.49090726907224 1.7208734789987459 1179.3340447330036 2.4458517401909714 0.00029167468797235276 0.006170767886949851
28633099736006.75 17.96192084770833 26.12395495271287 0.8016364870766666 80.2880453109694 1.620462929261136 0.00015645668956960288 0.009596775692722014
30699348096537.42 6.127970168322189 613.0989495494894 -0.4226124124991981 176.97575151030753 1.40768112391032 0.000119881674068475 0.0026567978881735198
44587262756490.516 63.29650304914467 57.52136508023396 -0.30900887065290705 178.4782631579756 1.482603707466801 0.00036773452891654754 0.00784051150777341
5.87979316081373e+18 0.1446746724886594 306.0170367343311 1.9410734833849599 95.33419788957688 1.8894085494690604 0.00016901242230397444 0.006429032574445276
38925143163166.516 29.57598819132057 65.71278024713747 -0.14537452843594256 27.16755816150676 1.8846134296019792 0.0004406938237949128 0.0004909602752795118
7.387265383804214e+17 83.35181524578357 2327.361525771661 1.8631291155052312 43.71926925045096 1.882277914485183 0.00022946417768633962 0.009569127219607286
68080169314625.055 93.86209223163698 16.98703436221883 -0.3210076639511088 78.15139393371759 1.9569583122940752 0.0008543723633615822 0.00981638113796657
240002066469206.8 2.3549288051403696 21.959808170529374 0.3666827936514041 655.9269960142373 1.8096647653878108 0.000977212899744679 0.001002987448524526
4634861231308551.0 8.742532875963605 537.220684180947 1.4319640714009854 69.86973747650399 1.7042037071432787 0.000985977455559157 0.004534678157688636
142434737271653.7 70.137801289079 62.848230424332776 1.4287904196417585 12.911825947206738 1.8734548104767768 0.0003534390349548506 0.009522036970504587
127792442992349.52 28.6911503998101 889.1106297965433 0.8097780490183049 321.9901200658868 1.5974077084891198 0.0004929258932458165 0.0033637437889817465
17642081283011.777 38.73812108626615 31.376214175531018 -0.17117360097525414 26.78365070306653 1.7452507950134766 0.0007701001863738532 0.009732116892793772
72633745444869.88 67.3212908233647 48.76797916922839 0.5053726395988937 123.22956668508981 1.8287025107834565 0.00041471967093564626 7.528586555447143e-05
344393508364525.3 53.543785375916016 1013.2475764808736 1.8005153566497505 883.9776272250416 1.8537319038720965 0.000586875757560592 0.0017249879688333663
110881834471321.17 16.56993522967008 10.577928112986248 -0.45750993127659056 114.43482955963829 1.9645162957114857 0.0002701315928722894 0.00284647180409319
35285634901965.27 77.1079824401944 523.8802508878848 -0.4159774267489662 67.88598997848213 1.763485793712726 0.00015283673168127077 0.000685005184517252
32756319654407.844 68.85816679007382 12.518241818515213 -0.1334857674682204 33.55475812268885 1.920436626841832 0.00018674538560146673 0.007559259441208686
7863163126253147.0 8.23372204786501 642.7291200572653 1.4222232495859979 77.87897613596948 1.7247380766186704 0.0007014823926825117 0.00511049483052534
883470082442226.4 14.739059967763794 37.753909257519894 -0.3911068791870065 11.26795926891081 2.090495655604501 0.0003708259704851879 0.004247594910989916
219252930649313.8 49.11864830976248 559.6210785599272 1.3360195395611063 115.13569865910426 1.7751488515357599 0.00018574532578344665 0.004295962742585437
121744995352971.6 63.04646962878384 21.658671185406156 1.0921475639798304 156.29756411570327 2.0015248923905737 0.00045556406305468836 0.009096077034801517
53283793420897.49 11.734437504476432 10.212374759705385 1.1855562359083769 111.97407332144792 1.6994488219602513 0.00010495185386333304 0.009911250827786757
457025767516602.9 32.50777276077111 352.66517176058915 1.2329370941346736 20.589215374852415 1.5548347289262143 0.0002993630840438053 0.001313252786104127
7637553159808116.0 7.687843734483508 723.0929250682173 0.6913855210351534 28.988739161879447 1.7189363368464525 0.00026422229277851095 0.009706589955278379
1168688755663782.0 25.82507648316267 1615.038248257337 1.6035321312839692 297.10823861172605 1.794774844698973 0.00039922300981757414 0.005869143581218835
39890931312800.05 7.436177805326549 13.847661645647277 0.42791882099115974 23.871243192764734 1.6265262966149792 0.0002687997911170569 0.0017033884138542743
55188888262623.74 13.313931481862099 1809.114947422187 -0.3427540426852593 185.38078955505716 1.7587609155511146 0.00011049341136680503 0.003270771566677394
67661360382015.92 22.75479247139537 1259.8306722266752 -0.3886188690533489 171.7224940733981 1.771876018209268 0.0006946053862276792 0.008063393852917123
1326306180133555.8 27.056767552320586 111.0123921028391 1.270841970383417 15.19351180276218 1.838117471582453 0.0008614926114865961 0.0012303251822183316
158694422518845.06 35.83391622103528 227.52591752647365 1.461274458933646 78.32386716399368 1.9051050293751197 0.0007093867722311499 0.0021511248386104874
79575833245945.12 14.809953239014092 97.15934424026767 0.23969003460185145 217.42906753875656 1.5765092883090839 0.00037346329401695405 0.007478808659051618
44992378929615.664 60.566423883540054 495.79261739056534 -0.0018956652313309452 82.02991989070439 1.8127897772438888 0.0001518705504259657 0.00029046769560228734
35457875750280.85 64.6766971531011 1169.8962088894677 -0.4164232274669146 86.23691192087834 1.7339814026206748 0.00022070153943685913 7.915673836140363e-05
46596064331171.66 3.5562990816159328 1321.969481073893 0.004058769106102839 192.7935302904669 1.435613662385776 0.0003246798165642208 0.0029479289469179107
1249022355127244.0 12.695066508006544 2520.06048521455 1.0872368773858214 484.32033606092295 2.051520241855644 0.00011156583697591779 0.0037630916658188823
87485848932708.05 85.526137971431 293.28234515247675 1.8457169735584558 127.38041038638589 1.7267374969034692 0.0005032401716698194 0.00807516576389186
113525057260498.47 72.45250729279256 79.62294480396646 0.21178795284321278 232.6909721100322 1.7416334410696506 0.0004518774393294866 0.002653210404714766
673573990953973.8 28.52890515599651 706.689153637413 1.7924260479302867 126.85588727144338 1.7040654912386013 0.0009171504510963706 0.0007126730179278515
5.78274321596971e+18 0.12712583759211693 305.04315738073683 1.947177568406541 96.9750842220339 1.8940886897217868 0.000167574416271403 0.0064276509330651824
276494720779639.38 79.3104894451471 703.2189829552353 1.6931548095586488 398.9511717942649 1.9680620250102814 0.0009879697953213426 0.0005568685300303368
343583693324661.9 33.15357664395535 1500.9782541423178 1.370831468970247 1114.533322700413 1.412026257863988 0.0009901121351171029 0.008834958909506795
228007807278855.8 71.93685770278496 83.10917516692292 1.372615830189115 13.055129857308335 1.8874758095860813 0.000370987529782388 0.009152376823068877
721433651556471.5 30.74360503622225 1563.7893859538724 1.2071797536742244 207.36858960660396 1.7939140601806969 0.0004997770638477204 0.006291771854846513
36808279468380.11 53.08989060471046 1412.6881384839642 -0.1718992600141973 79.6630425141822 1.813895194104652 0.00017823683130110244 0.009120892906490593
52258844034687.26 25.227862881984976 12.93514765667101 0.040758983668452986 85.5327335953288 1.8285667884697 0.0005322792026110438 0.008804093487345227
25839945902018.15 21.286348746986846 38.023498850618715 -0.07192729919453722 35.18246275257209 1.7523961881967904 0.0006233226547228152 0.009556013284232528
62493523600302.945 98.32554188678817 296.5674015216765 0.1282400826117076 80.22494082820891 1.9119537054969056 0.000549002825072514 0.0002523994564287051
857510617868000.5 24.492376013477795 1234.775222302317 1.9062553192468692 366.19126811470204 1.8044217002008296 0.0005009850393899337 0.006127428874525117
4.174046281417116e+17 87.75750408393814 1636.0761948334093 1.9729919469502826 42.22625200333643 1.8819872803857296 0.0005514252396896148 0.007920565299330811
211636770727763.06 13.915114644155572 1446.4591009724343 0.16126055204748685 267.7861112428229 1.992919373624444 0.0006153238584809667 0.0037190225548377406
2116800990600165.0 10.580275373873283 258.31494368402053 1.8347874508476227 42.34351711410351 1.528800906270402 0.0005451022398670963 0.009953061507712828
1.1906931101567978e+16 6.974015812249746 2837.260044163878 1.728310709377178 471.33953847651037 2.1414832936615738 0.00042710683734285316 0.006193228617074505
1074416815694299.0 35.8063732981266 2153.631729115853 1.8382778190523428 1302.4395789424075 2.4946626897747954 0.0008464392515267296 0.0054195023703577285
83176086755515.61 94.651015984332 172.72511454178564 -0.2816864297733721 182.857400894835 1.5607952919770085 0.00014785969972087946 0.008266140997355061
37577561357411.23 11.44788933661328 17.577556418861086 1.5042372834628706 86.494105617999 1.65011669796268 0.0001766682119572781 0.009514846992082873
45242457395408.62 24.280719907642606 615.3547792372258 -0.45055376484195575 94.49371670795519 1.8529239219071367 0.0006808598248933523 0.00853510992546643
978951885844821.9 28.586911370560436 1316.307820958148 1.534028106491148 230.555090734164 1.7793784510660975 0.00047392652228906546 0.006453891193907042
51231575045710.27 71.76267546029143 31.975033744726865 0.2216619015395933 189.7722926028749 1.4166839539543523 0.00029728602170206296 0.0012916188453248982
1043846591260064.6 38.11308198583001 119.40375070856776 1.2001836497838416 16.635999065916995 1.959552498801873 0.00038642324318520835 0.0014551747224454993
46586096118629.61 35.0850204894426 1211.322104406294 -0.3247715678015686 104.78749396972214 1.8791833817550412 0.0007755887834203898 0.009334542925583682
1021952452964863.1 97.75102982745867 1346.5016148493628 1.631710956204853 122.86080738802563 1.649509217398788 0.0005948997146953569 0.008738424995059068
293489219619899.8 56.1034720590025 1595.446339044753 0.9737158283187686 320.18630053065283 1.605318123379094 0.00010685170366001 0.0055173194450734535
302282476924992.4 28.951999512277773 2059.3242448179476 1.2541333455651944 424.64673911098123 1.3371058849316348 0.000564567905287544 0.004073312338346415
7328960667588534.0 6.576395252231187 699.2741848027136 1.21050234938406 93.76364360231717 1.822582104156231 0.0006182478825327035 0.005583780103841167
131477827440601.36 6.082848390282319 10.179058563365102 0.6994822580448107 35.01907758930285 1.745208348887829 0.0003460700369182859 0.001610166843596588
355739824893769.06 3.4918915670119475 22.3437115517854 0.47022917633118216 1626.4242223226634 1.861122949487658 0.000219351941210231 0.0069639796037793055
20637901890723.875 44.12707338235079 1526.3277037548353 -0.31475032770372824 103.98122408626612 1.536735635471828 0.0009159300376845702 0.003912003170059701
68504266241283.914 75.51707534435664 60.643385037202094 -0.250048560552685 126.71161792909088 1.7852156480619379 0.00035504094133328003 0.008181274221004103
37306378671486.555 20.31226562969632 535.4015817779 -0.09823526376132996 168.6427196177743 1.476730001960118 0.0003705316353849218 0.001634528848039201
52163717628986.484 97.95716941371319 24.927449752579516 1.0604592669983086 120.69264957440778 1.696584173193876 0.0004949588287815556 0.0063667798246901
336183587758652.94 0.3963465724155353 14.627508963533412 0.586280324416563 843.0391746005735 1.9768163614793788 0.0009225238351993913 0.0003135471419236117
58640129991988.195 96.72002868422587 353.6622360120135 0.2112679767500621 78.46099268419901 1.8799204946345685 0.0005344975866385292 0.00035247747552047057
25681573768701.33 67.45781622722633 1391.6715792040784 -0.44029835228288716 65.31716935189772 1.850965137568863 0.00021636820122557465 0.0036030105060474472
438704849509938.06 1.1760036100339952 25.64968803707678 1.5208213131428467 393.30066562622653 1.9630214707869182 0.00012205481926990655 0.009549958006869507
122621912705357.77 91.12543096751932 13.222220588114862 0.19549059322928763 168.00621591491858 1.9700554700268809 0.000449732911895955 0.009967643878448227
13928400595839.916 8.79929296825189 29.17481047662381 1.7561481269247468 102.54521761691251 1.3818467682270064 0.00011779714305616687 0.0016058497459201337
86767783616686.0 83.23856955528612 22.013374950241023 1.946499368188235 117.05019012016159 1.8611768696207822 0.0004855549654308818 0.009805891887919181
45758985466761.17 72.20574676001833 18.0875299735352 -0.1080732319898039 108.59129008459797 1.70326228918355 0.0009701648118139695 0.0009049650257131636
41177241934859.79 67.4766012170483 51.03007005527476 0.3177429973347603 161.80773352927446 1.453363412376347 0.0002609303459087045 0.0005130812324143433
10667879013515.781 26.45616813030393 35.16202062089785 -0.37004200049205704 26.553255562885205 1.6290809456839113 0.0007799852267896269 0.009596683821064713
54515228645610.74 44.43317671217 14.729609682580493 -0.46797676865998605 29.299226990554985 2.0099926666468786 0.0008602338771760432 0.00012862162979617765
181973038865266.72 4.97623413641945 208.01768221955533 -0.1727487162058663 98.58732662267778 1.88213968711893 0.0009480878645094842 0.0006236110307460303
40760450285643.67 6.6874098007565665 11.835821024024575 0.37659318081100646 27.71847361066917 1.6194783562200012 0.00028314988214011216 0.0017223466100140714
1.0031237836152576e+18 95.24808686374902 2976.598522763329 1.9638153667084697 51.99535138510895 1.8434936172460754 0.000824146605895027 0.007777280972435781
223417843015665.06 25.0779161192241 56.691796977011734 1.8444736435476377 22.122575381087767 1.8613612843059042 0.0009624284253769778 0.0012303789514838386
76016753790492.08 98.5882078187338 21.236671503527237 0.5703495716278824 156.78705287599288 1.7158170419689853 0.00022833974591059635 0.005677046912074641
33335511628173.1 23.596771079021295 37.156249849176774 0.06451849692904088 47.03248202489692 1.7884888099764955 0.0004708618556262012 0.009334880382755189
343324778753088.2 47.81259102847638 632.4203560974707 1.3166698368183847 112.11832129664597 1.845044213765393 0.00012636796352143414 0.004635003487717638
866529976001905.5 14.999175863180486 37.50159820634414 -0.3987678161514385 10.91003301662036 2.0945707721398765 0.0003740990262609409 0.004185010283821946
354224555143100.44 0.6084533893840214 17.522687060523214 0.5912195776564336 1031.571095608915 2.001542886716916 0.00075743713936472 0.0017391601529730656
1430425003022347.8 30.434148517171312 2694.549853505203 1.9649444002724938 1890.8474067866764 2.630347815278829 0.0009242986450848265 0.0064463338308878414
1.2749771822011642e+17 27.14200244535585 1271.1685170889368 1.2622491158458882 25.665483682172372 1.7770390629894242 0.00012538203586213826 0.006680347861248097
25546306093797.85 79.95258034955987 32.235649705789946 -0.100723620356535 10.363842312956598 2.021385723705119 0.00016351221248123447 0.0017684013638465433
4.054398132998824e+16 92.52164255289055 1885.9114096089218 1.008703466821438 19.13703403425582 2.1227767571328653 0.000979027539543676 0.004878378360666396
122437218147079.17 87.35043447370667 36.53504377055077 -0.3466177371854636 282.5380067778929 1.6439480611747264 0.0002322651653751096 0.006135884397551872
121141221423808.4 40.42237384890128 43.59487611638193 0.2087484702598139 473.2586219036151 1.2549264492583052 0.0003677322593778745 0.003239406865688579
107714500980117.06 73.27827174838131 11.174246943993086 1.9895261874873245 152.3961659198932 1.9559053608206953 0.00043354461910067677 0.00934619400208448
920775048581371.2 33.208197779535745 139.38653475967647 1.1339047813596477 18.815606271118973 1.9340742347404987 0.00032614569498207635 0.0007912433923064769
38963225481815.88 76.66230195649693 1965.173068530265 -0.26652845034172445 103.05496327518753 1.760888384335201 0.0006063573299538688 0.0006797417850348108
51601721307078.88 60.16427401957665 25.723772525334315 1.6030349139123143 181.9503240072464 1.4900566676672617 0.00020875613965427596 0.003243353761116994
25609471473697.277 83.57710502607175 10.006561969471164 -0.46402092782833165 58.55936934857723 1.6951520384875791 0.00021007027260223926 0.0039847830384181476
87751310236913.94 73.19060839323797 114.20684265249503 -0.3008573635656535 114.62837036268024 1.8362576319933335 0.0009802005020622326 0.005362517413152966
266219716097369.8 56.19507513493886 1170.5218280434622 1.64570743344728 1100.4696315347499 1.393341271865411 0.0009897384747666665 0.00831715794840468
39280688537645.07 42.125400802937115 927.2972159553939 -0.39586214670703745 138.00564696962286 1.533575151522974 0.0001589792091949463 0.0018336966904924784
73783592399547.88 99.45757727310246 27.75753524360648 0.3292926933091662 150.5736283397546 1.7233042031269155 0.00042036785863066385 0.0037957052636052027
19706590062466.77 7.199913357627654 47.28919565380716 1.7914748814192365 107.2498151507684 1.4439651304247625 0.00011267255080627466 0.0021492579507716323
32100201691728.258 76.04930363678895 1581.0214846799154 -0.01862586759738316 67.67853270730103 1.764853522988077 0.00012000476085485426 0.006337040851463726
70180956693076.805 29.896695949571125 30.63533145512733 -0.042620343641948714 110.5441696214145 1.8672782615486447 0.0006741047878686554 0.007848117527724588
34554464736670.918 52.97446691738213 15.851819876079462 0.052905295766822014 61.891864534928224 1.80180629056927 0.0004866376323792669 0.008763788156095555
89343326945403.17 56.40516653207666 16.987452661164856 0.2924531211288366 241.9462911995975 1.5842952992817068 0.0006959268731214178 0.0005718224033500622
83109437015134.34 17.039808241965886 12.999831461685245 -0.45289898078344015 82.61733084126435 1.9300594625901528 0.0002796204987041422 0.003088859963489184
96378739311713.28 70.28320085724795 670.5714327483466 0.3770045162442961 230.40533232126234 1.642138415439922 0.00015669469151277464 0.00796254466417165
26011311180988.44 57.968752124950825 892.0480355936256 0.3909911867778761 125.49642903540159 1.325971111040701 0.00010848289955187232 0.004366916189707074
12037879103482.734 7.460490396583957 254.79795894876955 -0.36341534049542856 38.345845830414426 1.578858167064255 0.00016599457752425852 0.004206262150733135
2038301315598833.0 10.919154593643896 228.9340517612788 1.83437677567473 34.814962571673426 1.503871161334517 0.000550500611011684 0.009885252003189989
236419848749488.28 63.35974116370592 1245.9452490965953 0.9300681033229373 175.6297493212602 1.7312858903472448 0.0007880151250771369 0.009449039391222287
538199176451141.7 4.0075108413613805 11.161546095098618 -0.43942364479474993 126.67894813548088 2.0501704944053767 0.000548206475494557 0.007710951096793896
579256945176113.8 32.26879084682112 125.44599421695754 1.1800826484572435 16.424965459048376 1.8406980268573463 0.000841964685823482 0.0015289752888988034
2.4806638217652874e+18 0.4184892103234404 39.02953939406537 0.35728849671819074 29.67726142928375 2.0662690921910114 0.00011361625098756788 0.00034722813721662314
1.8809311737665523e+18 0.5157257040817746 46.96558477830161 0.33325370411800004 29.94762449469624 2.0507163764757803 0.00012657461445083446 0.0005098296542870516
20618930368576.67 22.336031724295026 21.763365374375905 -0.36099889704001487 10.07117600167628 1.7782300650988012 0.0002899149813897137 0.0036746115438642058
271639058304475.4 74.91669062972198 2189.1688710438525 0.6578812894397104 156.19488540591846 1.7606358577594912 0.0005402448664874576 0.004721985720504534
54420596223352.484 78.93165885811793 1481.8725745975216 0.14258508972529071 66.05181715860803 1.8274620974256388 0.00010438873062875672 0.007563002369653087
202408013562662.56 45.45365890439593 1040.6925818950879 1.4795351987426866 877.5719895986815 1.3815455581259553 0.0009440567603709053 0.006781736935084396
123101225979101.25 22.200939389665464 428.08522538762 1.2818109184428734 319.6671498929304 1.7098543523840617 0.0005414156802639391 0.009628431463752701
961084159082241.5 12.56707015307353 2251.0859580482856 1.0137201588412528 473.48731975854764 2.033588237185354 0.0001103637369908235 0.003367685851814101
84925737062380.52 69.1433018730803 62.60251211540054 -0.31103186390569326 128.80000920193186 1.9054251154409338 0.0008782473364822052 0.005028450678688318
268620250708712.84 71.06588712692859 66.84361999932538 1.415517777940656 10.51417013060248 1.8755304626656872 0.0004007394013688244 0.00868436568318423
8.401533813337194e+16 28.336149152818123 467.256726191875 1.697484708151603 41.45239419031394 2.107489567605797 0.0006612300345940809 0.005476196691931925
374860169782855.44 1.9448367045535928 11.92872424289126 0.6553216059962824 1529.8083089673967 1.9510169722649198 0.0001766447259138627 0.00847804677163989
242642564866199.12 72.00759647702358 84.50248794707785 1.3722196201408405 13.012829567689582 1.888631215366658 0.00037547038829546987 0.009165359463557793
1.2524950610788496e+16 7.169190701543329 2778.937381699454 1.719279872245651 466.7664599874291 2.1443377472938545 0.0004257729877952323 0.0062121207810373735
1.5275983802927395e+17 46.560499627753146 558.4962611216639 1.1401598089199823 10.346966892355308 1.903799033335545 0.00014784371044139274 0.003141452155166909
5.610367985698701e+16 0.1116859193888331 282.5460568812716 -0.24512705891096426 64.39020257687244 1.8792636810511125 0.0007621569609219486 0.001049191405214105
22238280806824.668 43.89790311353267 22.082914637020863 -0.14265937302532916 58.56150727099756 1.689974738219366 0.000444582921263425 0.009663823304220272
346470059541366.1 3.6853699815830927 10.819417250371604 0.5770571467087149 1174.5706401410757 1.9506807291281745 0.00017766508910600822 0.008081783915105977
1.942090931248707e+16 79.00975392918875 654.5678990929414 1.973236775831245 25.896994335225763 1.6444169135079256 0.0005407259010909185 0.004040797878750237
87954721590210.39 71.41504485554583 61.25380044441606 -0.201254642325297 270.9074978211802 1.4307125628461286 0.0005494091975911125 0.0036068226095156285
3282546152420995.0 19.508800548107857 2877.723318662095 1.3587143486883437 357.4922470220226 2.0689492003404717 0.0004965757415363674 0.005466609383220814
49988513420698.26 45.39176549898381 70.88398007786135 -0.4061600332507216 39.58084364936282 1.943781540743228 0.00039042617708090065 0.0007327527722592528
33425697245222.05 15.388851177440621 1217.0468521873604 -0.18599104531916955 176.0090077960596 1.4069230392882852 0.00014241605267999527 0.0025768049999578147
114735526961266.48 13.757865866394589 13.281161938805731 0.7786758973788459 142.66687684082464 1.9189720217148187 0.00016936526484760876 0.0007798299575983799
54104198616019.03 29.20946940133045 647.2863347875065 -0.4431469962049573 105.29124362044942 1.8217621458240725 0.0006470502083681533 0.007538623578151341
76369345785315.27 54.907391769645905 246.03296312250316 -0.14782405655747177 112.88736639969169 1.8904839284483554 0.0003123848632494341 0.009395247021349269
9253766930052354.0 75.86811562274309 227.2445787922426 1.3429534970587915 11.037643864481895 1.9564619250142437 0.0007602631324078896 0.009886105112596511
5.903301575009568e+18 0.13252269862494576 303.3025449585856 1.9505422497317477 95.82762998119237 1.893273474735211 0.00016813627399146398 0.00644517385958996
85707808505617.64 85.23182100703497 316.5287155988247 1.8160816445863506 142.2500896749341 1.727284547436584 0.00047886863902468275 0.00785940274191343
21837434670531.164 19.48846887051018 29.711255113827402 -0.05689194589034602 10.64800925784628 1.7476382332609397 0.0002966677645177186 0.004118712076694015
146803740033350.16 63.60706331602715 592.2752015203293 0.641471552847471 231.34254416497217 1.919460609526416 0.0004793270868899569 0.0060212785223942075
56356490399464.61 93.89040971584866 22.23365099078938 0.8084988107094668 140.58038287151675 1.6669828081490587 0.0004881427571416218 0.004355129341458044
69786489380274.945 63.45375223782514 216.9175928484189 -0.25284572256249005 168.3190026255742 1.6025801143030423 0.0002993505292378086 0.003665994621999657
94926534747050.89 4.5707789250580575 1551.6862100244427 -0.3342509019752886 218.37441854678642 1.8495053987757064 0.00045413206293759675 0.0032747169509612585
2664289650590077.0 8.060040807836824 667.2737400489099 0.7779777205262974 44.69393378641855 1.7237820545776419 0.00019548693757308257 0.008792411000501155
1229392499373171.2 14.684860656420952 55.0213514333172 -0.2594690240263444 13.108647024971065 2.1464710978455774 0.00042725612582092897 0.004455754865251014
245243371799468.28 2.8664628260418112 16.42058281804693 0.24961270426217053 606.9453890642395 1.8284024318291499 0.0009899408590986149 0.00041621351571582456
74400933603795.69 36.102438359832306 334.73529810582573 -0.3644285848022544 77.0527515634819 2.0204264065786557 0.00023960076912982845 0.007925315034923476
509305905077861.44 45.57284958776422 43.53253058475594 1.9625486951063067 12.84738076245991 1.9330111965574137 0.00019319821275628067 0.006601695631399179
329390778568072.1 29.200157946008602 2017.0149300366209 1.3025049451970971 422.25422452792014 1.3222223144008218 0.0005665548090344573 0.004071851836243207
101573489865950.45 21.758170408055662 13.569395687657915 0.12797970801780884 143.86750889447876 1.9162440581132278 0.00025860510582861694 0.0022974539986531893
76442627984495.1 13.425139853643671 1443.81804576718 0.027763574873234276 193.64054991569614 1.6770588410338658 0.00013258301123396336 0.00176598553232907
833053485667932.6 28.933949637118445 1306.8743716992058 1.4757166426113535 208.0004910834885 1.7491676901785573 0.000456701944934143 0.006393481478082498
9.996292492703928e+16 37.83179007261039 534.9507057906757 1.12467965916072 11.857722378771795 1.886676349302553 0.0001941004384700031 0.0037781443329124023
85210639409692.92 16.611547123335612 37.25679290001959 0.5877188792758745 174.51817255697105 1.7623264343188256 0.0004651175673338296 0.007929197107040133
23667932323684.504 73.20227376850607 1691.8098831179243 -0.28339602416345655 83.49919875292025 1.6115212056421817 0.0005674676007784678 0.0003281650650286804
111400079987125.08 67.91454809137664 52.81418685441119 -0.2056978619531704 151.7732469846309 1.9378708584244948 0.000808063292383324 0.004894780806949498
90039065139096.61 43.61259808805135 230.23830420529106 -0.1859848746151295 95.59881311181137 1.9816707454345432 0.00027196333132963204 0.007856650162751791
718715459934939.2 29.744441220803253 609.1503800846529 1.9607089042540686 132.01658863978156 1.7469299256584891 0.0009755124086041376 9.048108814738425e-05
2.2886216025367536e+17 27.484494205743715 2102.889127896299 1.1560298676196519 26.60863600613248 1.8020971562298742 0.00011718768456859181 0.006549821608854497
7.283894970208531e+17 89.71419525582522 2061.278181908358 1.9863985286928174 44.68713319968236 1.86257029179772 0.0006155926267929345 0.00787307913788263
394730706319416.3 1.205373043649118 387.252526016621 1.4204164110867084 982.6308994352803 2.3227719726542935 0.0008721425147479662 0.0015125554250371804
1199474549281894.0 27.158767942713162 407.33670221876326 1.2885609962819051 18.523238582067254 1.5130335641245094 0.00028318018591829975 0.0018583152337414773
1.0713687743935328e+16 73.17330974230848 226.0720047195754 1.3286043339257139 11.336910002862846 1.9871965842678458 0.000776631002203908 0.00998510550190079
45992183456851.94 44.288005255381364 13.41206161748296 -0.18541089618475892 72.72644237683983 1.8483791487600587 0.00011098975227440941 0.0021102225493414145
69929097834410.6 91.70693428049495 22.841821260268922 -0.30920366593825016 84.23358632829465 1.9554161680871094 0.0007976890842003977 0.00948247594128711
537083457790149.56 83.69491368273015 1452.3870511450825 1.153119862401481 1415.7173268019508 2.0366182815862923 0.00017722548814363037 0.009825833763781901
85248547796335.12 79.45444284844753 70.14074121779989 0.08899547289506379 259.07655553012535 1.4415324614732528 0.00033892627988840957 0.0034040316799596655
52653759523883.63 13.040987273960436 11.512182373353527 1.14517926011438 111.15660960631355 1.70054188932082 0.00010753053773609408 0.009667349160169874
85818553331424.1 61.50199337395489 84.5354083708777 -0.2329471039751146 178.77668799629197 1.7383242847434972 0.00032096843045542974 0.006514744508041689
45698568833058.07 19.21079409286208 66.43531444442986 -0.30829449998894687 11.072506036210886 1.8862755419645212 0.00033411591827646914 0.0036293606057944366
37584327043792.164 24.667646186836926 212.55038952225627 -0.3481618017729464 77.69931562554054 1.7103630628424462 0.00018063800641495995 0.009208423484605429
82496739500899.55 8.449191891716595 128.1984930626934 0.010707967805552832 410.10888770659585 1.3525029089100626 0.0003953694556934682 0.002316916762886047
813900716394671.5 33.467345289417906 126.11886219603358 1.1437525281646297 18.57751720727205 1.9413157583205505 0.00034092258404796886 0.0005160589751628097
29490019765314.41 76.28708529825522 1223.468108470989 -0.4491723486614696 70.09292192899744 1.8033478165394223 0.0001990397880133051 0.0049203988978255495
242393352010828.9 71.05392530298967 674.8426446154007 1.984704336827567 232.92333118961562 1.6319383037429578 0.0004921079247294595 0.0078045019302195075
21021848235673.508 43.72743656314881 28.692464376820524 0.19427127708270908 14.538008799715142 1.8787953798623174 0.0002992953462481748 0.0004179535488272575
46999082868338.17 16.982857905457895 81.00546501743915 0.95481757553245 162.48071175967033 1.602733797497636 0.0001884599565358734 0.0032747374426814945
62728286146849.82 98.02759915620994 45.36006717468289 -0.30858209603131126 239.38783354847575 1.3755493931818819 0.00014829260246412198 0.009002461578914121
308449847606698.25 43.15668924158713 709.3021110519518 1.784024445015277 87.38809706903355 1.4520831219041892 0.0009005123556297864 0.009668784230251627
48629723056929.164 76.1290700365996 118.14520689777058 0.34689747429455153 51.165029742375744 1.9552896027552746 0.0002031148323388691 0.00019706912641941424
1.0755757313171387e+18 85.50829597759052 1808.8130236477327 1.8077860394871301 37.456269550939446 2.0316683138648557 0.00017656924316200316 0.009418902359729519
56167012577287.69 83.37150379889479 46.32943243916126 -0.4257398749381317 115.2822882194635 1.7405842335142845 0.0003389757111447645 0.008981491653975526
140665495597768.77 31.917633393775002 280.2736274633418 1.372058300444194 93.66664505213348 1.8365066406493429 0.0006571446676996984 0.0021836517157521225
63365463586132.89 68.66402932071271 43.09160074235816 -0.46579420031639407 115.94990694669356 1.7992056579162456 0.0006845092539155586 0.005898316200474943
40760450285643.67 6.6874098007565665 11.835821024024575 0.37659318081100646 27.71847361066917 1.6194783562200012 0.00028314988214011216 0.0017223466100140714
59689848613165.59 76.76619891020215 16.572209256153872 -0.46550219689639416 71.9578251966759 1.941593163589437 0.0009007579203761405 0.00016847541795574506
87079587435721.77 98.87026623703417 195.1395185096915 -0.4205884438070777 150.18033192049083 1.5089035826058668 0.0001430873657486331 0.0080975360846273
214224543537997.47 14.339340439223527 615.7609810461892 1.235358082433366 170.9108653952605 1.673348827162115 0.000692776421079934 0.0006388339446758455
14244794376121.324 8.138600267962268 284.2441240004055 -0.22243824212160912 40.95822266219967 1.5919550246098593 0.00015820010814878663 0.004084943949702062
1.2150280793325683e+18 92.49342383842873 2680.2725485244196 1.9785385160601041 52.97987560320646 1.9208267625978654 0.000718627979107048 0.008053728763613089
201483547296367.0 4.594990526601343 11.356985429437096 0.14309241073029133 436.83987522370063 1.8268133801623176 0.0009482580789564164 7.563968392286513e-05
136495067558242.98 8.281868261309171 19.47943937100889 -0.41381461411300946 339.4306455911299 1.704831865522238 0.0003366004351947969 0.009635452777825092
9.04902597793581e+16 37.68718348764986 639.5085740209495 1.135648334771164 15.088149614726772 1.9179600555143206 0.00018637810482647536 0.0033461506962486186
59881820370640.36 16.530123683644902 83.62455389007019 -0.04283116016387711 254.16582146325678 1.459573687458973 0.00019444280878054855 0.0014882132032322465
497928267799399.8 46.64612909346178 748.900119664268 1.6268180331103421 152.4734648222064 1.8162219005732394 0.00014280273502985887 0.004277415757778491
13511035101505.244 45.66928519162517 17.563901710902346 -0.25244668498505196 27.86092329555302 1.7154481830182529 0.0007989962728401206 0.009958101504450286
37358173093591.43 67.58226441930032 538.9628063534582 -0.46988996896694235 73.41872567755034 1.7294116841201268 0.00019773110631782649 0.0022010692107888993
1199216898517155.8 5.779280003759595 348.05930518117157 1.3739565167097065 92.11302414158055 1.7648042010252407 0.0005133368801403086 0.0066734049760961076
16755442632517.262 41.022335606742246 53.96789389679583 -0.22235634691750178 13.680988481188827 1.873717262361619 0.000353827855404232 0.00026167765457183194
186487452893632.75 11.170184361685145 380.25124678580147 1.0813412059932745 318.14929418956825 1.9938733559243855 0.00029849460117949145 0.0068375296076958
25683486790532.89 78.22953157597283 31.327834233366357 -0.08183555200145731 11.397589298906714 2.0103405913427363 0.0001635278426933646 0.0018237507652482106
84728701565719.31 34.01547043301905 42.65549281729952 0.07495807924776321 142.0281760321824 1.86322341288448 0.0005897465752631194 0.007747926465531329
1.037917777743401e+16 6.813123352184551 2489.2511337670044 1.6403191196987315 409.4961250110239 2.121522860453503 0.00040983333579746586 0.006232673191834143
31525477603370.812 62.71743485633257 1165.0458388186153 -0.38061485523107846 86.35327561805332 1.734068800501917 0.0002537112193916007 1.6677644463978212e-05
9.830253900684907e+16 0.1048691980177825 334.833781041019 -0.14128680006874106 55.79351826821766 1.8773614236863876 0.000744974615950014 0.00106179904090966
88682602849327.72 74.7921728187857 98.15678548024673 -0.2773753746976477 164.3437750040127 1.7444345771515601 0.00010703489677606148 0.008887407198123568
25384285202422.043 69.85967276558475 2210.8108764214994 -0.40002399035864 73.03854085629045 1.7763626692010182 0.00017411640618944884 0.0029690117599783313
148250889727603.4 81.41907448353051 793.7597243470345 0.5472865967205607 10.876735542233412 1.8275539960385758 0.00042060825315108386 0.0035208535245459267
39930733454785.164 7.4395729499394285 13.869044482297104 0.428287523333835 23.89348628141379 1.626599855555933 0.0002688823834752241 0.0017049005177009252
209526152757746.3 27.976119152516524 2568.9952753778457 0.338718381073701 261.3183448857948 1.7877759505747202 0.00040607895324781004 0.004615715521823162
143324460240989.84 44.85121308678449 455.4548808334686 1.3879572693995688 336.27246114597335 1.8395897805440522 0.0001466130309310885 0.0001238044496893907
188798500757788.62 24.307758114588474 55.49537599556514 1.8710206227581765 24.172382095067334 1.875690822788824 0.0009069991818086207 0.0013382036937837107
88752557671077.64 57.76138126275793 104.32358667513992 -0.2341548040615995 176.54569948124987 1.7767628455437814 0.00032461355524608947 0.007329899379517589
584676954793773.4 83.83704839937177 1606.5536482048733 1.2300749439136789 1564.8366475005987 2.0109897833958126 0.00017805299039768362 0.009630901004492041
581378905447285.0 38.95216787634962 141.0011803939779 1.1520590301783513 20.336240909779036 1.9460690128710143 0.00041869093667599153 0.0009037397443594272
1.1689397732164552e+18 90.76476458375926 2973.5843352265333 1.94284727916226 50.496515349159665 1.8458650321149703 0.0006741977942517967 0.007748105646282592
77838749182283.69 61.60477626746498 10.353064180754282 -0.20070717968110707 130.5607508807997 1.840506640614805 0.0002852928556602489 0.009677912731320605
22601700604912.605 44.432116714930196 22.32682266646585 -0.1272577046230384 59.20127549834916 1.6922743637587623 0.00044065926598102045 0.009615154086836483
28248027184551.926 15.813299026420118 23.45075670369936 0.8116926437685732 71.36861109015994 1.6396023906974133 0.00016359146055405752 0.009830029130504615
34876512734990.008 26.63215373229954 352.2114284763996 -0.458399200162426 74.77386232079253 1.7420484554384406 0.0001634525534679779 0.007046252557558967
2432126885575266.5 21.26332950752365 2489.665811402942 1.283561472119711 302.75258466349095 2.034609898673449 0.0004573129158784066 0.0053481283316391855
196514385459016.25 58.10752912960475 1275.4201549991851 0.7518353776747997 143.10010705241612 1.7562172165648593 0.0008665974364517535 0.00879352620819177
3.952566590810778e+16 91.67706823327478 1885.699183727044 1.0648143226801976 18.058691957254812 2.021060882732133 0.0009320786591708316 0.005173414090487939
442661093403699.5 81.69270812624187 1435.128609049442 1.0334651792366827 1205.2315480590491 1.8780855187743823 0.00019904802140357296 0.009715634643434692
256341377372275.16 75.87161939114834 2410.377614888918 0.5975301350551995 168.272005206953 1.7776593882682796 0.0005490121986982329 0.004591961276435441
91059839745307.62 46.069397040571275 130.6928340832428 -0.17074636560560352 297.8711435274734 1.5434345524444875 0.00036962408128477035 0.00863637474680563
210137701866076.88 77.1925896238438 597.0755221529467 1.489857766825391 311.19315618055214 1.9222697252465728 0.0007011244447964294 0.0010015680558210292
29728103917899.562 98.74649332579938 14.509420666611335 -0.27400968299196915 18.39311829700332 1.9878651562767327 0.00021365213466279705 0.003448043608159701
141562915399251.66 7.349625700645099 36.53112844402362 0.07152509909817739 544.0566658799904 1.4756524774438302 0.00048414908108896645 0.008317598755149534
38882357981398.695 25.980344829163613 358.69623253710125 -0.4969019337464207 70.50678105977396 1.79002089019661 0.00012899436132898624 0.006677575590638729
117932813317104.11 13.117210142423836 13.55808503144131 0.7913396319104682 142.3217405141613 1.9260731261254822 0.00017418703206955967 0.0007676982630758516
150549387100001.78 9.720297054102813 84.38772564984649 0.18893793370051326 722.714347860929 1.2553843967906309 0.00022761684692009586 0.0004459129169786299
1.4001513037450255e+18 81.92776056418039 2931.8072787602196 1.8891626534875834 56.907484998103385 2.015456395898849 0.0002669401774424287 0.009640061159399808
252052830579606.5 96.49381084627555 1424.9409059399013 0.9324324688412067 79.44638901312699 1.6908534668609656 0.0006240434445352287 0.005177550770310715
345274665522609.9 18.34073047110647 20.967374308045272 -0.035906327206119304 13.379769462331751 2.0465336238637906 0.000504151580180081 0.006241006290888333
1956319517767772.5 12.133737492868267 684.1059909020167 0.905288405728865 30.394195089866358 1.6047875366253976 0.000502098590738281 0.00846508988217562
48287606062940.086 29.69286547993857 699.0856916148003 -0.4687129186561809 99.3781017608336 1.8598498699262596 0.0006670856528073489 0.007621640504571216
2.2745900011464344e+16 91.62763299883217 1335.1862629750701 0.9551018757508823 11.591087658556619 1.9704152069830154 0.0008048629173369382 0.004465836445874151
59281346271266.87 9.295003178712438 1514.9068872761654 -0.47491528144912953 175.66365901868681 1.884208338214682 0.00036122806781366175 0.002527540483199309
350118427216220.6 2.475786329034349 58.94927217327247 1.0860529634571778 2820.20875024461 1.1392595472601394 0.0004712793693104713 0.006698935703661973
72158176787378.31 12.223154944582902 475.0332161841773 -0.130420939503481 336.57260456450257 1.3686293723893987 0.0001873734425045619 0.0009199251502532789
78299942880354.22 13.589461825933029 89.27231315996904 0.2791389587505557 232.45987958400625 1.6048232121780042 0.00036002622634654545 0.007466697133431012
66507707616720.836 74.13950179571665 10.863097349650518 -0.07095065283042468 106.05175264257065 1.8559959408725024 0.0005267449526909057 0.00982054454784672
115852284023358.66 18.78945353913993 83.45176193771577 0.21015628789633287 285.8219143641977 1.6748036442898897 0.0003274049212260108 0.00789565301993014
45071028507894.016 38.856122117168454 450.3756788576998 -0.07726494153168867 94.11826257084412 1.7716286041561822 0.00016635873359448227 0.007118264015651999
109655928979153.47 78.33503300304376 251.22502908121677 0.16817948349579798 211.81434547517588 1.8167726570155924 0.0006180458916495309 0.007720236498798744
62902455087417.68 11.095018607113671 228.18289208097556 0.2745283286833635 255.45419101126055 1.5148029254895221 0.0001903098216418384 0.0009312440459671477
1718279476271971.0 20.36661954606714 2140.978113009171 1.1832496857987649 264.36710244648015 2.0134637483006013 0.00042343256659258406 0.005259161986606744
130549212177139.58 5.897430126567333 60.828615379599874 0.45114148648286845 467.4577432885169 1.5261805789834675 0.0003722473127426979 0.009036277453155949
192047352543532.06 31.10287377697438 736.2664932484158 0.038189116368879616 538.5264497917177 1.7206078261462836 0.00048486155784404424 0.0064861352120386215
227454334995381.97 25.10206095981578 57.099048851574324 1.8383652693062584 22.455621215232004 1.8627978651028698 0.0009526629840730268 0.00130439882129291
62844020443816.3 92.51135660759206 13.166792597497093 1.7385070913792866 64.45662502750189 1.9971516109676082 0.0005616905896392389 0.003991432115049971
40265343401327.03 60.16899646341969 14.715726450752076 0.06898896223226175 66.98334349964642 1.8192718345737509 0.0005258621083600173 0.008971093384395758
55536352217850.36 6.496607069820911 15.606688707299114 1.0054126238743788 179.5607004978158 1.5677201955588105 0.00011085157319608618 0.009202399598846323
5.141919054857387e+16 0.12195169191549393 274.2749879119644 -0.23055209819908906 66.4915558336624 1.8752096777614633 0.0007548920880034565 0.0010544246396115972
63418877795864.87 79.47078767094882 33.063901770493175 0.7521880541286485 135.2984752711736 1.7238948509306047 0.0009906564176317798 0.006059719891679038
121496799908501.36 87.89415789972702 807.0930707395161 0.5443329825896992 10.433398135462573 1.8139610067213545 0.00043079492783809945 0.0036238427693852143
85755675664351.83 27.484251535377958 100.7509311200136 0.0818804503519115 56.292683147249576 2.026768044095843 0.00044189855168462266 0.00048201536412016265
25316052384107.94 92.97855915869965 42.32820338407888 0.9862819470307401 91.32251477157168 1.6029641230809981 0.000735830353656719 0.008017747232259034
1347333543118171.5 6.275961786678925 353.9327325120347 1.4136530738828417 88.64249450750485 1.7633062514901556 0.0005531140012521653 0.00695605831467889
54608434841011.71 71.90068063002067 52.98722182801427 -0.4912774334743632 92.60966517166838 1.7834033596301704 0.0007258476139502042 0.005442364920380436
22165690654918.715 92.86261944344216 12.554601869649112 -0.3256927251914503 12.209870539591263 1.965030042793466 0.00018252855918998842 0.002016289918256475
24904795792836.914 39.59674472586023 1215.287071733628 -0.4944459188978344 87.76781350272653 1.665909933475565 0.00014647782472985404 0.009605673035648401
1.4314851397964925e+18 0.6713859651033793 56.90907789505107 0.30342818756757034 28.39356693538161 2.054477160780266 0.0001350088169440897 0.0005447156469891813
1776845318651324.2 10.862983581550269 247.38754754532323 1.8269193560356303 44.779267166303555 1.562835691575955 0.0005379920995704743 0.009551185819011114
3.429924305190041e+16 2.1735056894626723 1199.4695180810854 -0.264285137340889 13.6225581279364 2.047466987193 0.00042671022348152225 0.0006139012421286956
17255044012219.61 40.959391491182686 56.26343099857133 -0.21758873933524595 14.241776746011237 1.8721946758423482 0.00035169143876135624 0.00032676561823124844
17094580777391.361 40.79215029345641 53.37526132274546 -0.2185715773244509 14.048506426425703 1.873937018554978 0.00035253151482396596 0.0002843969442018093
310893450803662.3 5.077426036063301 1102.7887846306057 1.0857389112206812 1306.1286789054875 1.6371995824502403 0.0002686596160621573 0.004538974742890741
566441999330461.5 3.5845407961596862 11.329542238710255 -0.40764835231941454 146.02965465330374 2.050590978857717 0.0005044466701020731 0.008060840959780859
372736269280788.3 3.1818072461231353 2860.3445983576235 0.05357689011353428 297.7750472692903 1.9945201371021273 0.00046763311687018683 0.0025169357385565463
57793655553626.43 89.56794483397304 91.41257964583248 -0.4592319327877431 166.00794834009886 1.4978420331316555 0.0001259441564349721 0.009615288424851931
140445548736779.38 8.645297584442186 73.50799208093221 0.2423746460879801 808.8395603435033 1.1892824072694053 0.0001976541519531656 0.0003790035445363977
258604915721485.84 33.840685856299565 1396.8276347611297 1.3735504050636624 857.1469872777088 1.3559233551231613 0.0009374586234737728 0.008405565771234198
124927665496657.73 72.17695251136179 63.14984524854745 1.4472669519617076 13.189168236309117 1.8572344773559408 0.0003541515663877879 0.00909377999357965
1.2423090734202744e+16 83.06664872869155 478.6100906040989 1.7980763446446448 16.045828346252264 1.6487470282661365 0.000382293132764407 0.0047715896759155645
159041143860370.22 70.8254252981031 61.84087102055714 1.531775920194388 11.986109672846808 1.8425545868383013 0.00035933444486740854 0.009666286023749127
11604248059783.316 9.954708521467346 31.83067372079004 1.7709773701421538 95.64678893533474 1.3480010113882837 0.00011729182541075843 0.0015342868277845832
56902916737535.234 7.437182247168513 15.43350773995074 0.47183833677768877 14.89557186848865 1.630734134140769 0.000333479095564841 0.0010257013223120203
42041445925937.66 45.254116483471606 88.35460391892282 -0.41351050762595976 30.254257965976027 1.9816526760286612 0.00042393745597641336 6.370402395802603e-05
193846262833418.88 8.161092751730209 11.729724212077146 -0.15713981357825357 463.20917254381425 1.7567705765759376 0.0008534306600315824 0.0005930366503148284
74668344412680.9 87.34849457920025 60.627947002823774 0.018027929238692286 282.7676222256061 1.3636767691289977 0.0003877698419324295 0.004067119110827106
64641223939122.66 91.2325334644781 17.856870544989523 0.9477935966966119 170.12304340670667 1.552169290358335 0.0005224379397589864 0.005983975940302267
20302407648824.445 41.968708112915884 14.444126728917404 -0.18047351680766766 47.44625306799555 1.7153908084403713 0.00043420333475114984 0.009950183244699099
487575052728167.56 19.939407866613468 1952.5689372914774 1.2076689350406036 1215.3867313480266 1.7081516392424063 0.0002752014823140418 0.004285171640978469
207917423755795.7 27.387539231005768 2198.4501810312895 1.0378977658708366 385.68113265569224 1.2751643514138276 0.0005240718954056613 0.003549862882556668
66023436280365.5 93.47775444128759 12.297617895889935 1.8234881429392262 66.28248393161836 2.0085415434983247 0.0005539541378175917 0.004062184282975151
9405395587490536.0 72.59658142776257 213.92699450670708 1.311900183357243 11.398637810955732 1.993178167101427 0.0007709732672326539 0.009751807109374452
55072291243080.945 25.659236486789567 1556.4790930552638 -0.38856311080580563 143.52452071863033 1.87949711903745 0.0008211370903016579 0.008020965993741667
6017831559159374.0 5.306301344930513 303.4798344485118 0.44497031860467495 33.107293065477506 1.9042975724940674 0.0001454336786630211 0.0008385268999300541
181212381929306.6 63.65907142004693 918.8499775975148 0.6289544079986735 296.75232723621286 1.8646962906136666 0.0004341893601077293 0.006638660697715994
5353818896101933.0 5.500410529213409 269.436768912015 0.4747177205225479 35.47718359501885 1.9337107426390066 0.00010962473138184179 0.0005813733594208203
421389685037327.9 1.1125322170091998 26.798048922605165 1.748016674786807 462.94035251787113 1.9360525955530388 0.00010490969378057136 0.009676907251776582
239737959014764.0 29.618087321628543 1279.486238996118 0.7925826534240613 324.6465166475037 1.7381598234621563 0.0009959564192764951 0.002362289474762527
1.3864495453068186e+17 32.3236994417676 496.1668260397757 1.9111333620010376 40.995756414950435 2.0485574253055665 0.0006080989400641399 0.004896512545367989
45266312936763.95 55.94646044555064 31.42765008132762 0.30089859286758924 149.15151213573913 1.5077946327795972 0.00020335014519590663 7.949785979183841e-05
11150699913526.002 11.113732737482529 27.323128581963612 1.6069246417055123 97.27221406972352 1.3518504640596394 0.0001381563808815288 0.002324047342172071
98004340703708.39 93.39872665482854 13.98249102394952 1.3520592931952402 133.3174505636519 1.9313881826491666 0.00042560170625060184 0.009361714460151459
98658080125554.58 68.20236749529984 48.5970833599505 -0.1834673615789889 117.98791189668705 1.9678374510936159 0.00076428682233875 0.004590315792095618
13713784223044.799 9.885108465786193 94.1992777110847 -0.4434721623660265 40.14563145057094 1.5624378045845404 0.0002638102197147063 0.0052564368809969115
988360908588863.5 7.15432178761132 345.2545565386409 1.374200784227626 83.83656800936366 1.7381817264195503 0.0005489557423014929 0.006628082345789775
89042120571980.16 83.72559697735483 311.7969334379152 1.8118508198626757 186.698313294344 1.799350442313549 0.0005079126307046576 0.007715841714213256
114539677351305.12 99.481379044926 25.354025824554 1.114888081568969 279.91072654981144 1.6888772537981005 0.0004986773775118854 0.007288921820646309
90813166795162.42 76.87121646313925 17.478097627051735 -0.10603826038113467 150.41427390749416 1.8521037566613283 0.0006828594734833585 0.007873608251584485
5.388678148497764e+16 0.112925721518085 278.6762966862125 -0.24239305062284977 64.31202754446299 1.8833083796033359 0.0007573731241099235 0.0010177934017933073
259425863232506.34 34.53410952407763 1387.3354273984698 1.3654206110918274 864.282838987647 1.3647326126707922 0.0009590572280604449 0.008687914980629968
104485793055851.83 79.17242811962416 33.921314363103704 -0.25638638383345613 311.1603931432168 1.416331684278397 0.00036186342534218284 0.0061242187978257714
54673625368479.46 94.65584762893008 15.693157583510633 0.7821027304225086 133.47660537824018 1.6626330737538504 0.0005063896147950294 0.004822676498182111
68781123768177.055 82.0427384973652 28.630515053399275 0.3894816778718183 126.8215515910693 1.8058697895207645 0.000153834624880116 0.009983753522258373
94809139776209.3 35.4054580274814 21.620909348779755 -0.12968074902699567 140.96619786617555 1.8711898929006918 0.0009958616835876455 0.005164634269367052
21687957830468.03 41.39530517594329 15.201440328413852 -0.15565864102642024 47.93625187491594 1.7162849445420507 0.0004353202958269618 0.009898390186011944
267250802146772.5 71.11616082466969 85.59440019355216 1.3927267095834743 13.124618699475922 1.8909666448231204 0.0003746050288036418 0.009093630473178837
128231361486724.89 92.56442665787435 13.249590276759488 1.203439315831508 367.9504116301043 1.519784448841707 0.0008977298397492279 0.0069559341466968756
85140151998679.33 3.5250388271529243 21.48722719225545 0.7080268560271995 155.74048872265365 1.5617668320177873 0.0002933300908919515 0.008784212433143104
1.078380079438076e+18 85.60267296677941 1816.2318819928287 1.8078961549769348 37.205428871035835 2.0303578830066655 0.0001768037593812207 0.009427715196592744
169747994948997.94 17.082468422985894 604.2952275578772 1.2178875323098817 165.45871070633143 1.6280478384378352 0.0007178550171536316 4.514486823977622e-05
1.6158225720638832e+17 29.584704675519077 1654.4638216143296 1.189745270846739 26.760433585210553 1.8126151926692067 0.0001233187386291589 0.006686675890171858
77855696245053.3 67.88810083328194 10.472700866925027 -0.21287664218768443 333.58537769568005 1.2929563178022774 0.00045300709209396305 0.005321370457138208
1.2848862493866302e+17 28.564342618730755 558.821211475531 1.8046616424096547 42.9159394837376 2.029593307168102 0.0005479717743287545 0.005050022857457905
1185372666250506.5 26.174132761847826 107.23477888391776 1.228399875915031 14.800009861964206 1.8331763941168695 0.0008593520330761506 0.0011523628202044106
27250705437090.035 74.40923595516855 14.330842009898376 -0.47568898574205287 72.40196148201744 1.6697880816711077 0.00014195063035188658 0.003244628183339208
41216311197336.68 50.119467365353685 1310.409540286709 -0.08618343908379505 81.41286275712439 1.8233610657804937 0.00016892917553609416 0.00909129177414508
10858458685528.96 37.72683815368218 39.8983310437315 -0.2811053813444895 25.8093316868197 1.6538857557387154 0.0008837328038374115 0.009949876652076197
85248547796335.12 79.45444284844753 70.14074121779989 0.08899547289506379 259.07655553012535 1.4415324614732528 0.00033892627988840957 0.0034040316799596655
2.2677067836009684e+16 3.1071197043208896 1155.3836779873036 -0.1647355345227769 14.174385728493995 2.0259291400262796 0.0003944000609287854 0.0011216679633522417
95473794548443.6 56.63676509192034 124.70842734190568 -0.40683878360226705 176.7696086808369 1.7971898971082743 0.00034208520954518736 0.0077936401861883175
447775589865203.3 45.53961136285496 754.6983323241031 1.6381594086206324 161.02063445688017 1.8039400345768588 0.00015567344928819432 0.004149773206298855
1.336841492154743e+18 91.84246067188064 2742.61010916367 1.9596834789235897 53.02785993882274 1.9183639898292026 0.0006966731415645895 0.007890612708580458
59903002616614.28 98.02457745720695 13.681054597274901 0.43815398410220163 154.62194506487128 1.6125901966348848 0.0002823065947442515 0.005882228169482058
141994088744302.0 94.23702879856862 459.15113627579404 0.8723229634123618 401.0856551512503 1.7191549098622967 0.00017523750627222224 0.006399032771543073
84673533674525.69 33.924031678204045 44.298928134782024 0.005764895330673203 393.22734386487775 1.2719590604386966 0.00026018966994041746 0.002027056470560131
32702467193917.31 14.563429442354165 61.02548118968369 -0.3351774113051801 30.361671111524394 1.7438518493919752 0.0005416013053428769 0.008887918550189776
69533746562533.945 17.598864477882174 857.2562500163345 -0.12058304703077305 166.3495632874684 1.7107907727911467 0.00013346422210625382 0.0019267159987883808
41120631582498.234 28.037931276410532 23.300343900606034 0.3999715152340374 82.9405716925049 1.7562803490472536 0.0004466304101918866 0.007589307244411899
20619914619558.996 73.7631378819885 1641.5682086408121 -0.4941599909597195 70.67335721099259 1.507469027000772 0.0008158736186752086 0.0013311200515843799
93018567277926.66 37.37174879759326 82.06659105990259 0.13348853720534376 323.7114891329629 1.4383651907747725 0.0002942554999864762 0.005152756752476491
261183340147813.8 50.943315125071216 1158.9181031600017 1.573188946555562 913.8869875806911 1.384565785763537 0.000994360461829812 0.007612006415597527
71462541287758.61 65.03712536414183 11.599271925272125 -0.2770481734468481 288.05963102342076 1.3369140298700324 0.00041632610857452845 0.004752103801896196
9.78089592813933e+16 0.14439146036402262 317.912922058945 -0.08985189589300491 59.35078887792763 1.8783497823736737 0.0007077204792165804 0.0012694739138444247
95068671922292.38 94.00678267007281 15.855380362770145 1.5555607748458065 120.02043602652975 1.9351316510371572 0.00031121912568760177 0.009397695992237538
4.072334435732334e+16 87.97774343812101 1645.022548575318 0.9616384888402734 11.597265594194287 1.97661682858814 0.0007507449987175424 0.00435815539011877
132620194864699.53 38.235174654243224 130.44338315911006 1.6341365028593298 37.173071268646545 1.7940478872580257 0.0009011266833656793 0.0009878232593966032
57203009490694.336 88.7968089912382 25.552622077182715 1.6592089167463668 90.75920150670775 1.8700871824416687 0.0005416839867733202 0.004349102279727208
1.7251391358276223e+19 58.20459463620617 964.0355997446873 1.9327017842964542 23.567154928963795 1.975772037389287 0.00011442267865767785 0.006174721019440064
1.1000786979235126e+16 7.243018665085117 2514.986129953701 1.656480553651737 394.78151264095084 2.1045000967929264 0.0004046474407323542 0.006313418282710027
1222027656344314.2 25.839460218357168 119.55832836486397 1.3029566300429731 18.749644102841454 1.8681003326802996 0.000865281931887995 0.0013718692125822731
117416127124858.66 48.86065921650128 155.2489327648239 -0.15852520145217697 358.6713259084544 1.5302475110955105 0.00031274211362216465 0.008535311427374985
536282951391913.9 3.831425219930864 11.101162929725596 -0.43728634664464144 145.84220782945312 2.056496394690168 0.0005081784262030509 0.008106301799692852
76436942923915.47 96.35595673364202 609.0494087821402 -0.06248939585529162 106.1370788511235 1.9264842613928912 0.0005963418400128826 1.0365549465603252e-05
102629846842796.83 10.267523408509849 231.88857986475205 1.1279715889754016 344.6692989087951 1.638689013401581 0.00045557229129228723 0.008366799085851511
1.3156880325387917e+17 33.32806846854101 425.68394236149317 1.8784084242228107 37.00358840155262 2.0794819484943448 0.0005535055260734325 0.0036758476218241593
60974586252226.7 89.1255890765908 18.15186495701607 0.9459835897950163 210.95369286337652 1.4367971190332898 0.0007267652984149826 0.007071679663541863
77696690729361.78 28.506969485033608 99.30745466633573 1.5891430444060066 45.10099295513156 1.8424668276604457 0.0009467983998186245 0.0006763163886336285
86364618150452.27 89.03136729906804 577.3911685182048 0.10969653805578661 162.22695433151634 1.7757272483019664 0.0005017288077926787 0.007594098756502948
40055148515193.65 83.49525558097295 17.063578644376804 -0.45244835897142777 68.73277059177225 1.8088970734091898 0.0008537721582443899 0.00035620739199064555
304666634056596.75 2.058981302133347 23.909881560288447 1.9112234585542758 435.29280975619963 1.9522699180916128 0.00014451520893555295 0.007812791878614165
44371241222575.67 29.013599801838176 1406.8157345002785 -0.21591703339754476 180.99852008415309 1.526151207784758 0.00020340869557994849 0.003884215665453793
709327053741211.6 30.83466602128013 151.9339354299182 1.1585373303162345 19.12301820323277 1.8607379983535977 0.0008033674346069427 0.0014530942701199531
233166192144452.03 49.274532170105275 798.9215031314037 1.1358432575295843 178.09093715770535 1.80895818522938 0.0002553324481707965 0.0036402783985225212
57243017526454.57 56.90404128472609 10.877403545267288 -0.4823678724068663 281.50843716937663 1.311977170071106 0.00028314128323514263 0.005773089519980943
71980160458263.38 92.02727723942363 678.9149797585908 0.24378759465746724 235.77144535675134 1.4892234378955238 0.00020587408937849114 0.009000433277253432
77214415627169.56 17.43674219069759 111.15849956950595 0.17449869386892836 254.54941051516045 1.5594841889941489 0.00033415521348909396 0.007796430343708482
164080208433047.97 10.153073109903488 68.52535682276154 0.2988475889036798 817.0177271571987 1.209736861486792 0.00021300273841976536 0.0008572685802446921
80483361119631.11 11.494481093763383 407.2649911003341 -0.04730338059269762 356.5376589242639 1.3742806498091125 0.00017578457894327422 0.0007435280190393129
234118449156103.4 4.653982844292075 143.81614259925684 0.3079587385889755 178.12406867536768 1.947869311511695 0.0008355229799235265 0.0013725699856335849
771012540818961.1 9.127284308667075 2787.984499420338 0.7030669405622223 3547.001090465841 2.0384836254103917 0.000559440123060891 0.0025173958979354083
84379169033768.31 93.2753438756998 12.864718764859239 -0.3900398770557934 171.10434901147767 1.7177953464522324 0.0003302569671965325 0.007865335302158695
143616866000657.38 57.605700483814175 462.54726400318265 1.7508770260315496 254.43040010141905 1.7844992290790787 0.00021224715231427007 0.0013342904167310964
103448470235810.25 33.27949566297032 804.1683093355847 0.7970462824206495 226.1429642744272 1.5327563069501005 0.0005566548758074775 0.0032270086743121235
53132904632044.93 60.22527984080459 78.37726959399667 -0.39804366180276785 233.68837841340513 1.366326117430157 0.00032066837509396704 0.00974022577451946
36180418764319.31 42.408528723212584 103.3691027821026 -0.3741775788717049 29.633369610258324 1.9643771594818582 0.00044022395450339164 0.0003814139807991671
103877885499876.75 98.13706861735389 27.975576654004712 1.6197690885977598 165.54062481521308 1.9316881539322421 0.00033695349921507875 0.005970805763271483
64267413275680.3 58.49289894417038 523.8265680532954 -0.24839596927376942 136.9637778870097 1.7217724569550112 0.0002589991992320615 0.0026877748587515117
78142768574465.05 2.0705379888966746 184.64760685453527 -0.340888187579673 213.78563105606534 1.464076412064108 0.00029962449672595476 0.002804370913928095
22670914151453.17 69.98336113744236 921.0654786023558 -0.34794823741175396 58.7300318341584 1.7660520306755374 0.00017984605506055694 0.003732259485494733
9.75885989709098e+16 81.36525654159801 1973.746864780887 1.0617015576814894 15.771342505737683 2.0081712209313074 0.0007591788808219563 0.0045690430234995305
352236856315391.94 54.02830863195191 973.6978725194919 1.7562008234446618 853.4432789810887 1.8182580290522368 0.0005588413119998011 0.0018604425970652864
35322723737995.08 66.61419997189475 787.9626892889858 -0.3423367097130676 52.818006323799686 1.9215178026947304 0.0001308122980807218 5.447087977328378e-05
18347881356071.074 39.33018292478881 52.32776742678921 -0.002603457599485215 11.19000716099124 1.8573858752262775 0.00036207313719922537 0.000378748937002734
47950015984271.45 25.016592832063576 1831.8534914808995 -0.4776154473985472 135.0841428990463 1.8738468597512972 0.0008695417489045066 0.00805636144744078
157096366490713.88 45.300003003691494 657.1910139276094 1.502658093241418 715.4344705591104 1.4137900778398231 0.0005617933167680325 0.007540547273578991
5.78274321596971e+18 0.12712583759211693 305.04315738073683 1.947177568406541 96.9750842220339 1.8940886897217868 0.000167574416271403 0.0064276509330651824
38274343872177.21 69.40596046901923 372.22969536583133 -0.3249458679030043 83.30382455291475 1.6716252158649823 0.0005983189596493591 0.0014632163194603397
472486049731085.7 4.082794244793014 10.34059486708764 -0.41705907353558447 130.4786525452251 2.0274030990695673 0.0004904462303807955 0.007737645036425826
39623741018953.96 40.86270042884317 409.40812767806347 -0.31821604619544197 67.9918587251125 1.8574054389580863 0.0006625690256821339 0.00023448983252892346
80448949700780.97 98.07640937999261 63.92706696142584 -0.23002757535781493 388.556761254371 1.1843377222092661 0.0001203088100178565 0.009924601908461296
56162990510852.92 95.33343388687658 23.47822479073139 1.223659931476273 207.8666751552579 1.4117926035354968 0.0006777142937231031 0.007079716938346825
24877323510114.637 68.04097574270176 2804.8528079683533 -0.4747919405909775 73.66677091055799 1.7635873469762455 0.00018259683248850436 0.0026807235212099184
159282042832808.97 3.8730524438395264 52.6861289765285 1.456564101236049 165.6135381234753 1.8067623401339332 0.0007468703368853283 0.000465700815891141
98426332158073.69 9.068211471759628 1047.108527283778 -0.4217190205152304 212.0790846988408 1.8931397194713395 0.0004790188997464675 0.004680047563800128
68275644620904.72 73.18996048914829 18.084656733567957 -0.28746941351806177 248.73763066739463 1.3785816611622388 0.000397933267293364 0.006362869898629367
21908125229827.3 37.17786295937703 32.26716850991188 0.24860214873223607 38.933455488045624 1.7883921892121606 0.00012378532704429237 0.007000471129638457
6017831559159374.0 5.306301344930513 303.4798344485118 0.44497031860467495 33.107293065477506 1.9042975724940674 0.0001454336786630211 0.0008385268999300541
38941828909761.54 60.10527716111329 669.9013738291012 -0.4835531655077937 81.54204488366992 1.6571704466934596 0.0008847243189753079 0.00013421503579993423
16770136290743.387 5.942633309461151 34.37939253401727 1.7930859537594528 93.41043111282613 1.4102963425158663 0.00010697299552048233 0.0017705791498058912
6674432650382027.0 7.525117618940683 2584.46344082754 1.713425219550565 510.75113034424476 2.1925188026213513 0.0004402990817455742 0.006432392170652796
69563818745516.96 97.79694916608892 542.579714373587 -0.028850855912780582 93.02800479077172 1.9206717984943324 0.0005732083424512711 0.0001509395224752047
72633745444869.88 67.3212908233647 48.76797916922839 0.5053726395988937 123.22956668508981 1.8287025107834565 0.00041471967093564626 7.528586555447143e-05
1005312003072148.4 15.358275079542473 2174.0780592351116 1.1159389960842603 502.9153010467844 2.0988950985708565 0.0001319361195881537 0.003549107032386094
241617419144564.75 3.9663498995600985 14.813111442113328 -0.1561008584660275 649.5500696686566 1.7329517676838455 0.0009424274620165434 0.001610200477340654
15973660176419.232 13.439224870247116 271.8144721575194 -0.10428410831138135 48.80837115409781 1.6068473815238826 0.00017232014402923627 0.003905157612073858
94382795299646.6 15.333740878467488 2810.755574468025 0.19014706323047875 66.946653564592 1.7607514912485183 0.00011370281051353456 0.00010256774331770559
377923190830100.6 4.852521989830706 842.6859341344372 0.6722249665498486 1145.1949762181819 2.0991415807217155 0.0005644697599768766 0.0025804065514094168
34753220845912.383 37.94206705863812 12.594809171185826 1.6881982116469705 103.0591483847125 1.6029322654120512 0.00011079081668827675 0.009302526389542223
1.0779970896202019e+18 85.63399162508853 1784.9052605242061 1.803935714827725 36.70254766783655 2.020507090712262 0.00017897224170037874 0.009377337372735432
876186125625119.9 13.061111982035257 42.829388236523776 -0.3455736821292319 12.935981038674793 2.078761216719655 0.0003903788390045324 0.003971418536604305
834459213793349.2 63.09065106518808 76.32748987297046 1.9790680771236622 15.64790785930575 1.936736322803916 0.00022349200904925147 0.009927483483084957
863910576374035.6 36.80192823736738 1669.406032245008 1.803361533019159 877.8044686620347 2.3804380530900104 0.000677836571195479 0.005780575296403774
60144713653553.875 75.7802170162911 139.9660835024115 0.2789257981724017 110.70188486812476 1.841423196326712 0.0006016683558691507 0.008734961714304584
94416308500268.2 32.839097637020814 48.75599844165259 0.03244729082904413 399.0898790269068 1.2592700911586332 0.0002676222158075557 0.0022605682998004997
55585883560052.69 99.02225734050384 429.3156305942456 0.279494147745885 74.12663558074877 1.8285489560516714 0.00048256619570844384 0.0016180483380615835
1.0826265788460282e+16 73.29412447080976 225.67988457215952 1.331976643307216 11.275963933181389 1.9882804427679606 0.0007792180312164371 0.009998959542545507
144731471532539.34 93.00458342979479 82.81662817814988 0.15795833636202178 275.4853465917259 1.8680788584963073 0.0006042131217259477 0.00507450723366632
189544411325532.06 59.48158349972631 1558.2688586642016 0.7574009932581149 225.28144040341994 1.54222133555841 0.0006887025937851646 0.008952827414795504
84059088380589.67 74.49761136990061 62.14581304757471 -0.14348032247723186 315.384380240932 1.4006917039074973 0.00041867005278458806 0.00015607189888734718
3199563068389727.5 7.701004293887669 643.7002221470407 0.7956530883414834 42.89356837237138 1.716700967189865 0.00020743006792557894 0.00886714180571177
81445975415481.48 95.7798295720101 16.051917036515114 1.3807686283572043 114.63485007163136 1.926237437464191 0.00040874390973262293 0.009301887305614199
651899545711330.9 16.42378368357284 27.005391326516328 0.0353154071601719 16.433037937225063 2.131109326942002 0.00048671163187405907 0.00445297380923043
1.6379758642219485e+17 31.9372598101933 432.2506148193702 1.936058506635951 38.594500059687114 2.0859111897438676 0.0005618110576697638 0.003996687269863116
213346352157383.1 96.55606251111425 1414.9415860500173 0.8482205309072637 79.8788718714471 1.7104692191847528 0.0005762657996515998 0.004897178115831529
57094164428787.625 61.44452222536604 491.1193933064519 -0.14651189582342683 169.25515663171183 1.507410509691884 0.0002623734856068889 0.003127274378175815
58602930485171.195 69.53361449270851 121.53873755648802 -0.3837615014259631 64.87164428279445 1.8850578453866633 0.00018239671637866316 0.0006169415646789817
306720933269326.44 22.62516875514966 2388.671593988273 1.1737283581002864 477.3804061946795 1.294738898235769 0.0004971997435688234 0.0036756233072349205
168412649629632.66 5.3535034860066375 168.11102027718056 0.1641094904442359 116.07291490672972 1.8672686151926612 0.0009544581916191616 0.0002717990376264472
247625598520870.84 3.9263416939478475 223.4218844517832 0.4159115524982596 296.28069696537347 1.9882042615045328 0.0008076491965867912 0.00142083802640124
172866364356063.03 5.4915023880153875 133.03803341513844 0.28883143804755873 173.37619200633023 1.9223508351085798 0.0008424021955453465 0.0010011023664585885
546205995052317.25 34.29447456852802 572.7210940817067 1.705232882152842 109.47252554659825 1.765060609828488 0.0007969211691122224 0.00011962881167528307
4.430132467758821e+17 33.424430760409386 1880.139307998576 1.3672458918617856 31.243823331293544 1.8485430527079874 0.00011986185682464587 0.007814547951987477
247106460942955.62 27.650365174568424 2318.319831670322 1.017246324580583 379.1136503091515 1.3841209486163004 0.0004377936808786155 0.003960549407455075
89908916757155.48 38.191593885008665 2916.3329728875415 0.05329506505351145 171.87180112500266 1.7497862384702942 0.0005710500241724089 0.002916027789334282
109289418331107.48 86.18341506827494 1001.0067511452435 0.22271489642200082 173.18279608063457 1.8444696803334435 0.0004512846687258354 0.0075356261427565775
267691001500444.9 52.200258461354075 739.8329617722965 1.3273749767347613 275.42033308323136 1.9332888394384096 0.0002345551095807571 0.005156779544535107
56381320994908.52 15.714431488688179 67.41590237717061 -0.3489536511024176 10.053561955020669 1.8618404746330077 0.00033337480235184295 0.0031055453842631364
704516377082630.2 31.97143599643544 514.975054478645 1.9076871091398484 102.03904628611689 1.773296545999074 0.0009108266464246474 5.3731180095358336e-05
1.0514397827865832e+17 36.76652026414556 619.1212991169173 1.1584313432367632 15.194628681941694 1.9019857327481915 0.00019881163726297236 0.0036548337279671177
409927692076559.06 60.798323722402586 2159.6967333570356 0.8164642764038864 213.64603528343397 1.7920836195853171 0.0005638804067810652 0.004875558084345918
88608370575512.78 57.796185009969165 228.8432915164122 0.11024293307536404 137.2022999938839 1.9080530285499884 0.0001171140153040059 0.0037572282539153684
211466823676390.56 6.292491273200497 154.1267621144495 0.3014064570498711 116.79344190186977 1.9587541594552187 0.0009876916347011644 0.0001843370568768675
26810249492224.09 15.245180424493384 50.95609130950003 -0.3988634878532509 18.602315351057126 1.7574061272581103 0.0005022670613197193 0.009205692687071828
149125841288480.47 65.49017203470062 729.7971440752576 0.5628083044231169 218.36823104916496 1.8706497854893165 0.0004456111270632873 0.006489372283995963
50183246930397.42 10.708039897969053 241.4063372410647 -0.1181102810437864 196.67095519005093 1.5091454685226406 0.00013147007082552666 0.004562752161358917
76587865402966.58 47.08252746975155 11.223238729911092 -0.28445697558461364 289.4632601869226 1.3816060320523484 0.00036652795644606407 0.00623707431746206
46797139196064.15 87.89328379793446 55.44990706626459 -0.33318153650439186 95.07317907160487 1.7048458433701172 0.00048432764500809934 0.007593820662935489
2.1522347246997395e+17 35.20839014639528 2868.746859913396 1.8137288228931783 76.57259479899902 1.68455642055021 0.0007418759197367747 0.005825167177310946
5.388678148497764e+16 0.112925721518085 278.6762966862125 -0.24239305062284977 64.31202754446299 1.8833083796033359 0.0007573731241099235 0.0010177934017933073
1.556714870278873e+17 0.18496207706045276 330.33328458568417 0.08866450565079834 59.69565261281202 1.8912641012364215 0.0006313162690298412 0.0016964372412149858
49867860306729.555 79.37343517089617 24.059792935986742 -0.4943097625074524 90.2087279001853 1.7879318584130734 0.0003994747071224414 0.00844842186350484
278379673003098.0 73.44730326723271 69.90101217749864 1.3760023368278238 10.050957819254599 1.8783445718721314 0.0003767212610894142 0.008937392364714856
44296600020325.445 28.898273059361152 35.875724639032164 -0.0418140899580286 48.37610422434945 1.886550282923515 0.0006529614016183351 0.009328019174082896
7929411327821714.0 9.583036237031877 2407.5640553014 1.6862105677338806 422.6701124731922 2.2103323863532984 0.0003942610102088454 0.006186378149922378
694836924098740.8 54.50234317681582 86.53459031583311 1.9984337391022067 19.105830123506152 1.9116097963555105 0.00019335948215065473 0.009099295920466025
23166390104200.004 78.53211228037624 38.71472484179351 -0.3010130592337408 12.531242820456653 1.9889383315203135 0.00019538320556577486 0.0004368764335188841
548508400428904.25 38.69269016092731 271.7671897170106 1.1543217217588446 10.625897695382394 1.5571180054164053 0.00032174647140237073 0.0014833029387570865
1.871408333052337e+16 28.518215892836103 969.2272111716105 1.409082163010416 43.377382335921276 1.8119096584343266 0.0008227371112764028 0.009465822451259542
107714500980117.06 73.27827174838131 11.174246943993086 1.9895261874873245 152.3961659198932 1.9559053608206953 0.00043354461910067677 0.00934619400208448
248829779116316.1 17.240265276068236 2298.6431137016884 0.4859204310731726 241.0726120158663 1.6994075459279048 0.0004299440589236991 0.004464049691100846
53111152923194.34 33.77999799789178 757.16680592123 -0.35725429958610566 97.02918416865322 1.8850949183150538 0.000803171751645782 0.009392697365805548
56896651263186.14 14.354621359512151 1817.9491975252788 -0.34739000190534297 177.1597018885723 1.7660174809022655 0.00011237893012984935 0.0034065067353107777
134051656605129.69 87.67135382754924 14.661732438340888 1.911763958490615 217.05761414300804 1.9409963024498957 0.0003034285046229745 0.009056966669397216
313989848143997.3 73.62876634178005 72.55700176439936 1.3649806932975863 10.305802961496552 1.8773298739018076 0.00037643657030558597 0.00885505334354719
36454994853144.586 55.2878923678072 16.397121188659067 0.0077732411209274765 61.50442124446807 1.8003792105001641 0.00047380268798459356 0.009152400167366084
341646059891335.6 9.91695597969725 2744.0168406717144 0.24925439926025822 397.0710126858634 1.9609796895506428 0.00048394945870830106 0.003340616511640848
112497539737886.66 85.62426395081455 371.95160576300316 1.87720402737266 214.8511191661266 1.7949477799811224 0.000527682981976139 0.008046916498703307
360198069989747.44 16.34892431175144 1239.3213574136942 1.2135201142574719 439.92398722612626 1.77148850865825 0.000900479941117784 0.005516317977409783
259631118953444.8 16.956048396049106 25.104125459260683 -0.007820283155493435 15.524394415697937 2.0171314197705184 0.00043631373887839415 0.005370518450667746
64332888301221.79 88.22594574359523 17.64409127930859 0.9192398620847411 210.20588916061809 1.4663852710902638 0.0007800577652778797 0.007226050684249778
94735859455378.1 35.92411770160713 2812.981146750029 0.04011642245231628 181.84168093853026 1.7596833685444508 0.0005568653770348934 0.0029292095668376934
5.165878606863918e+16 0.1245560654970479 273.6304634864306 -0.22927575266494415 66.60815389664407 1.8769345197175846 0.0007527904817658912 0.0010513856700017652
196213829018295.22 25.949109999251394 997.9672943808263 0.8441194389380425 243.3003493619502 1.706459425177803 0.0008920972561548722 0.0045893507680617816
104774592262494.81 81.41216418075639 1033.941887205702 0.15912983995375013 139.09004921808258 1.8651909594218892 0.00046410276189081827 0.006564753530467005
74883273967854.11 99.87373255152627 18.159838489422924 0.5816677557194029 152.84393636023327 1.7036746689592976 0.00027667374939054773 0.004515235059971557
179201214738441.1 28.901042464808363 11.553847854970572 0.1674772645107243 518.3403538800573 1.6206356243161353 0.0004174063864903912 0.007308655090603988
85618792865832.92 12.526038931751458 26.61270198903559 0.04255459613684093 275.882839844489 1.5714833435265119 0.00040295681038204776 0.0070224497673576835
28663374463053.797 78.36721921173377 31.26006454150825 -0.025899087714559343 12.664173662322312 2.0170317082535982 0.00015041222960939768 0.0016472208915939794
284936118156550.3 56.73856672493453 1156.074971445187 1.9175964043767106 1187.2578857152057 1.3371904373712837 0.0009044927205228977 0.009362207907986165
56482246233263.72 10.224509296069812 174.6744818280085 -0.11310029828050161 180.43571801455457 1.5529068365313976 0.00014107956114639878 0.004659480688213943
3.884908642032521e+19 60.206342486544294 1055.0461897890318 1.993058954301972 24.233815587479548 2.0072033105944502 0.000113205916373282 0.006368472908364068
66458943880630.58 78.72459132631421 34.79643190422127 0.7701043844593807 134.5951573503943 1.7234689300131043 0.0009876814149609471 0.005977781923368431
617035858040858.5 40.022599559095624 125.77954859024153 1.1215683095593474 17.558934195628787 1.9526240961642163 0.0003673275592818575 0.001034809244903383
968628747492121.0 16.21483622633237 1959.377984866141 1.2542678617397183 532.5743789521259 2.0585689290989935 0.00010035073555651023 0.004078256914888813
100090454210798.75 73.19726556267528 11.5002927633585 -0.22561712880949758 133.4160955658807 1.9135176210317075 0.000410023743833261 0.009833730473943656
43381467605967.82 63.3019080191896 15.578317675634315 -0.1051901599848713 10.02566795307861 2.0635379740152437 0.00037466058108377297 0.007303720333984994
146780450132222.25 6.738548430704185 19.426469406427657 1.8410283213992604 180.46740479121118 1.8960556951703498 0.0005645327399509306 0.0024744350058512297
99427071426430.11 80.5188584701549 21.12617847216151 0.40347070232330645 160.12421018955865 1.898790238730722 0.000353901633210103 0.00791406010955971
20749517579856.047 49.354848860456954 1382.9462776149267 -0.2953765143352177 96.17482127298464 1.5368024725244105 0.0008668821837883785 0.0035468446027976126
46514462879873.98 38.0896113279145 400.4196038194145 -0.08909777943104344 94.78228235870905 1.7781172265874319 0.00016920935919176533 0.006984506080035652
66785181474177.39 70.70011239168878 560.2463655811971 0.3220429612624569 210.90357965111778 1.5650405427240046 0.00017131510045398395 0.008175322048343925
785966913770786.1 28.953783035478068 141.80734092829408 1.1714132180937984 18.85479594190715 1.8637659882794064 0.0007068668359111209 0.0015210808991800205
134262597858429.42 44.71506962810541 2767.0885155414185 0.2769550052118219 183.4004595147097 1.7414894043113514 0.0005712654241082538 0.0038027760713524477
25546306093797.85 79.95258034955987 32.235649705789946 -0.100723620356535 10.363842312956598 2.021385723705119 0.00016351221248123447 0.0017684013638465433
1.1899756117624686e+16 72.04627144134672 241.10836523638577 1.3821575030275777 12.243047568957097 1.974421212362211 0.0007436190047506066 0.009522677278245927
56152494681890.65 15.961316883172548 63.27807446982361 -0.29467804113154517 10.596693816150424 1.855732174437687 0.00033110075910754936 0.0033922708821987014
41667828048466.414 58.88460554738812 17.911691292702216 0.005294468566471144 11.541820448817184 2.049555033774495 0.0003887641084765296 0.007346602586349676
64434386977556.49 96.45894309364118 19.03347112261528 -0.24477975753314984 83.60644013285851 1.9285575741890393 0.0008564162953840748 0.009717308732972215
5.903301575009568e+18 0.13252269862494576 303.3025449585856 1.9505422497317477 95.82762998119237 1.893273474735211 0.00016813627399146398 0.00644517385958996
130694042005400.88 82.53790808276813 770.7761958673251 0.49148183171851856 10.396633259651935 1.8488954916355567 0.0004364465180798196 0.00351508255655023
285350478632397.0 53.350993923450076 876.4452425338125 1.171557655684032 178.3831655544473 1.8238891628685425 0.0002859822027564328 0.004003031295430726
5.903301575009568e+18 0.13252269862494576 303.3025449585856 1.9505422497317477 95.82762998119237 1.893273474735211 0.00016813627399146398 0.00644517385958996
396913191575685.56 1.148475427552322 393.04865107408875 1.4233199428771317 991.1747383644599 2.3245435192880914 0.0008784258579448645 0.0015157765807409986
144783273636279.34 40.49330394308624 324.5432130377542 1.3899323073187584 427.50714489935376 1.7767443427478444 0.0001020816183297463 0.0006344808480840299
352090939504446.4 1.342095418600472 22.307719086684767 1.6728957259099495 460.0002445817901 1.9406395725045689 0.00010579918342773987 0.009625465784744854
11150699913526.002 11.113732737482529 27.323128581963612 1.6069246417055123 97.27221406972352 1.3518504640596394 0.0001381563808815288 0.002324047342172071
59829318047624.8 24.45707810323059 952.5091284534168 0.02418914662289251 137.87238862245582 1.700686941240486 0.00017250996296780453 0.0014462805063008071
2.4493240537506016e+16 95.50625815210581 1371.9010299327172 0.8870869783211633 10.207323622298604 2.02446514383164 0.0008330913606200615 0.003912461134991277
105127576935352.14 45.082520466589024 41.77272537096456 0.09555649837356517 387.3558935685744 1.2650999245895265 0.0003566505780191107 0.002825260066699643
30081310936781.8 25.230261550093893 1234.9578040072815 -0.3135611532778506 176.46243767372036 1.3848180224032753 0.0001683393059686637 0.0022337686318312723
183374199463469.1 27.881135269285238 202.20138503014607 1.8696403031399598 68.85296020433783 1.8042865140054491 0.0007611743152989269 0.002496810023934288
154646007926034.97 35.48256830062763 774.6482680453798 0.7074204264588043 350.5957195709202 1.733222815218509 0.000932182101242743 0.004251856423953551
187399446610232.72 24.715974240218586 53.858338264002434 1.8351033437725577 22.824792062964182 1.867905573186127 0.0008989763835704803 0.0012456990062601513
242488149724273.38 75.21427630102393 2256.7909408366136 0.5978735429063666 158.1837492419984 1.7761635857619749 0.0005434866570372698 0.004626762272266079
548992395911144.1 3.862338904913088 10.596834712168217 -0.46608054740241767 124.3794705815806 2.057709546181951 0.0005450745445190339 0.007755307279198093
31460342108459.668 9.694840883488325 14.800972989867931 1.411130398238559 75.77103782349184 1.5910913820875707 0.00016175664652253686 0.00952417298309198
22669141139653.316 45.93491174022265 12.612762502170963 -0.23152081820370807 52.80649276300907 1.7274328659957692 0.0005141542181346789 0.009632568463389576
