7482966142871433.0 18.49040102649664 1917.587621107627 0.8904786562375224 185.06132655730633 2.125906557784659 0.0005758892978680165 0.0017105310944419182
7.074635780208888e+16 40.947011465634375 2343.1469265620312 1.4166262048490434 154.02599327790386 2.347818052282745 0.000978043871432413 0.001096453853631471
209050689914219.7 57.009582626850666 12.536339165404074 1.3610663816803812 34.02759615279764 2.069801548130704 0.00017659939181856446 3.0933256819114935e-05
1571924482371187.5 35.81272965074005 1045.6010603923025 1.2444716578772272 1238.3908178985334 2.407548637243383 0.00036500726858092246 0.009635366448768182
9085358735287478.0 50.53664681364593 154.45187893010566 1.1767842489795088 15.016535153794898 1.935055790611558 0.00022404703537301583 0.003970493806184735
141576848348120.6 75.19006508421421 16.470052129948392 -0.12515757782676745 40.13610808985424 1.9660897859525246 0.00036211792511788894 0.006413422840872026
3.9471422684191496e+16 33.406732486152656 107.5323808672061 0.5191254714982132 12.266770770713306 2.2183307222150264 0.0004597705705100951 0.0015102421619391112
4448957909936079.0 61.994903242159225 484.31247961602 1.7764702592278225 88.35092956039303 2.04464367341172 0.0002457909573877929 0.005897732406638984
1119662500056057.0 30.742205707993996 57.3286275339025 0.7560569831622259 33.40584182207248 2.2010467929152084 0.0005394714223008951 0.0015486467415617429
1.5217497320310236e+18 50.346154947436276 2566.2236620744106 0.7714999619014571 15.215102411323615 2.0775122992292414 0.00019346151644225937 0.00889426942657015
2049370136091882.2 27.287327788116592 1170.790880764617 1.902331483555549 2083.502309531389 2.634791290876991 0.0005079406283250038 0.009508510619381356
3403653275320936.0 43.24139580769179 1013.7228588991336 1.141844547266054 152.81375425868717 2.151168302772607 0.0001049151676744646 0.007938808726129242
402708243156497.25 77.45037571437625 132.8425785818809 1.6142052956756916 124.54214291596445 2.226709149243968 0.00015800261120387982 0.0074828440608766394
1051878784429640.4 8.496693862903705 1871.988291105001 0.05169052764554749 153.11215399831335 2.0059722608177792 0.0004837466550603039 0.0007238168584619451
422404178102314.94 78.36128961048279 12.482743633716625 -0.38302449855346926 13.060205224034531 2.1986161272798435 0.0001230934449385475 0.002891509372533246
382871175510153.8 57.41796134696078 18.533624241482652 1.920595018091626 156.57524381794633 1.974318779459065 0.0008820200322898562 0.0045033092139208685
1.763507432999067e+17 4.255565303396413 1350.3956012550136 1.085989148397879 236.0272870709775 2.402279689189022 0.0001116402786485506 0.008263800413781898
452539086574032.06 78.16421263961098 175.99381425308363 1.5776729349380223 149.41738087668952 2.231567007809477 0.00014847344231917365 0.007583044558323909
472340215095007.1 11.877147662894382 1694.1757616328287 -0.1774131142014903 67.20763524412052 2.0529154707769695 0.00018540768379158944 0.00015169110423874654
1.3608412548647397e+17 4.28082274449416 1480.490732313258 1.1242823684616159 268.2738016913401 2.4163892937892686 0.00010408965830377174 0.008643512802371741
9391120274270688.0 90.06208271561314 2183.259809512452 1.428510708584548 300.8112862210496 2.4049449642106655 0.0006010049415995351 0.0011953587886377017
1582908221186898.2 14.177151660756365 548.4466295423979 0.9973523810796098 489.87169833124625 2.537613556014099 0.0003370147926974903 0.0036597920570983176
131205791815043.58 80.1194985280456 13.046017847608113 1.4230698945823175 29.895464915589805 2.021470470496731 0.00020382956582033445 0.008688368345344689
6.027353640560108e+17 89.11813652998023 743.2812956009764 0.942389277703309 12.996992708434064 2.244247265510142 0.0003742525836541129 0.008202512797730644
534915823302762.94 76.6823029976632 12.736934683760703 -0.15111394825140545 11.973604341916122 2.2302459439551234 0.0001374583202957339 0.004311244545471735
9.180584291824616e+18 3.8866651397288905 327.0538040784133 0.4867776198509638 32.22665040458887 2.1958624608351185 0.00032549692077643534 0.002411553011842576
1101565709249020.4 11.060976763383977 12.686054152961214 1.5853402113295791 810.1609225864473 1.9884164598878589 0.00010079408032014463 0.007061443244969804
603688161371116.8 19.67779015661433 10.43312258057817 1.387807024021062 158.82364118191407 2.0797261065393964 0.0005824059101031796 0.009157441471879985
918381599721892.0 14.567508402511182 134.60648232313906 1.858638164001076 135.37128909548343 2.1983457804293773 0.0005348652799259767 0.009104056394615452
1921681979451756.8 32.468890727750285 1371.018300792226 1.0134382853333606 3725.15843928085 1.483587901966478 0.0006132830481680993 0.0054853561986778964
464079597196562.1 11.708206426263956 1658.3602792391885 -0.1901037323772714 67.62527962273835 2.053925151891408 0.00018111869142001268 0.00012935545304144924
465983564286035.7 65.83736087870561 174.42462967144866 1.8797439318472846 111.62809381700343 2.1189489698105883 0.00011498553646798536 0.006373202322688461
1610013040853785.2 7.4695028844640206 118.23830895450445 -0.21764618418096116 3170.864882119083 2.014416245263378 0.00018633614527541382 0.0002080093609245874
332905385014816.5 45.88954608808283 38.20487975160331 1.9816696745119757 139.55971666086035 1.9614468870903934 0.00010806898981051656 0.006405505981645257
2134180193623492.5 36.616444800261476 1703.7122472437754 0.9970298628325363 4576.727911371855 1.3254281567986865 0.0007136813210680035 0.004175272139145431
4546643027564238.0 62.89357813216262 474.43674737255964 1.8311033589749746 87.44888845389976 2.0332775283474653 0.0002432558690145788 0.0056402315635554
255773057534985.6 44.010878434641405 23.47588519137494 1.7778861814547589 65.3577099460706 2.027810982838225 0.0003155688419650474 0.00788782108952
5498572973404456.0 23.958614370313725 448.68507749482814 0.9971053031236738 76.32736391080607 2.166230878790378 0.0001093283277682801 0.002628215966453502
1829740908725812.0 3.6069342177334676 531.9353280931385 0.8023946376186938 3146.7782411801822 1.9086734921078587 0.0008510177708233852 0.009969732387533202
427236307605103.8 77.04968961712447 13.227989247664494 -0.37624226946280714 13.082081651972885 2.1967685482721446 0.00012381903715476063 0.0030727081577369983
773678927012360.4 28.89870550493362 62.42261072421647 0.8925453605968208 37.51815585612064 2.1250223643334323 0.0003303096319626934 0.007812571376244977
1671235138107823.5 5.957891211633418 17.067656493828935 -0.1661606737022603 4534.963997055787 1.6078956733342924 0.0002725720624697205 0.0003382565162887456
976271822464069.5 73.39609712490554 359.133617300236 0.17010828633933772 10.66659475373969 2.1644708333918845 0.00020769888729124357 0.005123168552519108
1.949134729659244e+17 0.26626872516823985 47.10320906676429 -0.48224852477060665 316.34727696932026 2.39023222637102 0.00023387903866184777 0.003789897917300923
502807342308889.44 49.65647392696802 79.26178224909154 1.6666089262600994 46.74573442035696 2.1209979506921544 0.00013607752652945582 0.006392915017832963
4572502929834233.0 14.911694193172046 1773.495881049708 0.686900361102412 176.5740862578878 2.084857315865204 0.0006114440302779292 0.0019154370858875678
1204352792556960.8 43.232491931143215 29.52604986604719 1.2584574277486236 17.59485530650176 2.165596384162657 0.00035775149024982713 0.0038706470961096186
985242158205452.4 13.336176233831367 136.02724988605848 1.9092636343473655 139.26000024985467 2.197690622812883 0.000542365932884623 0.009012836817742358
603688161371116.8 19.67779015661433 10.43312258057817 1.387807024021062 158.82364118191407 2.0797261065393964 0.0005824059101031796 0.009157441471879985
9.180584291824616e+18 3.8866651397288905 327.0538040784133 0.4867776198509638 32.22665040458887 2.1958624608351185 0.00032549692077643534 0.002411553011842576
1071160617561718.2 20.94743042799857 296.5581671061068 1.1316869871420185 316.9487281106549 2.4319306411981865 0.00033127205767276974 0.0045363984009642
2032940254178262.5 31.69818100001803 1523.3941124538933 0.9960495684633923 3573.7381434692497 1.5185979636245086 0.0006142702351486157 0.005270746262188099
596323576587353.1 97.30999469414532 468.02767212204293 0.7627436612087037 433.5345123881912 1.9686595385496535 0.0008261739508959612 0.008311159620810693
531497639932375.1 16.81908979439889 1126.1743919848127 -0.06022967569285509 71.38056752808944 2.0638256557492043 0.0001945407953566488 0.0004951258930564932
416855418481649.44 78.97910773476434 12.321290222338437 -0.39566683031984257 12.771290455574706 2.1949431749044046 0.00012327971751944456 0.0028362498008932674
2639614727574719.5 59.917019942772384 2500.5521411630184 1.0001098731466322 955.1921475546003 2.3781738482834043 0.0005363295581164554 0.003100133913972911
312054087516993.44 14.631055439343248 246.83590375349073 -0.4615610658520992 20.381598950873503 1.9852343457303898 0.00021635446772543288 0.009417293601165987
1487248539052114.8 2.913035523729433 17.473415601521193 -0.1859576161467329 1039.3702550453222 2.0490798810637982 0.00012500585675582883 0.004119328873186378
7.45639441534254e+18 5.158323240067556 2633.9391441878734 0.926974518382273 110.16990426918548 2.1955917307276245 0.0007312135844129759 0.0037849190848992615
1580234516110524.5 6.599831616750585 10.032698451881618 -0.10759760983459399 3556.9207802071614 1.564842175232238 0.0002931362976506179 0.001756070523128441
468556769227834.06 11.853308608994535 1697.430497756358 -0.1785726417922685 67.11925074842901 2.052023496107485 0.00018512986646636054 0.00013961167492711722
1.7623127130053384e+16 9.94302546859176 89.15381711838968 -0.2134171990513436 21.372167884139348 2.111867110331162 0.0009289560610952547 0.004009566442729269
93569517022197.02 91.398404826617 10.000464016469142 1.3601058159431836 20.224905176247233 2.0058198730439862 0.00018760447080236407 0.008714913663356869
5.97028375388444e+17 89.09244907176355 743.0905057953802 0.9428399899929824 13.036296461068535 2.2439367833036803 0.00037453380844130053 0.008199330858004733
1630349812619269.5 50.39937752441332 796.2718633598906 1.0993771269117254 161.15514883178125 2.071645071871984 0.0002890039810608069 0.005792766099108487
1148418301116667.2 97.58288985969331 775.1315452392839 1.2942546712219447 610.6683675809114 2.384449444936041 0.00048814797151473143 0.00735997346793462
745071517806026.9 53.252935281002685 244.77141071643493 1.4509011482204732 512.1419572177141 2.0064196841171427 0.00010857222733433745 0.008391526436663806
2.998285009551984e+16 57.94247004730961 1795.565254411537 1.4912504728850966 131.74893099150285 2.183512119740755 0.0001560634047534844 0.0028490878532161533
9.51852939215097e+18 3.8847268439846774 332.3288055551044 0.4881877032101858 32.22055465505051 2.195818982479281 0.000327156924377336 0.002427093004071988
918381599721892.0 14.567508402511182 134.60648232313906 1.858638164001076 135.37128909548343 2.1983457804293773 0.0005348652799259767 0.009104056394615452
1683286214658420.8 5.274900423546463 13.263582430197443 -0.011585193079793443 4676.001620916617 1.5034753202518638 0.00022787644977991168 0.0012076836994758598
1325314640992959.8 6.826795393539427 14.006005711910253 1.4023444598270323 934.6017494702724 2.1072805608870233 0.0007292768155192473 0.009222131713010036
411820102870908.5 57.546923057101466 41.962210333620845 0.1242597064295703 23.8510229516018 2.192696351473444 0.00018806599812186718 0.006138164272815665
251682794882714.25 59.7861363834531 10.436120625460442 -0.2279345347735473 90.13245172657327 1.9658958686040962 0.00027411004207192054 0.0071613153602984175
2245973461375536.5 5.202169009719597 470.16577841550816 0.9062511400089187 328.3027406708217 2.229574712233511 0.0004636420385433604 0.000861672904274172
214650190747067.25 69.25299608281765 18.939644966861877 -0.34716837220254737 18.97032905465682 2.0727770655933484 0.00011141315187792351 0.008023598220237588
8.993560078789637e+16 0.4788390555641864 1759.9916736476082 0.05039234080046051 320.72228096661445 2.2889157313407154 0.0001292376415762531 0.009325782571045235
8410204185850616.0 59.207679600828016 326.8214007159479 0.5573142646683426 13.189029439738816 2.135296221234094 0.00016821024996763268 0.0035697029256134194
211876689873564.5 78.53988630362213 12.265439703604631 -0.06674663262702141 36.47490299508283 2.0821964171912897 0.00045402947112253963 0.0013072755469195185
418572258974989.9 50.28483033547781 62.18961125951464 1.714805915719861 41.432911275768575 2.119030882531708 0.00013887310619563364 0.00625308751883432
274104683459596.9 61.68743795416835 29.93609523241177 1.8042253143720082 99.86669324925636 1.9923152991562032 0.00010971460972197236 0.007197978431417415
736859710728576.4 14.315951493143658 26.172378259096487 0.8678016196645754 138.4237135645716 2.092340212045679 0.0004794143157103354 0.008995972253585787
277347826155176.12 61.77283983403806 31.49640612507037 1.7804207840886381 102.30459256201257 1.9896708874843918 0.00010402976317913437 0.007284137844917377
1404508673000905.0 38.1181321040996 2631.9114924875535 0.32889537522124174 126.84027271426932 2.1709564368388516 0.000726822514733658 0.008356840671293397
5025633203245281.0 90.70162612639754 1567.4220199354052 1.302717425181358 244.4775574481976 2.3383326916819787 0.0005229714724641505 0.0025460510019249902
3656814808790701.5 11.16566430132827 741.6273541533398 0.14864095339715022 49.45246443972631 2.043606504494355 0.00017115320364310656 0.001733331946712588
112792320325338.94 83.48865454551256 11.69307107657189 1.4170561370264307 28.41738372112452 1.9916249241508304 0.0001951122142629455 0.008996151592282037
506350653667149.06 68.52246112777323 217.39326470669576 1.322799666279687 123.9328622408914 2.1515454144487016 0.00021988756660194106 0.006156752736875951
1.270186542952762e+16 48.00289776411594 306.31815846691177 0.47662239773926807 12.818254687758266 2.156625615702253 0.0001901971959857922 0.0008702684249546466
1189320177406074.8 93.26490306618679 257.48249103406613 1.6766502974023452 97.54939253869127 2.2699643877666884 0.0007362327575697311 0.008679743693593794
7.845405104940743e+18 4.000832257376018 338.9050066695344 0.5096812623879334 34.24934225994846 2.200129914231873 0.00031692659444854565 0.0025997972939825155
3.751502485550261e+16 32.823814119351994 109.60690934193131 0.4644104904461123 12.027920432634895 2.223461006656939 0.0004599801497723171 0.0016347345040433493
2553367110626882.0 21.934106288956315 1514.2575170600148 1.9388207629900434 3040.5284592442936 2.62842194991137 0.0005770959270482586 0.009427646360860293
5403338736278309.0 14.865417335236714 464.87599943722046 1.1941413677525867 127.54549777514353 2.181132059429643 0.00012459877229590758 0.0013718085193035528
2128532144696639.0 5.835407727570619 432.60886761988 0.9722769069477493 310.6641966070042 2.2288115643418958 0.0004684184221372082 0.0014129315867424134
3.450051156097295e+16 58.28368075955076 1880.8096151122118 1.4906335852213906 130.04126013754643 2.18759408886006 0.00018391303270673512 0.00255324164851666
1119343225905431.2 17.369284696193333 419.83223209934573 0.6354661586492187 385.27458137476305 2.355005856751051 0.000358614303458931 0.006294966067397767
646043091312515.0 70.1041073258088 217.45320610804228 1.2544463662942034 107.51117916479086 2.2305472421222503 0.0007557781105710921 0.007498632001748445
1854567088747445.5 3.1624904576458954 631.6896015032221 0.6597330918871087 4584.738403731899 1.872693092832693 0.0008347778897516753 0.009859085673361431
483815365502692.3 40.83957583412973 60.88622622575538 -0.30278145720297656 136.47130443865123 2.0945589927680914 0.0004317144860612413 0.006187966798895259
345015837853827.25 97.75424321487749 300.49192543242793 0.194438447475354 38.23944133522966 2.165399159582784 0.00027316614692939994 0.006409406289807208
1679380148243784.2 19.540261668234777 2070.1137507359786 0.35104700950416423 2584.5867258481794 1.7814099473968792 0.0006197136411546355 0.007054347295724991
1705955316886708.0 13.504445209025365 1083.059546346288 0.3785465356495318 116.17638662349098 2.0059454640126413 0.000501076765662231 0.0011695130365047476
1.88671482908609e+16 56.16181878366017 144.08709444881038 1.4984641564895762 15.838802504219943 1.940439498036087 0.00028361257999144266 0.0024532187775442504
2351606064919023.5 47.93845301393095 2706.2390713656946 0.6785813895658405 3404.267143304655 2.1154596935955166 0.0002228211777017629 0.0032100507249934237
317213989816782.56 14.879982838051768 257.4882724039208 -0.49424443264881657 18.879441917527938 2.0095489457225075 0.00021219387440833364 0.009436463458588425
205258390325124.3 71.23648013622089 18.4365367232823 -0.3005381649364549 20.20405268030225 2.071102528091035 0.00010926269417192589 0.00788319811584242
1640300678594751.8 7.086798204022227 52.80513093241367 1.3109853523017891 2174.4807389285825 2.1376948843961565 0.0007337349488372504 0.003118446504408548
474147034456701.25 77.0448240468487 179.5051472399251 1.6054504350894632 163.93492422743438 2.231880854062512 0.0001418706227348448 0.0076636654666206346
1.949134729659244e+17 0.26626872516823985 47.10320906676429 -0.48224852477060665 316.34727696932026 2.39023222637102 0.00023387903866184777 0.003789897917300923
5507903719292821.0 23.986960997348884 448.18988757111913 0.9966112711580217 76.17953978135381 2.1665880327852123 0.0001092582835787618 0.0026269382840398933
2.1829547673151188e+16 58.132608272489776 198.3687064296662 1.566524016664047 21.57213778121842 1.9862957629849398 0.00028263046201964864 0.002601525593513714
1760576145693182.5 4.545595117854852 41.092991820251434 1.1863596588392507 3194.0973959720923 2.25124907717492 0.0009738902391082207 0.002537725940127993
1169381278384031.0 77.31971992362786 847.1438819703188 1.1409015559371496 737.4209686891695 2.3487119726177363 0.0007012514943870304 0.007082640831231226
1134302552461410.0 30.702458256420442 57.19994180800141 0.7564494422905752 33.3636401353745 2.2010680623618466 0.0005393994738684755 0.001554606531638853
1115881626987119.0 82.0516141277763 597.3263374566288 1.0500864647653956 972.3728034019698 2.1492404874981745 0.00026398497538549187 0.0011742469929101745
2153879195628383.0 48.32389427382328 1226.448417029141 0.7720638684630053 106.59378806193787 2.0795304822780025 0.0006821304030885173 0.0008368489666761205
2272583395306016.0 45.5101459587471 424.78717751452706 0.7417563576517094 30.254100809390653 1.9846462092408648 0.00029974457204666347 0.009117253325945906
233916389474581.06 77.49274091029687 43.82127236304364 0.8391930294935162 16.28687569095007 2.022591354271045 0.00046082002240333914 0.009016980655637013
614240996304910.4 59.71825472925074 448.9224395838573 0.3971701475818791 206.79987926632705 2.161186316098081 0.0009100008398040254 0.008272042848959122
506613332197825.8 22.061127453447362 290.2568838657195 -0.07984117311022931 41.014556797189385 2.0693590833593234 0.00020450515249720907 0.009489589680587038
264209670402718.38 94.51466309392654 11.020067344274528 0.9422645919835864 75.02086014685527 2.0472461054861943 0.0008398160039267339 0.009297495147108637
2.8755546157176916e+16 8.055772037686546 117.46086938787113 -0.44427385290381927 16.89891875008434 2.1301335921291327 0.0009356266802710177 0.003325761369634772
204385739412070.53 87.19159371491457 29.274280002289675 1.0251340195914795 14.182206992533315 2.0470066825419266 0.0005853121960334311 0.008972663372709131
423459736367756.4 73.30793016476689 19.33691630348632 -0.05694036052525592 14.173805109302005 2.2049477898565986 0.0001464511654294344 0.00485680285760169
4602420165507076.0 77.61435631010063 1897.3468885664843 1.1533512489998836 303.7712156787037 2.3904303034574816 0.0006327262632300985 0.0028248090484283388
1596490741081876.8 9.064949694528558 458.1338978959402 0.4056641757808708 4296.386173939557 1.7043978380428109 0.00024409868681618934 0.00507818816027641
234314117406653.4 84.82601733786491 35.85165475728682 1.0567746356377712 15.507606295632506 2.0393994458047358 0.0005850958889479886 0.008984635645542239
4830892053525879.0 91.38835792513065 1988.3064984560126 1.1040147045126933 273.2050370701426 2.381702793695376 0.0004815287231463702 0.0018862290492080366
811368028733251.2 50.978932187070654 321.85587870554247 1.5618684762140322 629.8503645767298 1.9771227232437918 0.00011814805109872326 0.008734019039092282
628208566845797.1 28.011709877699012 154.23699231799665 0.20014933159944925 255.52286851526068 2.0670917973246405 0.0002589659704107533 0.009573790200415907
382871175510153.8 57.41796134696078 18.533624241482652 1.920595018091626 156.57524381794633 1.974318779459065 0.0008820200322898562 0.0045033092139208685
2594374476869826.5 49.00249937516948 299.9170675156134 0.9844374646704667 32.615450224127464 2.0033167286988935 0.00024274812134150844 0.008354156607041939
1167220742212386.8 6.846327792430937 40.28369088051523 1.7678134123846139 678.3554093839808 2.0354966407600394 0.00020141758998683845 0.007823674793900521
1604153645302320.2 50.445403997093976 795.9105801551815 1.1005059883865669 162.53754184172038 2.0733854978261164 0.00028956301052718595 0.005799113832539801
224848078983478.94 46.44236996346659 20.4726257455949 1.6938812010763011 50.1704754712159 2.039851669482762 0.0002779222549564551 0.008439763752979558
3.896074795259065e+16 33.21493197809608 108.36878475323412 0.522429244078278 12.407405950737235 2.2178644723021876 0.0004633804827717297 0.0015406472601871006
375557695207144.9 69.44191829083596 147.44451427430923 1.978617662815798 123.95567580055597 2.1451241558560756 0.00012194930674645333 0.006798829711318716
1228351782532405.8 72.9783401287468 422.5019068915514 1.9294570909454885 1338.3636147935654 1.7306624248706832 0.00012057215028639316 0.003847193158059483
1.267885761299974e+17 5.209407874965013 63.32590948470051 -0.41225263914601307 11.113062005300772 1.9795979882495702 0.0001367910729248841 0.007345590962843957
372618336783825.8 15.239564064338882 265.53419127850543 -0.464922758909627 20.117023189896187 2.03095876137227 0.00021702534457925353 0.009351993900516591
2045006284048243.0 28.21377451541212 2695.310779849395 0.5091986673663941 3391.6435088552566 1.874068013943477 0.00017488912097025095 0.008810418513070477
7.482140135553381e+18 4.056169368879948 337.2701505932189 0.5167456767272456 34.49673830387025 2.2001205708196387 0.0003177963954347515 0.0026338597471284725
1152784508483612.8 80.61460202665546 552.2726420184958 0.9733580121362583 1149.1067953737488 2.0520548273876837 0.00026982342928588834 0.0009852329554059182
390832989743172.8 95.39100243410319 10.29479995118357 0.22140586285164843 160.1167432091533 1.988051124149079 0.00034276843479055975 0.009579115590613502
1531762215936899.2 21.130803770822595 2392.2630774170943 0.22290924589772615 2394.1437440037357 1.7233114555192 0.0007479581304628637 0.007320347605378214
1933328891902946.2 13.442383866749665 2467.493753862492 0.36995749285147633 2945.1173143019055 1.8790460939876064 0.00012686508633624838 0.008515843488040907
379937925866475.75 55.83804100298915 20.86174831325593 1.9882574212957704 161.4090160467544 1.970546515114453 0.0008992048707135115 0.0056904884156166865
2248296274983869.0 58.304175791433266 2221.2062186385474 0.888243743379935 3313.974670653222 2.1571727358229036 0.00023390918193872607 0.003802647034597739
8.898589753434159e+18 4.120742929224831 341.82187575188686 0.5298311025798095 35.13583250326828 2.2238573211836905 0.0003126443301354559 0.0026532268896743167
1842075686555138.0 3.1747232560879937 587.2231654969175 0.6934751820132097 4119.453508647468 1.8672347103556726 0.0007947744993681728 0.009625041759001697
9.097996557956037e+16 0.5529847531356644 1805.1817996460486 0.021757115651342307 291.20501249588915 2.2670735816325935 0.00012912345759531386 0.009265752893324004
857213861313010.8 23.514402636382776 1381.187973705986 0.16966872583377646 215.04994494999497 2.1413340735326205 0.0008383683467995579 0.007801424751738798
1136264687343965.2 82.9392304842777 393.68955842097904 1.9499388045054498 1138.2433275147296 1.7205774719927591 0.00013398086683224575 0.003616707552664391
1453143070506925.5 88.12999775260295 287.4020696007437 1.6795497842510645 102.53192212136277 2.2944782010697273 0.0007332458408575862 0.008509864884043743
1.1598748808574165e+17 4.680122971262424 64.23396649168029 -0.44549634008890493 11.343505411651126 1.9540189948711983 0.0001333218458972768 0.007229845315190848
2271036132015123.5 43.79445078214491 292.2151607562547 0.9018433474729156 31.695988960925373 1.9851879789291735 0.0003121825986221925 0.008476465378423188
218763477208054.62 68.19784698157933 10.784126848758005 -0.3059081469478264 83.41082873020595 1.942984848552983 0.00028656737265777226 0.007714332693807345
128217069295450.95 76.31417289348727 28.116471329276543 1.4341806628612837 34.44357979117954 2.039193491575825 0.00019839297163385693 0.00983894248815651
646403039800166.1 70.10542095807871 217.53575061060383 1.2544234227888391 107.49891996155816 2.2305115379442912 0.0007556432767822392 0.00749881011947737
346528263712259.75 16.67464168293071 154.8515798084005 -0.4345927876120931 20.176338715945207 1.9730374841632858 0.00019826001145981263 0.009568507952324104
1681188605563230.0 19.139330582717157 2085.2683542329255 0.33886651721616035 2619.6248084596264 1.7768772310607626 0.0006203456093361734 0.0070717988990481005
1527143148800159.8 85.56053071007894 731.3731225973166 1.9228544452867546 1862.5085261956615 1.7383538397764853 0.00012350768984221896 0.0030905047834719314
329831079444824.4 42.182083933316605 36.86263475595083 1.6866199206593036 124.3551899639994 1.987179435465849 0.00011624906672985166 0.006701363424106691
1.949134729659244e+17 0.26626872516823985 47.10320906676429 -0.48224852477060665 316.34727696932026 2.39023222637102 0.00023387903866184777 0.003789897917300923
1.3860711238502724e+16 9.403951247146303 95.37758215637982 -0.06471139949643895 31.734143027908793 2.1393933713450006 0.000833016727262779 0.004294947851226742
2863436225235720.0 57.471684863644874 2627.5250977459395 1.0256379764897146 1106.8009816481303 2.411789444355999 0.00045629801116727435 0.0025959657739687966
283510723952029.75 91.54236970513826 11.088642440967549 1.0842985059511063 83.40419770143245 2.0468116940403807 0.0007694518096687111 0.00917449320788091
1655051072486038.0 54.58585687466909 1334.8972346700189 1.5554619924590691 1306.8848880384608 2.2487434834205273 0.0006160795213487843 0.005370698896829649
5.503267995317122e+18 5.401455763869868 12.788169363625187 1.0377373577671252 13.48192797542004 2.2312596139283896 0.0004809824053644597 0.005160414730865341
1200306217647469.5 12.610697852645743 365.21118860864175 0.7448198240795014 569.4988892031378 2.3487699491352965 0.0005550452353286127 0.009854631794544056
1620931788450569.5 69.45458074806075 329.77358434790534 1.3992160127482627 64.67211942746768 2.0400152183140383 0.0006464921707963338 0.007526530287806175
1591003454516259.8 8.794146818791472 46.30904353342921 0.7122403372459644 3862.984336438199 1.712140468933214 0.0002280319148634091 0.008983312900183874
454145584646968.8 43.0987486717926 19.89292449140223 1.8028975088281598 204.23243936242287 1.968881318510848 0.000619416556115935 0.0042573116953961345
454072491659081.25 43.09423795701673 19.885601691673838 1.8026587722183278 204.06288466511361 1.9689712005652313 0.0006192682043537191 0.004261557074048752
519395700039912.75 76.83168366391168 12.533458934552627 -0.17852858103557528 12.415529705889721 2.232572467793757 0.00013458105358107425 0.0042565323228476995
1.452672432354299e+19 20.089207168017538 360.761841458396 0.5779657645374936 10.043380400198766 2.242590408131922 0.00012382118667007909 0.007920250469688094
254654128185957.8 46.88721293045114 25.246309672382583 1.5657191658026361 71.24092225332687 2.0252080742128964 0.00030292014891971356 0.007847157855771128
1628795386311117.0 9.27273502686237 567.7066869690346 0.36051004825717864 4628.190776963677 1.7650494353064816 0.00024638831713728426 0.005380175789863375
1.8468319524824144e+17 27.70657653638093 505.5155861427748 1.9739447981170937 66.61910857745983 2.0669840949573484 0.0008960510603999267 0.00042792725922329543
262283129561331.78 85.93755226310165 194.5919299858833 0.13509525399464523 46.52674122269588 2.0969785940105874 0.0003315362776591997 0.0052580956785965895
296799568293225.6 88.98775228874743 19.316066954408665 -0.11405104112293901 80.78882544334489 2.0706570647638793 0.0006215832764337903 0.005773679044045966
426482264420410.3 78.27144396626488 12.477074105187569 -0.3803726755820265 13.096593746448072 2.1998261613418317 0.00012331703937472035 0.00290047991717386
1619496512091018.0 5.7566338927652705 10.297946049327772 -0.11280828649192087 3838.6492608438566 1.6159763493952228 0.00024924715238170417 0.002645736720401826
824641531171492.6 47.376051625669675 302.3046476158999 1.5437169884482729 598.4074454414205 2.021629229902636 0.00011436019134668375 0.009218706132005807
752445828409162.9 28.205766867659243 62.201921599309934 0.9008024726858462 38.59095776511805 2.121478164678296 0.0003109354736368605 0.008412460067222365
1523719500337138.0 87.01822239077146 1841.736078310508 0.5883192922291538 764.3090304622382 2.284712784829676 0.0001284666073881749 0.009682735962539843
2038801531997477.2 29.535730730727444 1190.7419161488967 1.7765081428165674 1892.6203793414272 2.5808477171093647 0.0005500886917146181 0.009223747986854037
2896556997236124.5 45.63995637696446 459.39931659773225 0.7102995227519313 26.081097039496395 1.9789636476653694 0.00034066210424629246 0.00900357397835245
1250066546399921.0 71.91398935026317 444.9861234984041 1.9450515631606762 1331.2578605657893 1.7294413231968886 0.0001243669041205082 0.004095200424807415
5.935746417667642e+17 89.05365556927276 742.5918203612754 0.9435581068415655 13.059406042719013 2.2431228805466397 0.0003746507767320078 0.00818966948241423
1760905747658272.5 89.70238981205993 826.1138078418163 0.9063341512217322 104.04850954337775 2.184652020556466 0.0004700480082801043 0.008005027521110004
1615397238937961.5 8.598394731498324 40.701810755376464 0.705592590630155 4238.802649205204 1.669388706690433 0.00022275753554845017 0.00922194733306843
513704029508815.56 69.19532166451515 217.18813353943727 1.3549289507764373 127.9737204724774 2.166993980435427 0.00022016853168194424 0.006206036209412928
4648549240356030.0 96.68378333928564 626.8691852572897 1.7191403198196265 84.82551987804071 1.9969646340073601 0.00010536036985963793 0.008855189715346629
421563800631956.1 50.97990878040297 50.66614363871386 1.8214414948930724 33.222945588889985 2.0901891349923867 0.00011128385716054016 0.006524427268700972
3455913960694353.5 50.16311165280916 765.2839976054188 1.834481630014662 229.2499645563338 2.2271182160724248 0.00011007377874454642 0.007887530863020003
521321302202370.56 76.70143277614434 12.542666316786457 -0.17006872425154285 12.389287568735018 2.232726634799283 0.00013519443959746674 0.004260489667815439
1113775744119034.4 94.2649867290414 733.3935693655374 1.273607649061867 647.7007613440197 2.3955370603569075 0.0005200721339285993 0.007345328559627138
1204175663091941.8 13.711761003546382 110.03679553159476 1.763995614939104 106.45907947666493 2.1978968587358962 0.000540578875894268 0.009168308075139535
3.4849595123177466e+17 88.14543049613226 502.2432879166663 1.0049392449376866 12.869275407777463 2.2224430482531607 0.00038277767416606406 0.007383687821243621
2987913100425320.0 56.17091250674723 2806.4227344964 0.9851282927704991 1092.137036351108 2.435098239714203 0.0004823434756145378 0.0025779033652504426
294055748976327.44 84.60246226021432 42.88483586541907 0.15154722066082738 83.00913042555506 2.061473010278787 0.00014565494146857435 0.001738938605701278
2265422356509151.5 0.5706367438715341 357.2878833748227 1.6225773446455425 2189.7589109117957 2.7496629132333066 0.00020782656609226796 0.009165494470769725
500205367619047.3 71.10670481075255 216.6437337983951 1.4019187433030842 149.9566908926649 2.1939863526048167 0.0002144736531426958 0.006743199414217508
767947042262721.1 29.79811637885009 57.73215881848417 0.9199519232661522 35.370115729257144 2.1251263491860692 0.00033302509618742947 0.007617215209614106
2245973461375536.5 5.202169009719597 470.16577841550816 0.9062511400089187 328.3027406708217 2.229574712233511 0.0004636420385433604 0.000861672904274172
3963626009297828.5 89.92497656519157 342.27215821797944 1.8437718526225155 82.29300063129354 2.284692078767084 0.0007321189638538005 0.006390274665111076
454466332162327.3 77.52825528387953 175.71048712298813 1.559834452240259 150.40865680845332 2.2297234550293465 0.00014955338357729286 0.007608585950521366
1655051072486038.0 54.58585687466909 1334.8972346700189 1.5554619924590691 1306.8848880384608 2.2487434834205273 0.0006160795213487843 0.005370698896829649
7.11653721247609e+18 5.160418722456271 2568.447664308993 0.9265500726558513 109.67653849988841 2.1953685401316876 0.000719147773060468 0.003823146876953558
1626511025451070.8 7.9548981677734645 354.6526662933171 0.5425361189449736 4277.458003191523 1.7936113836170988 0.00022390373484561406 0.005419931621648017
906624100591482.4 28.15809857858361 69.92062757616279 0.900819779933519 39.641058234630236 2.141932262527943 0.0003038982345427196 0.008031905600586961
1302254339934913.2 5.01845743922307 17.58472230921432 0.08345936740905091 1051.8762174899678 1.9766001759873537 0.00010476739402518829 0.004570258788250199
516864485008050.1 67.9117035158425 219.85606749291463 1.3109067243276171 125.05394579308359 2.152051444183825 0.0002234311106756943 0.0061030406505002705
425022938559611.75 78.35267849842975 12.392919825588596 -0.38173350948729134 13.048263133793746 2.1998720663652525 0.00012306550723114215 0.002902453617208742
9.51852939215097e+18 3.8847268439846774 332.3288055551044 0.4881877032101858 32.22055465505051 2.195818982479281 0.000327156924377336 0.002427093004071988
6.731681060108411e+16 44.856112923942405 2378.424818579901 1.4264277288417293 155.48966509314295 2.369446977184187 0.0009661785836538648 0.0012850681695146995
246497877506772.94 59.38770074822101 10.325132879893538 -0.167035940728131 86.07154864426803 1.9706124205442253 0.0002736046313875289 0.007193034281048518
646043091312515.0 70.1041073258088 217.45320610804228 1.2544463662942034 107.51117916479086 2.2305472421222503 0.0007557781105710921 0.007498632001748445
1743948149078678.2 3.253735231254879 15.83168783406125 -0.2532276859908422 4442.193594515503 1.8093503701896148 0.00011793820870458478 0.006682084467645601
1125824501141811.9 30.236445653424248 61.942977973489945 0.7406872700269527 34.56795200533637 2.1967574617415306 0.0005378489477196115 0.0015329435083940475
4174291658298866.0 19.735199349292554 209.60595249900715 1.2622893571436997 70.7202106411907 2.1631672615287263 0.0004349387675638181 0.005745632878700768
658710602283502.8 24.219310525164566 137.97779438114517 0.08886294957707586 271.80550022152994 2.0608104740879596 0.00025594835134392464 0.009740051564491153
1.9880708436335818e+17 27.304937583436995 502.1965212419484 1.9937387477552082 67.01589134070495 2.0780698719820005 0.0008997869249025267 0.00030301073822472293
1268311637627533.8 6.987832834483459 13.1966008764423 1.226218130346235 718.8592987178885 2.1345744742610857 0.0008504797309864897 0.009438578555504507
369956787744543.7 94.66322669103701 10.95249316542688 0.20025392244369555 145.69439514512334 1.995564537080788 0.00034297324201784326 0.009611250118007201
785570676967333.0 49.62599196731914 318.83514942781784 1.5424313070886373 599.4847950420017 1.997400718776923 0.00011786968404116306 0.008981275095142816
5.528314296781283e+16 65.31840606621645 2641.2004568521625 1.6482498212850414 177.8279487965248 2.1948144339270823 0.00021623553099791164 0.0024676810674853517
7.846633083898549e+16 0.5400805951559304 1611.6454407580804 0.038869795671219176 292.1806748570638 2.2088335999219613 0.00013629089882202255 0.009116326956042435
432718883727062.6 15.630321635130603 161.98115172523245 -0.4567026065169355 18.266523803581332 1.988827720388545 0.00019675647519289095 0.009757481542057187
5.937492592580419e+18 17.971487661823716 407.04558562280613 0.6385826573190152 15.37740032533715 2.2550941685685757 0.0001390859086061391 0.007781366406430182
1536834433319579.8 20.996089745724575 2236.813856857537 0.23170787376196367 2322.0802025332105 1.7331688114635173 0.0007361888651336215 0.007355493936063843
1.0316100070414782e+19 19.34182215528905 365.71873599745663 0.5782732892077143 11.24435570733902 2.24626441829017 0.0001280166323222183 0.00793406416391901
1954627827710793.2 11.884735407359514 928.1464055383705 0.6837753477411683 547.1482069993637 2.5797884046762656 0.0003757547676481116 0.002030473173509589
1594550701563426.8 8.232130964487435 26.625622553635143 0.7583776875696702 3962.07773419458 1.7698694418221108 0.00021329102324869683 0.009358493548873616
1647966153309363.5 6.32765969149002 122.2319901539453 1.198611676999475 2693.6768317611377 2.1883232176034344 0.0009203009752474159 0.001724297787911124
808308373299904.6 85.77021417213854 647.7328931831692 0.6886182160092084 665.1614252048972 1.9404694999965926 0.0009499427629246483 0.008352513078612862
1038082283364420.2 17.65222904922733 19.05675711510349 1.8946838638821255 838.2624613629549 1.9520402211452133 0.00011684494454347442 0.006236352800551856
1642764487465715.2 6.314039746293858 54.99340117816412 1.2367770654886256 2727.131945372516 2.1530514886074212 0.0009356097585594 0.0022490081943524025
340689938082843.6 88.55723595424523 53.38411516717587 0.2968203446230004 105.5756033915275 2.0709576438840105 0.00011726464418311269 0.0005937255338894663
1613981314380764.0 7.976764613961896 33.668207029551525 0.6764856816822744 4858.591738339757 1.6365755110632607 0.0002225565660908615 0.008954023768130877
361773528112793.56 35.59588935852847 13.380572200398825 1.4140572832687985 70.69705361671964 2.0746112732525583 0.0004470142396043506 0.009944583475454965
1536470679700799.2 53.07967636357549 1307.2980433459336 1.4337752281185199 1021.9499395639153 2.1918590826929663 0.0006338604162012743 0.005691162913012636
4638719228806115.0 13.790497387081306 2768.776238717497 0.6029947027949107 209.45663412568123 2.0731024550216643 0.0006745478911695612 0.0011861874049181962
1475799297063061.2 52.16861051690876 1241.7659294241232 1.4609786247354641 981.3387943669856 2.1879555110373756 0.0006037974267925872 0.005751846797002212
2409126636819816.5 26.704722137747286 1400.3265668945457 1.8201936090196327 2798.968760735719 2.5678629051069204 0.0005588028949927459 0.009240841318634471
1309033281710974.8 20.25821462986923 483.579555589173 0.9333334168566798 414.0431023932258 2.491324368925958 0.0003871149484603883 0.004360206771492316
904748685690407.4 28.15513046805071 69.93477470856203 0.9010272965690911 39.580968260483274 2.141690724074973 0.0003038642326243668 0.008031215012313265
2025842995636080.8 3.548608531814761 712.3830146217269 0.7305604205045328 4633.662340887992 1.883778951271971 0.0009854464780825365 0.00995927657362735
196026613196114.94 78.1897235845584 34.90858607245214 0.8064989338377178 12.806568159142785 1.9897423094074005 0.00041884193002040773 0.00890481480315979
1602340776480235.2 89.01666313360226 1992.3962961261277 0.5760149510145806 782.6070614813685 2.3172148446483676 0.00012198227929451019 0.009731442049429691
2381772469767298.5 26.506056350843288 1442.3379110926498 1.851061845932088 2739.1185501212094 2.5479114484495278 0.000579901559754165 0.009190710331527421
1653078307697369.0 19.234203248208374 2514.778474860913 0.24441981089398057 2281.8976178768116 1.8814467180982275 0.0006401126750752201 0.007521522183067365
1128497002861921.8 30.655889978230878 56.9346761093712 0.7552201894346305 33.29318950809832 2.2010099586661647 0.0005400441600321872 0.001552826159873611
1146592662245981.5 14.093407267431974 325.92856418250807 0.7655135550187462 554.8815099502732 2.33093401366004 0.0005453667883281818 0.009708500540122147
5.503267995317122e+18 5.401455763869868 12.788169363625187 1.0377373577671252 13.48192797542004 2.2312596139283896 0.0004809824053644597 0.005160414730865341
9.057998697966744e+16 0.47744235055473583 1709.8466486861835 0.04661695186933626 320.7178353665681 2.2894004602835185 0.00012986636534180492 0.009281018033331439
756711361621869.2 77.18185104215736 388.2857813527209 0.1366653049967952 10.025724872473061 2.1570901846117256 0.00019142078004128637 0.005427500058558502
1883614448505479.2 13.813509446765877 2300.7807829694457 0.3620569002772078 2774.675991486962 1.9047500921216023 0.0001242138945825963 0.008601008213728369
460528163404694.0 55.25542355515219 309.14312935771994 0.9186028000122092 69.42576605614862 1.9334922858727184 0.00021538460922549714 0.0072748603858542185
255773057534985.6 44.010878434641405 23.47588519137494 1.7778861814547589 65.3577099460706 2.027810982838225 0.0003155688419650474 0.00788782108952
362942872999262.75 35.62294748454232 13.409735122541324 1.41267558084086 70.66419861681045 2.0746296778056625 0.0004467717300490377 0.009942482400995201
234574458967042.53 46.281162143247144 21.400383476650568 1.768166325278976 59.42500652610867 2.0233101394349124 0.00029083386811842345 0.008040986297616341
234426133248085.03 99.61441734088353 12.030651233920661 1.174580895752057 29.958050339893607 2.1777693766399553 0.00015251545106579904 0.005235154975547848
154140743059844.62 72.07584172371278 18.360764624905116 -0.08460782938265288 42.98731175797177 1.9801135106653027 0.00037427508666224984 0.006643765557956462
1608204846110717.8 89.0009701900148 1761.8295894425337 0.6820287624761752 728.7932409107281 2.3343376083099714 0.0001244158663407514 0.00954254424266449
347649901348816.6 66.08422431996364 151.06319248759138 0.32607472956020234 88.55244977626145 2.1174974084327065 0.0009593504948702974 0.00925464127618738
1603533481550721.5 22.439612996304902 1024.5783693488825 1.1827773957458019 1448.7134956867144 2.3767805402160636 0.00045150624344309837 0.009511280075534374
1470357253918097.0 9.142323505108536 446.0216928727169 0.7174279592587327 832.6873421904986 2.420002311241099 0.00028504780158471947 0.007931032995598448
210054753579828.22 59.56745021425113 15.653030960759839 1.1728584807277689 33.73434469548393 2.087959500548379 0.0001845088847237791 0.0005447084054666365
210054753579828.22 59.56745021425113 15.653030960759839 1.1728584807277689 33.73434469548393 2.087959500548379 0.0001845088847237791 0.0005447084054666365
1204872403076715.8 18.669451023045198 306.0364826679755 0.8655457990730386 547.9155899521596 2.3628592017333805 0.0004245106310464555 0.007681765118449961
918381599721892.0 14.567508402511182 134.60648232313906 1.858638164001076 135.37128909548343 2.1983457804293773 0.0005348652799259767 0.009104056394615452
93725422876269.94 91.70991823058621 10.027289137708534 1.3581252278609957 20.36017014190299 2.005527357292309 0.00018781625913906073 0.008860556745881949
1302254339934913.2 5.01845743922307 17.58472230921432 0.08345936740905091 1051.8762174899678 1.9766001759873537 0.00010476739402518829 0.004570258788250199
1708986693791169.8 24.48106747347738 2160.483724826633 0.38507328727670664 2440.347789375771 1.8953665591467486 0.00016840649233561936 0.008573975880350618
195527535754664.75 71.05324205392058 16.676622933754658 -0.34498032691469377 18.17792352421416 2.0606921143573604 0.00010531148692817727 0.008057318929514947
457782584386286.25 65.89410631275865 188.20125972355686 1.5988469618630121 173.46360494919975 2.2069489217303295 0.00016621559848756747 0.007058261482495162
2120200597402754.8 35.95314186140747 1675.5874149151048 1.0021397319294807 4580.746556676544 1.2978683765140082 0.0007397828293596166 0.004192762061769325
7.077629452284262e+18 5.042013826777625 2589.790467170024 0.9312229702087049 111.85690447283424 2.1884948822484125 0.0006997660761654589 0.0038834613286743355
1904700892904649.0 92.2315865599603 706.8810600057315 0.9939600041556815 94.61676021546842 2.1916009658684796 0.000368379027547837 0.008851552486419889
328320823461701.0 99.42778796765364 341.33485089632734 0.13084134215870924 29.366950717327388 2.180315719097769 0.00027040979371199705 0.007044445339930731
2212122061966613.8 0.5626152374021438 298.3236079040479 1.5359090012909684 2199.3812678589247 2.7241622323937373 0.00019681649505450262 0.009228259690052186
1228113213228870.0 6.647504082042516 30.16689558296622 1.7865303374863954 791.0184828968762 2.0512725268380345 0.00021519884466049053 0.00811610401420865
1949811014711556.2 20.206116769933388 2968.7588268331433 0.3767478453131754 3076.9830588331924 1.757619020265529 0.0005974696630841921 0.007573172733309639
6.731681060108411e+16 44.856112923942405 2378.424818579901 1.4264277288417293 155.48966509314295 2.369446977184187 0.0009661785836538648 0.0012850681695146995
9053917880684790.0 94.09565964290165 813.0721931623268 1.6931469000064987 92.20041306212845 2.0858679288930992 0.0001259832171167764 0.007753547016292146
1.4092521979028325e+17 25.567589377448492 558.4230823695541 1.8321226361469996 71.42603024368636 2.0876613950383804 0.0008809365658944153 0.0003994859131102183
276678311227536.22 93.75929231727797 29.830602368348757 0.6483443544436559 92.53455494857951 2.0103849865451084 0.000179181832162668 0.00999341182127681
7.847208639995563e+16 42.105426137231916 2797.1516958409866 1.4055685476240556 171.2144553293712 2.3880012882021937 0.0009986655225041011 0.001005334301295718
257259559684112.9 65.37273878376062 30.452846567737044 1.7040361865116855 95.55543288580446 1.9889120193437526 0.00011896589357103377 0.007125425133534076
1162262602567729.0 92.36670752029204 249.10293788064612 1.7163224334217686 99.61953706345165 2.2863442107821492 0.0007995967696438277 0.008705799524399548
1645543074799982.8 6.212792247833963 54.60784274022423 1.2324700415217902 2669.9615539238907 2.1605688945916723 0.0009314031912732186 0.0023566907346771965
230342033749339.3 77.41391266804575 43.04518454230769 0.8360776512397639 15.981960488506562 2.0195187833909958 0.00046021602267006943 0.009028584168300286
1929274437997568.5 44.410459421181464 1879.7120547651266 0.7669300995902569 2884.7170035549702 2.0176913302729402 0.00021906082222637895 0.003427359916155821
5049284626250400.0 90.73245412645062 1569.289796525561 1.304167960579214 244.6938315907352 2.3390452256921352 0.0005243172287640212 0.0025344767915522707
1637734363277498.2 8.189177674225434 481.0264925305683 0.3853731251557222 4646.2644103121975 1.7663997570821688 0.00024077396383244575 0.005293117220064715
949302306417016.1 22.279985735222986 306.43496921992465 0.9609488608934376 398.1950493113355 2.338916862189823 0.00030959399640763895 0.004383455936246448
4940597647206213.0 93.9970217407641 552.8141881853916 1.687533029483248 79.0874078798782 2.075751984303414 0.00017760391594352933 0.008165865549292797
811364574985796.1 46.44152101684682 243.61385964734185 1.5286615365651617 577.7948763857328 1.9811503227741507 0.00011919192138335125 0.008689098547795088
1759783992422972.0 13.800322895287309 1084.3047271447047 0.4070339581190885 118.36370549336968 2.0132954676511625 0.0005145573694405733 0.001172667949114675
470100831595654.44 57.5932808679554 42.00832928934502 1.940769673426456 196.9874474058622 2.0137245643754085 0.0009924713941368466 0.00649948560452314
725122804215437.5 14.580216856884523 26.790726736661068 0.8751143682637715 140.7073000985296 2.0900229030755844 0.00048001748361340487 0.009007566797417087
2495037729481747.5 49.02312754846561 304.6059761791786 0.9746979643732488 32.302084749378295 1.9930111113882787 0.0002436995354404272 0.008328321842890889
1419317779310243.5 7.83144455625596 14.227462818838427 0.8519253544170706 1124.8419688714778 2.1679603726562453 0.0006507869013297503 0.007372720075605563
1.8418464080234752e+17 84.43018788181571 498.67225275520207 1.1264360605962715 17.080424417937778 2.1948710440488255 0.00035916651556716666 0.007129084350863933
393088039393699.8 51.62641489437016 45.63278536522357 1.827571923812615 30.22240494387881 2.0819633324402878 0.00011886343815317439 0.006672081496553845
4013749115334092.5 52.62867002753871 697.1871362168401 1.747959341127935 166.6862914396269 2.1731609143852557 0.00010504461550038924 0.008473804084566681
7.307032573156336e+18 4.077615564945223 337.4139837404305 0.514297432664444 34.49788748733689 2.2031235306303314 0.0003162751072768277 0.0026161357759021116
1.2475251813654736e+17 4.631215062325487 68.80575112386578 -0.439225748205772 11.307187127115712 1.9612484235097527 0.00013255582570806954 0.0071982154284452714
6814608348867479.0 51.844349043995635 1154.9334763088507 1.6386558688205919 205.93011282693894 2.1754485970352317 0.00011861198798025759 0.008437166152129753
1.0316100070414782e+19 19.34182215528905 365.71873599745663 0.5782732892077143 11.24435570733902 2.24626441829017 0.0001280166323222183 0.00793406416391901
1507581033907471.5 86.55279143931595 1821.1953036365385 0.5974047600018553 754.3861457242905 2.2659318462818603 0.0001296621786941015 0.009592329519006747
1613981314380764.0 7.976764613961896 33.668207029551525 0.6764856816822744 4858.591738339757 1.6365755110632607 0.0002225565660908615 0.008954023768130877
437558915870067.56 81.03698237986303 10.907098703949169 -0.36459475793258944 12.944693382787369 2.209980186798265 0.00011980168058906376 0.002641490636672737
1663892312938794.0 36.744477053388216 1035.2550231140472 1.5697573428861091 1471.5642174612153 2.4447083294661294 0.0004840448567531512 0.008806292943417362
598916117640043.9 20.46441274826517 11.393521367417792 1.3412195415554238 156.30373495197958 2.084537433264672 0.0005894275785834466 0.009277140779997807
1242401759099396.2 32.687244925508764 2746.5006163044686 0.27240334373506614 255.12820420282415 2.198231441325344 0.000646950674067843 0.009611593780560753
3.629239038818839e+17 95.14017036439643 536.3832546732788 0.9669059852165186 12.6302352378682 2.2667984269448964 0.0004138792829510698 0.007808284710783716
3.893264216960851e+16 32.710898835404684 114.37935785183613 0.49848233970812683 12.468595408152426 2.218219463344932 0.00046776851020697153 0.0015850111988264023
1550951024340262.8 15.358656368210383 605.7366903859155 0.8845541015219625 432.5100617782785 2.5114637984416293 0.00038395292632552807 0.0039778677303847565
914925579027608.9 14.349597922257843 135.56415662536497 1.8704553207118648 137.79174951055944 2.1968112372494577 0.0005359030859824945 0.009160678878651686
1838156645211045.2 3.448223720862078 651.8550709327875 0.6794844832178694 4491.435693028877 1.870975012951292 0.0008441639629725308 0.009867869367717089
7253108413997409.0 48.13298511431012 177.48489836707628 1.073884836248303 15.857630355405048 1.9328068200414044 0.00022703896679053455 0.00359241602167486
2322521677831716.5 4.639463813035791 364.201654584513 1.0169082805993686 331.8290772957501 2.271723896643116 0.00045907681484373995 0.0014364138747604877
200109544331040.8 69.94621203786383 17.303259145381308 -0.3197595050951 18.939057215261602 2.0614046770783707 0.00010790687578842969 0.008077212736928038
659458431196261.1 45.752631371765375 17.61746570730951 1.389143310492726 14.833822271239102 2.129598821856994 0.00036814173910877017 0.004460090372670663
125061204001893.19 81.73473859187462 14.615845551114655 1.5021526669989673 34.25327113460538 1.9983280739326281 0.00019318238271586174 0.009153851629443835
5.4515021870577114e+17 85.49205129528895 484.45787997544636 1.3513527384268271 18.873359921326514 2.2036183815885177 0.000407711683855694 0.007419830673480278
1.7509789670268806e+17 4.261203862454824 1351.1131211353202 1.0854733992157217 235.56711953964526 2.4001115172378054 0.0001115955152244304 0.008265539161953103
1268720201771987.2 6.976947884010434 13.160494431011045 1.2259046927303392 719.2186273386293 2.1351796250882806 0.0008507011046079304 0.009443740898625735
379401146164911.25 36.37911142538502 13.469436762280571 1.4319373062285412 72.30183662001828 2.0843210326021295 0.00044774374874723426 0.00993615992849719
296799568293225.6 88.98775228874743 19.316066954408665 -0.11405104112293901 80.78882544334489 2.0706570647638793 0.0006215832764337903 0.005773679044045966
2296047553344403.5 5.745461628926206 499.047935660952 0.89117541040862 301.3719030102544 2.1972768388220407 0.00043521170262551085 0.000769753005366843
687144634189374.5 55.691629029438495 221.44998210173412 1.529581538577811 460.51668002027435 1.9996365992147087 0.00010296396923468516 0.008367339620925215
1649547358249051.5 29.397790337308223 1848.2250315321255 0.4518352511277551 2196.714253497096 1.9703832653482418 0.00016083789964109553 0.00796275129991985
590589243707636.6 57.29503894183766 419.22139491859537 0.3453574773547101 207.1084551467469 2.1482650246472876 0.0009576518187057154 0.008371702195785943
4020292585798842.0 47.554684606937954 1030.472132646245 1.308859569071638 176.05264816984533 2.1788209909899425 0.00010299157252854976 0.008154720274108997
1.841105283035766e+17 27.80013659349406 491.0772297986612 1.9913872382816955 66.30866011557352 2.0748161009080013 0.000878270110109372 0.00037748807482618153
9.313556084612528e+16 44.645725809212585 2860.6597868944214 1.4314538963350412 162.89690356277174 2.3633651918709564 0.0009399476038843248 0.0004986965606281439
3.751502485550261e+16 32.823814119351994 109.60690934193131 0.4644104904461123 12.027920432634895 2.223461006656939 0.0004599801497723171 0.0016347345040433493
309687386639947.2 50.291167802241965 11.739610166696023 0.09247429677676333 126.91980818524813 1.9468488899638898 0.00020991012546357678 0.007411313271931283
1823559665089554.0 12.920821129245365 1184.6800029032277 0.394331368329212 136.59436492238072 2.0342357024018964 0.0005241322441148638 0.0014127827733795544
7.063956201304302e+18 5.051881762594849 2613.6649556464477 0.9288187179103684 112.4818146193037 2.1910757423999265 0.0007021784132258052 0.0038683217757918675
353770883533657.44 16.728517015177296 153.83590301790593 -0.43228652202745615 20.266085649382514 1.9753420405137478 0.00019791907249333486 0.009568899182015343
1578049718697600.8 18.474865587916 599.685597624863 0.8320545395156391 365.794056405822 2.4814808290038943 0.0004081886165701101 0.0035474943723713
230239848488604.75 77.84561586292295 43.49474247132174 0.8318057938859915 16.235273663641287 2.0220126248886134 0.00046277170002887943 0.00903292311811843
297076097972930.7 45.27537328597473 16.607680527578793 -0.4581389156643638 59.888221169212585 2.059012686633313 0.0002764957684986653 0.005621232588960177
8.630494885163187e+16 0.5122729031718818 1749.769693876811 0.0356124914392999 298.8386721098452 2.249406564652105 0.00013173731471972043 0.00922543122387289
1278871508900876.8 9.18066302468555 51.36253808513955 -0.30442385969667507 627.536488360546 2.2175029811145475 0.00020537285471113439 0.007878458975046437
1607247373521443.2 8.274142618593597 33.87931696241948 0.8775184320339413 4623.279147289391 1.740345306152421 0.0002349576624691485 0.009054781715896972
1825891109839693.5 12.934013704627791 1187.0767984719732 0.3956602569843418 135.9423908293535 2.031127984750195 0.000524494213984379 0.001363964924586659
484727905587775.0 71.9618453963619 213.5073973111113 1.3900272494263295 145.46978218177898 2.1828318275862424 0.00020588929743386961 0.006657708501990283
1911571254800746.0 18.26269579021201 1108.7739324852328 1.345189287069672 2203.852824305511 2.3515901416138725 0.0004068419576152705 0.00952481376976344
1493235025764172.2 8.487373194363052 461.6006731133749 0.6997500720896463 848.7912803686504 2.4258517807979603 0.0002804730971052135 0.007951833399752656
2896556997236124.5 45.63995637696446 459.39931659773225 0.7102995227519313 26.081097039496395 1.9789636476653694 0.00034066210424629246 0.00900357397835245
6.3427336736117e+18 5.32150433095417 12.26709809200496 1.0661310522496728 13.190063660182824 2.2325706443221005 0.0004737392793785175 0.0051707563728801914
562234949757171.94 68.75568681241789 247.9427251850163 1.3339162781496268 145.41583385598747 2.187105889850844 0.00023138783907218987 0.006251027996280221
1191671266994575.2 93.1343807440626 247.47806619330143 1.7358818649516792 101.0912290679791 2.3054370682312997 0.0007772832319285508 0.008690812859861976
148138849660046.5 68.72659680822969 11.200745496130105 1.4208284826844533 16.377999639017304 2.0704980062338425 0.00018713849528884197 0.00020080240191806072
669187188180269.9 37.326840988709286 94.32884197071287 -0.37556458015530303 264.8772048805717 2.106725946668092 0.000570082213512286 0.0063106465091580174
446529994479494.56 98.6552485447364 15.973060222839505 0.12639729410169198 202.28463613432993 1.9660457980060262 0.0003412976085456954 0.009406372058733922
1853516491564700.0 2.8610271217743675 602.3891456348024 0.6867149177761837 4418.820036762683 1.8603584293869129 0.0008056607924068393 0.009651068534854944
224726157195925.8 68.71936942678613 11.679573609655163 -0.3068883519617689 84.23046294857177 1.9514039063014155 0.00030810426610713895 0.007517412255833409
3932991108052709.0 61.752993349478814 463.77499641510997 1.7342694449676188 86.8229768612885 2.043349402790218 0.00022907324731465616 0.006191077377794351
371899486152444.1 55.89623202744349 41.47268273022189 1.7316127260969603 140.26655090416116 2.0143498405693108 0.00010634822529165295 0.006349338934988439
985168563710245.0 33.818612947086656 1837.7960069273468 0.27563009512677505 204.76222797487452 2.1370290636761076 0.0008848609439013009 0.009502769408570736
1908192106571208.0 1.5871967679319077 218.8339512714758 1.470479695812386 2513.8203182818006 2.540132786969183 0.000155457755771706 0.0083726766200289
1734985054270466.2 3.6697113772845897 21.46791946540435 -0.010694563563754644 4721.458764202227 1.878756163137273 0.00013167681721595078 0.007300592968418318
3293065741440441.5 81.04853255753825 1282.809540752537 0.9528434591557824 131.81988541828082 2.261367797152082 0.0005304197624800918 0.008118057409711582
450773221169329.8 63.58313775108023 14.188362227415821 1.0621482289108668 83.44844865430923 2.2207621405032354 0.0002819081579777279 0.008383557287023925
8598335599304515.0 54.73382748706285 159.00541393497068 1.1346781178498033 13.868382554336389 1.9329226193910058 0.0002457559290738123 0.003651981465028804
4309287184308850.0 21.641518579298317 269.6523615149271 1.0621462651842373 66.11746557831901 2.1471316264550317 0.0004935064411546296 0.005793548730199046
1701687135487064.2 5.4605048432639265 109.74838057562718 1.1666706687410238 3023.5645303570213 2.173177078753557 0.0009286532810098768 0.0018143163007420596
9119386523260820.0 50.51136577068644 154.6961337947575 1.1766450756907316 15.033216717385644 1.9352009396557681 0.00022419472784817443 0.003970390419322208
655247476125825.1 21.028599233996502 84.73806607578246 0.06843224509101542 236.3374879165225 2.0685354427929243 0.00019348933751634582 0.009509160386718644
1948490833674039.0 32.79151968375094 1446.0427045821864 1.0048393206983302 3312.194784250075 1.5666998135255215 0.0004772780974290936 0.005739909106652084
1550290964469877.5 71.73326055222448 815.3578710600624 1.5763946640227906 1978.576359687111 1.714155977597241 0.0001547343341179878 0.005505884639481646
1.5217497320310236e+18 50.346154947436276 2566.2236620744106 0.7714999619014571 15.215102411323615 2.0775122992292414 0.00019346151644225937 0.00889426942657015
3140754505603978.5 46.2535082544508 450.15983286795523 0.8274946766798601 32.607504243805685 1.998961536937414 0.0002614476355728922 0.00840673571951503
1227777609549856.2 10.818588344424166 78.90989008037519 -0.4814352591985672 575.6595969516911 2.270469911237129 0.00026944977916901745 0.008116899884120178
2877739600237008.0 97.43715782671117 1683.4365711422963 1.4153673491353915 727.8189489261574 2.6261480140337574 0.0006761740583382532 0.007698662459720921
6.084173670082373e+17 89.53161950804136 744.6914073626352 0.9365473292023347 12.85386998912705 2.245281221705876 0.0003721809287513352 0.008253564861791202
261467050517893.0 38.653473564292746 33.72881955699993 1.8616547307288016 74.7238953139638 2.034470488336557 0.0003023457130796824 0.007879061855240831
1584526600613333.8 8.111067392466385 106.39480621050271 -0.24758070054714598 2817.764783009718 2.215540931272103 0.0001714350992820178 0.0007525912507145701
1664633580016731.8 4.398101426121702 15.741509725582508 1.0723917852176426 915.5713262160207 2.1735821914839866 0.0008410760520676489 0.008622591709300536
361360530422366.0 35.768147899986474 13.6927292932686 1.4007015355355497 69.8461768256417 2.074488255653347 0.000434929348648978 0.009636313375096423
1192713526408275.8 82.09158303310592 883.8772796400666 1.1111366232727642 783.9605076182696 2.3399095964429337 0.0008422343317751737 0.006761437302657011
1529959549508374.8 7.5997935412673385 2134.6525268559744 0.09615372241123121 153.20507560178208 2.023404854989687 0.0005256662097804592 0.0006074829317429574
318924520313161.0 14.888522314603 262.65519030273225 -0.4883632361941461 19.22419976475506 2.0100372241718274 0.0002116854923913449 0.009338108809130588
2283078988044545.0 0.5635804162412646 320.129238483796 1.5473211578752106 2129.6339611929775 2.7400613050405473 0.00020456744871051735 0.009016965439794411
636317781879139.6 38.07528382942373 93.88172381434636 -0.318125562218063 237.42794016436844 2.1072047256917252 0.0005619936829145651 0.00616446594864135
527120085193855.1 99.75142935296255 19.14658399713061 0.15588020220651844 232.5998612938287 1.982769265404545 0.00038656363267482597 0.009470685048859891
1707610297845441.0 5.644251194485123 16.60730430761553 -0.17571832612349714 4761.743186727011 1.608257919808491 0.0002708374867621738 0.00026446772643037766
2850473423980562.0 97.62055366489834 1681.1427500928478 1.4043903394283817 726.207848999705 2.6194430136046294 0.000681575803991363 0.0076827379482491236
5083852310461059.0 91.0139443668107 1608.0102799008885 1.305556646499069 252.76198471400625 2.3433229587014206 0.0005323988017924689 0.002271089534638741
3647760595689725.0 78.09521430278082 781.8284318640505 1.1659956787402148 86.79839275830943 2.132107915857544 0.000603624392824823 0.007015777031073734
9.003677717710098e+16 0.47909990949608106 1758.7385826740012 0.05076816013679342 320.75237881719767 2.2886090044606426 0.00012926806246434173 0.009324119321333993
425022938559611.75 78.35267849842975 12.392919825588596 -0.38173350948729134 13.048263133793746 2.1998720663652525 0.00012306550723114215 0.002902453617208742
2.3941613895757494e+17 41.0105928633348 182.95370432709856 1.2247757199012586 12.627595454542071 1.9981193551350112 0.00028074202596680304 0.003564076923348857
1.4965788112693714e+16 9.276040059645076 93.86966939453211 -0.07582699947254745 30.593755128336838 2.134448718214181 0.0007828878612736336 0.004402609207018781
965700755809790.5 14.29776251017605 133.1474743873717 1.8628981758104444 133.37044373555932 2.1974772596375693 0.000528495301213972 0.008946162743244591
3567196183193563.5 47.680015742884265 2729.1787525080017 1.278092121819739 1162.3594445657072 2.504360905588255 0.0007135351904562385 0.00017560541985140701
389979162766607.3 50.03896780542625 44.84538229680694 1.8611963429990288 30.696709201486456 2.0829100528573803 0.00010111988142155492 0.006622368755998113
1655186780446636.5 6.2535555772285 10.447248116919983 -0.4075806356634891 4732.823398390458 1.5071081463996863 0.0001779711376413777 0.0001690015971485666
1742556354466619.2 3.3913636190425613 16.716094138029124 -0.07793641606265145 4988.870329587143 1.8764821356965355 0.00011463435402607735 0.007113512317096905
912261310907345.1 14.69134480901019 66.7700118297681 -0.3179812910396118 433.3301834997937 2.0772065541814086 0.00019536814491262367 0.00827882505517107
520572071500066.7 57.59958652055286 10.633855631148748 1.059091255606033 90.75597609093711 2.252563227287317 0.00018411445481884066 0.007592065261110762
1059730023590609.6 8.54917181467438 1869.700155925357 0.05527611915755115 153.05942846790518 2.0063261412032594 0.000484069128943131 0.0007299833762255583
279856763624869.28 96.13628543512294 14.057322274675766 1.0242920661790709 82.69932848950454 2.0402256937712515 0.0008440826092162696 0.009250289485336337
384120161840830.8 85.8060399758487 49.91124567832819 0.3123173798445611 139.56747441088044 2.0219287310401466 0.00010534256623803485 0.00039306285504930004
1936149216035026.8 29.219189877690837 2709.514363148893 0.4295021175094548 3290.7682782248994 1.8281638396617583 0.0005887609380815943 0.006839318571071276
4.0455811894524e+16 58.91680984053022 1950.7734579365615 1.5592966708894076 137.1291289886036 2.1767753687692384 0.00018331369478610405 0.002260717977755019
429036836768432.4 96.6143324723789 18.125743952997794 0.34093660576164875 174.3510046455545 1.9846402255141027 0.0003529912775771019 0.009384272464484754
601011849010803.8 97.25158294534712 468.3036159604055 0.762553372313953 432.8440141361217 1.9680922418438447 0.0008260047117084038 0.008307738048662914
445118574039775.0 50.320918547971345 58.69862225750439 1.6601444777903636 192.81150915609794 2.0068875954969747 0.00012421645607035208 0.006677375191557346
756046794234367.6 14.496009707600486 24.358314861513513 0.9483394474429012 156.31027000239632 2.097042519332334 0.0005044615298686234 0.00897795633215885
230688488481681.78 44.60892627333928 20.934981274893865 1.7876900725271665 53.807862170161556 2.0325193029454893 0.0002872990453664106 0.008354769203327405
1266509073635230.2 15.898078199550312 436.1775609223091 0.5440028118037656 535.6749947044776 2.433377162324006 0.0005528791365230737 0.007920532687304905
1655476149960241.0 25.666259266261015 1956.526766137463 0.3808805397956681 2467.024055148266 1.960351822418815 0.00015191562516456822 0.008194778226440533
1983974497348107.2 28.90700854070233 1151.0967405005056 1.8512016445997757 1929.1862449313423 2.6044373928826463 0.0005000316325211353 0.009383279170005589
1.949134729659244e+17 0.26626872516823985 47.10320906676429 -0.48224852477060665 316.34727696932026 2.39023222637102 0.00023387903866184777 0.003789897917300923
4652757067039402.0 89.62174920991673 309.85605628203933 1.8718960826889055 74.04000486353594 2.31424719893621 0.0008502703456619021 0.006686176375587402
464773228306184.75 11.83883465262527 1699.5343321413977 -0.18310639840560666 67.19689201025047 2.052819517418051 0.00018459466847760566 0.0001511536537556436
694078131373838.4 67.42794616478034 761.7516802128191 0.6810853047067875 129.66427078728987 1.997500304855129 0.00014675544824421325 0.007528603214815115
1577365082759163.8 10.271508145833726 460.7024935618018 0.5791227410478827 3916.756742988757 1.78491661550571 0.00022897968184895144 0.005572402793305459
311776875934755.75 43.59091578435912 34.268329341721305 1.823984698535075 116.27491583002387 1.9822364032877517 0.00011033608304275451 0.006397499451775508
1065199702220573.9 80.63490854621215 503.8018162379371 1.0486409137539194 956.5467153445823 2.0562960327483055 0.0002757029015651361 0.0013663930742784467
3082451347430669.5 41.02990166330896 1160.808464339322 1.0338456895859145 181.12658525217412 2.1843101682194352 0.00013065970277919447 0.008678572388413136
986333525779140.4 13.660827981065843 129.9387745458871 1.8744743983911334 140.17255387411151 2.224577815382182 0.0005324879597856528 0.009194967607744901
1845827369931400.2 3.119548192390485 589.3350064877591 0.6917490955657344 4148.771280838996 1.8680000240452028 0.0007948654490721699 0.009636377965544042
402553090607263.3 70.2668002705114 157.52037349736787 1.9522765803123228 129.09810113618863 2.171120334820419 0.00014514585052131557 0.006971569920084738
1487056824019068.2 5.605880328056598 11.848966255157766 0.6553434239057505 1253.8450651247354 2.1554580893997137 0.0007663960631805619 0.006940441192826949
1318850989333615.5 6.377208017475056 18.8877654538101 0.2204690927997064 1255.0297635306297 1.9378225195646126 0.00012320992526326267 0.004610694935274422
186269561165677.8 83.73868714722461 11.16430106836281 0.017966669819966086 27.874132532991396 2.08477554274707 0.0005641262387605099 0.002713262892605604
3707087168006414.0 11.06666983776141 746.7872322008394 0.13964484683851963 48.27878798322958 2.039543062260809 0.00017004306240671742 0.0017042844489678494
269021148154075.84 95.20874919835705 14.133051000881803 1.1640350560437112 38.17854188365383 2.17760921299072 0.00016326984475579742 0.005387818010932264
1110082130692619.5 11.324542742511204 14.663134417805683 1.5439809108899398 832.8629029955722 1.9859475336709826 0.00010545265794133926 0.007062728756410549
1552741062153385.2 8.94418056206571 42.74352751168033 0.7669898796424617 3502.951497532991 1.7278787185929048 0.00021676037569170543 0.008864841023815665
4785908785372893.0 62.17899140930089 495.29541084133047 1.7988494878603556 91.04211098578752 2.058309952325569 0.00023645241218091432 0.0060029639619201955
372241076127955.75 55.8186967876434 23.740240815342787 1.968685557491035 161.51370815320226 1.9589982126646213 0.0008714256054613491 0.005665723308103299
573771623780374.9 67.67372868334915 186.4440227762005 1.2489881331878177 93.15353884523297 2.1948302670365383 0.0007661669391163 0.007460425103667163
1146592662245981.5 14.093407267431974 325.92856418250807 0.7655135550187462 554.8815099502732 2.33093401366004 0.0005453667883281818 0.009708500540122147
1593045915860080.0 6.186870118861194 10.078499820790148 -0.10824605585130642 3626.0493402773586 1.5675906344567279 0.0002902455320486369 0.0018390131528794526
562998244852087.1 68.84643008847473 249.16006883827293 1.3295442320283952 144.4237338606409 2.1812883403791576 0.00023199728850787735 0.00623517234158073
2310696159058465.5 29.7714861363172 1885.540939040804 1.0001695023545663 4415.874086860544 1.5243076080534763 0.0005107299285439482 0.005516028237115231
3576071426852361.5 42.42480410086467 1300.5780018658913 1.0035180312766179 183.1331245477289 2.2288223180680786 0.00012333223890868012 0.008740103779703015
520779755948688.94 69.13073967570743 218.66610805480283 1.3551302629775304 128.05497913373472 2.1675105691179386 0.00022101079529970568 0.006191022058162042
319500104235300.56 41.784954276401756 23.62432788789851 -0.480577332273332 50.89028470428263 2.069390926345883 0.0002647743472994999 0.0059863004146276455
416855418481649.44 78.97910773476434 12.321290222338437 -0.39566683031984257 12.771290455574706 2.1949431749044046 0.00012327971751944456 0.0028362498008932674
358917382679258.56 74.66254586922513 12.392651695316744 -0.4165659708748404 104.44153868128002 2.0773382204622144 0.0003102918965066853 0.0025214445099976
1409638641146023.0 74.65873176311945 568.7195549129681 1.9290356875460768 1655.9266001795518 1.6837769168505559 0.000109058769930927 0.003653115643765286
2250079502466612.8 45.21884948277714 2367.9097564132044 0.8067145907809535 3542.1894974543725 2.074816200642673 0.00024215713292053263 0.003405322601157133
1682620088723026.8 5.541620060728889 11.048549914179848 -0.25070528957268845 4679.461978650206 1.4895833823248656 0.0002433225781462034 0.0018287595784940722
303672075099267.1 45.13029319012051 36.229807112198586 1.655380576218681 110.44390063558266 1.9926935895384292 0.00012150448179411222 0.006960184498202567
1625965652940951.8 6.21096357368487 12.29054479227907 -0.056606705188178036 3748.3276009045335 1.6424595116637 0.0002535987295670366 0.0029045505973738575
1.13232423280937e+16 51.8105779450206 184.6532995092987 1.2853648270147258 18.722765948384186 1.9617989903272535 0.0002817416182703243 0.003350344099329449
1585440174508357.5 2.502299408020775 13.613855432358395 -0.2805953430650605 748.529072852849 2.0511115625549943 0.00012448040991598045 0.0056120312453132645
1936149216035026.8 29.219189877690837 2709.514363148893 0.4295021175094548 3290.7682782248994 1.8281638396617583 0.0005887609380815943 0.006839318571071276
585022073179737.1 27.84645208856725 71.61564329763482 0.15955655376652778 219.19091504947022 2.042679552528892 0.0002009372681496525 0.009589087122213923
2248296274983869.0 58.304175791433266 2221.2062186385474 0.888243743379935 3313.974670653222 2.1571727358229036 0.00023390918193872607 0.003802647034597739
831441592870162.9 46.37578968985479 250.82694071347058 1.529162599650666 586.510035209874 1.9819734601140795 0.00011810161556122068 0.008609944913922375
1.9624024049057475e+17 27.501656977942346 502.9909651322545 1.9923682196869092 66.83901047968934 2.0744978064765065 0.000899146768175404 0.00030568449620412864
4925901558626739.0 87.73909577854648 692.7623874373023 1.8666429562464413 114.70330071559836 2.025551340000262 0.00018312078536505413 0.008465371975159775
3.753147268264098e+16 33.21529360519825 112.1408207134622 0.5205107653404285 12.71211738700522 2.215367589877933 0.0004642903168885699 0.0016226088522827134
6812954534829505.0 20.29676797096131 357.49643958958825 1.0613640631986438 76.75841759308838 2.1904738167458833 0.0005353633848172972 0.0049149103979878655
5.917930236174299e+18 17.980354093112158 408.44827402269846 0.6373721800680208 15.342984965196496 2.2543082731851904 0.00013878992571770724 0.007779329148872313
5.286476485744252e+18 5.494471481537221 13.038883315880662 1.0322114276750696 13.466714870584392 2.2301652720690948 0.0004772456463000355 0.005176039864515355
3301129576092410.5 79.85358989644209 555.3458977923419 1.2197016801491567 63.21063408613166 2.107134160035152 0.00044543782519575187 0.007860263689648001
5.177009939502656e+16 32.21211402070698 130.37516929462396 0.5375435907256776 13.358777611381276 2.220633381447544 0.00048732251357741475 0.0013840535291420458
5.937492592580419e+18 17.971487661823716 407.04558562280613 0.6385826573190152 15.37740032533715 2.2550941685685757 0.0001390859086061391 0.007781366406430182
1.8175806707774382e+18 49.522532452016804 2780.173179603109 0.7611858258440392 15.544672116050105 2.0934250564568475 0.0001842091652144261 0.009452283556872354
1917868893643431.0 1.937905068376942 219.27459726426 1.5046146240027718 2356.7221230688183 2.5074102776763456 0.00014911005649800914 0.008629863370893205
2800957443372327.5 98.18970597841428 1676.0868832508147 1.3313703094276295 662.5424985614368 2.571890058655663 0.0005739961914595331 0.007661693035043221
361803556942188.5 87.78632519247341 24.73043780493438 0.6634499121986881 122.68900240079446 2.044591238696551 0.00023176120127641457 0.009406037884087321
1.1210024571341974e+16 63.00448515021842 459.071228457725 0.4539229915092182 10.192075664027001 2.129090848937718 0.00016084899724638262 0.0036558260115215316
1.739597412737001e+17 41.40148092687806 164.01555385509323 1.2618505005418088 13.046659392902717 2.00074604560923 0.00026782164579648493 0.0036929489812876515
5756914419689832.0 20.789729020303113 1840.0881698979765 0.8115917442457337 153.20026816724143 2.076358231883992 0.0005595569054437692 0.0018544369085408893
392159612098289.56 85.07802232928448 53.25948159468023 0.31308680891471496 142.9340113559418 2.0348145338767973 0.00011563210403030555 0.00039670855597790863
3086356624015639.0 56.40086482529124 2967.7950790975533 0.9708894810985109 1107.6785629619148 2.445710035520189 0.0005016712869535209 0.002428157772419106
3913687200504571.5 85.37532315079726 861.8102161163841 1.2210938371717783 115.06482801253382 2.242167626892645 0.000400102812050413 0.00832026232354356
4925901558626739.0 87.73909577854648 692.7623874373023 1.8666429562464413 114.70330071559836 2.025551340000262 0.00018312078536505413 0.008465371975159775
3.9149333361122995e+17 93.01386756079333 586.7579953393548 0.9405729627100157 12.642852539230587 2.257949930490543 0.0003873269473597892 0.008019529281126031
392899275313089.9 50.14570365148098 45.2658563507213 1.8587428809023134 30.7855112102987 2.083037132580018 0.0001017917920767359 0.006626853417232434
3901318265211764.0 82.23901359487304 1697.2335913340025 0.9206241417847426 134.78864682185 2.21558798175309 0.0006347501648064484 0.007782537264637758
521558546120134.44 67.87494467072369 170.65526760130052 1.9147730094667161 104.61952624767537 2.1611939541065985 0.00010508735376230827 0.006613910820679547
748157499110415.6 88.13801636482762 547.7148989592469 0.6986852445915628 583.6504833443231 1.9805633379192893 0.0008841356913343183 0.008226205659981046
1221049267427676.0 6.462500422084926 37.73057028477978 1.622127802020273 777.4899340496338 2.035656402234552 0.00019581160047663364 0.007775153525452135
210054753579828.22 59.56745021425113 15.653030960759839 1.1728584807277689 33.73434469548393 2.087959500548379 0.0001845088847237791 0.0005447084054666365
1475867937116967.5 52.13450742294245 1242.47617500824 1.4614400553965163 983.2136434586423 2.187941749780985 0.0006039662226416779 0.005749103505165649
346528263712259.75 16.67464168293071 154.8515798084005 -0.4345927876120931 20.176338715945207 1.9730374841632858 0.00019826001145981263 0.009568507952324104
3.963774922563733e+16 33.496320099939645 107.75696840431024 0.5204463970882646 12.187087794448558 2.2174663547106133 0.0004609583040872709 0.0014875785715309751
1033736420698954.4 44.929623642929776 18.259160707436436 1.330023720820203 13.291522074242524 2.141241340102606 0.0003896290031163573 0.00403094301214317
1407816157353632.0 55.39399477843089 1077.2460301693466 1.5738438162126123 1072.735327519573 2.2509533786346068 0.0006060080108579599 0.005166836756713676
1526779804604026.5 2.922662328408535 14.81345476749264 -0.1698276888363629 1113.2986738040936 2.049226304191015 0.00012435213651745234 0.00424674875226193
2164635751239849.2 50.477658449542844 2342.299028801236 0.7747917625543337 2992.338599570184 2.117020025078411 0.00021951947603878177 0.004009192950289081
1005088613420172.8 91.41422695242163 654.9632964192626 1.1787599829409365 590.0984571792973 2.351171875415819 0.00043717596254122906 0.007207324241144803
869673017136116.0 47.69330245634819 339.2554605654485 1.5386664241055779 642.831821321718 2.0305429575768614 0.00010458383559512677 0.008369594319764265
2.729226407697246e+17 90.5559936220362 531.5539740810647 0.9986174523741757 14.037246914984177 2.2490112710232086 0.00036465621175208645 0.007851570430379868
783012902903129.9 28.57310418753726 60.661841423620835 0.8825149166975774 37.10444796623661 2.1239390541086194 0.000319567344817105 0.008069515469609543
3.450051156097295e+16 58.28368075955076 1880.8096151122118 1.4906335852213906 130.04126013754643 2.18759408886006 0.00018391303270673512 0.00255324164851666
2.4024036755570653e+17 40.999012067230595 181.03673322676312 1.2241804401814542 12.504392255398175 1.9965334824702794 0.00027942780235700425 0.0035750334139722333
1.9113397379393167e+18 50.22516670283772 2724.2005593350677 0.7426356114298729 14.680573990450624 2.1060586755386153 0.00018617248339239796 0.009515101653778144
312054087516993.44 14.631055439343248 246.83590375349073 -0.4615610658520992 20.381598950873503 1.9852343457303898 0.00021635446772543288 0.009417293601165987
246875577780570.7 22.488031112314587 1195.6624919664255 -0.25131161628441 86.28033717969815 2.0498874174808974 0.00017542434837746252 0.001318390577045794
5.389719833414273e+18 5.422977422692893 12.95092888525782 1.0349558185083183 13.530918775074516 2.230198686617911 0.00047991753433067433 0.005148970183458501
1.4438622358583552e+17 24.37599123432763 604.2851142380771 1.8827276985063812 80.93907362596202 2.100050636432723 0.0009630839505139205 0.00011298521447980665
1108371030147717.5 95.05784489878165 724.4460835668307 1.2837028362532936 638.012573619 2.401219806072224 0.0005267777491748132 0.0073313691392283276
2850473423980562.0 97.62055366489834 1681.1427500928478 1.4043903394283817 726.207848999705 2.6194430136046294 0.000681575803991363 0.0076827379482491236
1396328949910177.8 5.51794023634676 13.52275038573258 1.2616774379768678 994.2851959943878 2.1091698655377558 0.0007173474778101839 0.008892872787214184
3890532288676009.5 47.53938397792868 995.8794578850197 1.3141081699553556 174.83486113082603 2.176540774326698 0.00010385727014935352 0.00807189458694138
370683473303272.44 88.64485157997572 53.639520730902056 0.24913228463074177 128.95629686929257 2.0265724821943323 0.00010678792578683994 0.00010325735729575271
599666534012072.5 20.33529584452687 11.258255620828885 1.3379518574633635 157.71965278770645 2.0896291220938292 0.000588466633950398 0.00932680724415233
626967844856118.9 30.498302535070728 79.50465856759389 -0.2816077557044938 240.62552210551453 2.0733692149237313 0.00040611807150840783 0.007561501419798881
632923034060050.2 54.04317192442495 357.5401588523905 0.9627292337611042 72.46053775342456 1.9557511159900147 0.00022944519420327008 0.006849810985435984
694078131373838.4 67.42794616478034 761.7516802128191 0.6810853047067875 129.66427078728987 1.997500304855129 0.00014675544824421325 0.007528603214815115
186909827464859.94 87.21052455199882 11.052603166562077 -0.09017253582246831 23.658560847764356 2.097184136215354 0.0006091562838711566 0.0035149488092739685
3462379834124245.0 50.898977681211306 767.6468259517918 1.8481677861952261 230.12717861871224 2.223791313945049 0.00011166269030739592 0.00797736708539413
918381599721892.0 14.567508402511182 134.60648232313906 1.858638164001076 135.37128909548343 2.1983457804293773 0.0005348652799259767 0.009104056394615452
1.975858722740992e+17 27.369266140176947 501.8805341390057 1.991937916408438 66.96244370090704 2.0785066844534175 0.0008986769634774947 0.0003088091344127788
2134180193623492.5 36.616444800261476 1703.7122472437754 0.9970298628325363 4576.727911371855 1.3254281567986865 0.0007136813210680035 0.004175272139145431
1677937192674363.2 6.793058089180004 30.39558920517807 0.8862078476733602 4377.999014942155 1.7576448757443548 0.0002495917059731309 0.009409366547342153
1407793314478516.8 55.392082727700455 1077.1446921879426 1.5738590652134037 1072.6357638410227 2.2509509571801734 0.0006060049540640203 0.005167011605231274
313035912014095.56 58.40787769688536 34.9351834736379 1.8426343595333547 120.92535391812459 1.9921533786616983 0.00010307299783036288 0.006915655846324894
255333639859564.62 98.3477678415563 10.021250056729972 1.028510713313748 70.74243070146846 2.0508909116559364 0.0009206666780586905 0.009374534173505266
1.205729270894247e+17 4.685691530894587 69.10857930176257 -0.4411270654045498 11.37563973980552 1.9633917809354438 0.00013633766111925599 0.007147570100278975
2457263328583973.5 53.03061419319562 2616.0581339058813 0.8326656827415038 3865.7099565247768 2.110764390591923 0.00019649650999235314 0.0037499573285519738
8.933065100531464e+16 44.48697104024613 2886.544587002601 1.4416097956079013 169.5415281228889 2.367988702174354 0.0009667264145277594 0.0003449805191072649
581510791310426.0 21.034222454012244 10.947909594332144 1.3229043276259516 146.23954395841122 2.08590186098115 0.0006142665985969106 0.009324426855768094
1091994569647717.9 31.281049095180492 60.85663219642479 0.7547895836765199 33.1144527913441 2.188386650476438 0.0005196989377593033 0.001565787117580022
93569517022197.02 91.398404826617 10.000464016469142 1.3601058159431836 20.224905176247233 2.0058198730439862 0.00018760447080236407 0.008714913663356869
270275757475855.94 98.33186611140053 263.117416991707 0.10425204302128366 32.268988268966474 2.1482203535292257 0.0002574329711473374 0.006843705091845425
428561616364593.1 68.46019382842401 176.9155549662178 1.8274461162098286 121.34171363168285 2.129568418395169 0.00012311025448824277 0.00639310420010625
9941341101342710.0 58.79823895505225 418.73018626891815 0.4405450855049208 10.70471304279506 2.1364894893870745 0.00018506187124715286 0.003466048817155375
7852699118235040.0 91.33965930064991 2329.4993668317175 1.344437619694148 333.1591147444615 2.4170421409268594 0.0006101148109687274 0.0008360522921332875
857213861313010.8 23.514402636382776 1381.187973705986 0.16966872583377646 215.04994494999497 2.1413340735326205 0.0008383683467995579 0.007801424751738798
1.9880708436335818e+17 27.304937583436995 502.1965212419484 1.9937387477552082 67.01589134070495 2.0780698719820005 0.0008997869249025267 0.00030301073822472293
519122221060149.25 11.240791394090168 1548.0065207529262 -0.17541551526830013 73.4144209929065 2.0477710548310695 0.00018540949073270215 0.00011363467086052993
597670363245234.6 21.42294535266747 11.696186896230595 1.3597495433926179 157.4819073056954 2.083481479772455 0.0005945652989257459 0.009137614630162227
268518288330386.75 49.12204423340824 11.96004535329352 1.5181088123932776 54.653124129654024 2.0674204906633906 0.00021684959025615658 0.0006627812717726264
2354288351163660.0 44.756758432963295 424.5060647692344 0.7396084130935646 29.701527853145112 1.9813499983153027 0.0002843251317698184 0.00945955104643582
707672454988525.8 49.48557591282248 257.5033982785838 1.3941531549359518 491.72226726452067 1.999638517645589 0.00010892013143130034 0.00833429912257792
267463558683592.22 49.02239074700988 12.732451902398427 1.4493178697556277 52.44706673722382 2.0685532964595863 0.0002231538512629765 0.0005622470692799794
315091765658557.3 90.19113629876315 43.9358697906462 0.2929393385012096 91.07909566169683 2.073876078905736 0.0001229265689688558 0.0007532503770156652
3140754505603978.5 46.2535082544508 450.15983286795523 0.8274946766798601 32.607504243805685 1.998961536937414 0.0002614476355728922 0.00840673571951503
324481412411444.2 46.10406780830911 36.48680692519402 1.9970448144316117 130.22057523707005 1.9635567386243291 0.00010600261625666705 0.006393599078082534
289320374209518.44 99.06797604654635 37.27390708537013 0.328182799462127 85.88128811518587 2.055717197129429 0.0001719571694392852 0.002136521310978236
295780489066475.94 93.76784861240463 43.13463331910223 0.3158609867954647 87.31027877789641 2.069982959820834 0.0002175896237682846 0.0029544652216876976
1610864654682775.8 8.846581393245877 483.06778490429565 0.4066017856223876 4360.417468632285 1.7181661414353249 0.00024184234418859213 0.005270012010061238
4638719228806115.0 13.790497387081306 2768.776238717497 0.6029947027949107 209.45663412568123 2.0731024550216643 0.0006745478911695612 0.0011861874049181962
1759783992422972.0 13.800322895287309 1084.3047271447047 0.4070339581190885 118.36370549336968 2.0132954676511625 0.0005145573694405733 0.001172667949114675
411820102870908.5 57.546923057101466 41.962210333620845 0.1242597064295703 23.8510229516018 2.192696351473444 0.00018806599812186718 0.006138164272815665
756711361621869.2 77.18185104215736 388.2857813527209 0.1366653049967952 10.025724872473061 2.1570901846117256 0.00019142078004128637 0.005427500058558502
3023454429167617.5 74.26339554000089 1077.2103765982984 0.991001650998458 131.2208242557962 2.232109096850187 0.00045235405437837314 0.008132041676819034
132277735723142.61 79.77653318575446 13.314132933346386 1.4147627457788992 30.444426953897263 2.0147389986428426 0.00020417653414844344 0.00867962975337596
1820393139319116.0 2.1538067816578197 180.54083108522568 1.5095090526428638 2089.541524695192 2.4287262120020703 0.00015663786424510576 0.008561333074314594
2187115258004016.2 0.5991272867198951 307.14576442001845 1.4894885383852812 2302.4701457949336 2.7046612844447515 0.00018415378978862523 0.008999575656440148
5498572973404456.0 23.958614370313725 448.68507749482814 0.9971053031236738 76.32736391080607 2.166230878790378 0.0001093283277682801 0.002628215966453502
1699308794818937.8 4.442683707922271 16.701048750952303 -0.12294680328983504 4001.4923136165366 1.8298640550528735 0.00013285094438832316 0.006868256680488981
513540994531014.3 67.98770540622601 218.88901642152413 1.3188171665942914 124.86470083303881 2.1521960221269083 0.0002211415583602998 0.006110443798880309
255784638010351.12 98.43294678833577 10.123801652054699 1.0223808347994974 71.01478854182446 2.050755862086692 0.0009254356077666713 0.009383920831221658
1541395474048341.5 16.775002049292105 795.8396776636849 0.5910659583353427 439.01514308037196 2.471421626654404 0.00037605537800875345 0.0018862391948949071
2109417461654951.0 35.48586356864897 1667.1563695722373 0.9879430225388145 4803.774578108717 1.4096175062094765 0.0006264265006263619 0.0048131626143859026
4720069991486213.0 92.54678316620974 303.47131182096456 1.884181051754154 70.09537708538453 2.2907679804196897 0.0007632621167928619 0.00714126574798917
592344366727951.1 99.1573266412114 501.4288023791306 0.762422659275399 414.0404775061681 1.9756194188832439 0.0008541602363130994 0.008261226153852828
4451346453374397.0 62.79620770750812 469.3906672409933 1.8289950906888794 87.1912177840473 2.0286887828222113 0.0002449452545400291 0.005673577801659722
200109544331040.8 69.94621203786383 17.303259145381308 -0.3197595050951 18.939057215261602 2.0614046770783707 0.00010790687578842969 0.008077212736928038
3.699030898801903e+18 4.263951202394794 381.9401386895149 0.5781133146503087 45.24607986014899 2.244686389184601 0.0002460913567240779 0.003789684201955386
728939710917469.0 14.802390185960697 25.880307986948203 0.855905343488734 138.2568411841044 2.090594821565127 0.0004748681189753115 0.008971110049331259
1.7560677055800403e+17 41.46217293218152 163.27982304050695 1.2640795499064634 12.987446341777558 2.0007357368303182 0.0002675289429694449 0.003698422822520614
1960301381759559.0 11.89167476920475 931.4898138603783 0.6835254720529216 545.355152638959 2.5780819022891506 0.0003764710546928781 0.002027704805161746
4012308770586171.0 84.78279352963963 321.643308090913 1.8302229452002396 71.72673935479135 2.211861038577398 0.0006626663554733859 0.006543187931860969
778348176457652.0 66.12707544332748 194.78711194083027 1.2218442201429565 78.45023545466259 2.2247942052532537 0.0005867281347340076 0.00874839903402411
264209670402718.38 94.51466309392654 11.020067344274528 0.9422645919835864 75.02086014685527 2.0472461054861943 0.0008398160039267339 0.009297495147108637
1706206964858329.2 6.248411229261947 96.07362996473849 1.1198689252533627 3152.4123834464694 2.1178825480282213 0.0008007593477489628 0.002779721687205382
1715375225697442.8 5.630430132125932 10.452774929363464 -0.2980167837081208 4442.387825102326 1.8676595792776114 0.00017122121380630352 0.0008200790793248865
362942872999262.75 35.62294748454232 13.409735122541324 1.41267558084086 70.66419861681045 2.0746296778056625 0.0004467717300490377 0.009942482400995201
1822182440242411.0 4.0850399087449425 623.0590840051158 0.7657181084261628 3341.0517566714357 1.8928873388384824 0.000922161314659682 0.009969718493617328
1313599473314961.8 89.8262922007393 275.12087233811934 1.6739942197972393 104.36417134850902 2.3056179744447545 0.0007415131105523621 0.008526452797456646
412176011008923.75 65.84815963715896 188.97426732180438 0.42712635810704613 120.13398116684857 2.1454361442210423 0.0009219192533886991 0.008869892215229071
1632365004287103.2 8.582829044228703 441.37207919792377 0.5401871212988589 4632.079801647137 1.7606368786663533 0.00021885129102065204 0.005382917371434015
1530460158121975.8 87.09571202387605 1475.319069040546 0.6665456131903692 641.478131636884 2.3387011995602642 0.00010908019333780367 0.009280389683241876
799922181805933.1 48.90858744332141 252.2177880259408 1.566878980711632 548.6360878602844 2.0448620877024664 0.00010356372588202214 0.008264158877121628
197076329601088.16 87.6892414722476 12.283908566609028 0.1286329472444303 29.511836014721638 2.0960499797634933 0.0005523134091201828 0.004003601787693657
1979779312676817.0 47.12347937866194 1872.7936254014087 0.8049691537965439 2722.6444110073894 2.051936327786313 0.00022871148955517278 0.0036446992911666268
1.1869832510248829e+17 4.848022218593266 68.90176183130122 -0.42843051113965824 11.503996377939222 1.9650279462130633 0.00013703498213513796 0.00715201396447107
1030699232669801.6 13.441284541688375 11.511387753658953 1.6468433097723931 743.9500918860974 1.9694031085842658 0.00010804324185408759 0.007322455766316512
1804720769874576.2 87.87399156181331 2325.640941796328 0.6054215499119946 837.0423846612599 2.3385568579387943 0.0001266620197103195 0.009846638547490377
448879177812188.1 66.96709951905828 165.22470357623138 1.918730268440592 105.3958047865689 2.111734097870108 0.00010976022198786027 0.0062921597212238336
263412595631114.88 96.60594119570587 11.117940667251089 0.9859953475991794 75.09410705633833 2.0381256746230587 0.0007656350318803665 0.009133261585577717
437223071717157.44 81.04368550384683 10.906166599606554 -0.36390678213764127 12.96942120821765 2.209794760093382 0.00011994668901112 0.0026454709525658643
5481909990247381.0 23.93584324432407 443.1998849874316 0.9998798930766235 76.01240528930677 2.1663686668172364 0.0001130287827123607 0.0026971059565748644
4448625705500347.5 61.99409269810594 484.2776943392675 1.7764708518653545 88.34887525680357 2.0446208725880584 0.0002458002295287897 0.005897612485757986
962842529260279.0 13.919032510598996 110.82805540686009 1.913666229679797 120.7168665903141 2.201753803140693 0.0005240009054307545 0.009526331235718713
358328655549932.25 74.60926901893717 12.330285979483964 -0.4099345344737706 104.80183643261242 2.0770672495124582 0.00030958718993627906 0.0025252112253734372
1598520713603415.8 7.237677021806647 75.48170616640215 -0.38714794536989927 2534.5589701447734 2.3133715726192414 0.0001699057860893856 0.0007110368591761557
5.388008752578809e+18 5.416189972174088 12.929808318023964 1.0349947069126622 13.530823291384175 2.2308535411726447 0.00047994335028192405 0.005149088206269949
1742556354466619.2 3.3913636190425613 16.716094138029124 -0.07793641606265145 4988.870329587143 1.8764821356965355 0.00011463435402607735 0.007113512317096905
1527143148800159.8 85.56053071007894 731.3731225973166 1.9228544452867546 1862.5085261956615 1.7383538397764853 0.00012350768984221896 0.0030905047834719314
672173869076747.8 51.430420577911576 70.84915426318182 1.8161350510994851 37.399706208898515 2.11438427308405 0.00010008456465098194 0.006589340540610252
7.11653721247609e+18 5.160418722456271 2568.447664308993 0.9265500726558513 109.67653849988841 2.1953685401316876 0.000719147773060468 0.003823146876953558
779189580972503.8 28.50505898461529 60.73853343919238 0.8779530822990725 37.75271308744112 2.1314626078713066 0.000320620793851321 0.0079046944908869
5611640887499837.0 54.017097109651765 1000.3285160446388 1.6141660536395328 183.33605367773743 2.1593578383730128 0.00015378267198183925 0.007388381425645474
796648923943982.8 28.245730764889977 65.26344555609077 0.8682686321583428 37.87116628831221 2.1204289762910236 0.00032341014788941555 0.007903920790396281
1837816308282941.8 12.877234614028486 1233.9817768464768 0.38912073231059174 127.08779412602293 2.0106606849842485 0.000520133927036933 0.0010609632997575615
208092701384747.88 60.68048323714178 15.284947758777319 1.1781161224148817 32.74539593103781 2.089887287709213 0.0001848599317804532 0.00037967964089688283
338777683017564.25 68.41121202619779 152.15753256580655 0.36312197747738867 92.61484513215014 2.1078332871887064 0.0009411691657359891 0.00935083621930534
237745917375576.5 84.98548526460601 35.55900942476164 1.0593750968990796 15.493624537871213 2.0440978912585415 0.0005855600112905806 0.008980864467421397
344917412664411.5 68.07717088183301 153.7743078829068 0.3675832915942631 93.52036170729487 2.1142969643833087 0.000942348343267462 0.009343790420560204
8.953762705511736e+16 44.36340191193625 2830.3228115942543 1.4479245273886574 168.47891427923028 2.3686733396244586 0.0009808515770380422 0.00035257874995300344
3.0887739753100326e+17 92.66201378864795 526.659649145757 0.9935425472903585 13.728842756189259 2.266095738937141 0.00041995895886593707 0.007769147697589841
188416599187641.53 82.49515499906902 11.115165415110916 0.08258357702238728 27.984718126093572 2.0858925354208115 0.0005135479257692993 0.0023206611676883184
1362283718058630.8 87.94759267468187 1340.0734127023961 0.6934729987306288 576.5341276736858 2.3113002531933295 0.00013193342552810717 0.009299880866222163
1804720769874576.2 87.87399156181331 2325.640941796328 0.6054215499119946 837.0423846612599 2.3385568579387943 0.0001266620197103195 0.009846638547490377
1699483817743701.0 5.221780388456947 13.873360759709723 -0.033417844079574155 4693.079690365857 1.546591976044352 0.00023072381163475466 0.001283338199627451
430623651988536.6 81.85179191063237 10.619118234108258 -0.3818895572391716 12.773828780288978 2.209934841676649 0.00011708617202065203 0.002663065891502845
1128497002861921.8 30.655889978230878 56.9346761093712 0.7552201894346305 33.29318950809832 2.2010099586661647 0.0005400441600321872 0.001552826159873611
1119987008980501.6 11.075484424733947 11.28558482522947 1.6435560562038514 836.4048302760972 1.9987594585040627 0.0001068818610167445 0.007393036502231073
202589263149657.22 18.811562936478275 1164.2565856610347 -0.33679974653633704 79.02740112211853 2.03232139480685 0.00016660166231227235 0.0014248813882937767
332905385014816.5 45.88954608808283 38.20487975160331 1.9816696745119757 139.55971666086035 1.9614468870903934 0.00010806898981051656 0.006405505981645257
427729806165431.06 78.10976054897856 12.839999004661776 -0.3599660508067123 13.430304122861203 2.2033474193480163 0.00012490824286307141 0.002994838424857048
1643119461574905.5 8.398176690198277 424.30686315050593 0.5478981828878612 4669.783712156038 1.760544333400171 0.0002130998773422496 0.005337806834473166
7.108328178902909e+18 5.162740880203678 2568.1930490294044 0.9264151677967356 109.6658233232664 2.195353022026337 0.0007190668675866075 0.003823682565415978
5.41508021906349e+18 5.426669134780788 12.937326779998429 1.0363763255674865 13.483086293162932 2.2301449968533498 0.0004803635280132865 0.00515011318069194
1642764487465715.2 6.314039746293858 54.99340117816412 1.2367770654886256 2727.131945372516 2.1530514886074212 0.0009356097585594 0.0022490081943524025
1171386862909432.0 6.7976629539019395 37.26882004755466 1.7401930079523704 696.4540546189368 2.030049707859018 0.00020618204815274306 0.007746417133954173
370069225583192.8 70.14351363667532 144.51637605664217 1.9906705657586308 120.07722025082158 2.153663081441133 0.00012042714272040437 0.006844661237221394
4925901558626739.0 87.73909577854648 692.7623874373023 1.8666429562464413 114.70330071559836 2.025551340000262 0.00018312078536505413 0.008465371975159775
3525795750513725.5 46.79191278517811 2618.793528124108 1.2820838426262635 1122.41821095834 2.4388032219109634 0.0006731057467810592 0.00019731192001719636
205258390325124.3 71.23648013622089 18.4365367232823 -0.3005381649364549 20.20405268030225 2.071102528091035 0.00010926269417192589 0.00788319811584242
2830388473491651.0 57.387747006362396 2389.601666193995 1.0158083506802684 758.0474059647421 2.4031541465981507 0.0005554449467023932 0.0024540383345624016
1.3974639785705608e+16 9.45177403750288 94.98041587774154 -0.06694321465163305 31.45714538138593 2.141296272367037 0.0008442958150062536 0.004298057962250775
5.503267995317122e+18 5.401455763869868 12.788169363625187 1.0377373577671252 13.48192797542004 2.2312596139283896 0.0004809824053644597 0.005160414730865341
267937908722175.25 96.167514938307 10.630732993637537 1.3125938497668002 37.54857830931315 2.1782927905067124 0.0001762898649585418 0.005950419820760726
588584826181008.1 21.450812411897232 11.634441340522628 1.3611367908592333 157.87944341681452 2.0833028941535243 0.000595134809776353 0.009148303074645592
1854567088747445.5 3.1624904576458954 631.6896015032221 0.6597330918871087 4584.738403731899 1.872693092832693 0.0008347778897516753 0.009859085673361431
1667256331325781.8 94.2691260029359 770.7481887709013 0.9161078579820192 105.44439219314859 2.198841099211612 0.00044943150336160904 0.008957221086722717
466285770207749.3 12.09440265287489 1671.3355014025892 -0.17393321738679202 66.87795957744532 2.0518831202239496 0.00018513791881273029 0.0001659409659348146
1734790881182517.8 3.6495498951019414 21.369415911889508 -0.06300893680637258 4756.136389335005 1.7078014924331761 0.00015148927548212554 0.00811071828267734
1536834433319579.8 20.996089745724575 2236.813856857537 0.23170787376196367 2322.0802025332105 1.7331688114635173 0.0007361888651336215 0.007355493936063843
8.203567525857922e+16 0.5189972592194494 1693.1895919701308 0.04532437569719061 302.10573078189867 2.237229645674216 0.00013332121434028212 0.009218955878196922
579444429193790.1 32.217012534464466 42.51764953942188 -0.4212003132246571 205.02609626397177 2.084258932097344 0.00039564514961444 0.007704218783316771
1343136291879992.5 57.66491634473416 458.4950481928403 0.6902616290232829 31.51333698876628 1.995585476701744 0.0008865569431553592 0.001174378970392755
2333848342185818.0 0.37592701143628915 337.0037594248994 1.5888236857511446 2234.366656817552 2.814953357814549 0.00019806118703827116 0.009098987198798834
1164145289261177.2 6.955895030608502 38.864527175526014 1.8106862591519948 709.3152009194035 2.020928556326845 0.00020561392158292466 0.007921419220299541
2969081198952625.5 26.859118791156178 265.4090811188866 1.1808110545054928 69.62458101942407 2.1474558988412142 0.00010762092988777713 0.003148082078286089
189921590385549.75 62.82194421907893 13.92201439170528 1.2387277246838135 27.521120856477065 2.0836218558481514 0.0001852481976020667 0.00015254712579349135
448979540997769.25 50.50523580528453 59.67761335853764 1.6622043766451502 195.97912846255988 2.004396848595305 0.00012427682986799798 0.006653254770196686
519059024615807.44 75.41980067455728 11.865540157834126 0.9414179499954854 71.55968329898478 2.297536312452786 0.000333541099764573 0.009864436205014608
1.2416147563024552e+17 4.612127571231268 64.45135175314948 -0.4476277020196495 10.676162960135406 1.950038206158343 0.00013245439556453878 0.00722004588117981
1817954928305078.0 46.58287155554397 1605.2077586884332 0.8251440263159722 2266.570810865359 2.1443396473077065 0.00023663658586649215 0.003016378666577555
1.1255575945329275e+19 4.061346099332194 294.0103348388467 0.44030152359789576 28.792338553492772 2.213290486479745 0.0002803785229924433 0.0029752618206609393
527120085193855.1 99.75142935296255 19.14658399713061 0.15588020220651844 232.5998612938287 1.982769265404545 0.00038656363267482597 0.009470685048859891
8.327229474724226e+16 45.35339430092664 2753.718410380263 1.4487797345877096 166.81560789835999 2.3657153735034604 0.0009600884552676287 0.0004915569720316121
1830225915133300.8 55.41976749056846 1808.8016030199353 0.7908979194632921 2239.462033841601 2.1083166895309633 0.00020856338635592942 0.003723454366229879
1669725580323269.2 4.927121215201444 19.04235689604568 -0.12164997468000172 3943.7198950224683 1.8227660999906474 0.00013862553792525257 0.006888291302918749
227069344907509.53 56.70767244402733 13.207951847508603 1.1777063626557385 38.32662101969 2.075614742524145 0.00019183148034761978 0.0010765339523519024
381722465964086.3 84.87555375244256 54.88369423746856 0.3184356188506965 140.9060207804031 2.0205641559558885 0.00011763885913701503 0.00043662707828105024
1.8851765300690388e+16 56.18336572772932 144.1284306083204 1.4993631005771466 15.84128638197678 1.9404872031384706 0.00028370706364059736 0.0024511764210251264
1.949134729659244e+17 0.26626872516823985 47.10320906676429 -0.48224852477060665 316.34727696932026 2.39023222637102 0.00023387903866184777 0.003789897917300923
6.401688426684803e+16 64.80395935042485 2902.899358971983 1.6574131137042432 193.12345000477083 2.230575738869161 0.0002070573646718143 0.0023943704292885082
421955137220859.5 68.37491630984817 176.223264724723 1.822953366230075 122.6877174460691 2.1259670994032254 0.00012366162499812138 0.006465939700397952
904748685690407.4 28.15513046805071 69.93477470856203 0.9010272965690911 39.580968260483274 2.141690724074973 0.0003038642326243668 0.008031215012313265
2602568660644605.0 94.2942541591046 645.5356275645076 1.1400770670394538 93.73693664435453 2.251303613115405 0.0004431457928737845 0.00840367684808904
1203777579878297.8 9.368830019002784 52.70750585723921 -0.44729932160739394 488.45851135149934 2.2215175379960783 0.00019936803205324624 0.008274217336815298
8380303042077420.0 52.79196265834476 252.31991643780816 0.5021711194736737 13.983610574429598 2.1894680491600744 0.00016991345173794273 0.001593240764220065
1149123996592458.0 27.54911808995074 2547.049815695695 0.24076354028648472 241.61955507806644 2.1686802772414375 0.0009191303758045163 0.009780931836283088
3610634872573940.0 49.516722356940534 2734.847551462223 1.284738386082755 1167.2806323822429 2.519413279578989 0.000722501563135126 0.00047348863523678244
1558768971253903.8 7.678258616375491 88.35068891318372 0.8712254438206015 2263.3264518527976 2.1697121839438 0.0006371987265231049 0.003631486168041897
607713218537373.4 96.92876021986189 503.20430262860486 0.7633309802396496 433.97155284856063 1.973569938922304 0.0008546482301162027 0.008299974424452856
1097514758082982.1 11.689969014404713 107.85142369028524 -0.317860149345885 360.9398107367525 2.234747424682954 0.00027887275744096953 0.008980614383079333
4.244245647194528e+16 59.14045286878674 2004.4380042823666 1.5726524402191377 140.76124721219813 2.1802714274669155 0.00018217028234753107 0.0021437584346359765
2020774441089854.2 28.163227193677137 1455.5204364376625 1.040448448979576 4001.6845054984724 1.493829110821121 0.0005278957778419219 0.005167555137881966
1857758962350858.0 14.170683958391049 881.7861983865666 0.7148530835670655 516.3765189112669 2.5582678635512877 0.0003619209350488449 0.0022559808888019603
9.39889458331065e+16 0.5346958251915943 1839.8167216584554 0.020900241369461836 288.6884339468724 2.2751329347975386 0.0001276104870268848 0.009281014640498153
512174267124235.5 88.1711219546432 10.484179962960077 -0.15699069664142717 271.9060162027331 1.918240688958898 0.00017422677207314848 0.00829028735190677
1413159593656534.0 7.105842559837576 12.515021427768101 0.6486391754415268 1137.0783311642615 2.143116942064046 0.0007346579699758083 0.006970899442535263
1723979951085346.2 3.7377900331409664 15.86277742154881 -0.18233460210532826 4954.042477288287 1.8447522011271582 0.00013136689034319723 0.006840954660739316
6.37042828968657e+18 5.352287829083995 12.25490927484103 1.0656793152511586 13.175462517563233 2.233171990930493 0.00047393022413851597 0.005172810952600443
6153911558416802.0 20.01894738818276 340.8288214268504 1.1021343241173245 79.1486571292506 2.1901689130340154 0.000535719245719104 0.005110176490506499
5481909990247381.0 23.93584324432407 443.1998849874316 0.9998798930766235 76.01240528930677 2.1663686668172364 0.0001130287827123607 0.0026971059565748644
515911503836024.8 67.97316110960445 219.9535046508827 1.3067833952222436 124.62947457940327 2.1520456965553088 0.0002237487628101936 0.006101085404171817
384605613845961.75 85.68204259845835 49.834086505699084 0.2721828426751799 138.62149601441183 2.0286491347976394 0.00010921391115618823 0.00018846471801231297
422209031192799.06 78.90239847316592 12.43210610057353 -0.38023358361373605 12.74401670519464 2.1967696208457324 0.0001243189949269068 0.002929970370708447
363194485115563.5 48.07155794051242 42.76278741475842 1.8456678918813012 31.023251646668736 2.079659351420145 0.00011392424926011135 0.00653905978201003
1248001709426470.2 8.169581178056173 12.4933055459799 1.373519314225705 832.9288684226237 2.114880009349666 0.0008492985858247851 0.009340111169107226
4991181295729235.0 21.723858707699 366.82412009428106 1.1191420883759287 82.81814693290927 2.170265175579423 0.0004893417740177645 0.004842736078726867
5.202234991417386e+18 18.55472886918071 388.9066950542421 0.6457327115845622 15.19105447165121 2.251956187960346 0.00014128659689278088 0.007756012911317954
570808996741275.8 21.27113201723005 10.782891635175686 1.3231603879108516 135.1169943156161 2.090475576109365 0.0006089828638173303 0.009536344296562459
1343136291879992.5 57.66491634473416 458.4950481928403 0.6902616290232829 31.51333698876628 1.995585476701744 0.0008865569431553592 0.001174378970392755
9.088279077247666e+16 0.5805019224692813 1803.9284031165241 0.020587576561288512 290.6860322841556 2.264226359805318 0.00012929304104298924 0.009264301195641521
2978420458420230.0 58.55958220654354 2817.944549346347 1.066046429201167 1238.9249428287787 2.4242087458427335 0.00046396075111870133 0.002407643969401391
470175720206513.4 11.812190459321172 1637.0082465274577 -0.18021707355284466 68.58131803733697 2.0526488338436715 0.00018394575121919042 0.00018884410464778314
1523069307994921.8 88.34201298990386 285.58882278272296 1.6645575621943516 100.43546076162214 2.3143071034285283 0.0007228450478734674 0.008588000684694034
1843722007236496.8 3.287613828734699 627.678221162654 0.6589086012217733 4546.508913126536 1.8708415017789657 0.0008316587718630262 0.009841280380967694
7.23692279601548e+18 5.1550571236077465 2572.2485719217902 0.9280224373477144 109.85897122040846 2.1968701446574723 0.0007207267054225145 0.0038204683743840247
185860489003582.88 15.699682815427515 857.6505175358124 -0.4535963750196149 46.66872426864462 2.083534209499164 0.0002327576844148453 0.007923565899782957
1697187588105781.0 85.93727337533737 1936.6984605442485 0.6825808177578858 791.6668083604228 2.306938650064651 0.00011895044684098197 0.009680219109613829
4540873324636545.0 25.59144495375569 395.1550023342765 1.065490153392631 79.40068789132236 2.1799787964820183 0.00016053280595834793 0.003744425920590372
3295879687345212.5 79.80195895193626 553.0686529902916 1.2196886627905363 62.857570696530466 2.105871530148377 0.00044588511153533905 0.00785596247427859
1150169158695400.8 36.81877548646081 2432.5471516281077 0.25071619194834555 147.18252428690866 2.2181095556597326 0.0007741344882181855 0.009571057768749981
428561616364593.1 68.46019382842401 176.9155549662178 1.8274461162098286 121.34171363168285 2.129568418395169 0.00012311025448824277 0.00639310420010625
1.7602127471533117e+17 4.183965816842367 1428.3587970913034 1.1119251779229462 251.36581787817022 2.416155010215257 0.00010622182931514906 0.008424324317904346
242111413840799.7 99.14123198126643 12.113377720504529 1.1762272992221352 31.50368810578506 2.1775314561679755 0.0001479997905027637 0.005322210658949195
452539086574032.06 78.16421263961098 175.99381425308363 1.5776729349380223 149.41738087668952 2.231567007809477 0.00014847344231917365 0.007583044558323909
1.7509789670268806e+17 4.261203862454824 1351.1131211353202 1.0854733992157217 235.56711953964526 2.4001115172378054 0.0001115955152244304 0.008265539161953103
1345794464892334.0 87.77978924697015 1334.6166524240189 0.683068310258956 574.8779860133986 2.3063690964847994 0.0001286175023665501 0.00932590394274623
1647475830238489.5 6.061505524681326 18.38280352863528 -0.14024058366715747 3921.704786754329 1.6327915322166286 0.00026199857700705785 0.0005522878969534276
1.753275111402384e+18 49.67718525659348 2756.465081569636 0.7678666289742344 15.909532857926242 2.092456720545348 0.00018374096316559294 0.009425279488886757
2420313411862142.5 50.48116208785058 2559.4887677549173 0.8300092256594988 3437.0851445260446 2.118207045803967 0.00019719453179732935 0.0036547431871733044
1.260947061250993e+17 24.294029874480287 602.9224637103952 1.8507787339029855 79.96176349769436 2.0860921465653615 0.0009357133375118187 0.00021520583677173176
1645486301399984.5 6.740255422806847 344.68440325869017 0.813894994557038 607.6999365766089 2.4694416939782435 0.0005694733331904926 0.009593348448140079
1.3608412548647397e+17 4.28082274449416 1480.490732313258 1.1242823684616159 268.2738016913401 2.4163892937892686 0.00010408965830377174 0.008643512802371741
1062106267440816.6 12.752373641856117 16.51602940354011 1.3686338058656666 828.1733269788034 1.9144668047385935 0.00010742799391920876 0.00714667691554391
5442793738267578.0 19.121657345722348 276.43634026273224 1.2088705575531675 81.85597496573465 2.213909821939557 0.00043865898647768407 0.005149503759715868
1610013040853785.2 7.4695028844640206 118.23830895450445 -0.21764618418096116 3170.864882119083 2.014416245263378 0.00018633614527541382 0.0002080093609245874
857213861313010.8 23.514402636382776 1381.187973705986 0.16966872583377646 215.04994494999497 2.1413340735326205 0.0008383683467995579 0.007801424751738798
2406860671784416.5 45.97949299960385 2257.2165805919076 0.9211961884206736 4887.46738210784 1.5032882853320522 0.0007990185832001194 0.004886426534057435
1.9125111178821277e+17 0.2705869663102456 50.02440416183662 -0.47415377274247206 314.96560207712935 2.3871857245246995 0.00023180679673433035 0.0038754189058527078
230239848488604.75 77.84561586292295 43.49474247132174 0.8318057938859915 16.235273663641287 2.0220126248886134 0.00046277170002887943 0.00903292311811843
1660040186611908.8 6.351582209326316 55.125395201156344 1.2345144863031785 2725.5365016350574 2.150621751157736 0.0009335387945039132 0.0022514358358955823
522799440514846.1 68.02801624495433 170.84134510543458 1.8780299415425246 104.9785221553443 2.167092423342931 0.00011745429013006332 0.006712603445186146
1.8418464080234752e+17 84.43018788181571 498.67225275520207 1.1264360605962715 17.080424417937778 2.1948710440488255 0.00035916651556716666 0.007129084350863933
5.4515021870577114e+17 85.49205129528895 484.45787997544636 1.3513527384268271 18.873359921326514 2.2036183815885177 0.000407711683855694 0.007419830673480278
119260084972135.88 77.48501253065294 25.171992317845053 1.497733003780561 31.666121266806645 2.0329370190521447 0.00018504101481841236 0.009937806233390155
2457263328583973.5 53.03061419319562 2616.0581339058813 0.8326656827415038 3865.7099565247768 2.110764390591923 0.00019649650999235314 0.0037499573285519738
1752133877051499.0 20.01665328133027 2438.7562366653015 0.3158957535652409 2702.205584131154 1.7793622358124594 0.0006603809303884328 0.0070547998553601166
6095818733467972.0 50.6694112354117 1167.0747307776676 1.6005721512553017 225.92519407600946 2.210492273769119 0.00012877282523983006 0.00782775882074513
1249718816376663.2 32.50523310395998 2788.7329885849103 0.26973961084674813 257.6635147275915 2.1987780708695546 0.0006471742075665855 0.009613391167324884
1.4707771278827325e+17 26.833981898083717 500.6729747301074 1.7895241666467356 61.896210161767385 2.08280069200101 0.0007950741025156216 0.0006564861973194771
5.403885645484085e+18 5.427056074799797 12.937711921408551 1.0361555859923994 13.497238067987874 2.2300720730878716 0.00048019039248474503 0.005150045017023905
1439026282842169.2 87.00898463435308 1448.9254574772233 0.6763061469046956 588.6591090549723 2.3344075640331523 0.00010964912545903568 0.009412338931693473
1663737267186161.0 6.149599783946613 76.87800163838835 -0.39697170836951956 2713.6455278091667 2.325204752702312 0.00016691469082571295 0.0006246250660191493
1.4422698698876797e+19 20.106792777060164 360.13276589799426 0.5786139562462037 10.056300996398317 2.242447755698343 0.00012389390120194345 0.00792020250424829
7.329377163217099e+18 4.235874344019585 324.20951123508416 0.5258125080849592 33.51928958629887 2.1962644365172372 0.000332014423781351 0.0026071075043300755
1.4322003724133497e+19 20.137387505228553 360.68553467829787 0.5784324911106213 10.070019094636566 2.2421669142473566 0.00012391513511513262 0.007919366221645505
4720069991486213.0 92.54678316620974 303.47131182096456 1.884181051754154 70.09537708538453 2.2907679804196897 0.0007632621167928619 0.00714126574798917
7253108413997409.0 48.13298511431012 177.48489836707628 1.073884836248303 15.857630355405048 1.9328068200414044 0.00022703896679053455 0.00359241602167486
7.12342003675297e+18 5.161181095472509 2617.372399492629 0.9261787782200456 110.50486639056531 2.1952178772602995 0.000720183575417136 0.0038185093829847484
3453607539307736.5 74.93980541976984 675.5818270001907 1.1931689044863472 70.45614399193528 2.080030883666894 0.0005836264194627609 0.006330911853944711
3619266073837899.5 91.36480486019795 752.0311662764094 1.2865202243953404 114.15401587475002 2.275076632127908 0.00046071613014729665 0.008658881380848304
669187188180269.9 37.326840988709286 94.32884197071287 -0.37556458015530303 264.8772048805717 2.106725946668092 0.000570082213512286 0.0063106465091580174
1393770040366930.2 74.84090358625969 523.2569302337102 1.887371704312737 1787.8002643904376 1.5938618637805486 0.0001114992020721308 0.004339053386314069
1559554638974205.0 7.672183727947256 2084.1924445720592 0.09993937965387761 153.37363749487753 2.0291600090103703 0.0005306739387031712 0.0005722521843860469
194010986682512.62 62.53262357893315 14.548176174474635 1.2406972509406233 28.457950579019744 2.0874419952611385 0.00018564734565415663 0.00026271887686645824
6076360923129090.0 51.76759334733149 1152.3421964444494 1.608695898312831 218.53787907444692 2.202652341350718 0.0001295692891630703 0.007854338153715935
2372326045084857.0 44.91050928271097 420.4169396031156 0.7417660770613801 29.660370011341172 1.9843849058136624 0.00027941803960966394 0.009553472517016312
3016501537185793.5 59.84990118943582 2425.377875181825 1.0650845302098335 707.9867695911317 2.3616922735424652 0.0005843851088965362 0.002259383210787464
1.2475251813654736e+17 4.631215062325487 68.80575112386578 -0.439225748205772 11.307187127115712 1.9612484235097527 0.00013255582570806954 0.0071982154284452714
784427675406911.0 49.2536553097916 307.3569806665821 1.5391294409590832 591.3950455257288 1.9988628969127458 0.00012008878939812271 0.008991830344525336
2951689290780892.5 26.872052015280033 264.03239244945945 1.1809811576321674 69.40722754775572 2.1472125378899722 0.00010625113760086585 0.0031285184877954918
562091080276950.94 69.99139549925603 181.81884619249945 1.296539958822382 115.8070387393961 2.268441162635538 0.0007222168139538808 0.00830907488816644
289590040705464.5 86.41763637027161 37.571428448422466 0.1253746425519301 81.6711691928367 2.0568806390307635 0.00011886609375174946 0.0008910848069918456
1687308549662576.8 19.1547346688511 2842.2532641634252 0.2433702699831415 2919.6223542445596 1.7580262538588778 0.0007785780997903654 0.0074254170117181335
2154329239023603.5 48.053530295691516 1230.5294766536153 0.7765814394052125 112.61036035765576 2.090878860587775 0.0006733692025784242 0.0009049004373178336
1642764487465715.2 6.314039746293858 54.99340117816412 1.2367770654886256 2727.131945372516 2.1530514886074212 0.0009356097585594 0.0022490081943524025
1580234516110524.5 6.599831616750585 10.032698451881618 -0.10759760983459399 3556.9207802071614 1.564842175232238 0.0002931362976506179 0.001756070523128441
707879394473158.4 34.52831281012905 112.85645401096666 -0.33718596510830534 298.992582794552 2.097948794143576 0.0006269537521660161 0.006710948813822981
1.7547278179563062e+18 49.65255511790222 2761.516833471208 0.7676785721652986 15.896979885525484 2.093280516666553 0.0001836043879240459 0.009429858783931757
635818081294920.6 70.24835683926017 211.76035601408338 1.2572332814747065 105.14910144594819 2.2288145709249774 0.0007585271199339838 0.007555462381010421
481837573942729.9 40.90402104162501 61.95428348747349 -0.29608708133794454 136.5358200582212 2.092109007524435 0.0004309034099733837 0.006180489726800505
1721166059417768.2 5.066247032724159 10.076154445677819 -0.3023641405086681 4424.9289633855515 1.87422476426338 0.0001716614031446275 0.0008362560647909996
1638252165925664.2 6.671566608279935 62.55556423300157 -0.17518937429006742 3443.5635113645994 2.093536129908593 0.0001456782473394338 0.0005973115654897597
1110082130692619.5 11.324542742511204 14.663134417805683 1.5439809108899398 832.8629029955722 1.9859475336709826 0.00010545265794133926 0.007062728756410549
2000138353144896.5 30.72454125690216 1474.8345634494335 1.020606981443883 3730.9458301590976 1.5286840064174902 0.0004965379369860277 0.005360598164132551
1329673626990502.8 4.985992383412622 18.607799453932437 0.14396805581037597 1111.783736879015 2.001697011767975 0.00010364982778730285 0.00477666255876007
5025633203245281.0 90.70162612639754 1567.4220199354052 1.302717425181358 244.4775574481976 2.3383326916819787 0.0005229714724641505 0.0025460510019249902
4451346453374397.0 62.79620770750812 469.3906672409933 1.8289950906888794 87.1912177840473 2.0286887828222113 0.0002449452545400291 0.005673577801659722
1.9125111178821277e+17 0.2705869663102456 50.02440416183662 -0.47415377274247206 314.96560207712935 2.3871857245246995 0.00023180679673433035 0.0038754189058527078
1615556279190609.2 8.333246823120042 32.92698488248381 0.7051551172788137 4869.646142613935 1.6270690662793164 0.00022471199888731205 0.009154854483665778
1689879675624224.0 34.98129467715192 1058.3933389693861 1.5896451875693074 1496.2068600923144 2.456196826629073 0.0004954732694369158 0.009103319788755336
1.4304271254311672e+17 4.196202443300761 1544.9736584679638 1.144754602241989 280.21681485672315 2.4278824359352598 0.0001000817159058742 0.008741708660319066
1547967087898742.0 9.525445112537142 35.508491470821156 0.8937983913561522 4078.069165974723 1.7459253417375549 0.00022507147244730478 0.009026732869300794
1.7863160697060214e+18 49.530349789113096 2754.533563993178 0.7629767360175819 15.554554886141275 2.0929753427895537 0.00018447679002380914 0.009431435668215141
113192841586434.06 88.12503568409619 17.682275595980535 1.5497975534022308 32.056166791107586 2.0086388450645787 0.00016773701077378602 0.009906973836417851
1342036536504006.8 6.059673795583329 33.70283699101622 1.8024344534515606 1165.7248512529468 2.007617014198203 0.0002038868841489981 0.00811465226138005
1781865621856911.8 60.006844200398966 1186.5996980909572 1.7581711685416188 1564.5438057044944 2.2325278442657637 0.000592728461185372 0.005158230896302143
1702212214551387.0 86.23688275220616 1944.7168961997224 0.6882486676228463 794.7828412633768 2.308012319281014 0.00011791478123961694 0.00968811479312086
309168476204882.94 57.38468455764938 32.03461692058305 1.8028394198160271 118.84083640125117 1.98581848090426 0.00010333781597385709 0.0068850177968098345
369956787744543.7 94.66322669103701 10.95249316542688 0.20025392244369555 145.69439514512334 1.995564537080788 0.00034297324201784326 0.009611250118007201
211415691508918.53 78.55908153929613 13.015201901690045 0.3523738597665209 34.25051095329888 2.0981851012332227 0.0003633262696379207 0.0025193791492356104
5.202234991417386e+18 18.55472886918071 388.9066950542421 0.6457327115845622 15.19105447165121 2.251956187960346 0.00014128659689278088 0.007756012911317954
1616488146456066.2 24.539705101075985 1056.011053073084 1.1529121498735828 1496.071824188153 2.359092408629452 0.00042711769659836793 0.009113860958030951
2378560455935786.5 48.86371752641176 1441.355215547655 0.9044409843520608 146.12536548244668 2.0556111265615336 0.0002304320817336366 0.004564256481352856
1559323149154733.5 8.677680991471732 101.13932120028656 -0.2010358132203538 2665.35105850268 2.2023165946413785 0.00017854269033044657 0.0009130830550082509
241408758196897.7 22.735392485271706 1191.3611012323163 -0.25465841039996373 84.11440454784358 2.049412166494934 0.0001774298203769273 0.0015646840044009477
2556494313192006.5 52.117253699709906 1411.7512050547846 0.7607981785952916 104.29407510456078 2.112545399059511 0.0006310645321429923 0.0007480075949615013
710376976832411.9 17.606010727839976 2735.262344859159 -0.061833550249371205 259.28156390804685 2.16347379721142 0.000906683407235582 0.00706565876889703
186269561165677.8 83.73868714722461 11.16430106836281 0.017966669819966086 27.874132532991396 2.08477554274707 0.0005641262387605099 0.002713262892605604
1437332253543642.8 54.29057415131709 1221.5258108317485 1.3868260030509076 926.662395979308 2.1792020453463095 0.0006204143046373016 0.005489572752966498
1825891109839693.5 12.934013704627791 1187.0767984719732 0.3956602569843418 135.9423908293535 2.031127984750195 0.000524494213984379 0.001363964924586659
9119386523260820.0 50.51136577068644 154.6961337947575 1.1766450756907316 15.033216717385644 1.9352009396557681 0.00022419472784817443 0.003970390419322208
3453607539307736.5 74.93980541976984 675.5818270001907 1.1931689044863472 70.45614399193528 2.080030883666894 0.0005836264194627609 0.006330911853944711
679417958688921.8 93.33948876758723 519.2177131898554 0.7302962299291281 483.50887547438185 2.0120721404387396 0.0008979898367700085 0.00811240824159476
7.620298391932953e+18 4.0346328923532 336.0883807755714 0.5172479489385747 34.49380317805463 2.203672115480723 0.0003171290841019305 0.0026226851619836765
1734790881182517.8 3.6495498951019414 21.369415911889508 -0.06300893680637258 4756.136389335005 1.7078014924331761 0.00015148927548212554 0.00811071828267734
5.925731424763952e+18 18.001237086422826 407.2584060465972 0.6383631369695809 15.375640009259984 2.254268657376656 0.00013912319742176018 0.007778499627400405
490122295713991.1 62.3093196959666 254.27964179580917 0.4333571465523254 147.6393535716609 2.1575089881656377 0.0008413966728349074 0.008708320135139395
5.55181697576554e+18 5.378860406454962 12.72919112239783 1.0391519424759477 13.53063649106052 2.2315070833095847 0.000481068114492705 0.005152799639095915
6739565639620887.0 20.239916366670165 356.0796667672622 1.0619443478300623 76.99707675069614 2.1906634255558757 0.0005364737889083927 0.004906126947877948
2596106620830917.0 48.98682903953689 299.7804290110106 0.9840208515199019 32.61499029873063 2.003371330764253 0.00024286805492268308 0.00835254932681834
256071061738313.94 86.98923652865311 10.781039178384177 0.19910503915841393 64.68442914070557 2.060335987237682 0.0002895424601873346 0.00551451943963159
9.097996557956037e+16 0.5529847531356644 1805.1817996460486 0.021757115651342307 291.20501249588915 2.2670735816325935 0.00012912345759531386 0.009265752893324004
2000138353144896.5 30.72454125690216 1474.8345634494335 1.020606981443883 3730.9458301590976 1.5286840064174902 0.0004965379369860277 0.005360598164132551
2226159164931975.8 42.63406494315155 258.7926221941805 0.9185222911156781 30.197496075318227 1.9793207752478585 0.0003013119581073362 0.00900884990503584
1243951688698776.0 74.43233909169547 433.0130454068129 1.9774710159109619 1336.859110849648 1.7053605140851888 0.00012876671950141585 0.003723524138345107
4645956723046397.0 92.88854405530347 305.96836083541785 1.8632375702729171 70.85533770423706 2.298274751116531 0.0007788943053221524 0.007104931207460794
3140754505603978.5 46.2535082544508 450.15983286795523 0.8274946766798601 32.607504243805685 1.998961536937414 0.0002614476355728922 0.00840673571951503
2249933165247330.5 4.28673337867634 347.8729151513717 1.0673101539850531 364.5250138568113 2.2879506838176984 0.00046225005694466566 0.0014240689260529918
571702933374998.6 66.7115220469764 12.063989272296224 -0.2909540714117058 251.64358092973444 2.0451730734273523 0.00025994914654302667 0.003269110509616542
1.3608412548647397e+17 4.28082274449416 1480.490732313258 1.1242823684616159 268.2738016913401 2.4163892937892686 0.00010408965830377174 0.008643512802371741
1624291961489169.2 8.223248472906427 34.13412643307056 0.8728086386110497 4735.3341131311745 1.7388201903353946 0.00023523442834402265 0.00906176230852828
8.203567525857922e+16 0.5189972592194494 1693.1895919701308 0.04532437569719061 302.10573078189867 2.237229645674216 0.00013332121434028212 0.009218955878196922
2662642898896488.5 5.477221868913565 480.10897990129774 0.8543805605490511 288.8923958893954 2.2090686018495234 0.00043403797956131007 0.0007634687289269646
176623353636780.8 89.04017525261185 10.027073163757622 0.13258132751663684 27.241886060327833 2.079443017964272 0.0005267069945180308 0.003969976643421575
2463653571787777.0 41.76528770777105 300.7268019917776 0.9134960170381596 34.44298940439475 2.0021981444843515 0.0002924938841139231 0.007975347480806043
1729223175789857.0 4.8400787253743545 14.543647733126187 -0.364957664889074 4551.271529229869 1.8960083729511807 0.00016951587539396992 0.0001295169771556295
2110795810546041.8 34.687426252976195 1693.4237657181793 0.9804301968687604 4258.429658687493 1.4287758137729942 0.0006254069927777524 0.004716684624007304
1523990702008389.5 88.30740758230228 285.82285647101395 1.664127671682381 100.45337183716782 2.314189410441535 0.0007227320040058691 0.008584750626284375
8071845358612794.0 58.6160807371793 315.907974436233 0.5610587811011237 13.451102991203435 2.1365512730592475 0.0001722505994744861 0.003528111857765211
5.403885645484085e+18 5.427056074799797 12.937711921408551 1.0361555859923994 13.497238067987874 2.2300720730878716 0.00048019039248474503 0.005150045017023905
725122804215437.5 14.580216856884523 26.790726736661068 0.8751143682637715 140.7073000985296 2.0900229030755844 0.00048001748361340487 0.009007566797417087
418266959168644.6 49.40003871667844 47.61382653717169 1.8376648764955203 31.52773789982387 2.085247317633052 0.00010605079079852385 0.006588939099665924
131240096754886.7 80.08747118771441 13.171606866799438 1.4218552970309744 29.910704688343884 2.019844773891481 0.00020410216783035124 0.008689584713124305
237250193324018.44 85.0102298152617 35.48042674271044 1.0588803523421713 15.466589402308365 2.044022118998135 0.0005863014131600932 0.008981221256184672
1596177101292628.0 7.553614291777168 102.9908305465609 -0.2111109442702773 2682.6434152338484 2.2359370386118527 0.00016970959291016748 0.0006299217289225328
1.7863160697060214e+18 49.530349789113096 2754.533563993178 0.7629767360175819 15.554554886141275 2.0929753427895537 0.00018447679002380914 0.009431435668215141
2245973461375536.5 5.202169009719597 470.16577841550816 0.9062511400089187 328.3027406708217 2.229574712233511 0.0004636420385433604 0.000861672904274172
6829430730617879.0 51.284781398170416 235.00532090530552 1.046543045252623 19.286918585136625 1.9676440657114664 0.00018188890606237986 0.004235441142251212
2176834789711493.8 29.456042949064067 1684.2186621453911 0.9801881004995574 4294.263822609473 1.4779072562877702 0.0006085162150388087 0.005112842991344189
743201154427816.6 17.365588665921265 92.09801544419159 -0.2468717375951548 285.84541111555643 2.066457634609906 0.00020037867892394582 0.009274585851275647
1.7863160697060214e+18 49.530349789113096 2754.533563993178 0.7629767360175819 15.554554886141275 2.0929753427895537 0.00018447679002380914 0.009431435668215141
344209846320861.8 97.83851604880728 262.3612816092492 0.2772853931128343 25.681579400349566 2.122794642172526 0.0003220196245332144 0.006882864937835377
111885886175982.69 88.02533561933862 17.808004206728327 1.5527025243210968 31.962318157591568 2.006494943472079 0.0001678290694554378 0.00996004559670802
949302306417016.1 22.279985735222986 306.43496921992465 0.9609488608934376 398.1950493113355 2.338916862189823 0.00030959399640763895 0.004383455936246448
1918657034450479.5 1.8609176447160252 235.68963183404398 1.5256244358378552 2338.994981048671 2.535841127056104 0.0001745741204923802 0.00835672370086794
1.877198247679424e+16 55.952960118413145 146.16180781750546 1.4950957515440944 16.055204781003802 1.9414679239111283 0.00028472792970094565 0.002449097110851012
877639955157046.1 91.32029100680757 393.7576919642736 1.2462367779876218 655.807187549696 2.1425752247516283 0.000251886540454727 0.0011579165797324829
1523069307994921.8 88.34201298990386 285.58882278272296 1.6645575621943516 100.43546076162214 2.3143071034285283 0.0007228450478734674 0.008588000684694034
3.183570021006442e+19 2.611036251004812 381.67404096497677 0.31124659493299356 27.46359922720483 2.2023405116271064 0.00031078201749367774 0.001499169091654806
1313476527614858.8 38.98911429088881 2479.835858114722 0.3253442976650993 129.89843457309405 2.1738587130881664 0.00073323099734952 0.008662552844515548
1024799425748556.1 63.85228264441538 497.2679273383859 0.6467592673734384 37.20002227742745 2.020064521787409 0.0008764466121792797 0.0018144842558758976
1605745984678695.2 7.475160639446626 107.3033238196211 -0.23001770550563272 3130.5715659062835 2.0167467390364786 0.00018415211778110394 0.0002954352834820479
1930387836914218.2 13.551175393796301 2514.6414010215385 0.36020156579813123 2953.0695801689176 1.8720658213985115 0.0001262911008834437 0.008513173022933529
583468141350599.1 56.92239074316956 411.1081903740127 0.3417072983116476 209.19091356636346 2.1449320388184394 0.0009502918342164027 0.008367527448725685
2138236313224940.0 36.35469106126863 1660.826856699206 1.0224334635252332 4649.158234091983 1.287450723079285 0.0007393768408874823 0.004110319877780644
1134260314919975.0 77.53068170515836 768.5255707739752 1.2025853605824386 652.1757727829887 2.3800864475836563 0.0005628905834251988 0.006395447676646324
1241740920935876.2 70.78609758096786 406.49220518130113 1.8485189541750637 1365.726751746115 1.6700162704680932 0.00011986426247457036 0.0050773038978221665
243884819624011.66 86.00508166882108 11.340814418299734 0.18435620595112212 58.03041244450857 2.0668155290450865 0.00030103197950897057 0.005831944968080191
1513131497504323.5 2.6371426104365554 14.22160854529714 -0.2529986193624294 729.5229578324585 2.0283274698339064 0.0001272776676799194 0.005581837636264169
665830342588474.5 17.815165120127233 30.279502949742366 1.0608469158109166 161.90887699804517 2.107863146395085 0.0004737456350033865 0.008451018742303243
1468785546099921.0 80.95924806351394 697.4362102081387 1.7229856205358232 1788.4583153700157 1.7090700511752994 0.00014555096119448968 0.00590179898552843
4.0455811894524e+16 58.91680984053022 1950.7734579365615 1.5592966708894076 137.1291289886036 2.1767753687692384 0.00018331369478610405 0.002260717977755019
4642648179656528.0 62.98627716254416 478.55132956951644 1.8277003219445882 87.5223828656922 2.035728921208509 0.0002487133874202614 0.005659545304719283
1315986970905965.8 5.34987951645369 35.14604863583029 1.6357710452837204 805.3041328257615 2.0598960834748934 0.00019374089520119494 0.0078041502627720916
5746786796227895.0 53.77323111792356 1007.2978675439119 1.6180809621858758 184.4327161910945 2.1665475520535873 0.00015133000105451274 0.007374258535486082
2830388473491651.0 57.387747006362396 2389.601666193995 1.0158083506802684 758.0474059647421 2.4031541465981507 0.0005554449467023932 0.0024540383345624016
1803240794153458.5 3.6435561460354577 531.2302555410573 0.8069507336881594 3101.6682710619907 1.901857715884647 0.0008503234143562339 0.009941192180776461
2431239337562862.0 48.21097971113947 292.08626871543265 0.936421749947835 30.88011234129625 1.999449434672268 0.00024269277332568384 0.008518131783841816
3379822604221019.5 44.00746418143213 1025.606707906919 1.1372381473525368 154.76895400548165 2.153482299817253 0.00010425813148863155 0.00795225669302765
232415943045108.53 62.91393967658315 10.467622218196803 -0.22447172231774523 75.18056547224224 1.973693810909037 0.0002786681254335459 0.007421353736646123
2557925115607592.0 52.76953835119715 1311.1124299877806 0.8886809303648492 118.74156372449997 2.061052327834205 0.0008179959074251766 0.0008336816875030581
2340522344565783.0 30.651578370848362 1500.535878891483 1.5885581005882472 2887.435097595196 2.5327748630892275 0.0004606705406778324 0.009799589613385652
1516733791216194.5 20.07480765122042 2377.4915755218394 0.1996710611897503 2548.930081783506 1.7098103825736088 0.0007560166655709814 0.00745274751521467
533097257293581.6 62.77907322075937 441.0251608546588 0.802436167577906 106.81552615998149 1.9919848026526665 0.0001528616363742907 0.007581774726265051
318497063044278.7 14.84548125127727 262.5639119708412 -0.49104554748839124 19.13440669582772 2.0100123878601956 0.00021187815397644437 0.009339375703660273
1608913178301578.8 7.135439140922031 108.27414660915379 1.0946498435390946 2740.3932968321265 2.1724569413441617 0.0007614612843564739 0.0026760972908577187
1656527454644359.2 8.84357474382913 578.0479479011171 0.4027991055766502 4642.473460802551 1.7586428019261575 0.0002443967939933676 0.005160740126426356
1134075163305405.2 94.67928528613953 693.4760720813629 1.326159502452578 764.8399483299603 2.40612945982215 0.0005099448668773582 0.007404823117385052
1278871508900876.8 9.18066302468555 51.36253808513955 -0.30442385969667507 627.536488360546 2.2175029811145475 0.00020537285471113439 0.007878458975046437
1201347252966144.0 33.59150728484889 2553.836309996709 0.2725643502561949 249.8145469658148 2.196037451226011 0.0006545472088488781 0.009605509886248796
1479629368375385.2 57.20378706679267 533.308459157504 0.7686730340040671 44.890225892620585 2.022086980355275 0.0008608918476519208 0.0015001098439812576
7.659880196890253e+16 41.961860849574116 2760.3291911126616 1.3914190283130594 168.42046609678533 2.38584147484538 0.0009921149344094024 0.001060946757611916
5.389719833414273e+18 5.422977422692893 12.95092888525782 1.0349558185083183 13.530918775074516 2.230198686617911 0.00047991753433067433 0.005148970183458501
1466312526383128.2 57.29583837414946 530.0672948293321 0.7634950217642985 44.30533188735634 2.0205969711734 0.0008784412446319085 0.0014372171560658306
5049386937441314.0 90.76391246927813 1570.1130970551148 1.304212737043722 244.76301637675786 2.339114526461565 0.0005246298780183935 0.0025350706539330457
5049284626250400.0 90.73245412645062 1569.289796525561 1.304167960579214 244.6938315907352 2.3390452256921352 0.0005243172287640212 0.0025344767915522707
728865794042990.1 92.54935523993397 631.2409056913565 0.7827897912875502 501.95215531270566 2.0220640151080342 0.0007324688594311524 0.008008766140546344
489431510416505.6 75.48147714115537 13.85788691494664 -0.20941361558983412 12.7538871256561 2.220532645838385 0.00013533178072110195 0.004237674288000835
8.953762705511736e+16 44.36340191193625 2830.3228115942543 1.4479245273886574 168.47891427923028 2.3686733396244586 0.0009808515770380422 0.00035257874995300344
1535694006805097.0 53.07771164275317 1307.395634257753 1.4337657236173016 1021.9428277644664 2.191823128586941 0.0006338839687007459 0.005691309367044132
301725063358318.0 43.11952069640758 35.097058501843144 1.748398900821064 109.88609927288508 1.9896427027934074 0.00012168080435800877 0.007348398067981225
1.1158956994020983e+19 19.243515651393764 365.71002092075236 0.5724718540863688 11.02493447774046 2.2475919989666755 0.0001276584562982119 0.007985906967513213
1624984779762882.5 6.735858861625189 12.430369928253606 -0.41631547072279984 3800.280550508459 1.8924367589242312 0.0002122172253732626 0.00015007338374100395
156794701367693.47 94.66417361675931 10.494331771768843 0.20888413630983504 24.13962998066485 2.0681964016569077 0.00040408152670716295 0.0043526985554546375
1547736175752359.5 27.279598080300786 1964.3732584447978 0.32294928045689986 1733.7381361410016 1.9758949380564041 0.0001673846779479573 0.00824203563951478
707879394473158.4 34.52831281012905 112.85645401096666 -0.33718596510830534 298.992582794552 2.097948794143576 0.0006269537521660161 0.006710948813822981
567863611405116.4 56.36680201643844 406.16079710572353 0.35914376902504985 199.7433482936242 2.1359259278262037 0.0009092811224601741 0.008326096417939171
1769887756712596.8 3.3561887193227307 15.612079668181757 -0.25502506944625325 4867.152226600743 1.7757299466091505 0.00012370741450465456 0.007165974768761943
171666505544292.3 18.275890719713345 696.0961565067751 -0.4795583336254641 44.008199719877744 2.0891219499766134 0.00022840550660710096 0.008021935130146176
206107678231298.4 71.16546888671235 18.583373104828446 -0.2968359557224598 20.37512557653959 2.0718567933629277 0.00010958670121268094 0.007885587908183816
418347818510119.25 51.881847895872475 67.43717767926435 -0.33825461383749245 26.44108166950924 2.2059442427119578 0.0001678299455738238 0.004609858491345607
1253873775024463.8 8.312906877902602 11.03676010672326 1.35546725976266 823.5692104517333 2.1235911173616655 0.0009473478053742475 0.009490164117420543
1983366655244475.5 1.7481029605620275 227.31979671488762 1.497039770982149 2404.3021046609424 2.5462650889083793 0.00014927183886754745 0.00860364460017152
340751027723530.44 67.88097245474623 151.46811565983455 0.3605026543745016 92.17068034519475 2.110767574069476 0.0009438038320244755 0.009352010865278974
1610013040853785.2 7.4695028844640206 118.23830895450445 -0.21764618418096116 3170.864882119083 2.014416245263378 0.00018633614527541382 0.0002080093609245874
6234612667058233.0 99.19748071598534 1546.8218910395105 1.459599558424573 247.2030545798162 2.343680248935812 0.0005033592601219437 0.0016231621633377097
563577369868775.8 69.69315728461251 181.52829662820767 1.299564996539412 115.90504295143698 2.2680554171316536 0.0007210503123903189 0.008313288373475662
5693912870135774.0 23.619957365876534 463.6355088805327 0.9829064927360297 77.00598950715558 2.167601136970086 0.00010444162067437828 0.0025181746401275714
416855418481649.44 78.97910773476434 12.321290222338437 -0.39566683031984257 12.771290455574706 2.1949431749044046 0.00012327971751944456 0.0028362498008932674
219043669721532.34 86.35089590385913 30.68108446654048 1.0556838849467944 13.866359787451355 2.037127260156567 0.0005870281600729335 0.009099707659770362
707673294883633.0 49.485570347136814 257.5048890445504 1.3941520423879543 491.72337507065646 1.9996385771742626 0.0001089196917979322 0.00833430617887733
1.4722624579888306e+16 9.334207210732128 94.06947572229416 -0.07627023565630936 30.676449765095196 2.1366820214639843 0.0008067602562884497 0.00437029311336868
1744780661631313.8 6.826853758137268 776.4233056125953 0.579148700567182 4324.986168814864 1.7841417422541002 0.0006065908323945003 0.008139801692116956
906624100591482.4 28.15809857858361 69.92062757616279 0.900819779933519 39.641058234630236 2.141932262527943 0.0003038982345427196 0.008031905600586961
769779465131052.2 66.3878514746269 195.30343009932844 1.2155233603893265 78.47308227394204 2.224049884458006 0.0005977995792442428 0.008764687071157627
224848078983478.94 46.44236996346659 20.4726257455949 1.6938812010763011 50.1704754712159 2.039851669482762 0.0002779222549564551 0.008439763752979558
1174941535810410.8 79.59990304810438 752.3321668807893 1.2040536341570032 574.0878720639112 2.4437621725001297 0.0005533747289432143 0.006504553282075432
1826451058019001.0 2.108772992434055 179.75752549842912 1.5246529865232363 2119.7834462266965 2.428069851680565 0.00015413953015270407 0.008569625568722051
326742310228203.2 86.64476585298202 61.38971279275759 0.2493899696187929 104.59356438910454 2.0607395425139567 0.00013469055660118203 0.001391691540037692
504367763672189.8 25.444706643862546 13.850269709062287 1.32632005705816 103.19224968572198 2.0980876135634325 0.0005382410453996411 0.009544560077018333
1717108288807941.0 4.010070273957631 16.18758719563682 -0.17678822046422704 4812.538728461603 1.8377641386816592 0.000132492722516197 0.006822535401385938
1.949134729659244e+17 0.26626872516823985 47.10320906676429 -0.48224852477060665 316.34727696932026 2.39023222637102 0.00023387903866184777 0.003789897917300923
1.4322003724133497e+19 20.137387505228553 360.68553467829787 0.5784324911106213 10.070019094636566 2.2421669142473566 0.00012391513511513262 0.007919366221645505
1.9497228283770416e+17 0.2651129046601852 47.10616533773045 -0.48227045473897384 316.30341188186475 2.3903141897246596 0.00023388449484529214 0.003789735376351294
1.975858722740992e+17 27.369266140176947 501.8805341390057 1.991937916408438 66.96244370090704 2.0785066844534175 0.0008986769634774947 0.0003088091344127788
2264761052274142.5 0.5595198468341067 349.4192102773542 1.631372696455934 2264.087757536611 2.7677638299536103 0.00020859200861465878 0.009175436747782918
1655231078795575.0 6.181033886201488 10.064818288035722 -0.4162143623191572 4876.555442531722 1.5103746938603573 0.00017822262746926306 0.00011693845160958179
1948368030202203.0 3.927031836954834 698.0757381110315 0.7494315931565293 4537.082632425914 1.8581276923999848 0.0009691648920106852 0.009990277248200227
1.949134729659244e+17 0.26626872516823985 47.10320906676429 -0.48224852477060665 316.34727696932026 2.39023222637102 0.00023387903866184777 0.003789897917300923
1948368030202203.0 3.927031836954834 698.0757381110315 0.7494315931565293 4537.082632425914 1.8581276923999848 0.0009691648920106852 0.009990277248200227
1111774374242041.4 77.1284612171179 732.5350284769859 1.2129274275481174 621.2001389189853 2.375333690413579 0.0005494327139604146 0.0064091041104798975
891964017691154.6 28.243875415434587 70.19357599979239 0.8993765269441465 39.53133634078706 2.1379027286871564 0.0003044480961666812 0.008038360397165219
604958006799849.0 35.093208076809006 92.10239803803358 -0.2639563472352502 219.5699479325036 2.0830452917291993 0.00045001969458896384 0.0076423628801474035
525549339225925.0 76.77415717856746 12.496309636451175 -0.16544584518882058 12.335936175515833 2.234868613940474 0.00013524325693326997 0.004337628311613243
186269561165677.8 83.73868714722461 11.16430106836281 0.017966669819966086 27.874132532991396 2.08477554274707 0.0005641262387605099 0.002713262892605604
1.2051295269352995e+17 4.683962579428293 69.11435200257655 -0.44131264143106796 11.373510987923694 1.96337016090086 0.0001363187772845482 0.007147408032922829
1457222192402609.5 31.29311437198995 1830.6726269211301 0.3463636776106478 1607.654277403154 1.9627464271445978 0.00021096740996319642 0.008377195192189112
370069225583192.8 70.14351363667532 144.51637605664217 1.9906705657586308 120.07722025082158 2.153663081441133 0.00012042714272040437 0.006844661237221394
1282131571441219.8 6.863690977802699 12.979482069753393 1.1734431987206304 764.5524620696426 2.1282686927355994 0.0008019805375922472 0.00920739222386677
2.3624127709583114e+17 40.91546739558068 180.10241886975172 1.2175330732671115 12.48068794770947 1.9976591380081028 0.00028091586565188884 0.0035552123332858827
1131337968169141.2 81.27548064681216 743.38156369034 1.2394085834498312 545.4675372656583 2.3932274678718266 0.000543317582220242 0.006607855718896282
2265422356509151.5 0.5706367438715341 357.2878833748227 1.6225773446455425 2189.7589109117957 2.7496629132333066 0.00020782656609226796 0.009165494470769725
344917412664411.5 68.07717088183301 153.7743078829068 0.3675832915942631 93.52036170729487 2.1142969643833087 0.000942348343267462 0.009343790420560204
1.0145641065478822e+16 63.277941682135825 397.44152594479095 0.4970511970238946 10.697879658901334 2.123796593133223 0.0001605394562962143 0.0036676196065560003
2590351303731042.5 60.32974862067948 2407.4066895742835 0.9879125046243984 928.8970184208436 2.377012312329315 0.0005148176782986701 0.0033145004291835227
382584204316681.56 47.369485995793575 42.98384554315245 1.8126827656572413 30.86057153406468 2.080081039194031 0.00011739023396006363 0.00663481413255326
3.61711905199177e+17 95.08397567281679 538.2873078249197 0.9686187828377244 12.704812794289573 2.266753130030369 0.0004132520509251664 0.007797515377201412
1.484872972284803e+18 50.3713869843408 2534.840671053532 0.7750332549755147 15.328900578846014 2.077219824911801 0.000194325502863668 0.008887263530182404
1097917342702957.9 33.288183828262206 2751.2890660386697 0.21419314350692553 104.322845028336 2.1528932872631077 0.0006938387170609842 0.00879577585966165
3016501537185793.5 59.84990118943582 2425.377875181825 1.0650845302098335 707.9867695911317 2.3616922735424652 0.0005843851088965362 0.002259383210787464
941726774690611.0 22.467295299747786 302.3230036969716 0.9529567808438725 392.2185065949613 2.343902813811313 0.00030860620146559747 0.004389463465535981
1614337501721653.8 7.957784021682978 33.79485797559877 0.6781309328342182 4853.640564110565 1.6385426620913268 0.0002223718602068935 0.00895345881154173
2340522344565783.0 30.651578370848362 1500.535878891483 1.5885581005882472 2887.435097595196 2.5327748630892275 0.0004606705406778324 0.009799589613385652
1453385021098618.5 82.07504606839596 683.392810107322 1.7245847781015744 1773.9179533471563 1.6902622524201976 0.00014143079429361692 0.00582104312999376
2896556997236124.5 45.63995637696446 459.39931659773225 0.7102995227519313 26.081097039496395 1.9789636476653694 0.00034066210424629246 0.00900357397835245
1607247373521443.2 8.274142618593597 33.87931696241948 0.8775184320339413 4623.279147289391 1.740345306152421 0.0002349576624691485 0.009054781715896972
787594114320846.0 27.96025111018587 63.97110722063194 0.8656645329328835 38.40235505980911 2.1209964475886975 0.0003219337479873952 0.007912687498877741
1037284693792129.9 8.659053655457917 1908.918475524654 0.042437916010369836 144.22909434052198 2.0094540183105303 0.00047782645671872473 0.0005527476968888922
1435310010666626.2 86.57920313817377 577.9971780107043 1.9879912685688823 1607.4653737333501 1.754897093126762 0.0001218277827068151 0.002957489010435891
275043342430699.25 61.65546276987745 29.943160103926484 1.803035001271482 99.92665536425353 1.9925224503263923 0.00010975785073483742 0.007196204222233757
3685184776511637.5 61.4879982540697 459.5243721711036 1.731622814680894 88.45331269882482 2.0506674901479136 0.0002564514087267612 0.006265603594618919
1566849575186292.0 9.414901928857264 34.32461998694733 0.8885530247666868 4224.918895818555 1.7443527835706918 0.00023018360562174572 0.009012784910742335
230184826288819.47 86.2477581348437 33.228927992063554 1.074232134329397 14.907269258406075 2.0442666140552648 0.0005872509206846777 0.009115556976329695
230184826288819.47 86.2477581348437 33.228927992063554 1.074232134329397 14.907269258406075 2.0442666140552648 0.0005872509206846777 0.009115556976329695
1390316763990845.0 5.59433590034476 13.076748698137068 1.361881949441072 966.416211765417 2.113437733292286 0.0008097650893767206 0.009285491338472755
1586685141443459.0 88.50850792728572 1985.6417925402072 0.5729778854124623 768.1519581563189 2.3150202680879346 0.0001247224855745794 0.009715703207661828
204030173650669.03 18.796265303759135 1164.9689268454206 -0.33419464699643764 79.02830988175967 2.0322334714512893 0.0001672745122887977 0.0014244522166825039
1109061279638730.1 37.68832732427586 2721.690603467588 0.21265959525492023 139.64396234933542 2.2399072309476455 0.0007969203463654559 0.009564895778836062
1558768971253903.8 7.678258616375491 88.35068891318372 0.8712254438206015 2263.3264518527976 2.1697121839438 0.0006371987265231049 0.003631486168041897
367628927416325.6 96.38242904559436 10.113158871136758 0.05522233360449713 144.62787972531353 1.9943999740352836 0.00037435099306003846 0.009739521354744988
194774591050725.25 41.62704501215405 27.688784170973097 1.7462541499010813 39.926172729828906 2.0367614461664925 0.0002894937204318775 0.006933002186063306
1.3607154952712386e+17 4.268289520100351 1486.0474965513147 1.1224930574074456 268.15508705417386 2.413274170991591 0.00010376894276162185 0.008642729096228326
8.327229474724226e+16 45.35339430092664 2753.718410380263 1.4487797345877096 166.81560789835999 2.3657153735034604 0.0009600884552676287 0.0004915569720316121
1662546332707277.5 7.150149780855982 81.39481047405044 -0.38873177621001487 2970.6951637136826 2.3144268851347065 0.00016101615749195453 0.0002489671102702429
1578928890395366.2 9.716390384198267 31.299793396209104 0.7567977765043836 3981.9186016872764 1.7386490673817996 0.0002190107593553021 0.009290717528355127
2470014740989012.0 52.20163661820609 1426.6677830327817 0.7173853620514873 90.83045572014272 2.0878106215725927 0.0007257944544392671 0.000172937628698102
3118562806667984.0 80.881352633901 542.2840906700661 1.1953622127351367 61.095918383555635 2.1076726971947335 0.00044588634958695676 0.007828732705496402
1207683796432890.5 10.586712732541997 84.68486433218847 -0.3551934460877628 492.038044446133 2.265625838294424 0.00029645537131231574 0.0089163691710017
7.077629452284262e+18 5.042013826777625 2589.790467170024 0.9312229702087049 111.85690447283424 2.1884948822484125 0.0006997660761654589 0.0038834613286743355
1517019722065009.8 85.30116805563277 681.0293133738858 1.9534988856308633 1784.7345570437326 1.7606155095556884 0.00012271714068853647 0.0031975745584921335
165391396191404.94 18.337247408068425 709.8632390717455 -0.4931646267361547 44.07338367967085 2.0950545235921756 0.00022914270669097808 0.00801223497297042
2470629382472140.5 41.736271880577156 303.66325832217734 0.9097396375850897 34.61999564428657 2.002589001738059 0.00029176017297679425 0.007960989114275395
1168874645161147.5 92.52860696230152 254.3842722578363 1.7109690200131638 101.94151734064192 2.290468526915241 0.0007990215656396015 0.008703748778204302
288235056971172.56 94.51552622267984 14.06862498109488 0.9994532348361512 88.91035551287277 2.037758422878918 0.000820317142792629 0.009089795655613775
1513168898839986.8 2.6770605627317003 14.254987714021603 -0.2519476141761003 729.9523442984606 2.0281440893914215 0.00012729177986913766 0.005581788502444881
5274979888888458.0 20.8094221518779 384.4276314246291 1.096808881768688 84.79640693303577 2.171449108963549 0.0005092527428771289 0.004814784023121383
3.5419514724173076e+18 5.750994499150863 14.925337750228175 0.9565818066613875 14.24390146976439 2.223352633048316 0.0004935528229313655 0.005123219533071032
2.3633011670842246e+17 41.114599459735715 176.7242986060233 1.2290871205255511 12.456193140624848 1.9974472045807792 0.0002803402383501777 0.003588648159645366
1689226320248439.0 5.571139318106648 12.094198560558288 -0.21015451092195236 4035.248537735278 1.8766029568648466 0.00018288052810778944 0.0012092016847832718
4642648179656528.0 62.98627716254416 478.55132956951644 1.8277003219445882 87.5223828656922 2.035728921208509 0.0002487133874202614 0.005659545304719283
2934048422352304.0 98.14997267691925 1685.3337792177283 1.3906419217961317 691.2555026098028 2.6134723509430096 0.000673721091185596 0.007686631842081363
1179433151792940.5 18.06832836675961 401.9560943532347 1.0583016210827914 445.3851307952375 2.460668026363714 0.00033889567694470713 0.0041366723110411036
454145584646968.8 43.0987486717926 19.89292449140223 1.8028975088281598 204.23243936242287 1.968881318510848 0.000619416556115935 0.0042573116953961345
806015667397124.1 85.04877465862307 645.2016326909003 0.6826072265825764 666.4806966061487 1.9340219830428877 0.000955484679416971 0.008368474284731411
196873651058235.5 70.59050996792321 16.98324293466853 -0.3401683675356593 18.701653314690873 2.061026812068518 0.00010624485210952967 0.008077097081910449
140903242324414.72 70.7257185275534 13.172923230137668 -0.0498071354439896 39.44440138972467 1.9698437438471883 0.00038052034034508 0.006815279987725369
2736025394658499.0 59.715206315887265 2422.485776676792 0.9598005757625193 774.7386127682338 2.37846450803438 0.0005000938331668373 0.0030037135338448397
566502525743687.0 60.07328348796967 12.327931202398737 1.4629054144110936 120.18892080635243 2.2665955985674704 0.00017606190163092992 0.007412545150146994
584245064329110.9 53.98637972585078 70.8665463935483 1.7575411683461644 38.776133332576535 2.114258371635775 0.00012643141412410663 0.006633205306135773
8794539994231131.0 18.62992671280442 1970.5309328870396 0.9570516939256695 196.89245432139964 2.127234806378887 0.0005961966208702091 0.0014400007230704484
8840271382739291.0 63.69895037653449 428.2390438023241 0.6512086233058886 16.640794321613786 2.1390582856493077 0.0001659296843974506 0.003946859026218643
1404508673000905.0 38.1181321040996 2631.9114924875535 0.32889537522124174 126.84027271426932 2.1709564368388516 0.000726822514733658 0.008356840671293397
3.653244021310601e+17 90.84574522960936 465.7701346585797 1.0006809821253504 12.186850710431072 2.2316221030778567 0.000409878683288267 0.007294933248601842
457191331010987.8 94.22803759650536 11.478144723453209 0.2828994143718435 190.72333588886931 2.011671007249327 0.0003433088294674112 0.009818394313991782
1.4651483155668529e+18 53.43907484587777 1973.3956859308832 0.805318400712038 14.831247583431816 2.1014528198477267 0.00018496057475791812 0.009583634078540843
4661479273641243.0 21.179463048964145 258.61608245067697 1.0972098711984728 66.7789466135743 2.155760096219572 0.0005187982929857936 0.005758965723160145
1210077915427681.2 74.41618406439908 817.609682787893 1.2234093164902047 717.7924441350068 2.389632884314645 0.0005964374324337239 0.006602501587653959
1238544707609278.2 98.31303785106829 767.6805245793297 1.3144349423836967 740.5450628142419 2.470113230842484 0.0004997356396705982 0.00734075455221203
