Galaxy, mass/kev, 2sl, 1sl, 1su, 2su
Fornax Dwarf Spheroidal, 0.694745, 0.449048, 0.954023, 0.311147, 1.240282
