Galaxy, mass/kev, 1sl, 1su, 1sl, 2su
Fornax Dwarf Spheroidal, 1.014782, 0.692992, 1.209130, 0.396026, 1.706405
Fornax Dwarf Spheroidal(gravsphere repo), 0.456758, 0.353112, 0.637957, 0.289877, 0.944298
Sculptor Dwarf Galaxy, 1.726875, 1.333339, 1.953202, 0.864855, 2.369616
Sculptor Dwarf Galaxy(gravsphere repo), 1.428832, 1.052536, 1.799862, 0.631248, 2.613224
Leo I, 1.104228, 0.945344, 1.340569, 0.756048, 1.743609
Leo I(gravsphere repo), 1.226429, 0.997923, 1.528780, 0.792017, 2.017402
Carina dSph, 1.447362, 0.796419, 1.916802, 0.404995, 2.508376
Carina dSph(gravsphere repo), 1.701092, 1.321927, 2.126085, 1.036623, 2.780070
