Galaxy, mass/kev, 1sl, 1su, 2sl, 2su
Fornax Dwarf Spheroidal, 0.755517, 0.489803, 1.040555, 0.322393, 1.353432
Sculptor Dwarf Galaxy, 1.510442, 0.962416, 2.190172, 0.553101, 3.159444
Leo I, 1.021757, 0.672325, 1.473436, 0.370480, 2.102156
Carina dSph, 1.622881, 0.755586, 2.637621, 0.363688, 3.786397
