Galaxy, mass/kev, 1sl, 1su, 1sl, 2su
Fornax Dwarf Spheroidal, 1.001110, 0.812432, 1.221576, 0.655766, 1.559472
Fornax Dwarf Spheroidal(gravsphere repo), 0.456758, 0.353112, 0.637957, 0.289877, 0.944298
Sculptor Dwarf Galaxy, 1.643460, 1.403800, 1.949961, 1.142731, 2.500889
Sculptor Dwarf Galaxy(gravsphere repo), 1.428832, 1.052536, 1.799862, 0.631248, 2.613224
Leo I, 1.104228, 0.945344, 1.340569, 0.756048, 1.743609
Leo I(gravsphere repo), 1.226429, 0.997923, 1.528780, 0.792017, 2.017402
Carina dSph, 1.471532, 1.095712, 1.837598, 0.819107, 2.326304
Carina dSph(gravsphere repo), 1.701092, 1.321927, 2.126085, 1.036623, 2.780070
