Galaxy, mass/kev, 2sl, 1sl, 1su, 2su
Fornax Dwarf Spheroidal, 0.712626, 0.456119, 0.983763, 0.314067, 1.383808
