111634694835845.38 40.971859335975616 75.37279830085951 0.057869615350843784 349.7881835430419 1.414885357912142 0.00045872009729425493 0.003815869060588062
2.2500331067439837e+17 21.24818152935049 1605.84326429804 1.775749324532005 72.37578143449673 1.752643731629267 0.0008023672687606879 0.002160119030676635
91547959464147.94 16.41497054054371 1430.858696587585 -0.4795018660603474 362.9362305600185 1.2191860238894068 0.0005172295539886984 0.006128633151906429
96876022886329.8 93.81178765882062 13.704712953360087 1.9093503916389154 275.1127296446796 1.4704049859683654 0.0006595825511676409 0.0029594169410130785
122853469388166.61 27.861573279559025 632.4089890221868 -0.3664555572201015 322.4017944374391 1.3337687264473426 0.0005669321069991063 0.009455267497230002
197887240150706.62 94.78018831654846 1901.092788312009 0.17739181288154582 599.7952094724315 1.3530687676963973 0.0002911877909917063 0.008122042887475115
132147975875034.22 63.45661157597068 299.9930549171277 -0.36730064714592775 339.71026634567755 1.3249020669899183 0.0009339823222723311 0.005298075240669786
230238804328196.97 52.799180702397635 13.11706272012246 0.6425093884863087 682.8588215906 1.3005186141584573 0.00015994885650634453 0.0067577449710100055
1.1278860240400754e+16 66.96363805370702 208.40079623927846 1.9398293495937438 20.531728298196555 1.9684665846703178 0.0008904172181186812 0.0027731810146491053
117154327878047.03 97.03173403111246 15.758917632713938 0.5540505945424437 292.0097141955532 1.6085129515464158 0.0008001361264933626 0.006770898856816559
117005686770369.84 79.09778087259893 2707.382531364155 -0.0666738032936538 313.5091818909913 1.4694677691993925 0.00024361210731252615 0.008359765921846578
146520100604776.38 59.93508791215998 149.63331931061546 0.3539833197094911 324.4790045997154 1.7068155631772701 0.00010508655812842509 0.007866183464721286
170669986886430.47 89.76852793512953 128.6953765744556 1.4912115626762907 573.2988325547794 1.240118432023365 0.00047815268275686577 0.007942221626565184
128963455868970.56 68.34665639110922 111.36681921180252 0.6002862662485731 267.9956717978188 1.744715991313397 0.00015712661232861105 0.008416755735775919
186969007760573.6 86.2544969159162 28.229239737995698 0.36973312151341176 498.85533700469307 1.3403030255988835 0.00043110769626809615 0.002984376209086727
164612804664923.84 88.47564443736464 10.331316244724288 0.2116454643097879 496.4821842948706 1.2984879912228584 0.0008091911027140093 0.0069390554088629985
127984036052490.08 82.30433602304889 15.012414167049206 0.9052319757589503 352.99362453990096 1.4103193744000906 0.00010664674057381849 0.002862250253986698
163162929988151.94 83.70749725618236 37.12991078385798 1.283890562195184 590.0715257577796 1.2025768938720622 0.000226013566317724 0.0006421005143755851
1075261605212965.8 51.48916050828143 1306.1520354732525 1.0000296573010061 88.02375297929217 2.000914243334371 0.00023858432780304878 0.008512065840552719
103479384531633.1 63.878827072227146 178.90213872419324 -0.48167275380366714 184.48877299836823 1.5417035712658078 0.00042010402133353084 0.008012524420620563
156351598246291.1 86.50295865171981 38.94661979522364 1.5955898961560369 508.17621990393786 1.3069692940535476 0.00045326845483451613 0.009319290724562624
228155936625575.72 23.539350025675276 22.194104220502208 1.611959222847294 753.0580354753428 1.3909720756903292 0.00024912931336447224 0.00541796692714988
2318447322636100.5 54.04588378801376 1467.36601844077 1.1948356669595657 13.040688211412505 1.3927660831940414 0.00011036602339993201 0.007374584580130754
120663457787414.6 53.204062524829666 139.09270847204928 1.925953417708917 21.75472948083564 1.5149209532299863 0.00016852924573984706 0.007911781105576974
1.0434882629573106e+16 68.12427295134202 191.51751084077335 1.9740013460995969 20.67180167726879 1.9909341052770322 0.0009227452419361389 0.002719873415671951
131900319989251.83 87.3456692192492 15.264645810510475 1.129876687679522 441.88714471729344 1.2815703122526199 0.0008716674106118633 0.006420913940627631
133558890043942.77 72.14321697207406 164.69708048929346 -0.22201776103904636 392.7800316041701 1.384566880784022 0.00036317480143005943 0.0036812551472420463
125853710241937.94 99.45517343859478 54.69188773916128 1.9642856259247115 372.5394384609121 1.3895306824206441 0.0004923045639753681 0.0004910398922531269
124618970381635.52 78.29597063567088 44.02816207591286 -0.13410558243116655 271.13035532171176 1.6593014146678888 0.00034338520193146534 0.0016593531476020958
168840831507198.9 86.31202029114799 11.54297065387432 1.4338921615799785 450.67226969262055 1.3928983256936902 0.0008528820812769776 3.0687960165977704e-05
143233311449960.06 67.79748491719707 239.92256399568447 -0.3710619987874395 368.2815625186062 1.3996784187411675 0.0006242143746108408 0.0049212745133261045
125459652578246.55 99.54467575097024 26.997587214040795 0.5106291699007706 257.9914279061609 1.6941002822223539 0.0007886766473080266 0.006049436716974088
144520711533008.0 90.13675593295976 86.03777426631494 1.0182968782683275 459.8887916846216 1.3561246998960494 0.0007513678606815182 0.0007975133717743861
169948869215207.47 39.0600767105193 78.83237751414194 0.7873446658235781 325.0472460554797 1.842069868526016 0.00026440169115855453 0.00020616072880561172
101838970708814.78 78.32703212022338 609.0350340134512 -0.15813185026140636 256.6062848266438 1.4431482805644 0.0005071819082210221 0.007355873502106213
138242113812262.22 98.1416157270231 106.7077152518715 1.573215690354398 417.88387956839654 1.3774313745474633 0.000625855633944534 0.0013884363192108277
228186698743717.94 92.40624175080355 2984.168435859197 0.23339955938392654 570.3247383595226 1.4142464372660344 0.0002568245175595279 0.009243228360470484
11009268447710.025 38.76145748113139 42.70702423024301 0.319141540450349 13.978324131798741 1.7196366541931754 0.0002971839163400087 0.006267201266211498
99689555404137.3 85.39892837440836 534.5054139992606 -0.15336907901212005 229.56157934925162 1.468532215888664 0.0005084348483110778 0.008364719614466349
162903970983981.88 20.947661751980846 97.75024797916544 -0.027624159858786135 532.389671385588 1.398947000793677 0.00023153687926699262 0.001521711051309247
13991045977606.371 26.13484065896766 875.8295734251826 -0.35503503124251556 109.1378233496819 1.3135050588738524 0.00040978831531854695 0.002980830978901467
142920608453033.75 63.24462898726054 225.28668076180725 -0.4283921679909686 417.3312303889809 1.3514584911535605 0.0008742618353807854 0.0052550460532434715
660848289185308.1 67.62342517196711 1205.319740424311 0.9744359646246828 108.26377828040448 2.0063231980458753 0.00010253467727765185 0.001601191329169172
205843584957775.03 49.656564345698165 23.593152867794934 -0.3065382921211135 592.8514477115605 1.3869372170857375 0.0006511645720896165 0.0071509960082381165
97715158770705.72 94.39165630718644 813.392486886716 -0.16071695312488538 233.53917312357254 1.441267172630903 0.0008385277772387286 0.00194388320037056
1122368801630722.5 0.8231020710786335 1020.5876801199947 0.20534313265329163 54.69450091543218 1.3962253392719375 0.0008361945996411964 0.004356764512024025
111926532355180.12 20.8743750711554 34.17123420825339 0.4328273028867904 431.86926623122054 1.3761071324501128 0.00013717033030234083 0.004382950684418276
191945051606518.53 80.5940783720877 959.1612593305412 0.2939902656119497 672.734316171771 1.3218033421362874 0.00010329510993798083 0.003129548497586567
182201287942319.56 55.376176708711505 14.9436805367382 1.5692881638143605 586.7239236188251 1.2849235342456935 0.0005117667738334493 0.009193193132527332
93972376254830.23 97.16208611182651 14.23621905706427 1.8999741553753984 232.4091866224505 1.52770368166488 0.0001481244812893377 0.00714648773253088
3.2032297506843756e+18 28.025962706373633 211.58761856992368 1.569048991436334 10.198111101936957 1.925456001228604 0.00011697866228305068 0.002644008707067564
92474126259028.23 20.52603046886918 734.5986362208445 -0.39933704052499125 303.5803073347058 1.3510772450065966 0.000838930245187592 0.009450627585138842
107169476637470.44 82.08619518631494 10.269116050807765 0.25368819895602013 288.52724208340123 1.515143686150482 0.0002634425760137109 0.00019424087245974338
108281897221795.55 98.08651541004168 23.579917207119557 0.34664081640057026 227.73423457628965 1.6521460757442992 0.0008142759934559352 0.007746420803472278
5776077438573475.0 0.7537119855654719 279.85454896046537 0.3814815186369164 220.25406081547712 2.1801675046045625 0.0007155324626630447 0.00610791420637934
94232892059616.3 20.85285022239573 857.5600466367233 -0.25779188172971557 312.7183824573367 1.3870071865338052 0.000867935808378259 0.009499758912970984
3.890196186402774e+16 43.46284461748085 1817.4070601103906 0.9827145203575273 24.00040701895294 1.9516041886468214 0.00010974883793422555 0.0001392846440790731
160580837342765.28 54.2137995843725 253.1544553188016 -0.4452154765304167 447.90617001067915 1.3879927912720507 0.0009522083026492038 0.005576586854518805
58492880897668.125 39.19788193839533 14.212720851150118 1.6410202756338024 14.808966128042778 2.0331734812136766 0.000131574813080964 0.0077859941776876225
10515462461219.459 39.74091592963891 43.98645170565423 0.30112332633666883 14.539629554610555 1.7120587041368336 0.00029903574642431137 0.006218644565892812
107555416663628.88 94.0366661646677 493.8725790457349 -0.4203372544432769 130.3858045785343 1.6514241611400515 0.0002204085957702103 0.004382483745011557
191334194237115.12 27.049103915076806 395.6411146754255 0.512727833059849 657.4591036293998 1.4462668442089965 0.00033088734253479055 0.009860478365696616
132166976800853.27 30.2422276611981 18.878118412507376 1.5239237842904771 451.8495810257741 1.3839838019986752 0.00048671965433801437 0.0018588712260472343
2119900367532178.0 54.17336458669743 843.9169881235428 1.3033922426835507 68.69931077336368 2.0410779744084 0.00010449950928171443 0.0007598862446816738
75159710274801.2 38.087835798260855 16.206221970450958 -0.16801510673785858 307.1063703751653 1.325199379827025 0.00015073299763769323 0.0021033126012082676
100664866652625.47 87.53172463207973 20.67470059188623 -0.10093247494476287 319.0463417561039 1.3676776728880196 0.000249391284061783 0.005820954406555938
83192206049755.05 13.4597231535271 1342.8408167713071 -0.3974610005741599 389.9981054166123 1.2048609971461532 0.0004813809231773006 0.005331279656507593
83578863405287.88 55.15113619795062 24.351576045933 -0.15911259940866262 287.9795803076626 1.3844739615746207 0.00022209814810955552 0.007014305638832556
134101408232673.6 93.13620513942796 89.86621626707358 0.9152068304292724 350.96317571632727 1.4141093087813978 0.0006290044679811966 0.0023783831904284096
575589174063453.1 8.641952425484394 18.990176655193284 0.9384710952175281 40.98084143911426 2.091760884526306 0.000260502303951867 0.008764620057425268
6.350996871904831e+16 66.90718624889803 374.64989195263536 1.3948428448528878 15.067190157705458 2.062172842384608 0.00012191695511938254 0.0019078737367747996
153272760576681.78 83.92636655921675 46.68653657146005 0.21268495486808842 498.69803832294855 1.2652124189422735 0.0007828612082347346 0.005779855104080273
141432760040176.94 65.05598286236254 301.4929422161466 0.44713419614899363 451.3095558498794 1.473234115200564 0.00013692791946593393 0.0009453007044131594
134673152849032.55 66.24524109597553 150.44522320891605 -0.03850662628672963 482.2333258879734 1.2700679456465285 0.00022332691028395315 0.004092630140866119
113131898483277.75 61.187529920361314 142.57706940482802 1.1731659974002433 437.8220758519809 1.2518465428405645 0.00023016308711008214 0.003124667237081706
10132865213033.867 39.729499203787896 44.83335444987969 0.2395119918465034 13.533767431829709 1.7118846794504514 0.0003016250461199446 0.005977123870657535
515672401082184.6 6.123273925213319 39.7013889832711 1.2251850067195633 27.20800512703746 1.7847657041840377 0.0008473746266330502 0.008739318246587241
83694861250584.44 92.1150050169261 438.55963994935 0.1778133379583815 232.48717617084654 1.5688629108470056 0.0001003539922155842 0.008534882137647358
107531730703146.83 92.39014217776062 31.530097585757805 0.3350909519716506 243.70850031426667 1.6359773074434911 0.0007855113835940683 0.006328584585416609
48939197270896.695 39.10807854888435 1879.8995325750968 -0.4529090616226479 192.5540285843495 1.2383279865973338 0.000323640437320036 0.005262403244307134
129859763791198.31 84.49992665070152 148.21911015363506 -0.22891154920881035 305.51925447015026 1.6368265132668833 0.0005085984227976883 0.005862178083462073
160782374311810.72 72.82147817177261 14.948689400334851 0.9120949647091227 412.471393306873 1.6005051228186198 0.00017649754515035405 0.00015049561797872077
79634627115826.89 93.92911213083488 12.7326525003199 1.8532589302327827 247.5221432176713 1.433771110884211 0.0006303752044176042 0.0018128867843817244
114466494320837.45 76.12465152535685 2401.681736177611 -0.07934162415200019 299.9464046946579 1.449942860955305 0.00028281631579944434 0.006847232714898469
1707311626256355.5 3.4683924200357614 349.9608445009696 -0.4629186164037948 51.170655335887616 2.1797590036489614 0.00034397686816549133 0.0034397139819100156
174894484811092.0 68.80984177662887 13.595840384392307 0.46993159988397915 546.3266476328222 1.3284019285073354 0.0009068232834704876 0.0032340685789593237
336592258811669.56 13.999009822561884 1069.0674746622885 0.10359227009414951 21.46216501290203 1.9326796837043836 0.00038213763473751857 0.003983067458600605
158218781737486.88 44.19507704660985 51.94430804417921 -0.4760262190095582 510.9258979157541 1.3471272590894334 0.0009479135251281297 0.009721189618000253
1.1278860240400754e+16 66.96363805370702 208.40079623927846 1.9398293495937438 20.531728298196555 1.9684665846703178 0.0008904172181186812 0.0027731810146491053
2919035339972078.0 53.42004941759704 1546.03372482032 1.2434352395171286 85.30923275922278 1.971904677288403 0.00012075799953407206 0.001323395533938624
106839538021205.38 66.06444162588622 100.54444219956154 1.0153232492013706 354.0274941553405 1.3788071273906042 0.0005078183924432961 0.00027073988042905766
138371486983091.7 56.996906372993486 261.2571704371919 -0.4161151853539836 374.2957053657481 1.3222943838217112 0.00027768979503949546 0.0008520927349387397
3.659523620666802e+16 45.29515440250368 1555.4064473683436 1.0034200586296826 22.253965249669193 1.9557012542770231 0.00010724709741924431 0.0006087591060123035
42309889646255.0 26.358018156490985 1692.0891632717323 -0.1852336278505023 230.03660584618805 1.2793101708343746 0.00035380644037759373 0.004287499961408088
126538326706268.44 64.97245765628656 11.351195395577616 0.5023254114811104 356.02396585885435 1.4399404282141186 0.0005126674263289106 0.007090448559962583
74627941796480.17 41.55467981223424 10.540576366961966 -0.14262846510175217 287.38404564081446 1.350343981821675 0.00011666331347104647 0.003450218113982926
5.91248703911321e+16 0.12212682940737807 103.94220575130437 0.06722898299786828 62.116636260861554 1.7581825145838201 0.0009612269531643007 0.000913677952041757
142568488562369.88 12.326951777841849 537.4682558500853 1.0476708763418892 53.72821097159607 1.3879768105690804 0.0005911080184054931 0.00466460907430038
1040252627802894.4 37.37689472024731 1314.5386962661776 1.3858205742284175 131.1189919716966 1.7208695291371108 0.0009865412801894607 0.0013205709943010589
115280457606053.75 55.926921885968746 404.8080503839134 -0.42692797534749405 252.9614753762963 1.2808198233419217 0.0006030535539215517 0.0011671880988658265
182570416455211.72 38.26961243450394 179.9258879955399 -0.1219783870486611 674.08759251702 1.2505072264993367 0.00019657848291490694 0.002864414403071203
130489701349049.56 87.60271066770869 124.85958822117999 0.23078755094619208 475.0315130913834 1.2240771375408988 0.00028689362653859605 0.001329301401261617
148113781110278.0 58.0076673990461 221.6698400615492 -0.4510867594701051 369.59602744145633 1.3628482967244513 0.0006735462220179605 0.004959613166701269
1.1461322275118995e+17 42.51644401628754 2406.4151429307544 0.914211242456632 16.710552928411506 1.904282388248448 0.0001033337183874387 0.0003183740091603248
1230780096031099.0 1.0990089283798428 883.0083149115414 0.1312264231656291 54.66816316015075 1.4869603298869767 0.0007586186930077646 0.004229728842416147
2.398826544687741e+18 9.73450580670329 397.22058973976647 1.7299640208330407 35.35161401133448 1.9345314796709576 0.00012892505747500363 0.00040465449031928914
1883319245388430.2 3.546193805373635 295.7047598012395 -0.3670936589225885 53.46647552269101 2.165615641653376 0.00035910182166268214 0.003653356288634596
4.514871789886515e+16 38.037244361433565 1281.636769564969 1.0579468663008167 30.93573393276964 2.0993720984480833 0.0005165215179322761 0.0015111537723322445
2227059594282947.2 52.43108423342005 1119.455261710365 1.2701789142789488 75.56038225183224 1.9757383240164204 0.00012156836992777892 0.0017702947255539242
2896758591604812.0 53.40140116836234 1547.6597717172917 1.2439064969026679 85.11663395199993 1.9711657665523252 0.00012055054813480232 0.0013169609106024136
81305871454821.33 73.88157701444115 45.491898753511705 1.4426124130132325 269.63049474656174 1.3923243232675735 0.0006505153455759583 0.004806329176109721
128555829075370.7 72.5808545857953 63.427959219227354 0.6372871652071079 351.48668933309375 1.473417111165363 0.00048621591272794506 0.00037160304926087996
104437170631082.78 58.52005951901453 235.99375372137084 -0.28050018379918296 212.83731141499612 1.57473495828691 0.00014822059556955492 0.0018383898597882614
90386328404115.12 60.05751509915083 845.2228387237134 -0.2554962003510826 172.56251933170017 1.7282720338916935 0.00014859589155420997 0.009285457761680094
112909643627310.52 75.83456118745183 70.81236729410998 0.26619365927104544 230.53153597722573 1.665967023272622 0.0004530795296028582 0.00495465501032137
126484289945966.9 79.5669193509676 2336.933258495718 -0.10867437841816974 347.2896305798738 1.456231286683376 0.00031186419091004496 0.006469495833799605
169669713981221.2 10.463999770968087 913.3172444422037 0.92429550113305 62.61871227943627 1.3501788454776804 0.0008060709799326411 0.002928878996774408
22608401110126.156 49.843157234902094 41.27004665891397 1.6002465652206705 33.40964128937964 1.8303233561399979 0.0001349171730890288 0.00908269076549183
88717632704651.12 71.57727486041458 1648.2618122816266 -0.2596175155974091 264.3836753858476 1.3421518239938437 0.00014376397509179153 0.006902417260476734
124602369067138.53 99.18669636811913 10.77678134371336 -0.4154578282888818 442.51029108042906 1.2716983847161898 0.000400583405998981 0.0045754593429594695
146301015752585.62 49.33457276165968 20.078209654108008 -0.0059014668467035625 480.25848567853865 1.3329736164507373 0.000797136335401338 0.008704197122485439
178700833070956.97 45.05785726501331 14.406474503399851 1.5783984149959875 558.9145994235679 1.299653381737476 0.0005093878799692095 0.009750533215351475
46126962821612.47 42.71387815373569 10.752635499478712 1.8617934233732676 13.373662148052157 2.0235535742982385 0.00011524390277107988 0.008293958450638593
945030359736956.4 35.466058088778894 1299.7597317931068 1.3268712419716082 120.13162996454106 1.6987507459893245 0.0009503583891045555 0.0017924221305063875
120207126506281.69 88.22348469730548 130.68925194993693 0.5378544096486988 338.8976752275663 1.512167858303636 0.0005191686829572194 0.0036644414653931503
147272357194003.5 49.55649408851392 19.34119090822285 -0.0023605808142548035 482.5768897022504 1.3324645135654258 0.0007994239939493608 0.008718734270306406
220271489561647.6 22.3653520585992 387.2380108390465 0.7195498692833846 744.0969917643228 1.4341829155658081 0.0003813956176070913 0.009002947946313341
271456275920036.3 24.885915623103617 2211.6167502955072 0.24087847632053883 857.859603401553 1.4516992495933438 0.0009647257813144313 0.0040135123489011505
111036711089205.89 96.78874511946509 31.68614877504146 0.5336502407156525 228.1307040315008 1.6308444628917171 0.0006892587088207948 0.006389624609859847
3.197869085603671e+18 28.023010483500606 211.61467727802716 1.5689874817925225 10.19976375498271 1.925339796051495 0.00011702325115302899 0.0026452723793530513
552753675995413.4 9.133394122809115 13.27947758305895 1.0362355187834067 43.47142414807104 2.1146282089284925 0.0002490040957795172 0.009223329487357441
229125193077144.6 46.5986473669994 948.7575170245736 0.33679096692102894 735.9268138381194 1.447024205874272 0.00073477573927731 0.003545318528398098
280859883559525.38 7.422133561827614 1050.9017680234306 0.060115896169208316 28.66559754360447 1.7939531721783173 0.0005185706576524875 0.004627465575463237
85608098372460.5 67.09559947292792 272.6780844614201 -0.48496625921531095 159.39433347557744 1.3374235080448829 0.00040171683327175876 0.001540577784279803
124950457652324.92 39.08758648390839 569.6548484412546 -0.07896335776951025 355.4700660512314 1.4236541308326098 0.00012210524942568753 0.004527836242715745
126573034878004.92 99.07392385727665 23.553220841600186 0.5458954260395683 345.2110020957242 1.4499007670175406 0.00012485843915236065 0.008974646390442018
183384229482149.88 24.90801589880425 22.230657932392702 1.868304535373522 613.2521154786884 1.360970618079343 0.0003486127245476076 0.007734225385986949
111044210181964.64 41.096345639044905 33.3506485871204 -0.38620882518926347 349.901582651042 1.4577124366767693 0.00012922758515948477 0.004597653055761472
158276961974168.03 29.625460728993815 107.07988198989074 0.20758680914324534 576.7979296070524 1.2766707809766522 0.0008743542594243989 0.009014938745786402
284248470898657.56 25.311030941615925 2186.284369907952 0.24358948296951333 827.9749114663946 1.4563504960751639 0.0009571925410175769 0.003971640241349238
105435946657785.38 19.80527351954015 1122.192210949296 -0.3669047228845887 382.11603702781514 1.2530565872838646 0.0006956549900210138 0.0058785316741906245
106608169212962.75 82.9734578443097 343.95088864507585 0.056206412473910394 309.14842769034317 1.5121682049519605 0.0002130165960230472 0.008519774087013736
33421018739226.69 41.128279723807836 136.64252549536994 1.7450171615382186 29.967958588560865 1.4366521227929447 0.00015066945623908295 0.008330554752381838
5.45086362807911e+16 68.32314206296167 284.39488684449884 1.4492630749194086 14.613428922709522 2.1136500339858957 0.00015309909084846218 0.0018584391882971356
106731047825208.81 94.98536944270515 515.2089677163311 -0.42147127328618317 123.34331926569321 1.667336012678258 0.00021931549600732154 0.00444056420260737
178815922051179.78 21.174066737114234 36.788869083817175 1.9578337623911897 622.5199433665516 1.3633464970041145 0.0009399415610403083 0.009332014124607163
596360209133655.8 67.92004008036838 1040.747561867214 0.9678146760029861 98.78759173962385 2.0120328661219697 0.00010502008892935481 0.0019362314201903904
108470608165537.42 97.99903445064854 23.739256476131544 0.6214378741407589 260.74588848658993 1.5915091241963117 0.00028690334710855964 0.005412349199255096
88898446612571.42 98.17123491470448 757.0837568450002 -0.22980067094216683 227.49634102201819 1.3481154645238171 0.0008003486466737907 0.0006180877731004446
202498333832601.88 95.75510339337208 29.207145707758436 0.8918608542733135 643.987422420213 1.2480060088972766 0.0005450437406633385 0.00611254503332271
102287982534958.36 72.50952765246055 21.621983115791238 0.44893804365083434 315.27657949513446 1.4675086082544748 0.0004125203872773052 0.006404080267031752
6804135064656488.0 49.06987632607407 1373.8952762715912 1.2656843056011808 18.221362581503886 1.5145442724916478 0.00011583063079831458 0.005599607230504839
191107485709027.53 73.99966319727183 84.6212542680673 1.632315612690588 394.8082260640708 1.7290981619418488 0.0005186499527074948 0.001187706988087565
134839200106329.47 28.989917022409855 754.6221482399105 -0.29633487853302176 388.23526337095177 1.332460598825183 0.00021883308562843705 0.00988464422988355
147457608622731.0 63.175253346053 204.1926353081592 -0.37007351266736965 453.64145892748115 1.349489672229568 0.000764715288750707 0.005064360739822846
1072811098879807.4 51.507164129081566 1306.634547266969 0.9989888173090592 88.11576813347214 2.0003988451507504 0.00023863389126387082 0.008511039884073594
123625904028040.88 90.7686876253455 63.931450887074696 1.8108181868824722 323.5851017764014 1.4359554713313107 0.000657909472006455 0.004206761978321993
144298810740309.53 95.45821287867508 12.163930869755658 1.7568258422493082 320.8788837545922 1.5380102637879105 0.0008170793798616756 0.0018911440892430782
127995866182266.19 90.58834285872733 17.84384866673046 1.7189068950380397 329.75612364432635 1.5094065095185112 0.00048748521769897155 0.0010192967173817185
1632773192852406.0 0.7583011036605907 834.2369062972699 0.1911120875470349 56.866328683261635 1.4368086439245369 0.0008471094512845724 0.004066476357892686
170648895292512.6 91.30750063442706 10.449005710399234 0.6486441526095892 544.5148692079891 1.275126510678239 0.0005228076324448875 0.006668583113888478
169510469581247.88 81.58989472634072 629.4380147678249 0.3355222127316826 531.4628092896794 1.5034621789405223 0.0001213898420876078 0.004659729662636195
204719149203945.03 36.123088404944625 32.29703065231116 -0.33446595527672235 652.337102532523 1.3236570661128555 0.0008529312804024089 0.009120053605938335
110418118126250.7 71.38699864367577 10.999571370684885 1.351043704575404 407.1622838089329 1.2379855673256082 0.0006069137541325221 0.0028865174169502147
3.014396670018937e+16 49.03260737701339 2548.8952407574775 1.1979409601790165 13.827450221490896 1.4589630847299662 0.00010235690908209429 0.004346411617273152
158382389195298.66 97.44405274433008 15.494296681164949 1.0753577180576626 530.7886991995674 1.2827127227162738 0.0006837879398617213 0.005768459188752507
93556897637614.83 13.194088421660283 2440.347798967406 -0.4123313182266619 419.95667818201645 1.3376518632531018 0.0005102469496777388 0.005714767248195918
3.92623738083806e+17 42.98615349532618 1763.1471788479569 1.0828617139322392 25.458165046536898 2.157767733435804 0.0007087089591782923 0.00036543303240183823
125575169740610.47 95.60567867609053 18.18572796259264 0.8172740221757556 359.59808182839924 1.4307929639943346 0.0008904915047923659 0.0045418212350924435
168675672588837.94 18.662434313371733 143.70661536787878 0.12959829818488233 613.0839290479831 1.3065026301404246 0.000349832789942754 0.002104118098245216
144630207764030.97 61.12584543068589 220.64583532353478 -0.43268055313183645 436.1550010278426 1.3569986858870262 0.000823066257777551 0.00499642303190418
129113594607091.78 27.110467174782777 47.04922050222155 1.962100496019505 447.94026334596316 1.3880647475066108 0.0006835639639267745 0.008982547777074365
95895990019332.75 92.80894285515257 586.2126327515878 -0.263603980047394 244.2855556259388 1.322075336579404 0.0008618253458718703 0.00042408675777420163
132631861625082.17 40.20615492664771 44.324738419202944 1.9324391195352668 440.3066389313811 1.3551428118874347 0.0006448957265124648 0.008307725197237825
70865865166308.03 60.8498251093565 161.37529284575567 0.609934644467888 54.006184193679154 1.9633894783616133 0.00013807265952265572 0.005031786660491545
1148310659084910.0 12.413403227479598 420.9083868639462 1.2230011615401355 23.13795391301377 1.3882593291967833 0.000773275398183483 0.008236352014163185
132072696231108.02 82.30008001726173 23.303984988755715 0.802002938323755 373.11845930886454 1.4777997106677825 0.0009954390782732222 0.005279925413452954
148428296444911.38 33.40108154152316 138.9528304680056 0.8280864401656799 482.8271862123565 1.3543021631005092 0.00045693869374467157 0.0008084801942119021
113626880737397.05 63.58900586169832 148.40317574530448 1.2390829777133563 438.4110384904969 1.2562729305579856 0.00024542153160952133 0.0029728004071555964
100251846259776.52 73.77810153621046 13.587093536569668 0.40653334005028713 289.7276555270877 1.4446988162643046 0.0004056714278618106 0.006173286379805394
97221897747708.64 96.5121330315194 912.1117397060661 -0.16772414150200196 247.82919919773525 1.4171618689088532 0.00010603168563872044 0.00867484126956269
328526901251658.94 22.513587455290207 1885.79525789001 0.36421775710265036 1008.285584611726 1.5367141853279607 0.0008860826884606479 0.004147365699452988
548493465721670.2 42.18209891514683 160.67405125631183 1.4269363395946235 36.90401902638315 2.0716646767527336 0.00013627680666538028 0.0009898288820874958
8227623644975568.0 65.54288243151541 192.32499148487665 1.925683239960239 20.625393861644728 1.9676256392994302 0.0009624410862433831 0.0026694302327625163
318407700145957.94 12.897293716193065 1071.1400636725355 0.06461952927194159 20.55337653487621 1.9311079455672548 0.0003785613295826977 0.003975317933586204
139229580578798.52 76.71900796119428 243.47488096832097 0.22406886294974293 429.7524830078476 1.4245678273680116 0.00016879391069673404 0.0010572107318362785
141034455800909.47 94.4688792192367 122.97027490404173 0.17338452842779384 432.32355479233263 1.375635311822898 0.00010795926148604304 0.004323825122742922
129981039709075.92 73.48311615063417 121.4038522329479 -0.019773716133978603 391.51798745388277 1.42413060480264 0.00018687676829532693 0.002214600818536832
32278498622417.914 19.986229807561415 2696.761076074256 -0.2933867217630315 218.2136602020316 1.2940027047137797 0.0003525723660346556 0.0038599431074222506
1092726100652341.1 67.17666849559109 279.1541167576158 1.7725152498446701 42.492158999872835 1.9694679169083797 0.0007872571706272598 0.0064071749379965084
3713636920539720.5 55.47130858969534 1332.9506798258544 1.2906427247598447 75.37899371182118 2.0185364505277628 0.00011269984213097277 0.002609374508077629
62272227934601.88 28.62899292840995 191.31040280597773 0.7299322895989696 308.9895278552242 1.3971751894101987 0.00012341716552327698 0.003042712251338735
114016115664285.22 36.28877621172861 1943.9944931900675 -0.15338891724754755 373.93747126619337 1.3891342193465646 0.0003332234246005756 0.008727963430525554
112897986493225.06 61.685843083115074 105.86959552493092 -0.20476079960008714 425.2448956285203 1.2699051369537395 0.0001653649414793416 0.0002501580401863303
114300047109415.98 71.35571849091453 97.72903605851032 1.0728277362994385 327.2719473229789 1.434600399263861 0.0005908479948657626 0.00013688035508423266
300017707919537.5 6.0978629602139165 1103.0196250053016 -0.09498642093144039 25.30329729068868 1.852327689119972 0.0004992567352534764 0.004780069526461813
1080879286775129.0 17.253258038293595 483.0224064358302 1.237167242521112 24.272643650827685 1.431989909625969 0.0005909000129626424 0.007001096755376438
239667048940494.25 46.08762039426199 2000.6464294824787 0.18742623646699597 742.1433724102293 1.3864909919171957 0.0007262824539666804 0.0026473192670690353
186049179774027.4 25.13969283009137 30.615172787859446 -0.0146557790806498 400.21137578112376 1.8004048169006386 0.00015568712847950706 0.00731136661214178
50659119320970.77 57.23357482014595 642.7008730309257 -0.38709989541147505 90.49131100687984 1.7700647788414305 0.00033565315213970317 0.006014545758169988
1.0932707782534692e+18 30.199964845135455 295.6415724951296 1.4921123790782882 11.253484944685443 1.854649365540822 0.0001341693713837822 0.0032624204877270894
86804150417801.61 85.0742408853321 117.29723517338998 0.22975289419359002 398.3536227968716 1.1830318438848946 0.00021002040937695958 0.000495452271365277
3.014396670018937e+16 49.03260737701339 2548.8952407574775 1.1979409601790165 13.827450221490896 1.4589630847299662 0.00010235690908209429 0.004346411617273152
96592528528820.62 92.79909910028626 561.3549537452565 -0.25128524553237774 246.43741125989956 1.3218200640250928 0.0008575550160351657 0.0004967039790159822
4.925981496791382e+16 45.66650030887149 1916.685842347755 0.9750640473793235 21.574289731203983 1.9439845290051196 0.00010148353825176882 0.00033051448653014914
119825344367168.39 63.318747064380034 51.66531326827113 0.8098351319354165 335.96849028642885 1.4626746143612426 0.000327982010957254 0.0014612681703663711
106882540036885.03 94.92074101565441 498.73771902389456 -0.4123109913078522 124.17927269177017 1.6654641146645381 0.00021703894292464629 0.004449913874142163
193303109722212.78 15.097948815717075 11.774574320539115 -0.4252863265576774 661.7236213991364 1.4223058161258335 0.0009400713516992187 0.0011055093000039108
101077997779296.95 16.3246026378589 1705.2696797959288 -0.4424375563242373 399.7394135075608 1.2254036962626818 0.000718146589823616 0.006529297517242762
206290231713631.56 40.6981501979864 151.0966137801695 0.2835048290619867 679.3982375582411 1.2507016309680792 0.00020015499920525954 0.002784918054813889
596360209133655.8 67.92004008036838 1040.747561867214 0.9678146760029861 98.78759173962385 2.0120328661219697 0.00010502008892935481 0.0019362314201903904
148487496717741.88 50.787442223455955 147.65030711949763 -0.12076958039939023 415.72250200379443 1.431992544401491 0.00011036719055630099 0.004784064299289813
131294444429093.78 78.42501917573924 455.1175434583534 -0.3011122045348638 286.9591892895491 1.303938212478423 0.00010532125309440682 0.003581111872924178
119157026113804.61 96.20598367290779 18.948822332476624 1.7325849839575 324.3327528031846 1.4602686549469754 0.0005013131281496357 0.0011312863340067116
161412592806344.38 15.532179673004045 34.00537162075166 1.8498850482804472 582.09238669774 1.3972651649656271 0.0002972183913541928 0.009152374628843236
71710881499260.25 38.45887974224094 13.307045747824993 1.6616339566447829 14.29292527789565 2.0614120779924776 0.00012864849395055004 0.007707021868302003
8272545927748220.0 65.60760129939683 192.58558006959618 1.9288701673350075 20.54208222173227 1.968173243426837 0.0009630768404514822 0.002668145403474981
46702134896261.91 47.76819131942813 44.727897842587154 1.7169529285599006 31.1446542383413 1.9537993366104993 0.00012455211427902014 0.008280215223062255
198190839562833.66 75.66102619271322 1018.200524567806 1.1719759506236116 55.518737749138175 1.476110653744746 0.00011351767110675508 0.003338464403215896
65007100454877.52 39.63033704010221 12.210108398911153 1.73966943101706 13.794218184776206 2.056437348907987 0.0001245615272940317 0.007831797465784895
141976909087943.78 35.56817210425787 51.55835993836387 0.9026411053778474 401.3610893756629 1.505156036812831 0.0007530020337540644 0.008341244087871229
119196619894193.7 91.99612012807341 18.271644490350468 0.116544315263404 394.6030281178853 1.366606995494092 0.00031077243353854687 0.004940012021931395
169320332088824.47 89.8669419393696 125.59653577707383 1.5020086077092447 573.5275990582302 1.2398401231710103 0.0004804593355960955 0.0079288168559296
139939710416225.84 88.18356240593573 44.17531152423641 1.9052968622772974 409.2175369298096 1.3428832907767285 0.0004458751981846832 0.00202452217093431
102344283852011.55 93.65269996093271 572.755735969244 -0.42125633982447 121.2815075233013 1.6589248203428029 0.0001758179561740481 0.0034615593827133956
142476452041182.88 74.32542652295749 328.86032908053977 1.2507760719327519 543.8368890305143 1.4552789320703492 0.00013354716709727338 0.0029417922346851103
33217728106018.324 41.04028515064441 136.2082962088647 1.7485489578827125 29.604488580834335 1.4369372808666554 0.0001498022704626878 0.00832873136588854
498307406326462.44 6.6893054732248 18.61733629245642 1.4047459689310797 25.14419650637317 1.8769164396269336 0.0008058711944985303 0.009601569682906853
1416774379657314.8 53.711976525347424 1553.183826337378 1.0051679744726558 92.79128795001628 2.032602831535624 0.00022005024563864778 0.007755074241241391
84723051109407.86 88.33338482363447 29.90615087179192 1.0913406101619245 243.45654207662838 1.485331817944026 0.0001406817931450214 0.006475548751875392
164455931416583.22 45.0566840494073 50.19012432351523 -0.4529105365089645 530.8720428165267 1.3381701250943885 0.0009366655354615918 0.009545909359709535
8846447244445076.0 66.02105436888256 201.0784331529559 1.9455674527582247 20.57641165686018 1.9488742193444368 0.0009813411672998404 0.0028206931573167265
89184848165912.34 26.220414128580288 795.1481875638755 -0.23096130566157058 292.71772506513906 1.4069980894027228 0.0007894158121591978 0.009309766502986774
178753286232359.28 27.14864071768222 36.18106809000828 1.7449228479485206 560.0916084684176 1.411458311179859 0.0003049536024676358 0.007964502267596301
154949168504114.9 83.44343278968951 744.7789152957238 -0.3163628033731979 294.4706436388 1.3342237237957595 0.000728709177930082 0.008103723406373572
1.5874897087314307e+17 59.08891108320515 729.1760536575016 1.687334129252398 31.63941671829789 2.0968953306463067 0.0007606407458947694 0.008950835102873854
180378682725095.9 96.94169486654665 117.19215044819818 1.6969341456885316 623.0327076430076 1.2178243331992464 0.0005171020858876198 0.0013762522940528937
140826077658947.44 11.172630298502806 232.6264066313551 0.37922267229079326 592.7006843839247 1.3463577886831508 0.00023129943506468675 0.0029907662223526248
606776938947357.6 67.34582444792059 1134.6322066806224 0.95785430995894 105.5223624440917 2.0053049515199324 0.00010388916471575276 0.0015606328513563484
94087429273212.02 62.77791296972903 859.4087428242758 -0.23084943019486182 175.82235505196084 1.7271061161934709 0.00017382024073159748 0.009422412527965628
103868791250643.05 82.33203211708548 11.946036735883567 1.1836656165751085 428.6207904971265 1.1923971719500657 0.00040243602029669363 0.0010064570556998645
2.6644352270304413e+17 22.231387319703124 1795.4598801139987 1.7681613844575084 74.6622698589637 1.7658023396055105 0.0008341974611951341 0.0016468313480373562
217197866232678.56 95.68555475491513 2867.472223559085 0.05516350391039604 674.8791567313352 1.2789056032512094 0.0003408845484293464 0.009893215852584885
23191106783548.715 49.82363263062669 41.76544205940111 1.5983280794121284 33.36856344816413 1.8307950045173151 0.00013481444424445058 0.00905373432729658
184296207144955.62 29.727194075883006 15.973363350944949 1.0296337707051149 568.8937592706832 1.4123092580774166 0.00040102365911251817 0.005898974843940785
115013298199486.64 37.97668675200755 35.533407795252494 -0.4042739536482356 363.8150151265249 1.4430002682003316 0.00012044501245350885 0.004118337964440591
2.455508567716777e+17 59.7119252205578 852.9647712155495 1.7042209681442675 34.462104182457935 2.1282630823899957 0.0008157392390070188 0.008974582969915953
118591633337449.48 35.460577700090205 61.89603868873863 -0.3344581460396976 414.98203777817247 1.3542974972216157 0.0006261769436583168 0.0030037994270334335
81342603202440.75 52.1107292172189 14.949058327199403 -0.2594341883907523 337.0977572105501 1.3138260539580404 0.00015708922433520155 0.003159817036603586
113388373026169.14 84.54257088449495 50.602378475937435 0.6796027745455379 309.18128264595333 1.5292191347324602 0.0002837198791945888 0.006349108564986362
108580823392579.89 52.49490772307604 123.01060339691912 1.9737903557162233 21.122669901790648 1.5302447426339867 0.0001625648246354341 0.00783413031370741
40578555264324.69 25.828478629407968 2323.7774933467313 -0.2909846458142331 222.96568247786126 1.293964037772715 0.0003719551388039256 0.004095390825825758
1.6599570213943325e+17 68.82739765664653 1186.4820645047898 1.3279517644768144 19.099815045398604 1.9548605557750802 0.000235864020823176 0.007998902692686287
200409168303789.34 24.26433984725393 12.607659651287817 0.2322081913998837 595.2692453412744 1.4549142396596306 0.00041535071918782343 0.009556672147890546
173561648616324.12 68.47332038483097 14.01058069269556 0.4636473768686028 532.2409138996926 1.336840868727261 0.0008860030825952249 0.0032184971993461835
84857194445549.45 48.58670135068378 122.4588240798045 0.7970880747939361 295.6264412368966 1.472786153950828 0.00012650908221866478 0.004113021309619674
162530319483135.8 46.88942163577474 58.395343195615695 0.3304872735338462 541.308548792787 1.3014305551150283 0.00036420305361968655 0.003913210190448789
114925720667119.28 55.022146865835914 54.034975998251575 1.9394801533758947 353.40200316676015 1.3995622252586444 0.000775564852218935 0.006137296716070916
114009216728921.16 93.36275564954198 490.7103862241544 -0.410390776064876 133.3514688317241 1.6571774078010728 0.0002225587409518126 0.0043744637580113216
5.9165350248525656e+16 0.14358241487504841 104.24077817533994 0.06873417902718049 62.10753847871231 1.758042321941236 0.0009611522497947238 0.0009146199618844539
112793845191757.83 93.42473356829505 490.8269245612511 -0.4103140652224233 133.38297369660188 1.656696522724923 0.00022260842480427464 0.004374848553147258
63611215283220.92 20.562369194989017 2440.0182370112193 -0.33492537725610627 273.73868192600145 1.4008141523009598 0.0004894402532639552 0.005972494847160426
1627180141753677.5 68.2790103011309 266.1100052737895 1.8120881375049789 32.02867945487023 1.8855832191095547 0.000970538156989937 0.007478207068574319
2.6698646702509216e+16 0.7532676377112169 494.7305347014519 0.2314570250681357 78.40114127527096 1.812679797218109 0.0006699224441433921 0.0046718517337146995
3.248697852483402e+17 45.56979342673947 1594.8399789802345 1.0164817910220056 22.661200769983584 2.192915722731741 0.0006685149000289726 0.0004446837298535103
1.0199571290420516e+16 66.97393360141075 195.71434549056812 1.9586959473679961 20.294269178472153 1.962651696313996 0.0009194693227101407 0.0026662006962916355
113129562388124.7 81.78662192608621 10.328602996987783 0.2582360664626362 285.76727849500713 1.5096275507818517 0.0002605302407672733 0.00022946854880611257
115749928706800.75 84.68682679038999 12.294002063729907 0.9850266456881261 345.19999939199 1.3960199571848575 0.00010157476570112932 0.002654140064893881
99850946237463.88 72.6513046767649 11.5749832175714 0.13360209208019386 363.2784151953667 1.288025115102644 0.00011722799562957562 0.0012231944783653338
95355485920301.17 97.39627406472671 2063.4579880618503 -0.22981511856765202 268.0527182032302 1.3309652883543903 0.00015360192858722467 0.005223409680307006
318407700145957.94 12.897293716193065 1071.1400636725355 0.06461952927194159 20.55337653487621 1.9311079455672548 0.0003785613295826977 0.003975317933586204
84977581329982.33 94.59739982343353 1266.003622175125 -0.19707529704319832 232.40604750158963 1.406504657850495 0.00010065312513023227 0.009074512401697014
156457820674655.16 88.86621844059347 32.643031269078385 0.8497868586655584 280.521626472699 1.7528584754803234 0.00016703022903882272 0.009710326064070051
26916923165231.11 51.82138440659707 538.8639927837281 -0.4203012079484967 77.9376548896369 1.5594780791654572 0.0005117501085003856 0.005669544017263342
81236100137111.88 54.94343740439834 23.334604190058062 -0.17081380791972445 285.2393018339609 1.4013916386832386 0.00021936438773243218 0.007049856490855421
124066629757050.52 13.507495403507708 976.0508891534898 0.17349486669054381 16.08384831170781 1.6935519185965617 0.0003918270023827664 0.005260548931238039
1.8451358395998607e+18 12.793175091992643 477.39854303750457 1.6340051763690595 32.80269278477189 1.9394701846129747 0.00012408017163773158 0.0003152184230705789
117274147399929.7 82.49756736980837 317.48961948698485 -0.4925597407831734 107.67608609108647 1.7289130776056578 0.00034121956958133666 0.001067243276727027
839661974721171.2 36.89122489564139 1309.6652323159024 1.403105357505824 147.88918695375656 1.6821679777379959 0.0009990189746739435 0.0004566318296466399
1078508915650521.5 51.2164094240819 1305.8767455944835 0.996971679966862 88.23642939704325 2.0052573634384805 0.00024102385022881144 0.008654907182532617
139004633519235.42 67.7179463502975 93.95066157423118 0.5212272554409636 292.5202820200145 1.744156854057326 0.00011369761213851272 0.007639794744478046
121750583286855.77 87.33361518154898 41.98637581482845 1.914526658198032 389.0267281837807 1.3560312086679498 0.00044546240443713465 0.0013012583039751372
119094479640084.16 51.47119741966779 122.95045806528023 0.819457317322255 393.06797819026707 1.3656424685346717 0.00042026721063578534 0.0010769482253604615
138162720714039.25 58.856791908421144 241.38516426546485 -0.45772887288504915 271.8788208068209 1.43321238273883 0.00024866113518176315 0.009431987137401234
168340161766647.0 84.65640100053326 79.26503941102882 0.7318091195653303 479.4466474851678 1.3410978773640312 0.000734073856871874 0.001832678566824832
97447659821722.9 36.898916449568134 13.815278352802489 0.6429381331898689 348.3725982373684 1.4002356956024555 0.0007974572712184927 0.00026519022582898897
85664346764613.89 41.54645130612179 11.184637003073643 0.508211178741944 301.00559435093857 1.408236332355501 0.0006508574354666685 0.0011174454187855322
126573823283770.4 89.53167774066858 22.775995010129286 0.8410421017740441 273.7086310368387 1.6050923419240868 0.00022707522970197703 0.008288722456248608
175366443344947.03 70.51056180030378 52.74136478538128 1.1452877837435178 317.14468029170416 1.7704697435216914 0.0007967577822969515 0.002993615237806746
146734535532441.4 56.26583034395085 250.08268989446378 -0.46448268177739044 384.611431928379 1.3344185086778555 0.0002771560543897169 0.0002766397082464645
145876377102731.84 48.412546189833165 23.142497171972767 0.11916217916360977 481.77613680873725 1.3335080878011536 0.0007238789816228493 0.00845060373044379
1.1011038665292595e+17 51.02458191972899 2204.771952391694 1.0264475864606206 24.816616343555122 2.070248004978836 0.000616535546296953 0.000937186812941315
286022906494865.3 52.95374470562481 196.6003803317013 1.9191316616491823 51.52234493586264 1.857024293018907 0.00019728289582681958 0.002820026055407256
23239160356065.504 50.53024098791858 42.91096389432285 1.6042058367663856 33.534795852154744 1.826133606991493 0.0001360644622172332 0.009107907753350668
169535955893901.7 30.344525070641495 50.65526418136358 0.47831030447946665 250.1187545015604 1.9629048776338975 0.00015131482564418564 0.0029295703093379756
111338164219662.16 68.29600919094673 73.74503170181245 1.567886725713819 337.17836837040153 1.4230433522447297 0.0001225921980497919 0.00018923835206403157
222068036472766.06 75.01178986861274 1431.5267668442757 1.072990393043486 58.12665314238595 1.4680358139405905 0.0001109196415322154 0.002620804738699467
95780451640272.56 94.51081999482194 33.99846726904029 1.5921604087514603 273.3907988144193 1.4235354754429537 0.0006275367365593094 0.003511802441451206
196312559084866.1 25.296585724504638 807.7888113749775 -0.1054577844379132 661.6252527432016 1.3137042534462902 0.00020147738489604462 0.0038802252906915673
320052195178267.75 12.876613021436695 1067.7347899729216 0.06579727875257024 20.67470426232868 1.930401014066088 0.000378740584565615 0.003980258500545104
235852172471343.22 72.85459334582754 923.4732957554406 1.1942252365138726 53.430582572474925 1.5209454285155855 0.00011571812235563179 0.003008369111582698
1639100302423261.2 68.18057167254231 271.8677692464171 1.8379519524341257 36.97666781882428 1.9557696513106522 0.0008895698268692203 0.006532498300314991
10037643410658.055 39.7822689434975 43.314265210493446 0.2942593037139337 13.733612291008383 1.7123260388689618 0.0002965981327980185 0.006152062425651649
131212902654696.27 84.4899014950573 431.35930069928827 0.14297363573929012 362.7208046121154 1.4978978761422697 0.00019818658217502899 0.009173423543763165
10198169800276.982 39.50479789171581 45.43197609536092 0.29024693534046325 14.139171879211291 1.7058212218028395 0.00029813692756704423 0.006202375390613522
186565265808065.75 23.229770984625198 45.46506058692981 1.8010685323679219 490.26260522926486 1.721249535684441 0.0009604220975956013 0.0059874960673647094
177899851368883.1 40.45692328808204 39.4849032266389 0.7182616418650056 394.53647284543837 1.7081970807324098 0.00023450873191958115 0.001914434736315082
1146065346719017.8 12.463304717331768 419.8716888914813 1.2230356094163664 23.218770973687377 1.3881669050217589 0.0007722704033527245 0.008232482257546766
141005402283328.8 56.85110467043023 30.797320603312283 -0.22893990472235473 465.63879133772775 1.3628003477761554 0.00011439487965543897 0.0024039566991654305
200224155172480.0 47.54007895027716 49.92686102341886 -0.1431933730299986 629.156332384846 1.3036847750922236 0.0007852721400898603 0.008482022566322177
1.037262426640532e+16 67.95107684889355 210.3169472280661 1.9200098964665104 20.229797832008487 1.9565732174856514 0.0008443503437843898 0.0026445895215767073
1212052895279306.2 53.89197992295691 1371.111373137344 1.0208885241729868 91.97454805306995 2.0253392227138574 0.00021380584222003096 0.007758644067195258
194949824685319.5 26.80607473228337 19.257219772527897 0.07126887352063144 411.7143777317328 1.8453915114831425 0.0001339692936230661 0.007196819157431714
161499286478898.16 73.83594025755156 323.7191230491629 0.06907557216388768 503.4465767742639 1.442377562000805 0.0001803118661714417 0.0027818537330713874
1625850702933210.2 3.999141168673667 301.1803794256615 -0.37128844141174705 48.8526565822663 2.160322148320959 0.0003423452729410353 0.003585353446306193
103284421410859.95 96.71708181232688 33.75201432107837 0.5008960009148665 227.4572704069301 1.646610189592548 0.0006699392463840733 0.006431042071611924
38900258951232.65 33.557628559377676 1689.958994560414 -0.43954500205897173 183.05163867081754 1.2579331655761887 0.0002528703601300535 0.0049692959665501735
121384437468659.95 79.78470817847524 13.02602814872542 1.6391926351521346 307.232382395327 1.4909100463379672 0.0009269671825626282 0.0008466076365428502
123349587659880.7 64.84333904527767 301.3910711335931 1.0351274158713921 480.5111331441774 1.3835823801548301 0.0005649516363400045 0.007279295534710025
122585639574569.2 99.7688171998779 30.924560392260734 1.048503867168023 340.64473858107726 1.4434075247278924 0.00042391310556588177 0.009339752619237862
1901183941793224.0 3.498378544368123 302.33124165518063 -0.46450310697406094 52.11405326585259 2.1783252773960924 0.00035709700151641553 0.0032114890554002084
278559548485858.78 53.69580558093456 182.3902191788347 1.9377054316531617 49.413940544496924 1.8620017183204896 0.00019375174263626415 0.0028141591599764445
8465764122068739.0 67.37110652888792 183.00582223500885 1.9596329186121235 20.383321638505215 1.9752486543739638 0.0007951728507892429 0.0027898947258984926
122779041488764.53 39.432234355822274 27.14912081435243 1.634110140510829 437.04902641622994 1.3856074181661788 0.0006827124337332001 0.007464073797748595
454532173194120.0 9.692909571859929 10.548031217142517 1.2167534339240358 39.55581701461684 2.0747766859757544 0.0002462000056995142 0.009865003561763678
34255879332709.113 50.687801256098 39.65358642284419 1.735103561426039 30.622465198901743 1.9047004124511502 0.0001321694084122013 0.00962631144366292
143747890469583.94 40.01355474339693 460.0038142629737 0.07605290044566593 486.14896798143735 1.4507577796092395 0.00021550373823140672 0.008131123299590134
125230695537650.75 99.38269563157397 92.27328590764644 0.6405479354535256 332.8956387100616 1.502470007880064 0.0006801859862310782 0.0038078798092500577
159378738442363.8 38.97839856548961 218.44332501468998 -0.20607394818196734 506.41076058072366 1.3454507242806975 0.0002198566139729943 0.0012326639695743845
671382887235286.1 26.663687311066738 762.1215479689013 0.8578374093041395 34.90396398448988 1.7423480713725765 0.00042117551971814334 0.009573727767181453
161171217399770.62 84.10480953245623 146.8794565717989 -0.49826550356295707 298.75565916956003 1.7411063398364297 0.0005347154831953048 0.004683150167673879
286022906494865.3 52.95374470562481 196.6003803317013 1.9191316616491823 51.52234493586264 1.857024293018907 0.00019728289582681958 0.002820026055407256
1622428488892383.8 3.811114768702473 298.650949408866 -0.3690769207554738 47.74495016102896 2.1265760314355893 0.00034221908537893683 0.0036292985444494
125689951916112.2 13.424650104927416 302.41297061422785 0.08186985240389949 505.7859565894414 1.357754093758293 0.00017677149471101477 0.0019719315237538013
91401964089115.88 96.17531202777798 72.36600660950795 1.8203581854863833 268.9604355849817 1.4634458470212766 0.000456649173241288 0.00036537051902981767
146729235969156.47 47.150163775004906 37.14893449546786 1.3700506019305925 436.6574763342105 1.3968442365952756 0.0001805225727464185 0.004050732722817696
840676054383106.1 36.88192974985147 1314.769551540055 1.402363454551307 147.5386678066931 1.682603420007585 0.000999465840544791 0.00044240768282757803
199959989825233.62 73.07469933491008 1315.3172214157698 1.0784977199795127 64.20673098586487 1.4795084050839908 0.00011737011033692357 0.002389469554028084
3.034848154602753e+17 19.803198627571298 1661.051836218929 1.822754914039459 77.9040036437945 1.746858396128201 0.0007794256316937872 0.0016664136206256187
90103915998147.2 44.89173284021097 87.9615883834105 0.7963458857852879 326.1785116277792 1.3842962357865582 0.0004150789329404453 0.0005403306260671143
1.8126428641474803e+18 12.754819991761266 468.93359935381005 1.6548058751407768 32.99341830725326 1.9317445254852588 0.00012632338105318688 0.00039670516897434625
132051926505967.97 84.208177025509 23.996167066758026 0.9126712746425685 435.81464886091976 1.2787448137995057 0.00017371392272681478 0.002306990594513862
1176066851281970.5 0.8295842757700254 992.603695018285 0.20432901826555472 54.917797852602845 1.40104953298929 0.0008362660900518131 0.004321701346030778
104711334486819.73 51.834716929307554 20.74751576997806 1.3271425661668759 91.87843670158566 2.0883059017855543 0.0003097674473109085 0.006134566889802441
194207767841511.44 75.00884277403382 1312.3754830291284 1.0731944139192058 62.07010697088861 1.4718548083838996 0.00010806544088174239 0.002459620105981302
149429170139576.84 74.81984335378127 77.65485653732895 1.9437033545800062 536.6158581510512 1.2107332469267331 0.00032989975215668934 0.00046953883538935386
75157087172933.95 90.0957068627144 1677.2070393696647 -0.24706873442508415 204.6874049574171 1.4512467526833637 0.00016076980018469087 0.005210490368820387
135794991534906.06 86.98252211346386 53.20402006864227 1.8250418293033184 438.6821223807103 1.3327963029105252 0.00036126293841779236 4.2256953163039446e-05
88125227847535.89 9.383833699215927 1257.9539300999566 -0.41621690513359777 418.565129688373 1.235527448238714 0.0005308685104046206 0.005090159657753882
136259800448363.95 17.42611661864404 70.95906891807773 1.758612656958372 396.5985883160777 1.515121281567019 0.0003114910504185162 0.00948659901830418
91456992312699.6 57.37904974328062 43.11388139242867 -0.39193313930386 275.6743726605663 1.4612367422988441 0.0004489114942054736 0.009350391564574914
122131978587180.81 83.19944803584072 14.064492960024936 0.9659070731495217 371.5530198725785 1.3672786992808126 0.00010782402326770158 0.0026768807460130443
111862801508357.53 57.48461613386257 270.91483883557885 -0.2513311427780144 244.65125064575935 1.534881344854695 0.00021952575355743667 8.931291342308134e-05
1212052895279306.2 53.89197992295691 1371.111373137344 1.0208885241729868 91.97454805306995 2.0253392227138574 0.00021380584222003096 0.007758644067195258
106274542871326.77 72.59800961757126 126.75160035953171 -0.4310909376637519 147.467702126937 1.7541785750113557 0.0004172034809340877 0.0006459618570995385
178739425928687.88 69.68602184191639 211.2527012259761 1.5254923395660156 542.9567605328489 1.4903896475012943 0.00013134435933980705 0.0041193697727899365
158228773688625.9 36.01509648110041 115.90021651663945 0.03230877148245681 525.5728278981711 1.3497697548938186 0.000324083228423591 0.00520434475669819
3.842013137313705e+16 67.49809630840932 273.57614671637003 1.4709430992565866 14.941726553461528 2.081781502604929 0.0001516157188000594 0.0021698923631419133
108501468111005.7 83.39500402127129 63.252949708248174 1.8280660837669052 321.23883530740534 1.369969982298219 0.0003741256370730115 0.0003510362721984789
112048380928740.58 86.62210343687038 17.36664147256658 0.5373141593998635 370.9190751501989 1.3197997144625562 0.00013225003962737814 0.009385111191733107
47151044661461.69 42.9167776422534 10.84527120064004 1.8504907139164364 13.660113382057057 2.01874446703781 0.00011581709567869724 0.0082623550477531
279051662844538.16 53.586833942315096 182.2731040482433 1.9431458804178625 49.119991883916846 1.8633435233075586 0.0001940923299858459 0.002802441979542765
127879743454932.5 31.773559945091357 14.526839260706565 -0.18012166133870686 423.98643138619855 1.3593447377733416 0.00011918657550033129 0.004610583469449458
203445865444926.84 36.75016892166279 467.1135820267284 0.04247539654251442 658.5631056390789 1.3447650155883166 0.00022512777083802545 0.004126801537841576
5776077438573475.0 0.7537119855654719 279.85454896046537 0.3814815186369164 220.25406081547712 2.1801675046045625 0.0007155324626630447 0.00610791420637934
433605518698618.0 10.017346809508123 10.442649173624613 1.2335999804054882 39.74622783113702 2.0711722409523574 0.000243790019161452 0.009851900220650057
1.240396755091905e+17 67.79666790217527 1033.790459546864 1.3288999436469613 19.19990419986553 1.9664332485753022 0.00021402014721633134 0.008049969129094068
230258608107813.53 27.807266430962127 57.518606215005505 1.2606305275984835 30.3172731262403 2.134849388944294 0.0002575380894563699 0.006228165467972721
2.941305944671623e+17 71.67708849663994 1775.888250841137 1.3005389495826694 20.00337087800586 1.9518480100727476 0.00025710741579747893 0.007549010568524508
78897911478060.56 91.33326861488133 13.398273356015427 1.1206232736214248 344.8003329300026 1.2133622296488842 0.0006636154803457487 0.002340322786746319
53338791881160.125 64.50660625379206 606.3871274910159 -0.3532009735596777 90.89734386345124 1.794717462842011 0.00042194146309218244 0.006793938044185158
54627474605674.19 56.29802587103963 141.80926069266042 0.6555678234633164 55.41530655904141 1.894964172635878 0.0001439282685234636 0.0052501110672290175
133454847490654.12 72.13207390066461 164.69627532436397 -0.22275191749850998 392.53314056333943 1.385402549079116 0.00036300867812846165 0.0036802558528793196
112754825301911.55 84.54463813507283 56.535214069339816 1.2015854250803448 384.330824232799 1.3728786408648561 0.00020734960778855886 0.0069525657651826125
142257177521110.78 64.696053688014 20.596293407951933 0.2719508033933522 431.8425109414054 1.3624928157805978 0.0003840836269429415 0.004304205931032447
297127555069694.3 6.041104616993259 1120.667073205427 -0.10437706371686839 25.320471749609606 1.8481677024657197 0.0005005106466974954 0.004776329798986728
71673357890848.42 38.54199585372839 13.043386984857282 1.6717560174000705 14.098804269659743 2.064067210338786 0.0001274762348186658 0.007697113053454442
25517268583968.68 23.38761511447511 799.6833489222028 -0.4290166357338019 127.03013391333104 1.3848560153546243 0.00042068473514864606 0.003530037957017744
103539425019952.72 85.33632430962619 29.39590315466968 0.6687750142761973 260.95847865514975 1.5411959975727922 0.00017638546675373244 0.004613110777557259
220700269488877.88 38.565247351829946 1042.1908385100992 0.005600393053295072 812.8914409600235 1.2404952194737966 0.0006652610513414375 0.005859787801179864
108857600047930.86 65.7014562511835 405.32143782755895 -0.4744204846352091 183.0616559169814 1.334197370936864 0.0009465604633702235 0.00247882310358632
151072149447273.44 81.96734069514389 14.701432068705335 1.2934931395242502 523.5514971870931 1.265210273660801 0.0007636669132185176 0.0001648642415445407
7628941587958808.0 0.6302648270859379 257.9566658419171 0.3905017933985447 211.99629791784588 2.1439440449485 0.0007744044690041406 0.0057423994932922495
95367730441586.34 93.10401222053173 44.029979930452065 1.8601019424595564 298.8943848048006 1.3917119652287824 0.0006208600635380377 0.00423364455662194
83134443797281.06 96.35329078378388 503.17592273929796 -0.28075876980102504 203.52150104403114 1.3338211404333038 0.0008044325005044096 0.0017671508777212016
33908821618445.82 51.47677751232519 109.55839314322476 1.9543944673825187 22.214573709749 1.4294926877807086 0.00011080323353942513 0.008252282588744204
4469386732054881.0 56.093450860569114 1603.0481197105685 1.2787657114628324 80.35362921164098 2.0157190800164866 0.00011054331492339238 0.0022746782317678493
288421588606291.44 15.21723073346567 797.5022287799576 0.24706715082300645 27.899687068434435 1.878397182643364 0.0004036891070714993 0.004451786562194845
100578443470500.48 50.77427972109449 1365.776734778947 -0.13299416097132144 273.16396723708067 1.555173838000086 0.00020040805190178946 0.009176498099948095
431024856119088.7 10.11910812223184 10.4422090226775 1.2289088121440481 40.00332574366261 2.068798765238149 0.000243225744340882 0.00983095228051899
5.349024576854062e+17 74.9483829902596 2695.8141657679175 1.2866807928818291 20.93508066294576 1.9288635765437774 0.00026514172153049707 0.007941573891120952
123012423011821.45 81.14529161746982 27.211282166435204 -0.24437282774663568 248.85031116942062 1.7136344989301353 0.000385951207976597 0.0010954011848698076
182060018514044.28 23.699534718948385 89.10531131304627 0.827893837492157 516.9982673638425 1.5100058870700286 0.0001799460875035633 0.008046502469018842
107566775326326.33 98.49641871559857 23.63153371509127 0.39048381953366595 227.29628634498096 1.6606241436341536 0.0008140361112003813 0.007909793956360683
1145004701927585.8 15.89614417174792 551.1322461073172 1.248415816105128 25.993074079988716 1.3957530733824264 0.0009320612293504708 0.009076647785123494
56367648246459.58 52.41951795762635 124.34202869284593 1.9889457496130465 21.94603756634285 1.439894522223402 0.00014565778681701526 0.008152115637345504
87474479537426.1 75.44424451801356 489.9048872758662 -0.26231004331973795 188.6203127945511 1.5250232666329628 0.0001028113687894711 0.006815267485598867
173118768443225.6 22.777499758451572 42.94482804547041 0.8821155409135182 570.3510919206647 1.3914217981977421 0.0001675308546478865 0.009399643908553556
133941523239177.02 62.28989103445628 135.5774490168877 1.235893983351448 498.5159813921869 1.286282642180587 0.0002668286012941134 0.0021635226219556495
1149975671912108.0 12.494464166443045 421.9938214064848 1.227582070753145 23.16173594484849 1.3903279245675653 0.0007719317323062964 0.008232838550396132
4.0890699341986477e+17 39.99495612058475 2422.527180804766 0.9897298936065393 26.65661113294152 2.167832133808864 0.0008500622764868865 6.678279262908524e-05
812406693524478.1 35.75215795558141 1245.3444502171376 1.3454985262747674 127.03243680333556 1.6864714380301429 0.0009064245676496035 0.001355492068238804
467486100129702.06 6.90908860807928 24.33966755142392 1.3865430109879195 27.80554993694209 1.8894436044776635 0.000870509422147126 0.00949369925301699
107088434993340.55 71.99794409554161 1734.106777849157 -0.1088206398857654 321.18016157787923 1.4347278475069907 0.00032073970981913094 0.007620034113005003
748271445425219.9 13.118653210557962 486.2742309557718 1.260480649326668 26.548833269626794 1.331955978135176 0.0008584932938387165 0.008741068679749088
163874239222999.34 28.133942530582164 72.42319256139278 0.15633722085908874 592.5217516395969 1.293491108974113 0.0005491255975964662 0.008381259761909069
99401314274894.69 94.73283653834274 74.64687968961412 1.981811796500733 266.643835577056 1.5373039299185725 0.0005085597369771421 0.00207291021038532
100750988698366.36 68.55397657004002 81.09050663899032 1.5287116565752763 367.64739458961327 1.3199320836429325 0.0007328017705653765 0.005308883568382494
140930701867667.38 64.31195337996238 234.41666731466992 -0.291342089946397 452.65589024024354 1.2834828310545958 0.00016947365286962008 0.0033849448911643662
152645887334048.28 61.718622026177115 116.61611969983822 1.0812429540709143 491.44044323251575 1.347297909671536 0.00014244208811746997 0.0025955506938608406
168696901770591.25 53.008087838739954 97.95077497313285 0.9517152697026746 501.1651994080491 1.3650084375410612 0.0009561608537925223 0.0015038170670115857
90386328404115.12 60.05751509915083 845.2228387237134 -0.2554962003510826 172.56251933170017 1.7282720338916935 0.00014859589155420997 0.009285457761680094
571729519806784.4 31.974674924920755 844.7851806020655 0.9136278175103786 37.697310622249645 1.7179337802862205 0.0003878451385167864 0.00940122918218651
131407383562850.88 28.829086881646973 1301.273363938891 -0.19897080778109583 406.1074179886972 1.3485743576161366 0.00038189985572195797 0.0013220010910421388
143466072677434.16 26.65686940479729 44.95163437495018 1.8577393798759194 558.0389989256767 1.3036888860103408 0.0005558489132503581 0.00901658533307207
9.305270864377795e+16 51.153118785298574 2120.661421579302 1.0434828874494457 26.305070914005398 2.074188886367068 0.0005628545382053385 0.00091114864162649
196451183794597.84 26.041768723522893 497.06162645244126 0.8035963019262414 720.5009466016232 1.4336701207242821 0.000330367017095535 0.00860718356747394
453565006891264.5 6.469073900132294 34.69121015302093 1.2755729781872245 27.860644374178353 1.8200384351053334 0.0008371928941011595 0.008998964121993578
122585639574569.2 99.7688171998779 30.924560392260734 1.048503867168023 340.64473858107726 1.4434075247278924 0.00042391310556588177 0.009339752619237862
231750274382387.06 88.72945809233663 1649.6152133635276 0.16913606140270054 664.1758412919028 1.3340374303284308 0.0002805307454748767 0.009620155215957564
148412303318907.12 71.92230486043732 45.10937226618414 1.4197848263995405 455.00484728804895 1.331706996922907 0.00015379650988052343 0.0013859064239101408
3.697805481786864e+17 40.794532511612424 1973.1326378714687 1.0562801347877797 26.638212514895653 2.156651966279336 0.0007491780662130258 0.0001655026854713009
1.2747613099862477e+17 52.68183187263997 2290.6747059793406 1.009113584760044 24.2048638771611 2.0980716940072615 0.0008172287969842179 0.0009973266071902284
1.918931950931914e+18 12.241830351846485 461.95361513238623 1.6462887200337422 32.88736319307282 1.9357351433354721 0.0001200437278827978 0.000318480766983377
751599711105840.2 37.44846195500611 1150.6186900957982 1.4258989157645816 142.34439779347738 1.6869833071606555 0.0009711288497805011 0.000768239516306357
178304962213926.78 33.26215984306491 52.89619697375446 -0.4849464519177883 363.0188461451573 1.8502613574138378 0.00011549787555651995 0.006557457970780976
67118867453203.2 92.73059819303234 11.768701200960077 1.9759776770791202 230.27914238420118 1.3980497983221214 0.0006079648056841072 0.0028744820298128772
112224940171468.5 37.45592531872241 35.63390735117144 -0.2941032537931676 342.88852150388374 1.4467067087538144 0.00011829032001420531 0.004623519681960984
147343211419457.44 48.91210437365916 21.92776270805962 -0.014417107315566335 482.98592476439137 1.3331166266224723 0.0007442381489500586 0.008314081000557607
747434317249468.1 41.02201498878053 156.2110990001579 1.4470201639811393 35.19296745874212 2.110299714270423 0.00013377292677484696 0.0008402045818441638
80870370311560.02 15.699082838279033 2753.5663954374413 -0.4143246804638616 364.7733422473256 1.3443546000565154 0.0005152409856013218 0.0060250456915150975
145739661055600.22 76.23235658882635 82.36935299694527 1.9230758054282284 507.64284853443775 1.2177113461684834 0.0003262841943549111 0.0005356851940760073
111497133541616.83 52.71194321647614 201.16570632135026 -0.41321315006882164 233.24351255744367 1.5475232096203686 0.00023020422336358207 0.009735656308719686
3143771728114495.0 56.97512051460583 1313.5433178391245 1.2816093343246338 77.36669971749674 2.0163302789255844 0.00010544492164780514 0.002187099153380674
149730014363876.97 63.03928138412373 210.06529858381924 -0.3637740794429114 444.70815139978055 1.3519579448389907 0.0007559188974990938 0.005022729256661362
9936505591723494.0 65.02167665238004 209.40713488334177 1.9040069601487313 20.795170636695058 1.9515020724640337 0.0009163492306876713 0.0027802023588561664
1736520931326460.2 3.611057763929246 298.9578430892422 -0.3331749872952219 51.633192437370354 2.126984395534439 0.00035540803924365236 0.003747886542530142
91482829037875.08 60.27171014489193 412.2811855928006 -0.31336761719862094 180.73717128531584 1.5647712718089082 0.00011900606724886746 0.0012996909596512457
133606482307088.11 64.87907790210818 33.07826700665987 -0.19780352311582794 386.68037061428765 1.4837290306306201 0.00011760852012005566 0.006259105900287936
278133409182335.97 25.766253929443337 1729.4140417279425 0.3859623696905836 805.2364211548397 1.4870791321053727 0.0008304939355048682 0.004520858100569829
102459621263438.72 70.64975495573796 138.95291410830936 -0.4307557599866601 148.4892949907201 1.7465226908626685 0.00042099040440861385 0.0008146343363817313
259852425349982.9 6.84759269341585 1098.9037568189653 0.00982451837270304 26.123805644678566 1.7877134704812658 0.0005178891573520924 0.004731336595812187
136672208354047.3 94.66037872180395 416.3922503356727 0.07641764096824438 288.83860703201606 1.691367664819729 0.00018912347927212 0.0008571084248547023
84216297401015.61 42.7549654211098 10.891767749953361 0.5721346538364739 298.5533252194387 1.408227097639829 0.0006604354080830639 0.001133149857244086
91716194664570.39 67.72834179404785 41.5439860284518 -0.12827113430050505 313.78614848748913 1.3561251981559344 0.000119204991015459 0.0006757769494326986
493659744522166.6 6.556494564933945 18.585965911939706 1.4431734055699779 24.184523473294867 1.8587362030745431 0.0008836396121827516 0.009669600198583523
92286241893089.88 89.7023698767621 455.22691279481694 -0.252433308775482 240.77694478106952 1.313407482077305 0.000717653072178291 0.0006576431523769681
149928779614377.72 40.37000216424873 452.1786137727581 0.08342977642709148 477.8547269334214 1.44293469197508 0.00021734824951429399 0.008136938393978575
126216343257039.31 34.70278888914945 195.15464875749558 -0.005833453313434683 413.3007021129733 1.3689559431938558 0.0007745935878013589 0.008801522502989396
100130529233253.66 84.38741083450108 499.37561355155526 -0.22950268329246123 279.1711994084344 1.289972376292135 0.00010555317293162088 0.0037013362420623497
101437729028097.62 99.13135358023706 71.35151066529565 1.4669529560845533 272.5680121678077 1.5229008459898103 0.0007416047733486328 0.0027884292398210895
123349587659880.7 64.84333904527767 301.3910711335931 1.0351274158713921 480.5111331441774 1.3835823801548301 0.0005649516363400045 0.007279295534710025
3.2032297506843756e+18 28.025962706373633 211.58761856992368 1.569048991436334 10.198111101936957 1.925456001228604 0.00011697866228305068 0.002644008707067564
109426799011514.02 50.18329205193356 238.95019713675822 -0.31915627915914846 224.0313350632908 1.572971092782056 0.00031142963603842023 0.009810563304624674
129089874181997.56 78.54598468859537 76.22783840691385 0.006761130595209108 432.641259213088 1.3038972715574162 0.00019957994822732302 0.00023151395684164978
96952491726681.33 94.16770318886358 965.475211228885 -0.186126296377922 248.8801016585014 1.4150069746865417 0.00011597004470444788 0.008491293520545395
172972495370407.62 95.8091356238526 10.579146030306964 0.5852455086688009 386.006041082823 1.5065652184993326 0.00045241458734720196 0.00900324743637997
109167304003691.16 66.45823262881879 106.70789411645436 1.3234883150647034 415.57164257298126 1.2426518038138903 0.00021937845616291148 0.003587474310952042
211072120012609.28 35.70234730883705 379.3462748108801 -0.3508771262870103 551.4822098171592 1.3894198759021537 0.0002202761809768355 0.0021933758087014955
155190684429475.9 66.10641008366181 75.66279645678813 1.4918558437440326 498.59964583839604 1.2809895703244631 0.0008887788688547401 0.006516735410616684
142618267683887.4 70.39029607475803 430.3427563739426 -0.3220596897976771 352.21703718263973 1.2660332398220668 0.0005353948945795499 0.007046537414580934
1086478012543655.4 51.124122849119736 1305.7699379893013 0.997634386425192 88.10986135182868 2.006492920860084 0.00024260153827996745 0.008733785150314654
251583724657985.5 98.5726499762349 2065.2282044019626 0.41184269631530473 666.2150921617616 1.4176207429506948 0.0002458292399614184 0.009711817112773219
2.462020761128972e+17 59.71143788005284 853.3573087018392 1.7050119442834746 34.383164531933026 2.1293775860319233 0.0008165042000474478 0.008978378037129798
3.484414900089602e+16 0.29251977815324515 127.84570206479543 0.10740078483089543 74.53034291589006 1.805515279939351 0.0009040380497914714 0.0018642904984015798
120008472439473.33 74.51101726320888 66.03634266088412 -0.15027788506808082 286.0180766413167 1.5704633415248583 0.0003291664722826356 0.0022466107904570848
445789076607011.8 40.60746758653309 166.2205683012599 1.3574665993291224 38.112329723526855 2.035338631120936 0.00013020171265614016 0.0004337815470380358
1.629319668462466e+17 59.25432561763742 715.2901228887375 1.6952317224119715 32.04963972222302 2.106733261966812 0.0007854197124626084 0.009026529530046247
246828610895449.53 54.97231996323044 200.4898107663735 1.832577039658646 51.933133273461614 1.8556272934517097 0.00023959995103728748 0.0038474250740503507
78079807056543.8 33.4705741642335 11.798740210859803 -0.06180539389809969 343.5293403810978 1.3024414089033272 0.00013116958684738293 0.002297683532038441
215958739049762.1 57.75146674212094 418.7244307819824 0.3153393612407537 754.9465985324593 1.2664559336680825 0.0009642534784542058 0.004100038502081533
138066293721342.31 73.96997187997819 53.59873978269805 1.5092219496036137 424.14514308160085 1.3591047471021533 0.00013125237388767082 0.00027179936504614986
102537318305183.45 60.09063781715923 173.41113771266848 -0.45411280059999704 191.00109569518645 1.5288949302688968 0.0004208462128733476 0.008677923506000466
98980743715667.16 63.531646982417726 480.6237066320163 -0.4440364827663792 198.75621828378098 1.2853517150722278 0.0009587004589454996 0.0019984803899201703
152156057771732.0 47.951649118240574 170.4403002495551 -0.035626519646117516 570.1283482868934 1.2954025245451992 0.0003269116526226916 0.004472613554695454
106731047825208.81 94.98536944270515 515.2089677163311 -0.42147127328618317 123.34331926569321 1.667336012678258 0.00021931549600732154 0.00444056420260737
98056541359269.1 60.29650132111035 305.51438956583365 0.8993564991551675 436.4063324300843 1.3740098941842123 0.000147097187176303 0.004029340942980969
105965846004045.06 18.231002909069915 900.819273436684 -0.3567814280788638 393.169374429892 1.2450609572545899 0.0007638054105923284 0.00563142180656925
182116891352709.4 64.63814327495663 13.60474113029219 1.8173466746087579 590.0638701333205 1.291459163469581 0.00034491788173330733 0.003722817111790463
104577944164216.67 91.3728767501562 66.0835991627334 1.8125514912137857 293.8699881524883 1.4767524575892077 0.0006246618513501391 0.0041864319799534665
1.1992974919561146e+17 42.30249792023322 2451.115849066263 0.9070783568409956 16.6947491347219 1.9024926919498175 0.00010411377697597952 0.0003377114084343149
149107278413590.5 49.593461807101946 22.62623876544361 -0.044811083596270396 488.9486425959617 1.3296492398841493 0.0007672884809370544 0.008348739565043832
1173538911252401.5 0.8130108842539059 1010.8865777667139 0.20626862609670304 54.98562569190536 1.3995288471196514 0.0008337646000221812 0.004360246455164054
172663584670325.47 77.78672648085664 12.522436376602101 0.39946583517398593 551.5512742802543 1.3027739920690657 0.0007240781801923187 0.006506031231229854
1628956528357280.8 0.739895961299446 834.882657358188 0.19129186202319598 56.78376818728467 1.4367785315870771 0.0008471524333487822 0.004065351112877531
1124117261977632.5 51.52889967774924 1306.2657604217186 1.004800165498705 86.68722702624773 2.000760224500515 0.00024082766218442775 0.008518384414317497
154964137136429.34 13.264958843792606 667.7577753405797 1.0695394534045772 59.53319343565778 1.374928609079698 0.0006487694437112805 0.0038245897308776316
148257902673541.34 55.798629759099185 274.61832112387356 -0.46231222197769295 259.01755200220754 1.5190243989184258 0.00022153258363204884 0.008836113499052948
8266869798644635.0 65.83876347723432 199.78726898357522 1.9461488185813756 20.59419028049296 1.9420527574144257 0.000956569337260904 0.0028921460967680094
300732628280857.44 6.082329050750069 1102.5229219337157 -0.09494239441076868 25.317920892219178 1.8524016118810687 0.0004994255665915322 0.004778326052255465
62437139708548.9 66.43631404215192 533.7424017921694 -0.3021847231736787 90.91204254188881 1.8380490701356413 0.00041732856454396015 0.007693817207335198
12254496555317.908 45.448550677899405 66.75039095487084 0.3293501730806073 15.498792956120555 1.7238554773405845 0.0002531175007345996 0.00610368296571626
188649528069205.38 24.603078824774748 159.8417892203341 0.5158910297708711 610.8595210695474 1.3432617662121629 0.0006246390436874904 0.009623383528761329
156712099319738.28 25.874050585466534 71.2722861282316 1.959210787780055 603.6746604071114 1.277187725657688 0.0004993975678883838 0.007304430889272225
171601462803274.88 78.37960389778621 44.09049787486679 1.9539913737456134 490.9823107626155 1.3939844572578433 0.0003632427295494009 0.0013685828275192013
129716687179719.97 85.99130981779257 112.06201962525101 -0.11504905611006568 258.8035562318749 1.745774294164051 0.0005468767442726758 0.005696097107579209
152494106997278.2 88.09216734214783 42.83334013760471 1.077262546203316 467.07996348408676 1.3649960789153097 0.0008163716084255619 0.003761352629254701
110875841996283.31 91.3285021428931 14.723835204890866 -0.05683376242068172 343.5590097426141 1.3721078533409088 0.00023813891785354042 0.005391880684569414
10974607019798.857 42.19496033898463 59.18593678336913 0.23088255787466447 16.024674789866015 1.720445064559072 0.00027487918897776503 0.005845218393525068
101945904678493.73 67.53284118846203 103.72729462477568 -0.497213767248801 387.17732930365656 1.2951788213440774 0.00017354945464719741 0.000529975518937114
156352114460640.56 28.0455723092958 28.359170824680017 -0.23837435925434125 542.1669688054931 1.3673407750651625 0.0006431150702797889 0.0029466524822769607
180562182728541.8 38.97331695712194 43.59043560848853 1.9298238896475188 591.377978287906 1.318733920327289 0.0009140770226444226 0.00942742596704449
201234333731727.53 23.42008985393224 146.4124992291623 -0.2060094519349993 675.2872142013167 1.2989204512771937 0.00015602554423605505 0.003385634544289232
152664415105315.78 20.527236053829654 119.0565701899737 -0.19986445697565436 492.7512389280767 1.3965297168789732 0.0002129635122795592 0.000858543764737426
260411014750936.16 99.39439439014615 1948.1825085718176 0.45617831574675954 683.0193385384844 1.424960340942628 0.00023135675729750438 0.009716966889600802
227340413215310.6 74.08302219216336 1064.2489774879496 1.1458873257199704 54.34450232878549 1.5121699842150287 0.0001112196283441809 0.003182720912317424
138813012377886.47 86.74771711813479 105.63716412682759 0.6894928798836706 357.57799135239594 1.5168641429068648 0.0004329667986022912 0.0033610827314063405
118367341572026.05 84.64752186291031 13.324460488449965 1.0100446858808272 355.08157394706984 1.3843231857722995 0.00010843910472500991 0.002847578194240857
129348654801043.55 97.38435514576987 14.482627293431536 -0.42951850032392436 425.9733761621632 1.2824901068065686 0.0003864860081772729 0.004553871431788148
167288609823283.2 17.68217103650891 46.010104484232656 0.8565316692909947 570.6894736632012 1.4075402985725853 0.0001752567785535335 0.009857118136105254
174281514349175.72 31.589781819511025 29.20715331266994 0.03662953289760573 364.2525569202247 1.8359278617615635 0.00014841655070173818 0.00678979000506385
1.2349208057463322e+17 67.89962108843112 970.4864345812636 1.3468806933201947 18.655134357106277 1.9644696964520434 0.0002273003100826223 0.008024316058899283
88299683281363.28 87.34485932365062 1231.4844904834667 -0.09128852157632561 229.9462602711017 1.536427066029956 0.0003129989504296341 0.006641118782917189
4.5635393734042797e+17 71.39250411214746 2302.3267597741865 1.2962432155824781 21.548274771400276 1.9446274855187535 0.0002796365412146083 0.00727414644142288
181762773212504.47 84.64011378763328 70.07431980608742 1.90042471462022 626.1696624512247 1.2132409847025054 0.0006107904470317123 0.0061050622625113
3.106187521844746e+18 28.370071581958214 226.05471467311912 1.5575387512619776 10.500180700389484 1.9238170809148833 0.0001164265508574042 0.0025767269946994687
1.3363319899699336e+17 60.76175610480468 743.68484771594 1.6728587366187462 32.013616001283815 2.0968472413270063 0.0006912835431003469 0.00911502725119991
78387054745562.23 9.215107746640188 988.4002223991632 0.03857755761835907 13.39762382214009 1.651047114874713 0.0004448712863753841 0.00551711907174612
93003211462531.28 91.06100830007664 465.8084819229843 0.23234928834500623 241.60258910932887 1.5856123061700589 0.00011138833657885318 0.009326433633758919
1.0012670116435262e+16 66.98798174031363 196.3272861904651 1.9572215795427783 20.38706799119885 1.9619050253009103 0.0009199745819649612 0.0027147474110890144
8272545927748220.0 65.60760129939683 192.58558006959618 1.9288701673350075 20.54208222173227 1.968173243426837 0.0009630768404514822 0.002668145403474981
239266446768029.25 50.05260476370565 677.4602877153799 0.14297976908136523 857.4349054891919 1.245690094976103 0.0008942457128678333 0.004130061219472841
143482554231799.34 79.74509562069186 99.41539220502642 0.03580711428116268 425.38201978359825 1.3946903990917443 0.00014942020029978423 0.0013593031473167006
1.2535482274139864e+16 65.58129789363237 229.4343159010151 1.9207403346966985 21.391608795703135 1.9496020915831174 0.0008546330952077343 0.002599290677068285
115587028150944.22 47.151218053992274 185.37443230124046 -0.36935130859949106 263.7759797582154 1.551725759535662 0.0003106760190976353 0.008682585030463109
81544221660831.45 11.63721195989747 732.0872181186656 -0.27495262364493905 311.867575464268 1.3798962563476587 0.0008846189077056769 0.009313755005817794
71367373463899.34 13.060610165664993 1853.6758518270756 -0.4478253500698711 235.90558283074935 1.7423382947914923 0.0005529660733039752 0.006680583646444695
188732195967387.38 74.737554718096 1369.4495848938232 0.25433507804303146 638.1191292468172 1.328095751688003 0.00041266165159570457 0.004556027924729451
431031075247565.9 7.125169211514829 23.335742585396645 1.4134012729542222 25.892887808195812 1.8753148825234613 0.0008733705635757031 0.009555041895363133
553954072225800.56 9.192136590884672 12.942600816027733 1.0738168065690423 43.34143804553634 2.120401332567073 0.00024579367620595105 0.009269042206421652
123934314536874.02 82.47550348980823 12.865597184626026 0.9652177575876371 354.99136652483 1.3716178850376077 0.00010039605083816836 0.002800011599225827
231093618311303.88 18.21636355913624 1164.7358800580307 0.06290363436860469 718.0479007700734 1.4170981372152516 0.000256655306054172 0.003662114936589589
129028149406310.66 86.6147605321288 166.94543332375207 -0.14644636595909089 391.58708475817605 1.4019603463234267 0.0003843152578352797 0.001260064786934566
162289291217213.72 92.27502630338694 60.01264853379529 1.2535546223873721 490.0742502707834 1.350167118570462 0.0007787524977128376 0.0036293743105928135
159680164369950.47 31.44484654875925 17.416902509956962 1.6897208877169627 553.4006078058383 1.3249939023251684 0.00028881570368089057 0.007572271458442749
164000414459732.8 13.411674713150811 16.153458924193583 1.2668106485774508 587.9587819259006 1.409301464360258 0.00021994787049262803 0.0018139313714505695
56918170663748.0 63.73961627596253 584.117976095981 -0.3166727430431956 97.38245974446008 1.7749833584457984 0.0004101077995509304 0.006810445406412643
148284736633012.16 97.16007719964546 23.509300136564065 0.48079457374313495 283.2995703025303 1.708800855278211 0.000874055573701174 0.0062664013775067685
36548733776782.766 29.960759906044157 1009.2305408112344 -0.43823755115235724 148.66483481258547 1.390005980441748 0.00036872610312977083 0.003783622937623676
744348181172405.1 40.61552038826132 155.30759477197864 1.4394223320539983 35.96925720351342 2.109201982015244 0.00013515519734058604 0.0008602488759026157
121069199474612.7 99.86164734546747 23.212799270650123 1.4532008039620814 304.0817761525846 1.5834266333369735 0.00016188648395160207 0.006832596296036627
1848204429012081.0 3.764499444815562 298.4473938092887 -0.3911415168412815 50.97621231168632 2.162707503356793 0.00034992447344795493 0.0035621397611412435
110337052859023.88 90.7064891103011 50.59523730205177 0.21884116951850574 255.16010332402627 1.6438419801483053 0.0007207850632254233 0.005513362368032701
163914059680635.53 83.9370718676768 18.48554922227796 0.04414933857706049 431.7553665914638 1.376006278897842 0.000663449886799014 0.006899339107416905
67947595913916.766 70.72789528332956 42.28384448419158 1.6019872572826284 240.17634017654834 1.3865585642851532 0.0008772857281638701 0.005296875441215426
117008542922661.67 22.740991652033358 62.08374990603678 0.7511132432183325 484.5245089903426 1.3086834970234134 0.00012978290556018334 0.0032296936033704747
78387054745562.23 9.215107746640188 988.4002223991632 0.03857755761835907 13.39762382214009 1.651047114874713 0.0004448712863753841 0.00551711907174612
3.899870264213282e+16 43.65643886706646 1809.2686466854889 0.9909144973790599 23.868428077185722 1.9520172842626828 0.00010850299053523489 0.0001177470532065317
560397606394033.7 30.498422403092043 841.7416492087578 0.88156746754061 35.69616580916883 1.7162091323084696 0.0003908735995689017 0.009724232474281912
167581013831702.66 34.091552456168415 55.597338088552235 1.9801081274646408 472.9489729061882 1.437251934938811 0.00035522902162793646 0.00960656503291816
1635117903034849.8 68.18119534315693 272.0698793562689 1.8361540265383773 37.025295350682484 1.9555698799517227 0.0008880649132413713 0.006534502515513802
171136385597251.0 90.73961393539065 10.578149702158665 0.6422652915259526 536.0621175100028 1.271429030797005 0.0005243819857072412 0.006677007821743219
139387827351828.62 76.3294425284646 25.785348132438457 1.3052808796349522 364.46915252914135 1.5244233982204713 0.0008309591497431705 0.00250082810185514
163268921221995.2 86.47127926531726 11.379098124455453 1.4248886641834915 453.1138938446154 1.3739089801397084 0.0008246390835678849 0.00016250833372520894
167855563511539.62 15.037842413637387 184.4891071263021 -0.20995706921858423 570.1901837003508 1.3395810181848748 0.00010906363446728075 0.0026291061189803976
67975230053277.4 20.476803052697516 2107.2688141113795 -0.26617953540835093 281.3092713034903 1.4073724179854716 0.0004493450497519887 0.006248962378955884
201609525753304.2 95.48659597276922 2101.3640368358083 0.24319551331593192 535.0707334584134 1.3602550466140966 0.0002819465980700653 0.008083152566802448
134676272078358.27 31.408404289314063 23.141861090043257 0.12311712471681524 441.9059705173179 1.373279023091647 0.0003729509024224833 0.009637637016725315
174861167473626.9 50.694409640752035 32.976765492279974 -0.005470967731546983 552.9462145765688 1.331953873585047 0.0007829164975746596 0.007350902278073112
71486488042634.94 12.584850195120296 1995.2647684667143 -0.46078855477061054 233.38310706737406 1.751978892376674 0.0005325339379320798 0.006523754626816085
891704520222376.1 37.11012880690237 1268.4612409155977 1.367574370944653 132.21273621386032 1.705431579484907 0.0009164415229743866 0.0012595706700400814
105803062237335.42 19.070111364560326 746.3673192105788 -0.14428597647496155 318.350187769441 1.5374151545749923 0.0007385987603758089 0.009184419184047285
74163521240957.94 62.56417763936423 2284.655663387382 -0.15395076857145953 163.4109990850621 1.733659739703184 0.0001900199428917609 0.008531322922368809
71398486566397.58 71.49823778807065 20.80994794647538 0.1551147892656283 242.97974931093336 1.396190805720293 0.0004071457513281777 0.0019300420063846704
108075207508440.58 91.62097628751063 167.49686978484775 -0.03748523111257629 298.1483850730561 1.4141170634325082 0.00014036440142706536 0.008136254608439624
23003846423155.805 49.80185455495634 41.723063036133254 1.5989585055031847 33.32450262746888 1.8317448671646148 0.00013465740969166768 0.009055724034102037
9105170370105942.0 65.35237965676092 208.09145288324086 1.9092978923074195 21.08717402668472 1.9638593205416475 0.0008762571657674088 0.0027535024171677037
157203573856044.94 84.76790268918775 201.80504850437575 -0.38589360072101175 472.2513992294709 1.3294418708439668 0.00037649611644538966 0.0020773536630842816
198514293082805.1 33.95979307485534 18.05530977049992 0.8394677682367684 605.4392371782079 1.409273499309004 0.0003360740315372508 0.004818637991147359
73751017809164.53 98.97594446809572 1573.6315316487737 -0.2202332160596348 205.4296303477768 1.4195318713083889 0.00014266448843674738 0.0048913374728004316
96635982178297.33 80.47336023254508 2989.4117455483024 -0.1808481070568636 302.01576475890903 1.337192249148682 0.00024218812951789164 0.005138307907264156
423237315828001.94 59.07608955301416 189.6242863862421 1.9807965023802194 45.752749636376784 1.9080162780932963 0.0001904757635836774 0.003068763347357649
105016461901561.98 79.05253653860872 406.0764756048683 -0.22481982369334097 297.24484505489653 1.2962975944908974 0.00011587200594830842 0.003881601590106207
150999186906463.06 99.02043048966885 114.02087457106816 1.237195766857819 485.09121169772806 1.2789464272588753 0.0004126735820804303 0.001536904700965434
124602369067138.53 99.18669636811913 10.77678134371336 -0.4154578282888818 442.51029108042906 1.2716983847161898 0.000400583405998981 0.0045754593429594695
156263056540762.44 83.45346321087739 67.4719527947982 -0.10380285543739848 432.4616882545144 1.3656133861891602 0.0007836179355870072 0.0065194623207841945
113381504206799.69 88.9879939197962 37.59929569362719 0.3146332503088572 250.71191396463968 1.6303741212555016 0.0007699227595871408 0.006293345416162005
6.058471076968816e+16 64.24127551738903 391.4829111542328 1.2963257361676102 14.263517730338691 2.0727819987585328 0.00012897836828355017 0.0016302455236086415
107439792513619.36 70.29018729890811 98.20232869922896 1.1045020426675958 334.59077695098506 1.3988184476533057 0.0005928604136032022 0.00013687026638834572
103566285620669.58 64.65373084644088 25.89700131822151 0.06267574699229678 374.0899468547362 1.2875851260095763 0.00015337583584033084 0.0017222203843804092
671717990226022.4 26.641485597511192 762.4724252065944 0.8579190320575183 34.87737517522854 1.7424153851885391 0.00042123875741783954 0.009576026660866014
138987748189293.14 8.16923694612322 478.8718554313123 0.2828543913542443 707.6609247945509 1.305997611592783 0.00025433842684940126 0.003932360718353441
155525572764044.4 70.90215974411869 557.1839111508465 -0.3273080248232694 360.55093255500617 1.273544664258376 0.0007238874152009735 0.0071615760333026916
165803018756396.72 93.16395149661024 110.924622087082 1.1722740807801375 460.8300543129541 1.357433535113028 0.0008097790561265435 0.0031056039444425977
80049597080157.69 40.72749771460326 11.366369186642956 -0.06072091207381303 313.3091861761974 1.350652515271701 0.00020290812886862873 0.004436823506185081
1.8364863864607127e+18 27.71429327647774 218.92068723795865 1.5377324981514549 10.508549411298938 1.8924245045338488 0.0001309816288039001 0.0031519389181454568
137149079469644.05 94.26298128394217 15.835926626726136 -0.07530917438063509 479.0117617431341 1.2352610105663686 0.0009640361850538189 0.00620605027429939
59763987749655.016 57.542171789278555 142.78535690634186 0.6414094371964995 55.593521205017396 1.916976134393001 0.0001398401431502979 0.005113235903535946
1.240396755091905e+17 67.79666790217527 1033.790459546864 1.3288999436469613 19.19990419986553 1.9664332485753022 0.00021402014721633134 0.008049969129094068
109538203374017.14 85.76086518836243 16.202618260661666 0.6045679580431311 362.6263682916109 1.3213260016038082 0.00012778129610916566 0.009653224413049586
102560321229555.34 99.90830760527152 204.0725679476001 -0.2061617716685864 219.09586235941927 1.483920034406243 0.000568019080734293 0.007032875005150091
1.3363319899699336e+17 60.76175610480468 743.68484771594 1.6728587366187462 32.013616001283815 2.0968472413270063 0.0006912835431003469 0.00911502725119991
138103509765909.75 13.527843264024796 657.9527392802208 1.0508018771877596 54.64221176102727 1.3603958416689053 0.0005895824611581575 0.004230679502161055
945030359736956.4 35.466058088778894 1299.7597317931068 1.3268712419716082 120.13162996454106 1.6987507459893245 0.0009503583891045555 0.0017924221305063875
199680139723070.34 32.788323266673004 15.17071592254356 0.3294554054455274 606.3995835605872 1.418525233806061 0.0001410776891227755 0.0030097554980652494
6889364894035469.0 64.19802770158901 198.37220300317074 1.909839821030927 21.129108310205293 1.9373291745019325 0.0008966142203853562 0.003088709154420388
82380015143888.73 87.16364404087068 519.5363290085688 -0.4229303103385922 98.48548922524 1.7410872980993561 0.00022967214827748902 0.0004154280781302087
79856551288706.17 17.805011333864215 2854.813359396621 -0.42141640533374725 356.0175242883911 1.3537622505297955 0.0005202224396614198 0.0060722576534978905
1072811098879807.4 51.507164129081566 1306.634547266969 0.9989888173090592 88.11576813347214 2.0003988451507504 0.00023863389126387082 0.008511039884073594
2.941305944671623e+17 71.67708849663994 1775.888250841137 1.3005389495826694 20.00337087800586 1.9518480100727476 0.00025710741579747893 0.007549010568524508
106102101010581.53 96.5738047473581 393.65209344231465 -0.41832268366021885 114.4646615239282 1.672817927666116 0.00015879551540956031 0.004120601727529742
23081428257305.332 49.619908032366375 41.651970813334856 1.6086465441117819 33.47618615074687 1.8293723551803434 0.00013296145662363202 0.009097067595178743
134977292975937.28 59.95966991465596 35.28784182290884 1.3001840947055543 421.45611241454077 1.32427439877693 0.0003520482940527592 0.0020481992299082722
142253356077223.5 79.7247970290685 108.47829808328123 -0.29914314284201554 399.57428828324635 1.3987942281920227 0.000866165780675451 0.009266619301751306
80127620104867.27 84.94336413923237 507.77460391064085 -0.4562905146922321 97.87249156751706 1.6882816759977561 0.0002655821276088852 0.0009007219747333458
572853512980355.6 8.67831883355858 19.009719676375617 0.9377065723411528 40.929348471706625 2.091306517867938 0.00026054371916568134 0.008761598073920063
87133448386040.1 86.20234936493713 121.44948448134674 0.25885141648292387 396.71168498358304 1.1903985023595411 0.00021067597275458778 0.0005673214681032098
191558155613388.9 25.959786161760746 19.76674658291104 1.4941065570251217 580.7860258593464 1.4044683535226854 0.0002376839336655444 0.0030001927307059207
106078642751060.11 18.917382146800072 872.9943570151307 -0.3538446082716543 393.46432735302596 1.245838760218561 0.0007451279105747466 0.005581284897237254
121225038392579.39 98.10378937677064 396.83527651102594 -0.1932009931292703 216.11878271544558 1.6240764860973256 0.00019457597297020603 0.009168856962593662
94883242584565.97 95.41307799741394 37.07906533880286 1.6829966298671342 293.8901288869751 1.4046127221204312 0.00013366959466695714 0.001642810204153253
10037643410658.055 39.7822689434975 43.314265210493446 0.2942593037139337 13.733612291008383 1.7123260388689618 0.0002965981327980185 0.006152062425651649
143389672893384.22 64.8273897928368 20.589479937598043 0.8349032019611158 507.65445502818676 1.2967657964012274 0.0004294847763281072 0.0021915405401538206
11181387340199.908 39.43629838428623 43.45982602085977 0.3173779393654017 14.80973272117298 1.718359018417213 0.0002987500607445575 0.006250322682764264
139536447232727.33 57.46677162350112 264.27499791606397 -0.40867105982769003 377.2758070894922 1.3187538475132399 0.0002657835251253632 0.0003407638288143904
7748439069003318.0 0.6363138830224884 256.400563981939 0.3880241579946154 210.13267575422324 2.141144172662522 0.0007752671987846224 0.005708575902596434
100234090800441.78 94.0328591290318 77.95950592726012 1.9310857406666644 269.5642622831001 1.5339659461295563 0.0005078659645624099 0.0021995848503978373
110022084481137.44 54.86246359133416 40.07430727432119 0.2439342492546634 332.8043631682633 1.4111104516801183 0.00016545320153234968 0.0055030633290373745
102435539959514.62 90.63192948563201 48.29279366545271 1.1344574969491616 342.20611109747165 1.3433796571917034 0.00037338350456874684 0.00884959396962251
247890513907824.84 84.6393055510046 2704.704849615152 0.3014289141380828 736.0267559094638 1.2812034296640882 0.00020727725574512708 0.00960010035721083
117636981206411.25 54.1233268572826 108.96437857933815 1.9966191712809578 19.569837278112313 1.5463773344843346 0.000146246170538119 0.008131766187936382
136105821630058.47 65.68791584155778 87.81036197127617 1.6225499981991547 402.9991003084961 1.4468958598301658 0.00011834773285507294 0.00030157904813780294
155466732734591.75 37.32055854021004 24.792016226691644 -0.3586399273701818 534.3277593136402 1.3229057905231059 0.0005982385291381169 0.0026076620020379993
138875421229525.97 65.16698047899858 22.74265363640081 0.9976942303157028 453.98383383995383 1.3350861727684749 0.00037471467014354667 0.0026812384202612163
80374262971701.98 51.493074011659864 28.585021339327668 1.3017921927778144 73.35607564504443 2.030717909270957 0.00029105908824054343 0.006004661349790457
1629548490117063.2 68.36705290917432 266.86556180066594 1.8124865243080903 31.905054611843553 1.8886061724145082 0.0009709504581532041 0.007480458740026291
22682741047119.688 49.87996188317078 41.48320663818818 1.5994884004809444 33.436070413412146 1.8297998621374907 0.0001348769277266466 0.009073331784680845
136966278318334.78 35.3850928696441 190.36124014833942 -0.007061443267028622 424.25610275158266 1.3738854485157699 0.0007610894914332593 0.008808616339951864
71486488042634.94 12.584850195120296 1995.2647684667143 -0.46078855477061054 233.38310706737406 1.751978892376674 0.0005325339379320798 0.006523754626816085
150006787219687.9 87.84704131488942 58.008741701050326 1.100133028063178 473.1024605434565 1.3519654989016496 0.0009603814106336064 0.0033014375528124243
180273930376874.44 56.16174829514607 285.2062605832825 -0.38105923942820813 476.74617288565537 1.3947990539748574 0.0009052290530520272 0.004655295813088378
148766799602332.22 74.83232203688831 16.5591832557958 0.7108748401666996 457.6089008691201 1.3715604621796313 0.000570745243354684 0.007401412767295954
453565006891264.5 6.469073900132294 34.69121015302093 1.2755729781872245 27.860644374178353 1.8200384351053334 0.0008371928941011595 0.008998964121993578
170460561923059.5 95.31833636017403 15.98197552208334 0.8897807776592295 523.4961828128621 1.294848172983471 0.00043850431224852124 0.00437349732030337
1.0401785312958254e+16 68.09437278728853 191.75454938079127 1.972522967774754 20.71233705259592 1.9905608617819397 0.0009220251047584273 0.002718947017894076
151738058152429.47 80.50340864390694 209.15043831880774 -0.47760669909952036 484.5758015664797 1.2611380345259011 0.00019842912899900944 0.002249490112155157
68389579522642.125 88.88659330237802 2446.70646355217 -0.3072862496270304 190.37906744826634 1.342718402974843 0.00012705367908499735 0.008469248165675146
24242890788357.355 49.21332176826515 39.56832113944595 1.610618954229889 32.42894685398363 1.8371711166305467 0.00013335476618655598 0.009037500694713662
160217079226145.9 26.185590917878883 111.84713916674066 0.21834432323489306 591.8518317690076 1.2718473532323358 0.0009533569816624993 0.009184834879282218
5872813157740728.0 0.7490168608340466 282.65096648360293 0.3890885678894768 224.4941552092559 2.1960614474474776 0.0007136461729792775 0.006109628986869968
83848497015835.94 73.28021642661395 2031.4046917226703 -0.10196288529762576 279.2695636010123 1.37050956531636 0.00026968104194590104 0.005679286986078684
114061774455364.53 64.5054830224898 50.363590289353 -0.07348854852856623 363.93144752714454 1.341285398682277 0.00011665606098830644 0.0017389385420471196
108575317149186.66 84.184054169523 10.138289459141426 0.25800407066078834 297.12877712946744 1.4883121418697365 0.00029597059023996644 0.0004409470488907505
167358166013224.25 86.19703076891722 11.557058491814919 1.404339742876914 465.79411571499486 1.4006924317261007 0.0008702116030476013 0.00017668789766045467
210524537880870.84 20.943709040234623 371.11542064240336 0.5639030708662829 709.5129302116601 1.4249960049622574 0.000370330033414504 0.00996983890059541
153840102991561.56 97.67436457553023 128.15131917900842 1.2583906459264034 491.5879857269655 1.2923555574774077 0.0003940474289057698 0.0016776993340763455
3.865029898540921e+16 67.4733294363088 274.58115415421514 1.4716968387102838 14.982036961136261 2.081935777353168 0.00015243325350593873 0.0021916944076631993
5.4547074532937656e+16 68.32290707411266 284.3565023068861 1.449453029682531 14.608720177833996 2.1137399827721683 0.00015310155183815178 0.001858037903469517
177503966283461.56 61.1567715121397 42.50010341886872 1.4869812323508869 519.7430793824458 1.3258504365564692 0.00026805582401602204 0.0038844826283744097
1.9253620517962793e+18 12.492249724019281 456.3781025436913 1.6523134856825323 32.4307969430245 1.9361856376628452 0.00012126381258379953 0.00035641885722397133
553656972884591.25 13.92376897333179 399.3237548299609 1.2531465701177849 23.206296054806288 1.346627316064463 0.0008703223269979891 0.009077972635666785
96669590459801.33 93.08188727927494 549.6684796138607 -0.2492094744047549 247.67755697387895 1.3191414565624828 0.0008620508295639508 0.00040421274862493823
557165707474008.44 59.63642017996673 1313.1625229197823 0.9337200537139398 100.81177274054916 1.893820690607185 0.0001339050508675226 0.0015633140585662921
8247809760372614.0 65.82966729315291 199.60252985647443 1.945120369348034 20.625356809190833 1.9417866640098556 0.000955550360055577 0.0028927182893950755
4.36292738444448e+16 66.79947359436454 299.44732504583124 1.420234327330476 14.642635159056747 2.073567734107068 0.00014524736288798942 0.00196083157949416
104577944164216.67 91.3728767501562 66.0835991627334 1.8125514912137857 293.8699881524883 1.4767524575892077 0.0006246618513501391 0.0041864319799534665
114799270728114.23 67.23589283403172 11.894145179241002 -0.15609696242618273 425.7299130706845 1.274229961489374 0.00013390266745442306 0.00777659456374556
134037772334809.05 18.669928229161677 1026.9091269786059 -0.3041485213829789 468.3649609822885 1.2397655200434248 0.000907540272727288 0.0049150327844796945
77783916823461.3 16.673548844173176 1259.6447954584798 -0.38562314505794243 367.1022162568685 1.21836115917463 0.00047478260468819674 0.005462899868781059
128229265585287.8 98.67173300481903 16.694698724110157 1.0369520999818405 289.4601258990703 1.6149407285190038 0.0002998950817551425 0.006828528560327008
216819920018186.34 85.48525672559616 125.08613111445189 1.1115648264843796 593.4472709974934 1.3675624463673626 0.00041572226384088495 0.008993064497998134
111779300421119.11 83.53257142402792 18.511434957955455 0.5270867793547394 366.01522694317805 1.3197523080297044 0.00013049640109981918 0.00909372116882362
8272545927748220.0 65.60760129939683 192.58558006959618 1.9288701673350075 20.54208222173227 1.968173243426837 0.0009630768404514822 0.002668145403474981
118414114140232.9 53.73020717228179 180.07884597638036 -0.4837892223526837 335.423844567292 1.3755540500327246 0.0005141916468395265 0.007891684569322417
3.6724478651903464e+16 45.32351671243118 1565.2028188015831 1.0030421250233177 22.30000018268668 1.9546615331370982 0.00010725374323270658 0.000600415357354943
199813454239947.62 94.76652722052089 31.625940751466786 0.8437994193752427 628.492880420112 1.250109910656527 0.0005284232131504665 0.0059284633201334026
94525719968215.98 99.38005537803893 19.135446056319473 1.829457888017039 279.3616910878885 1.4235468616377978 0.00010146011104100512 0.001162024598812037
229852758315320.22 98.01991455743784 118.17408522772017 0.4882394879668426 623.4791728899155 1.32256075072782 0.00045755522850262736 0.0001537087796584931
10170535111552.191 42.40779832563981 55.78683683816158 0.24470324530149423 15.852359039197292 1.7042871085359055 0.00027414947712383226 0.005893456687929768
548493465721670.2 42.18209891514683 160.67405125631183 1.4269363395946235 36.90401902638315 2.0716646767527336 0.00013627680666538028 0.0009898288820874958
3.029333235284018e+18 26.106706098674245 200.69189361846696 1.5361460019346092 10.217597591174036 1.936134872426558 0.00011999184571118267 0.002530347988822203
286104950378118.8 52.95960595024555 196.87591633542357 1.9155258050503154 51.76173752564744 1.8549054914166119 0.00019792939928722013 0.0028353143097047985
128476600571035.78 83.19566352578612 14.368326412592985 0.9726699446617597 364.2752826878579 1.3713961083996746 0.00010947249678897489 0.002673199544601086
133524446826326.27 72.86584906563336 15.434769865466588 0.7678038112548663 315.9469641075395 1.5575346309192741 0.00012169453644969394 0.006068769792614451
126132023760784.61 93.21450058670553 47.66103933059797 0.006154012645616214 395.2048159914542 1.3723066376193573 0.00040717165776830115 0.0002824886791673699
1.0463119237651414e+17 50.475092378492526 2823.958921080464 1.0018782859865065 27.979998800598775 2.0761106572907013 0.0006537174746070232 0.0006368989135443698
5469040326045829.0 0.6087433053069091 263.04962275653367 0.3977127134250957 228.9001963657865 2.1190957284280247 0.0007538845338238208 0.0063633383897425295
64453650131492.734 40.03878963703024 13.324953154947597 1.6775272233413634 14.498554603525843 2.0431573161459715 0.0001280786987276593 0.00786627746078909
300732628280857.44 6.082329050750069 1102.5229219337157 -0.09494239441076868 25.317920892219178 1.8524016118810687 0.0004994255665915322 0.004778326052255465
161452010218006.47 7.787370336207346 479.8345061850351 0.22871602378896116 725.1729189307131 1.2924333179573675 0.0002802575719463763 0.004342666860850865
565780725129802.8 9.372625053016407 12.776925854943501 1.080473560130609 43.789475194572404 2.1205232942394905 0.00024523972257963514 0.009288778269689726
154949168504114.9 83.44343278968951 744.7789152957238 -0.3163628033731979 294.4706436388 1.3342237237957595 0.000728709177930082 0.008103723406373572
1.869307516210078e+18 12.536214452832432 461.22677650537725 1.6528478958529473 32.77840343693826 1.935905419711607 0.00012160963996858558 0.00037673034955506505
163759470769844.62 18.98869729196636 125.713849551287 -0.21698977507463102 501.8001743302593 1.3939675785911325 0.0002057487255780138 0.000771703646850197
112727187945147.5 96.27669240873794 25.028463792677538 -0.16399522075671347 351.83118168371107 1.3360005177190186 0.0003175769016301555 0.0046846609407420236
187720591806713.47 38.66289699425037 23.64303095531938 0.693319442970785 600.0272189190995 1.2827634406325379 0.00040430909124619506 0.00015672964045460107
5.601272110746372e+16 0.13182483319623373 103.23089624174403 0.06312293825507942 62.00443853237842 1.7452328913599942 0.0009618942760288565 0.0009888012624978484
135899265421442.98 68.66434970022362 324.77496571069526 0.4110943037148964 440.5870993475609 1.479934714247761 0.00013774918628220513 0.0004974607612148688
3.738033842119745e+16 68.2484662075106 272.097921728602 1.4644690282676298 14.880209617710317 2.0750738760045366 0.0001545368149872936 0.002224018132260322
180968181587244.12 14.898753757289114 15.91836903511479 0.11475346618885673 370.0021555729593 1.7933054765622698 0.00017928036495222784 0.004351524563815922
135807596824356.36 34.3855009202653 35.673853390635344 1.7157277893058682 437.5441278379002 1.3894637812011348 0.0006781347766254574 0.007463563089739267
179108644910381.0 33.01204886849801 55.1709504073312 1.9301210451874415 539.7045709985478 1.3693680328907987 0.0003855517150778939 0.009453965380207641
3.695848711215114e+16 0.2802219061449378 124.0136057923835 0.10010090166324637 72.89560466706945 1.8004423080869487 0.0009078373265130513 0.0017567892703620113
73386370513939.7 73.12211616610125 874.3638952029049 -0.3153319763111506 144.4244682925439 1.651816230864606 0.00011927389639277878 0.009640168121922142
164243442100550.28 29.712872365399434 97.19290324058062 1.0578814506874137 546.2649641416302 1.3321582869356237 0.00020986953738717215 0.007460386699362097
75284316473292.27 62.050856998755236 170.17528516225588 0.5391484947350788 58.706405900849155 1.9692887160717971 0.00014429423066999596 0.0048189817125894
190357655908508.03 78.42577170000094 866.480820318763 0.37773505421155606 687.5120599267974 1.3269406608670333 0.00011571570833850349 0.002881578227638619
748271445425219.9 13.118653210557962 486.2742309557718 1.260480649326668 26.548833269626794 1.331955978135176 0.0008584932938387165 0.008741068679749088
144011848634697.84 62.732674914463786 442.13051703516714 0.98875803674582 595.4050084702585 1.3745748049793476 0.0005230124878743405 0.009434875985309765
23239160356065.504 50.53024098791858 42.91096389432285 1.6042058367663856 33.534795852154744 1.826133606991493 0.0001360644622172332 0.009107907753350668
28410431331291.574 32.861691590801975 676.1361684647031 -0.40592285137304496 127.57474943624638 1.371022865141732 0.0003715544107474222 0.003956066311743963
103272787542128.06 40.12068743541974 1686.7603485143813 -0.17909990280133736 343.3075850107945 1.3770362089859078 0.000332564478060394 0.008470942922464076
118961119112350.39 97.08735789318521 21.618474549768095 1.7348043368962773 413.3809063093925 1.357092895760874 0.00020703294030614665 0.0058821352512992255
5.1835510988000314e+17 75.10323405557824 2725.575345579409 1.2830665425774486 21.183938746065973 1.9292622481303694 0.00026333884310668793 0.007859458595877767
138425266541065.3 53.92906428852147 226.6514942169109 -0.4549687459097065 263.9727351547116 1.5420149796238571 0.0002279058318951128 0.009897811784637155
90875185051434.77 93.36874016305106 263.96365260243067 -0.44913194207204116 101.68946137844898 1.682086693496994 0.0002964892307979733 0.0020015473960270855
58492880897668.125 39.19788193839533 14.212720851150118 1.6410202756338024 14.808966128042778 2.0331734812136766 0.000131574813080964 0.0077859941776876225
124166154122307.58 12.074511075885091 486.1550951344971 1.0543328575589255 49.1905332375658 1.3896690797479276 0.0005850098834776234 0.004837997632156539
465270671357563.5 6.966416124835497 24.404116521896057 1.382784210305445 27.924350517678633 1.889295854294616 0.0008693551676794281 0.00951018423764753
89477120377884.8 57.44560831625758 42.969294548241294 -0.3918426076397705 274.4784740841995 1.4603190945088207 0.00044895655905686984 0.009363437135984724
77301372510695.5 45.76084720655726 30.093589185292842 1.2133314659084196 62.857428323351726 2.092032027658783 0.0002578759177243735 0.006872419951888563
204442161860753.34 86.69186438765269 2761.046481271835 0.24250641679412294 596.63836026485 1.361068013646992 0.00027727730980561566 0.0084455529411988
205464662103087.06 15.725039569226652 22.382799464289732 0.16245150344901416 681.5122256255571 1.3711732797918663 0.0007421311828432898 0.009367570947608414
5.6455997531696296e+16 44.648666703144634 1980.3135799910112 0.988014362184189 21.706507315722227 1.9290140949637653 0.00010557750407862514 0.00042521189940700286
110420741338533.9 54.04254631809721 536.5502575170377 -0.4530585749970617 221.5570166686594 1.2644901114633573 0.0009870150681680235 0.002669646616264644
170015547446891.7 58.70649144181509 11.326409136083019 1.5873730585409078 547.1954626616637 1.2682218736661044 0.0005135351078557243 0.009790397241115991
153089952670552.3 44.67060633204086 56.05360052272862 -0.4642099721033395 487.6672218144229 1.3570390788308258 0.0009014194304635927 0.00954411766283751
1122368801630722.5 0.8231020710786335 1020.5876801199947 0.20534313265329163 54.69450091543218 1.3962253392719375 0.0008361945996411964 0.004356764512024025
1180028458042392.2 13.147926343037511 458.31334998945687 1.2246361814623037 23.018218520169444 1.3758807191612454 0.0007698195423152922 0.008166858164133126
92911229792514.27 68.43349868975476 160.37206647754405 -0.32107036295243074 363.65547791914446 1.2538748245402915 0.00017779386203764877 0.000712538540252777
108501468111005.7 83.39500402127129 63.252949708248174 1.8280660837669052 321.23883530740534 1.369969982298219 0.0003741256370730115 0.0003510362721984789
126255330072831.14 60.0977697885849 38.86279604537336 0.8306017476925325 424.9739897839448 1.342794393462821 0.0003908701377659924 0.0031630855132203147
1.918931950931914e+18 12.241830351846485 461.95361513238623 1.6462887200337422 32.88736319307282 1.9357351433354721 0.0001200437278827978 0.000318480766983377
201099541953900.44 9.15243556816904 28.1299153681203 -0.31641449505024843 662.6716936743015 1.5257457887603254 0.0005228693011013163 0.00276374384258373
145389645232618.97 49.929907097654706 32.74156328237041 -0.34715089554948864 429.2875757535914 1.397834179573611 0.00010196303427212514 0.002887986677134962
1131492251447134.2 15.802746540782358 552.1341946668396 1.247437654796675 25.944145452041475 1.397566561768946 0.0009349366124556892 0.00907535898154318
90397801142909.14 91.15132282502194 297.71320541529894 -0.4497617223156267 101.71130126382025 1.7210082400965319 0.00024135081380558925 0.0016814717561411477
7.218435468499511e+17 78.85937789834716 2283.615318183604 1.3236607078765033 22.518734481001367 2.0397020806904913 0.0002832236991847371 0.0077238971043081806
6.569728562337856e+16 45.19922722150804 2067.054679139575 0.98047395295263 21.267195937270227 1.9397680863761024 0.00010172876363270024 0.00032025396910891415
1613988498159924.2 0.7166508042438784 833.9836282324273 0.22619347645797638 57.05445959954256 1.4118562180556438 0.0008698314799879718 0.004145111369262456
71673357890848.42 38.54199585372839 13.043386984857282 1.6717560174000705 14.098804269659743 2.064067210338786 0.0001274762348186658 0.007697113053454442
141343647611504.0 59.732889833772525 235.5039882289184 -0.29707111094607086 385.5657026770028 1.333272470409762 0.0002647689792403578 0.0005714806988443115
3749741570122476.0 56.41063865137258 1319.4087512572316 1.2846805944121873 73.16384800753343 2.0162809281662644 0.00010908479437109022 0.002239917098297824
97947336873361.88 82.4467605181224 41.64944108399005 0.19030646230188664 216.61390544708465 1.6435982589983928 0.0005484322533587987 0.006216166591365216
173235244193956.34 23.070212658787135 150.1853125228838 0.47957649029077265 617.3271518217397 1.3467433608970034 0.0006852169070874259 0.009961463958569422
136640524440480.81 67.5955031999853 64.04828951142044 1.6052742300373672 315.90417537178996 1.696954700735838 0.0009286088380078551 0.004721522019252496
983935425899914.8 67.87093865363504 268.9797119676319 1.7918437396419113 43.00239723359005 1.9659603198777125 0.0008030886300932142 0.006541128685558881
110153763359860.84 95.10648186276633 510.1747258253005 -0.4213126944719481 128.70112373770252 1.6578705917469039 0.00022459536654708147 0.004489207271070673
93707189378132.72 70.23639757834886 957.3891210833182 -0.26425256643950346 271.83780618685756 1.2973326359077495 0.00013260071231311764 0.0054984665231922365
126136168827118.56 84.66509806892775 122.1488534834628 -0.24584304051743833 247.60347605346598 1.7514735766816907 0.0005477711965995077 0.005896155541665686
2.6942512435160586e+18 26.439315964636116 207.21595311903044 1.528811152404519 10.491796591607134 1.937552269821638 0.0001208469163963944 0.0026026589484197016
3.6840086961906854e+17 40.79858779485045 1970.7662553828554 1.056488313594852 26.679416288507856 2.156251164344019 0.0007491752775079577 0.00017030077813017094
4.942240010745943e+17 73.39314844272226 2752.382510523988 1.2791022257008096 22.225561890519398 1.9413005294037804 0.0002912357706519704 0.0074118475566546695
123761831549601.7 92.02801119171536 23.03097260419538 0.6074540114910966 289.4630681289088 1.6050232013624264 0.000984045517307346 0.005341466273931619
129089874181997.56 78.54598468859537 76.22783840691385 0.006761130595209108 432.641259213088 1.3038972715574162 0.00019957994822732302 0.00023151395684164978
139387827351828.62 76.3294425284646 25.785348132438457 1.3052808796349522 364.46915252914135 1.5244233982204713 0.0008309591497431705 0.00250082810185514
128582648988846.28 62.116204977784356 218.1744095285929 -0.30817454883427453 323.96506341148836 1.4100790072611067 0.00052544756545415 0.007320779469227258
179164112098492.53 49.81541751316877 40.87227560313863 0.028357674405985023 639.139364043796 1.260916113984422 0.0007457501337400536 0.007975521177317766
47246819122083.94 17.159415034139442 2949.4739116053947 -0.41366241403513293 256.6005279595571 1.3730940389781798 0.0005071495213962146 0.005858271693811928
147457608622731.0 63.175253346053 204.1926353081592 -0.37007351266736965 453.64145892748115 1.349489672229568 0.000764715288750707 0.005064360739822846
102671730942982.1 83.85384092530181 219.6730944990494 -0.4455015909765826 118.50005796001291 1.7046545930483181 0.0003112409821606353 0.0014531056873982643
182014269993022.1 34.323343606010546 48.41447087790039 1.7657968366020897 462.65098958493553 1.686804306002539 0.0007944240132712753 0.005407927527049059
71594259836199.75 40.399039086148 217.3292552212222 0.5790283816317241 319.2610094042123 1.4116738494286711 0.00013210808831251125 0.004302050988911489
149302418308447.03 33.37026444499329 712.4309411353727 0.153297648487288 509.70295296643263 1.3744338781693002 0.0002446245012029229 0.0057299639366966216
120593201470081.8 89.18844151134859 70.22894976752197 0.6038458463069867 331.8095969439556 1.457941861315774 0.0007192414549686973 0.004975422670544396
5722302078043776.0 59.49618102076356 219.59066253602657 1.8499259485489739 21.423517762961612 1.8848129557508992 0.0008972026346402923 0.003696286175804054
122615215201288.86 75.90418197913247 53.60160905115857 -0.1355925336717596 380.53299383467447 1.4347886438127437 0.0008096350593052529 0.00860340889441771
3.484414900089602e+16 0.29251977815324515 127.84570206479543 0.10740078483089543 74.53034291589006 1.805515279939351 0.0009040380497914714 0.0018642904984015798
945030359736956.4 35.466058088778894 1299.7597317931068 1.3268712419716082 120.13162996454106 1.6987507459893245 0.0009503583891045555 0.0017924221305063875
85921253738101.8 91.14023811713722 691.9631252237601 -0.25588197037784416 218.52466366363868 1.3349143410538262 0.000753444230783447 0.001558595802454924
103621671189552.38 88.96498255827734 21.64577577023475 -0.07599087382211478 326.9908365702161 1.349716964916321 0.0002605132574277348 0.005019337057185638
8399919555433482.0 66.37169584547401 183.0312766004857 1.9494601638597595 20.31297538724215 1.971563998975121 0.0009839831141979043 0.0024416140586759377
110865553457479.28 73.06973295818067 95.50835241987116 -0.48238359848860113 199.91128859987074 1.7472361444214364 0.00034298371843956434 0.0012348152757274116
204222675344953.84 76.71894697617346 1184.3841351569747 1.1337827466149986 53.563229756280975 1.4680461830504692 0.00010145166953169722 0.002936194793366563
2896758591604812.0 53.40140116836234 1547.6597717172917 1.2439064969026679 85.11663395199993 1.9711657665523252 0.00012055054813480232 0.0013169609106024136
268041646003368.72 40.79915183278127 2397.5231074143785 0.2386225706705199 848.3965543142253 1.3944278094246216 0.0007143990159187299 0.002841570975445837
2.0598962669886474e+17 22.365696312125408 1615.8722235180728 1.7358554889422357 68.46650999329758 1.7626524925554485 0.0007259568191969729 0.002058460396845303
5.4547074532937656e+16 68.32290707411266 284.3565023068861 1.449453029682531 14.608720177833996 2.1137399827721683 0.00015310155183815178 0.001858037903469517
128553768169593.28 41.247340187700566 23.46582363125266 0.5480254569231966 424.38171651806687 1.3843555465429933 0.00082597826097025 0.0002496488895622343
515672401082184.6 6.123273925213319 39.7013889832711 1.2251850067195633 27.20800512703746 1.7847657041840377 0.0008473746266330502 0.008739318246587241
104055033267336.42 95.63649448659838 16.35966731477828 0.056632728611250904 394.5041049351238 1.2665828815363707 0.0003854867621628189 0.004774968214941838
93878718276380.77 85.22811837117933 27.144294954504307 -0.1505627389937626 188.81162560828508 1.672864162775987 0.00040175549974568565 0.0021686523936636885
66385216051748.445 39.326744747170345 13.693060842991308 1.6597554131286387 14.426133717438406 2.046530265965703 0.00012874737344496193 0.007826815834901765
193909976412739.72 51.55795635224338 167.46850490834566 -0.13082828212692593 551.4317203989734 1.3941030262573821 0.00011122470901693195 0.005031110508026604
177497835732339.6 67.17843914087621 162.5441618209305 1.5559727297150798 506.51596152052343 1.4665364725661405 0.00012245785921675183 0.004000332036896583
102560321229555.34 99.90830760527152 204.0725679476001 -0.2061617716685864 219.09586235941927 1.483920034406243 0.000568019080734293 0.007032875005150091
121197725130554.06 15.62284233669645 1190.9516614239444 -0.4069944993041248 382.3400123889981 1.4471024687263974 0.0009482709417178015 0.009820808076125889
3.6840086961906854e+17 40.79858779485045 1970.7662553828554 1.056488313594852 26.679416288507856 2.156251164344019 0.0007491752775079577 0.00017030077813017094
1741289923932744.0 3.746741506962405 297.83946148761135 -0.3339770709832964 51.70039495139564 2.127609166110968 0.0003566503684691045 0.003761597483283829
423623935390159.94 59.075132737819935 189.73085458863602 1.9803814475315664 45.75105306558602 1.9076567332621117 0.00019054230791125875 0.003069372951137096
103902279516793.19 54.78946669176891 86.93102681947381 1.8797517396306234 309.909370276484 1.4402965332646183 0.0007454716847967188 0.006346181725528046
89416629936125.73 48.75025198165718 99.74231401780926 1.949011774467935 20.898603061966714 1.5723228160327969 0.00011184999543409494 0.007584252242656893
951498022429112.2 36.0745676446743 1295.5552793751895 1.3620382584674642 126.36024345708908 1.7026885048824585 0.0009745626300480859 0.0013956681826538635
87643859774996.52 91.80724141642455 536.1419874580278 -0.23854094439292034 235.14416032940974 1.3171244520734502 0.000812265588474988 0.0006810478662202697
117592889657233.84 77.24384960635788 99.42598929256316 0.03504374570922114 389.3691096775501 1.3700725775813538 0.00017515752135845712 0.001134349953937589
155266963937369.62 91.21307919729203 55.76388653918241 0.05878744632271693 463.8799663144183 1.3049896364532272 0.0008015984552600058 0.005522677620102626
122576034467351.25 62.332188072754164 215.89829589349225 -0.28927397811726574 315.3110476559489 1.470829335057679 0.0005317769914760532 0.007964497128546992
99325969332787.81 69.41760370812952 16.64803928136517 0.059009533198341735 359.2251270905095 1.2893914116089653 0.00011911513428199251 0.0014740163762496528
206018699775418.9 75.22025570770354 1386.0291805668126 1.092229684002103 56.64737180835791 1.4566457064358782 0.00010887952024804473 0.0025923209211951657
117662939261486.9 19.06832708482215 1078.226692418801 -0.31272984897689493 445.40972615727264 1.241866792930216 0.000869152504575993 0.004892862492110118
144024881612918.34 33.11691500630994 56.85232202491182 1.3073597437832736 489.6509884003395 1.3975047071015885 0.00024539410341827065 0.007270920725331463
1.8127007075201441e+18 12.75488492591137 468.93776952997524 1.6548195949998559 32.993219794334635 1.9317541141179957 0.00012632228538937668 0.0003966967730882776
161657258355586.1 57.920906439081435 53.96532627296576 1.2398534040480385 542.6592353724338 1.2720328370908067 0.00025073505484603475 0.0053922681294052
72313798836686.17 57.08377762419867 1219.2084108689014 -0.25763381395743684 213.80648344938547 1.4669684594044416 0.00013667298436882236 0.009924245164994981
102714773860729.53 87.85726343210132 29.986799953153007 0.7009410075936584 261.8495762998316 1.5464447236896217 0.0001861175547463006 0.004407601076747326
78269993794425.77 60.52874570286508 1740.360526354814 -0.10598889786243065 172.99937045294723 1.722123460285967 0.0001984017104089991 0.00809382772623804
5469040326045829.0 0.6087433053069091 263.04962275653367 0.3977127134250957 228.9001963657865 2.1190957284280247 0.0007538845338238208 0.0063633383897425295
67482711264114.305 92.72584688571028 11.761996524685792 1.9757104098132596 229.93360917230473 1.3977275648143415 0.0006079609848242301 0.0028740876600343874
1.1068801383287976e+17 40.834208152084315 1789.5122053863445 1.05457143502121 29.788768978217007 2.117731389703284 0.0005410489344350092 0.00018542429760210247
210657328010580.25 83.76230708200968 119.45347880410363 0.9409055582874506 617.4701285367597 1.3067944865903613 0.000491503515197395 0.008364700203804521
56433649222659.36 64.25235169345991 531.4753581869263 -0.433323672071771 79.28878708076533 1.845958984082473 0.00038062188171073 0.008255823874074662
3749741570122476.0 56.41063865137258 1319.4087512572316 1.2846805944121873 73.16384800753343 2.0162809281662644 0.00010908479437109022 0.002239917098297824
134965599533557.3 23.56477534622774 40.493870624375454 1.397020933007494 500.83320537600457 1.355185040954719 0.00027429137324829996 0.008307213430220044
127915596498661.39 58.79373836036951 129.27112174786 0.28798260659757935 416.90082621834347 1.3651337766910194 0.0003143468146951141 0.004469385139551812
63445705599107.695 58.936400688119605 153.86877502400804 0.6882076191895036 65.22592660261031 1.9123053545208202 0.00013215737742730796 0.005099176812119791
1092423162696695.0 67.17883245285734 279.0465600938648 1.7724182974914284 42.503122254425165 1.9693972763497902 0.0007870573910639507 0.006406708885612556
107173428368487.53 45.17452841295313 86.78924001939912 0.8065713223054345 359.89508418118214 1.3721698669768139 0.0004497883998981297 0.00020823577240513137
247890513907824.84 84.6393055510046 2704.704849615152 0.3014289141380828 736.0267559094638 1.2812034296640882 0.00020727725574512708 0.00960010035721083
117503505758349.05 84.19085103514502 13.157173463160792 1.0223656339556173 359.8939701415932 1.3702737667175122 0.00010877493603412269 0.0027096865099529243
63139899142974.54 21.12761995906131 2360.8083639844117 -0.46019489424375215 264.94693659437075 1.3879505489726347 0.0004921166371185573 0.006834898607849748
143009195625408.4 57.80774832296947 57.08273405488539 1.2242240869777656 480.5389503642228 1.3255240375478041 0.00023411990364786853 0.004835012142044249
120387804796415.97 14.221602664840148 627.439394732885 -0.2565611087542292 493.8384229783785 1.2077279456536325 0.0006730144401514443 0.0046798268018963494
3970188328916247.5 55.509533031161396 1334.5747473610559 1.3078245523284866 75.59824234426348 2.0155099453836294 0.00010660433724117173 0.002263099399926023
1122368801630722.5 0.8231020710786335 1020.5876801199947 0.20534313265329163 54.69450091543218 1.3962253392719375 0.0008361945996411964 0.004356764512024025
150871386612051.62 67.35458766487623 270.6862430369699 1.0638381422466137 551.90045421944 1.330987822428248 0.0005842230467646808 0.009112556354758822
192410890871632.38 31.648074813244165 32.57059709924902 0.3890553232873015 597.6471313357666 1.3483514487823938 0.00015127784431622485 0.00465250748784365
161163880821270.66 84.06503351175579 218.46871566598915 -0.45009209562054875 499.2347232679606 1.3006431359507056 0.00035390289943749764 0.0016991169005595086
180394460519383.2 90.91995601004095 13.582798284321466 0.7363175961136377 422.3683946433933 1.412300318453568 0.0004941128028755252 0.008007207734745602
155292486119555.56 92.18965685874976 88.41528572175517 1.0323389064203754 491.90289923006344 1.3550486758155669 0.0007261596182443043 0.0009920405116117573
3.10141740608241e+16 48.86554145328016 2429.534062463049 1.1935627698765907 14.13581048256786 1.4820944834824803 0.00010294860351326554 0.004239541514646498
150681788418090.97 82.34456039237509 192.31504200118803 -0.48752067869381266 473.16246785559287 1.2601350914557583 0.0001931181726428313 0.0022128071982147
116674557109161.11 67.72666860215352 32.42614271484998 0.3372232606054897 323.06222867545114 1.5003877585042227 0.0003924516421049096 0.006448295194877723
177809509131183.84 36.76734021970897 61.05758800933941 1.9124705362167886 582.1837485076933 1.3419884111983893 0.000434417632585531 0.009102028107702569
68140895195367.555 39.16396259207051 14.933681053342697 -0.16705264295547234 278.3585959392484 1.3233044087555828 0.0001316859427742129 0.0017809011378122084
1.3845681877487782e+17 33.838940867312715 2706.2219070897613 0.9349434218676929 33.01774418992257 2.1412530140916903 0.0006736478577729318 0.0013481401561747245
115237769114715.8 54.96900457470621 56.30972417297304 1.890064964868544 352.3237073215999 1.3977751014681576 0.0007317365001066597 0.006003754266045248
107299602333347.0 16.904508737847426 35.20488857721527 0.4819636377892933 453.5993739893831 1.3302751475829828 0.00013606952737268217 0.0043507512900349205
10432920923210.297 39.785064099644984 44.14982754602236 0.3010152006971748 14.590120196222337 1.7127157134217452 0.0002987926712622453 0.006207346055908353
541929511547283.0 9.185201664973558 13.980597153756667 1.0909661203894923 39.61028101209186 2.0902621353081225 0.00027538570452425996 0.009259612857845014
1.3347702821938056e+17 60.76123050442728 742.3899570521957 1.6718520006352242 32.01473946646293 2.096252913511193 0.0006910794626604813 0.009115185513116408
537313623205143.5 8.958748441048158 15.854343595356644 1.0246717586789171 40.548691769498866 2.0883308434193246 0.0002556982923509045 0.00910091219596236
131212902654696.27 84.4899014950573 431.35930069928827 0.14297363573929012 362.7208046121154 1.4978978761422697 0.00019818658217502899 0.009173423543763165
276569151058327.66 57.03070006603689 171.88350101626952 1.9903030330811662 50.02824746893753 1.9013491857872595 0.00018916421695470737 0.0026245549605721083
184667113442367.8 15.563351321324035 10.506991061804163 -0.36424261051156104 725.3146657363712 1.3105603822206637 0.0008703174684053491 0.0019866486645233753
78897911478060.56 91.33326861488133 13.398273356015427 1.1206232736214248 344.8003329300026 1.2133622296488842 0.0006636154803457487 0.002340322786746319
193593501412006.72 35.49696646775144 95.11840957238434 0.255621993577076 670.9569981256122 1.254600593320958 0.0006830585148770008 0.009997772086767227
2.747920402342414e+17 19.772085431063566 1631.848086771103 1.811814684103696 75.73550385880296 1.7388928818751406 0.0007746250939388822 0.0017690406219740978
49389633625643.77 40.478954194419856 13.278087292266452 1.6802694315244517 14.29825724000518 2.016631054483349 0.00012319111635152562 0.007971705060760267
5.352617471128948e+16 68.24434941529408 286.4101307509421 1.447301334935632 14.7351647480789 2.113183113095552 0.0001534164942768824 0.0018889396915730853
190142848729363.0 35.04866294596259 215.06079275187474 0.5204496862072006 622.7983543716479 1.305488596038522 0.0002493702795434598 0.001475860623777902
94573785241076.55 58.33931221376646 169.3436273612061 -0.40423816216132274 191.6060522521017 1.5336574490547172 0.00043531795670044934 0.008958267888802177
3.865029898540921e+16 67.4733294363088 274.58115415421514 1.4716968387102838 14.982036961136261 2.081935777353168 0.00015243325350593873 0.0021916944076631993
184667113442367.8 15.563351321324035 10.506991061804163 -0.36424261051156104 725.3146657363712 1.3105603822206637 0.0008703174684053491 0.0019866486645233753
78387054745562.23 9.215107746640188 988.4002223991632 0.03857755761835907 13.39762382214009 1.651047114874713 0.0004448712863753841 0.00551711907174612
136188553705994.8 83.46778848465999 26.366794980333083 0.7053139252975051 313.58892551480204 1.5887944143547723 0.0009047769948196396 0.005583351055233841
3.034848154602753e+17 19.803198627571298 1661.051836218929 1.822754914039459 77.9040036437945 1.746858396128201 0.0007794256316937872 0.0016664136206256187
142282336214038.3 78.61977487434862 114.06027725424627 -0.4142312311536477 365.22751884153837 1.4884509846314458 0.0009531226882374095 0.00989547044652283
132105629430615.0 62.33856744521407 57.675666525080565 1.4689365442796423 314.79438959252127 1.676854648954084 0.0009546586164288201 0.004618917038590506
60381938338794.95 76.74714008821864 458.8213508533493 -0.3041084282083069 77.72367946307244 1.8891933610989033 0.0004041199168594734 0.007900468293592353
2.6922195434965197e+18 12.771261536070455 448.07280770682405 1.6705053675041033 31.953570968391496 1.9584685561713793 0.0001131125798475525 0.0002067696305091799
12464386592709.32 43.03905790776533 60.160225642800064 0.2782660046238949 17.59847158965609 1.7215987766384007 0.0002801962324488035 0.005716422129845851
153184685498274.84 46.70204977810006 147.65013337298822 0.5935516999043906 492.9438629717901 1.3811034607727182 0.00022080522926213157 0.003823386247468491
454532173194120.0 9.692909571859929 10.548031217142517 1.2167534339240358 39.55581701461684 2.0747766859757544 0.0002462000056995142 0.009865003561763678
148174721361848.7 74.21482666066096 321.4735555071411 0.04598070710741886 346.94175079788255 1.6794032596738069 0.00022428990133347026 0.0006423996350050729
129993780120824.48 39.314113659752174 675.6708326150326 -0.33050561860848404 360.7783367310854 1.2583670542640015 0.0005643714604032457 0.009821051598678054
550388425480040.5 9.224157252248393 12.720419114009719 1.0822596241180669 43.297095538957166 2.120077947559687 0.00024528227810135953 0.009302404795923301
1122368801630722.5 0.8231020710786335 1020.5876801199947 0.20534313265329163 54.69450091543218 1.3962253392719375 0.0008361945996411964 0.004356764512024025
167343174951161.88 82.17322751910757 525.2774577729966 0.35194312170644226 513.1535080703794 1.4530969334450936 0.00014496024389973642 0.004507064709431187
73153806091865.31 38.129209714075444 14.09961255409087 1.641685221051747 14.436060671048319 2.0587245562137464 0.00013076877050506025 0.007661099587414914
122136110187131.7 42.173321566332746 22.76053226739862 0.540303879528254 428.4375544121892 1.3784031512200214 0.0007915927447295221 0.00029113055197460373
3.2794562672189276e+18 27.80290789521036 225.53647340146549 1.5594533863162294 10.437458514917248 1.9214129451819941 0.00011589095254886044 0.002584420280552454
40375705657063.07 53.33974714510266 131.93202486603082 -0.3110985792403341 92.90236173805854 1.5846522784537602 0.0005020052811138649 0.004462832807739674
163162929988151.94 83.70749725618236 37.12991078385798 1.283890562195184 590.0715257577796 1.2025768938720622 0.000226013566317724 0.0006421005143755851
1.6683010085921597e+17 63.81031581939772 754.96095155233 1.6963386859603147 32.85901137853263 2.130278184222031 0.0006910423132476423 0.009263826660707212
144201295838364.12 60.34396584223493 69.65958690709174 1.0017344813430342 406.2705328163373 1.4337844828838338 0.0003483606947094147 0.0005783110464070212
102054440432767.17 94.13973315673817 904.4330858627486 -0.17920703911885716 245.88239669547863 1.415192763988506 0.00010677369523599958 0.00889789753411598
98624967949829.27 65.76745640457413 20.946120811294055 0.05783612057916221 362.73565904485173 1.2810705579407746 0.0001406918304540882 0.0016339203004722006
57403882196540.586 64.07442889811851 534.3886046293072 -0.20983136137824054 98.42164344102635 1.7758501883800666 0.00042999138878988495 0.0070984354733136384
80650270363842.06 62.43855773841705 1426.0934177314 -0.22899430717908922 194.26325716566814 1.6283354212260996 0.00010709952407839391 0.008909631095096567
88679219775671.38 28.32769765443865 756.7580230716453 -0.21623614604516622 283.00192678402624 1.4214647897580994 0.0007740791531169619 0.009177778648454638
107532574343333.62 96.8967094106547 18.998856738862088 -0.21893383196632166 355.52097953506933 1.3080366571599484 0.00029347152236655594 0.005430656398379429
111002442057446.22 36.51562357702771 87.80073871207269 -0.009432677674235168 346.0265557556195 1.4249684028290155 0.0005100295052231764 0.0034533318482117157
125723612140258.11 63.04612163017235 12.359194852881767 0.2455783854122779 392.2300162002505 1.3861465149350365 0.0005093956490995557 0.007280885674353528
2.38979295881917e+16 50.37440562805172 2900.0168394200055 1.218911119706577 16.169020547707934 1.4470392588694112 0.00010359354557351915 0.004711621874314323
2.1585039073056668e+16 0.7360397775066412 514.8129560158566 0.22013990469727585 75.96868681904765 1.7942089226493803 0.000676094784790589 0.004641421779049522
63293221165817.414 71.70637215610206 1945.7983063985248 -0.2491639127623444 180.2163413764036 1.5798557047471018 0.00010253970468701542 0.009372121927372551
113324948235079.48 62.49671004957874 453.88216230071424 -0.4579351570902649 195.60854242847336 1.3261819520954812 0.000994615249739323 0.002932785992365107
164115237936228.84 68.9721798889659 240.49038835900785 1.204134300391421 555.9236147618819 1.3827169775171833 0.0006635982350502255 0.007810294775444186
65007100454877.52 39.63033704010221 12.210108398911153 1.73966943101706 13.794218184776206 2.056437348907987 0.0001245615272940317 0.007831797465784895
93163814766669.98 94.17285330202829 555.4757765716644 -0.26752543681221586 235.2082878605664 1.318363517307654 0.0008142563887364156 0.00028622103336809184
111109698117584.25 58.765490018051615 442.9178219405341 -0.4111615962602807 231.66364454971037 1.3078661564784029 0.0005591494196660051 0.0017575657382017775
1040252627802894.4 37.37689472024731 1314.5386962661776 1.3858205742284175 131.1189919716966 1.7208695291371108 0.0009865412801894607 0.0013205709943010589
2.4313293289736064e+16 49.868668445522985 2690.5576189650533 1.184113624399116 15.948742366577402 1.487193157738858 0.00011335173101638873 0.004704621855034596
144615645061751.0 66.71851854995126 36.52600171555501 0.9567574100711561 426.3455015598371 1.3899908674500443 0.0003699088965735956 0.002453096560739415
45014918868038.055 42.57844569114396 11.748801729007617 1.7843025164692086 13.74514106833192 2.00855059808611 0.00012106180342324171 0.008150707784157166
45136625083177.39 42.5658837463429 11.76776462455149 1.7795685910291728 13.8552904558601 2.0070538376108775 0.00012148582074282594 0.008138656689676017
220700269488877.88 38.565247351829946 1042.1908385100992 0.005600393053295072 812.8914409600235 1.2404952194737966 0.0006652610513414375 0.005859787801179864
71720357533134.69 61.16356760560909 156.16365416798723 0.6295629541005527 52.807828479812045 1.9750851579116269 0.00013743845626156781 0.005060120160325918
133079295952836.7 62.13771983106065 133.6328756368576 1.1716103195543996 490.99818847611596 1.2922795140951235 0.0002581441547907955 0.0022892369883596043
108249880074961.12 17.90432241941265 35.65851672076048 0.438639507616181 447.8340638116616 1.3394978155437325 0.00013891152651615305 0.004247226710053498
108650685693997.2 97.92801467143232 23.889009911184427 0.6913771715288464 249.3264264867449 1.6229391522365686 0.0003044556076905816 0.005261412934316389
136069853520589.12 70.6105165107285 203.6734783394909 0.3918260750741125 437.7055828383559 1.4334460062646217 0.00017773406260468178 0.0018393632571320857
83009544002200.9 94.03744210941437 34.14168644183233 1.0875450752008673 269.5093927922105 1.371983165521654 0.0001552374402634396 0.00212690636313901
1.1992974919561146e+17 42.30249792023322 2451.115849066263 0.9070783568409956 16.6947491347219 1.9024926919498175 0.00010411377697597952 0.0003377114084343149
131900319989251.83 87.3456692192492 15.264645810510475 1.129876687679522 441.88714471729344 1.2815703122526199 0.0008716674106118633 0.006420913940627631
130160947893951.42 79.098731588043 96.12631918253064 -0.00571299506153633 394.6021861038667 1.4111976393784573 0.00016261166887536545 0.001406029579893128
138298291944852.1 88.09674006468644 19.85711669196414 1.0768764485265852 463.42317423925664 1.281602293155626 0.0007456865972165772 0.0060504408132774044
5.45086362807911e+16 68.32314206296167 284.39488684449884 1.4492630749194086 14.613428922709522 2.1136500339858957 0.00015309909084846218 0.0018584391882971356
3.034848154602753e+17 19.803198627571298 1661.051836218929 1.822754914039459 77.9040036437945 1.746858396128201 0.0007794256316937872 0.0016664136206256187
139776791870985.84 55.55736517285868 17.596252274485312 0.33372694167353895 397.7574097311947 1.3955263850339552 0.0001534400029337568 0.005293053656580131
3.842013137313705e+16 67.49809630840932 273.57614671637003 1.4709430992565866 14.941726553461528 2.081781502604929 0.0001516157188000594 0.0021698923631419133
116093163996272.69 61.39051993075018 18.262667291158696 -0.09429491044604466 434.7252996067197 1.245384319323215 0.0001786575083156688 0.0011165577780986556
3.4099474937243212e+16 49.23938744320966 2789.2280861529166 1.1903613668671982 13.588679782709201 1.4498174170913236 0.00010069517585369235 0.004254406162843706
93120562282123.61 72.5254154961189 416.1101937617207 -0.30326132636947045 200.90705888207899 1.4968930016141537 0.0001218064951742105 0.006887101589126176
1024360018483865.6 15.200333478132318 381.32930563875175 1.3071478797522227 22.134565220878486 1.3912470917498823 0.0006913742005215 0.008549971178290223
94421610623312.97 94.4629108824452 13.518847839124968 1.9135208814543647 270.3354368790637 1.477482562532102 0.0006646072573408087 0.002919318938914837
120758578255929.27 73.5247917538854 467.14314875222647 -0.20449502412075793 342.4424736048943 1.2927743208871347 0.00010891767004997057 0.003500117894651889
171518410888822.12 23.291789190783327 17.446953392383293 -0.3907240453386733 508.378446487735 1.4611608332181725 0.0006168698780416128 1.888374757126523e-05
107501101163679.45 92.60894376035057 35.62375942232636 1.6749734592833356 314.9467376568537 1.3937428144298687 0.00012205903357993079 0.0017716458329521349
136304608721724.17 73.35769579172236 11.49475916065352 0.7944198794612816 354.2616978231186 1.397795379514616 0.00010971136932601657 0.003667238425342693
104189883507462.05 83.7290293808397 214.86225645710613 -0.4359307742167078 118.68971908489473 1.7057340929414575 0.0003199955423085876 0.0015946613120072085
44436099697696.52 51.53261706611576 114.81905212144599 1.9657899111603043 22.024230514117935 1.4416710572113078 0.00013286718607193266 0.008314106481501425
146978602192583.66 37.75067585208471 65.26221031344699 1.0274552392391352 441.4434554593292 1.4552387704104413 0.0008848291544954133 0.009394427053315557
135415798296680.3 14.261130598434093 596.6559636425939 -0.25581667670617136 508.8343716632316 1.2342101723963819 0.0006440061624582826 0.004765506342066896
135957859689093.22 81.35706737593702 15.479119832428205 1.6431185245581452 360.72992864761926 1.5298325547141578 0.0008106481256770386 0.0020347566116495673
175452457822501.4 25.562697005415888 16.95569216062813 0.9306507639923709 648.4914858530482 1.274472091516365 0.0002801009501026772 0.0017357282887235264
141968431209944.62 98.78929672912639 286.43718828893543 0.08991787010169927 356.11960436765753 1.4832459553407018 0.00023453427542375179 0.009962691512388279
266679814736602.5 99.41348195274857 1985.7788847026561 0.4487506287467975 693.3418548008208 1.4042323425243595 0.0002527252675772497 0.009672480272306466
142812481688313.06 21.50615100681599 17.58945351891952 -0.28845587164084496 547.551458166858 1.2987843892543158 0.00011860442675860117 0.005184002534660906
98511549488873.86 77.09739508706822 10.340914271408705 1.2653139804869187 413.7010740903432 1.2147065556658947 0.0006875164424765333 0.002407006010042353
85157741081081.77 86.38645085962135 122.19650565521364 0.26119240244086406 402.8609174101186 1.1951489010355067 0.00021037244071979102 0.00054049898360326
163556702568588.12 51.690271473193455 112.75225912356314 0.8387443744729042 486.5362858197318 1.3886308626200354 0.00027133163314065084 0.002726766629539016
3.283999249674991e+18 27.80417309042309 225.58190985969955 1.5594347323416167 10.431478402612758 1.921502788801019 0.00011585607988328993 0.0025837853468601065
157059861090922.5 93.24702734617907 46.69696554893974 1.4046749944642705 471.1556111233994 1.3079277687241886 0.0002692940144742206 0.0018825706667360631
181688352458081.53 31.380780808253235 50.666851187296885 1.7968049071329368 613.9134335726986 1.3438963972480233 0.0005378892387995256 0.008561103871571833
47246819122083.94 17.159415034139442 2949.4739116053947 -0.41366241403513293 256.6005279595571 1.3730940389781798 0.0005071495213962146 0.005858271693811928
131554664079466.03 44.626945453641014 470.69646515595235 -0.3204962220098675 292.3330555280306 1.4083902246872617 0.0005216752859294425 0.007424726916523684
257089726814325.25 45.87046712091354 1988.1071614158973 0.26921503472909347 783.0366411719181 1.3846649697379265 0.0007435968662041836 0.003114667958733416
82858595076785.78 90.65365748211394 27.115867460873893 -0.14532334748512568 295.4268423184674 1.3423085024299461 0.00030367163890223785 0.004841670709216596
139632909259489.9 57.397170928260614 32.28730735678318 -0.23735556089163445 453.2767555430147 1.369292895962628 0.00011549800612754381 0.002357069979972955
137280357361154.14 86.05312506518968 44.97636110133877 1.246171045734041 391.6177121102009 1.4138109283849691 0.0007940419519381342 0.0026220228414249344
101227937036375.89 81.89885664832799 11.403800815093476 1.33861976589523 428.0501600578885 1.1911142034425073 0.00045452048616502917 0.0007899320739721486
2.941305944671623e+17 71.67708849663994 1775.888250841137 1.3005389495826694 20.00337087800586 1.9518480100727476 0.00025710741579747893 0.007549010568524508
278354268000586.38 53.72689684710942 182.69809878574165 1.9355077920765194 49.55315201853476 1.8614892116667434 0.00019359353481206458 0.0028165995744829798
148858515537230.06 96.90240507490348 24.662307744882536 0.48797557036428474 277.99420118936257 1.7058394203827314 0.000852933280367506 0.006223251157802453
125419150775014.11 38.96047396704099 560.7501218452222 -0.0773199880515345 349.8802753666494 1.4279057602640912 0.00012706582611531468 0.004770689944506654
92286241893089.88 89.7023698767621 455.22691279481694 -0.252433308775482 240.77694478106952 1.313407482077305 0.000717653072178291 0.0006576431523769681
91796640182862.02 97.58669252189202 18.250030615697774 -0.1722757638681568 274.8495627459228 1.3800286780521782 0.00026018170155253363 0.004775913025591475
127368034466163.53 29.29132682836591 637.9893469216549 0.20694230617922976 482.6149568816053 1.3756897867803586 0.00020431455596050627 0.00473981320397902
94068401944276.0 97.98169524100018 111.38332711036038 1.9402759136458179 317.095385393048 1.4161396643726503 0.0006607279658492698 0.0036866526749748086
162940594383842.53 22.651177690493114 44.34818712236005 -0.16700590600585774 439.7754248615995 1.575214983499381 0.0005903325904255762 0.003821147143698573
98137031927096.22 16.74653674914522 1580.3039061162356 -0.4300362175138748 414.40163792147985 1.2224196317250606 0.0007040685881454658 0.006502586476239965
85507682469861.7 41.037351935703 11.144676478647058 0.5124614675407373 300.24021727361577 1.4095695848062162 0.0006540740135116365 0.0010830205515950466
139890719007723.53 91.50249740278957 22.54207440713445 0.7751929991671751 276.9387341851747 1.6478288977716369 0.00025568240567293087 0.007629364037968262
144965772366384.66 28.613897597999376 32.22239468025039 0.8805012026055007 478.1219701412849 1.4033027936911266 0.00015178599165773088 0.006962519849187679
1.9253620517962793e+18 12.492249724019281 456.3781025436913 1.6523134856825323 32.4307969430245 1.9361856376628452 0.00012126381258379953 0.00035641885722397133
6.696514474241885e+16 0.11231868189277272 97.17867286304154 0.06673386783495291 62.186280068210024 1.7660977281445989 0.000967571115978805 0.0008121586218278122
2.7015353642682492e+16 43.48400926551787 1554.4753256812319 1.0022219571209945 24.415959922222882 1.9478177314405112 0.00011230921524896199 0.0006329009080693719
161410982501611.7 91.06102344496195 27.310332529269953 0.10508018406368758 389.3044985723109 1.5014884036357339 0.00010496470361857168 0.007377621529480222
135899265421442.98 68.66434970022362 324.77496571069526 0.4110943037148964 440.5870993475609 1.479934714247761 0.00013774918628220513 0.0004974607612148688
230258608107813.53 27.807266430962127 57.518606215005505 1.2606305275984835 30.3172731262403 2.134849388944294 0.0002575380894563699 0.006228165467972721
104322808477420.64 79.85717070213587 392.5651335318551 -0.14844016278037975 259.6730897734196 1.5158246748612145 0.0003217291833405928 0.002274992489066453
79958791657584.69 16.54139264289757 2599.662040671687 -0.37739233104951914 355.5940833416422 1.3453077741850241 0.0005040424678446867 0.005895804655521875
107202779886854.92 92.8779517794383 35.69205771007462 1.6798094144050846 313.9492252495058 1.39427364978026 0.00012134744302255893 0.001779538885591275
145170796447827.16 83.95869465023563 217.23712221362626 0.4153190193993174 499.9902393005086 1.2914903684273946 0.00017796310325905558 0.0024048168089558543
105249513046988.58 69.08931463521347 103.77127959849956 1.06740775668744 349.9296942390364 1.3903701322416302 0.0005725485203384055 0.0002568612847726019
102573755894407.25 80.55156488637421 19.173043645460563 1.791638686840117 259.9760973873773 1.5878971895605658 0.00015107713123383657 0.008632838735202483
158340343884772.47 96.86840609105778 83.68412267308868 1.455491113823915 543.4863594967281 1.2893070356248046 0.0003785447365258539 0.0016455480988742856
102714773860729.53 87.85726343210132 29.986799953153007 0.7009410075936584 261.8495762998316 1.5464447236896217 0.0001861175547463006 0.004407601076747326
26556248749835.945 27.185999907117633 922.7113310677336 -0.4906162995659019 119.46902406992977 1.4113458965351038 0.00038496810351393746 0.004094040272233707
3.0455683007887473e+18 26.170182748224477 200.9640445186206 1.5335508977155348 10.25414710682531 1.935699364073327 0.0001200774209753737 0.0025417858060356553
120074197809262.84 78.93404370076857 12.736761352695328 1.6973753589408391 301.20283856035314 1.5117880502271268 0.0009728612844208749 0.0009257930081031799
39495252040591.81 15.693587989431485 1876.7338745654206 -0.4176024237304188 189.49254251766044 1.5084875267751192 0.0005384120331358847 0.0056938624155952
136432416430340.56 95.51708070660416 73.92964720128084 0.959512827082995 471.00280146973853 1.2856098612141043 0.0005807383267127675 0.008317861308021448
195649395358032.53 87.17214851845465 66.96258275420666 1.949827565666404 661.0018319896251 1.2042859655094433 0.0006352731252450743 0.006085658616682086
540652091014041.94 9.067512577666825 15.906323885420218 1.0335324151866463 39.985365530374615 2.091237189438143 0.0002538936908848648 0.00909131376405988
139551786665003.44 53.859598841244726 100.18015865756733 0.4748446247919047 461.8079462184978 1.3542348977509318 0.0002832851128723306 0.0038858062281070874
141900446517419.62 79.06144221472178 27.458800636978037 1.9612748238514115 383.8770070899648 1.4238109890246549 0.0009675492942773137 0.0030231916041086387
118348181618185.67 19.99675777704853 981.5324450442573 -0.2684129598749101 446.0196985578311 1.2480795695678624 0.0008668067125175365 0.004951829510924843
1.4006292410797542e+17 59.52852666992783 716.1708995704385 1.6881182928049405 33.00023735411329 2.1016410708367714 0.000756088271685547 0.009191727202123858
224575832719341.34 11.55724452371657 794.8309833130381 0.9474739982144065 55.4676820844479 1.4117699249485134 0.0007273697103384217 0.0030170220875050694
5872813157740728.0 0.7490168608340466 282.65096648360293 0.3890885678894768 224.4941552092559 2.1960614474474776 0.0007136461729792775 0.006109628986869968
1089929513241149.1 51.20243122583454 1306.1772301925253 0.9985130640644321 88.16695552341245 2.004606899034175 0.0002407590275682858 0.008564550880178537
203204209363575.97 79.10087907380554 598.1942272306055 0.5207875898773391 729.2137087638503 1.3417307147741713 0.00012147015662465884 0.004138672698754137
11831388423162.062 24.989745772310926 1269.9576456949635 -0.4892449214460436 95.82353051325545 1.372131091892292 0.0004031725695658027 0.0033572575508484517
118565814275640.06 85.69429286309665 13.206404719218964 0.8144429275310628 397.65846557432417 1.3079704008851416 0.00016760373552922626 0.007296521177628305
153709695974689.44 68.50205268556937 28.854198539587767 -0.13084558274636926 458.2412617834306 1.4005585668472091 0.00012669093956503707 0.005299206721856688
118131325683001.5 73.79598755083056 66.43777037260885 0.35614615192540433 253.79202894757762 1.6584340451086783 0.00043370989621835523 0.0045103977345971906
181541866161749.12 30.89365910973691 46.83319192239035 1.3804641962548345 546.6609461426068 1.4077738038051684 0.00027307153468577336 0.007631781060626535
166066343754552.0 73.70271161758276 1360.6951614958723 1.044266514969901 63.41808550874346 1.4484518502604569 0.00012052244340779827 0.002561411252085405
140084233961283.42 27.88151658470693 74.91626007686125 1.6780176067687573 405.6191478325319 1.4925958048305856 0.0003545651696384321 0.008599318599891187
209846607205546.78 10.893160926031811 844.6060342766222 0.9143291392943173 57.04416012703061 1.3881734864516257 0.0007564569269003895 0.0030423229802143724
101578235252889.44 76.73278062382337 109.11132297828492 -0.49239661373682225 134.54394675643553 1.7637168368722733 0.0003409361642789825 0.0004982166496198615
79571595229249.62 74.1934186779659 855.2675118378579 -0.3352433812491784 146.69730709394656 1.65011615728718 0.00012805482968560427 0.009425749996934098
72841163858167.27 45.262762575051596 33.362835371804856 1.4083529522390734 56.718919999785186 2.109983290500267 0.00028373517388999894 0.006291246357773342
5.601272110746372e+16 0.13182483319623373 103.23089624174403 0.06312293825507942 62.00443853237842 1.7452328913599942 0.0009618942760288565 0.0009888012624978484
45729750608756.56 59.15421270633622 1087.0291739137695 -0.3598204234357253 93.5265464367627 1.7983318742546461 0.0003640702984989088 0.00623148405695257
84852093900493.06 96.6895923013228 32.27745623700892 1.09357565888051 270.5269412522701 1.370500403762228 0.000161759231274702 0.002098344880397902
143125221962907.12 34.163463879131974 39.26936779170935 0.29997515407560926 510.8086440831143 1.329809469322726 0.0005972183926082775 0.009462354585183685
184503209039369.4 91.71854913571896 16.336114732815993 0.968357864841674 542.3428559820143 1.3225328377504395 0.0003991284031786315 0.004284643466182573
106336900379709.25 98.53063468874186 26.268507417942505 0.702170759732724 227.57629397169146 1.6356182150165326 0.0001139228382877466 0.004387845924273061
154786298232027.06 98.47745189459567 183.0143506201697 0.32722694458386903 455.7617654303583 1.3414215734737087 0.0005338537016560426 0.00012680708319113415
717911744655457.2 26.454700298911575 773.0626808232912 0.8665880519763679 34.87601819971653 1.7426559171181728 0.00042342913870373157 0.009596896247780684
133003037812979.64 67.89992915062939 154.65455699895392 0.17444725175129938 389.00847443971844 1.4134724514027315 0.0001659032006195039 0.0018365316164103834
1736520931326460.2 3.611057763929246 298.9578430892422 -0.3331749872952219 51.633192437370354 2.126984395534439 0.00035540803924365236 0.003747886542530142
131941262294060.28 22.133673527597274 32.78583371350915 -0.4208449698479263 535.3846828890179 1.2887678908416067 0.00014603917360146636 0.0048440288531932975
163419066846762.97 81.12179016569966 150.64271223816 -0.47701613139689636 601.2667318078932 1.2018684412468064 0.0001878440218499398 0.0016186609803642224
166149813028125.25 24.573513087706083 126.74337385968744 0.18439622944495015 587.6190085020072 1.3182081894467517 0.0003928368629260223 0.002099429265960861
3.738033842119745e+16 68.2484662075106 272.097921728602 1.4644690282676298 14.880209617710317 2.0750738760045366 0.0001545368149872936 0.002224018132260322
234873761634090.78 16.393787552590837 1314.107229066855 0.02328795265549022 735.6797754988979 1.413127655430722 0.0002479333017781889 0.003682240712929408
