306348300666331.5 86.02190815424072 22.424791024183826 0.42660105687055944 117.50091957131633 2.211126388692722 0.000979463520891451 0.006979747478650973
1251649511403769.5 10.200137419766087 12.168502461282035 0.06625099838102289 83.67322273171862 2.2772831854900586 0.00027338968754017954 0.0002482002982019376
726572528249877.4 6.525563216228804 10.620560671838334 -0.47923274055748233 616.402110079631 2.315823631312398 0.0004979247961052222 0.0010781095310284294
981476121051495.5 5.698401360587759 309.7638843100409 1.938467012855318 4276.270243780113 1.4392007161655902 0.0005961832068933867 0.0017966659525420134
717051618040578.1 52.52050976777261 224.22689819648318 1.1185797896485818 1431.6607221833438 1.7412030544209924 0.0007723770656761562 0.00595226021835818
5974546925184286.0 9.467887907838744 12.343594935231707 0.16074709840132462 30.556598656739826 2.1551493741334045 0.00018695604438262708 0.002660540256632396
7289074185978587.0 25.010207210797716 1101.6382105855762 1.397134484076646 187.10233684447275 2.438741117876437 0.00017315800628312614 0.0013097932948262624
782470403876929.1 8.673442819093633 26.487469391689643 -0.22536015838726886 1095.46717413922 2.277334146041495 0.0007557344372867929 0.0014579745596075815
1117128909613287.9 37.711504443115025 920.3303876410793 1.0847052184354136 3744.078713635117 1.4177351664110458 0.00010673455544377948 0.005039029104545858
2.1028023862161674e+17 48.34913351851884 1165.7652137241662 1.7132544560593208 77.46345190267263 2.4212963542394923 0.0008970515346631573 0.0025681160583358475
419439879627597.94 36.1441707405986 179.71078324488417 -0.2748107289016135 83.99163506427253 2.340815397486371 0.00031801896955698704 0.0028453086052213027
1335843145221926.0 44.48608298411327 40.21326542677323 1.66089591922331 15.186685568120346 2.1149392511414797 0.0001462759137662276 0.00462479444945347
1.0168691137462633e+18 3.9232097652929765 547.5605377373896 1.3682122642509429 109.34204672443572 2.3220291189476137 0.0007161740971468887 0.007466705275762943
1580605172633149.8 10.808690595250798 351.6339537274679 1.8765213055911627 189.3126400318531 2.310174043019066 0.0005669910180940308 0.000849952412085608
1.4815624434594855e+19 14.412458831794332 309.26052907226295 1.5177531314925816 31.185765930679754 2.3296451819601103 0.0008362808352943262 0.003972317255197335
5.148378530040395e+18 4.5281537269987275 20.62674147268945 0.8324679932666041 10.214479322374293 2.1330030243648403 0.0008091086455549351 0.000862754906202026
5.497316764102859e+18 4.439694531636075 26.27124473018482 0.9366275623387186 12.138482138977539 2.1416293731400007 0.0007111031442982467 0.0009326107337270283
6.072400769306262e+18 0.1763565714514499 15.15397932118763 0.9266654479106546 53.52079653392831 2.135238928582573 0.00011810343008039772 0.00487699910102869
808169004147064.6 11.108579426568653 38.34248808992602 1.3249731739315633 3289.5276161824104 2.6283367638667015 0.00040373291765130083 0.00017473546801888631
456086513385880.3 50.527254989741905 343.89365010310536 1.3306546306908449 284.51615913804386 2.3748646435947194 0.0009493413304565739 0.008308014517311913
365320970996495.06 74.96770609115907 59.808554818607305 1.6700514565041527 190.5742014633846 2.151190915507225 0.000754990530267858 0.00980285324058823
993012513583247.5 51.12808170183805 530.9578458643675 1.6599788347887572 4112.148616748668 0.8488138363294886 0.00016285680076961393 0.009007050423714824
648054228765551.9 14.77590762396565 14.134049008320487 1.6679803928653654 2859.7163928261657 1.6692455425507675 0.0007266513641184631 0.00036282776648840386
3.705312700189897e+18 5.853070576715648 41.57759604376989 0.5314035307298 13.3393841432432 2.2484672638648635 0.00033754843967029205 0.000979357598112975
901440248545060.9 77.39983809679391 1857.419654959176 0.6174452345253325 1429.2919046689829 2.5820794465552788 0.0003784965875194224 0.009748819261661483
2.662703770770602e+19 1.0565240445773902 254.57905686453853 0.8343375813782676 69.05992307108728 2.4887388226511185 0.00010475107051393093 0.0077841641901471754
1192808060034591.2 48.922272290169225 55.77911536203355 1.9084351193579767 23.139065461564623 2.2055041121832684 0.00023465799232481508 0.0011076562755711217
2.670217773692652e+17 5.8588854132165125 22.365543174770607 -0.36887501419274193 13.192931384573416 2.1617142307768455 0.00017328587321056518 0.001972326680376603
3.9336234922100435e+17 17.620385057950614 410.9030971835484 0.5093431656435379 15.256359252963541 2.207184327266522 0.0003106714415939651 0.003329332716096225
404981449167866.9 10.335016579437376 1102.8804031075088 -0.20061844855851652 417.6290291453372 2.0167528435668043 0.0007777644529451785 0.008189397342088352
1049859034040917.5 25.631939200896205 539.7875207982534 1.5211412360639396 1210.1457106721398 2.659488771168614 0.00010878672496077792 0.00533692287301273
732731268878806.5 17.87730757742849 224.64279613415172 1.8103817874131338 1754.5727504534896 1.6200272535313502 0.00029568535410087293 0.008892012538710324
8984760670830694.0 2.0244114299839566 82.97700870840889 1.8626805519261527 230.2250794357599 2.501869031583642 0.00047959426734262445 0.008560441162294713
429821091683152.5 43.542298009139685 432.38778046292225 -0.2266711779294146 433.07150265181326 1.9096262645783106 0.00020058769120624717 0.0011109767452526262
139083228377407.16 52.397939598088904 43.212899834407175 0.25483329996956383 121.58285323176835 1.8578998557612199 0.00016342976958017285 0.008129413286411567
857798071537318.4 10.153393742085315 283.216675887903 0.15176133089358124 1747.8719140675232 2.9116563379544607 0.00010590652801681507 0.006718014419925066
665434866600558.2 11.380755567869294 65.6560002511912 0.5907114701683811 1161.671958584263 2.208271064283641 0.0006896164432226897 0.0004979250888997814
1745857338224892.5 22.98658525029349 703.3406657424006 1.3341308609138158 196.5481801902626 2.2572982797064687 0.0009631916670908773 0.007304426328015635
2988863872992094.0 25.06558188320291 72.44486342704968 0.32566672921549467 30.58367472857765 2.447151412325044 0.00042978255764706245 0.00735571337684079
1.2001530559069038e+16 61.51434062172387 2977.689419315866 1.2132517314006166 223.75405276212655 2.6230995893255256 0.000520149052629501 0.008033073914601521
1.2487514860689797e+19 0.7503292784057018 1072.501975839386 1.447697170592569 223.28825955710104 2.476386898265846 0.00015940892948339353 0.008294504049371395
248636385116323.2 43.95648303794255 27.30198827393668 1.545334685135061 17.71245534324891 2.0759115040048863 0.0005066376613026142 0.004404929573819631
1035017196442140.8 27.13318741206386 755.0097997690331 1.7723071289423258 536.4613501244316 2.73562304318363 0.00011791076480950863 0.005742817932160119
133119243330901.75 50.09881528929439 19.304311560823283 0.38969942015964276 54.30538635617408 2.0478471820886375 0.0001326319157940001 0.0028850604828797085
195296901791150.7 97.73039135097682 418.4540038439473 0.12660771836711016 15.135167228986436 2.1589888540807793 0.00017397630951620127 0.009511297109619798
190861057113362.25 70.68704289052364 43.82332001235983 -0.2381625528292872 80.93036297918728 2.1401146557514195 0.00019167743289742915 0.0006435311319725233
1204073682166174.5 10.76710059107825 44.79436754928644 0.876911345994577 95.41676031352634 2.2992513715502145 0.00040028764303604557 0.007308709657212129
749994744548848.4 13.611772271232553 46.05276400031174 1.645463770292939 1119.7997118731396 2.0512947799493366 0.0003428095128464281 0.001935329882315743
1.5770325060104186e+16 46.09898887200856 2395.353669484088 1.773839578811545 389.264967367976 2.66660240580599 0.00011578795337876715 0.005952077621702399
136899572463411.28 98.06494079433276 722.4118431110287 0.10900674094875762 12.492593602222547 2.098679768972744 0.0002181565533573798 0.0009434439834135697
523287007278995.25 93.45702387414019 109.62120354777626 0.8490178452717995 1033.507117473186 1.4431281610185138 0.0003010634843278958 0.006120317161613949
1011541531441291.6 12.700692353408996 39.92093776806043 1.9249083402454346 2794.419180761273 2.5125741147298206 0.0003291473768089805 0.0005328514419851438
4.5604491779067126e+19 2.9923596472372367 888.3840305427165 1.6354208588920454 109.90012744164423 2.23198162184407 0.00018210272802350873 0.002245116473915449
6.250941822662173e+16 7.006192814461848 52.215491738849366 -0.4408910772091035 31.343549133259316 2.4089017270152717 0.00015344395378393344 0.004400651512050403
590655304252545.0 60.34651875618658 114.11688011583375 1.2275726444315824 502.0565493602621 2.1970880979256036 0.0006798028873136467 0.005407883689826837
142185058115377.25 37.35228825182703 17.639446613280196 1.4700154671340655 20.879942186429414 2.066008679356559 0.0005345819927217157 0.0030776846288175902
737181316161651.6 21.091028635533526 273.04340515448956 1.6673532726818567 2354.1948842070824 2.0386122315657915 0.0006992112237788401 0.00033055796173645305
895567049204626.0 3.127151381012226 49.40470169176201 0.5533772147249556 1434.473306908324 2.881611839053173 0.00017579795993916955 0.009039447709078625
285128753719952.0 76.59043737123767 58.65331271747006 1.612356295513583 164.675461551094 2.2017250804184245 0.000944303839790472 0.00828665219686259
944567457247796.4 32.74426960196333 517.6141200565124 1.4620502502176753 3073.606931628195 1.3233222924305683 0.0007686078405106805 0.009329641628568312
479468993363788.06 57.9793571427075 493.94989119987974 0.9530335744729072 361.17624542099475 2.3658184289543325 0.0006278104133525134 0.008013990997768424
621568399056130.5 62.25591258660866 72.71445209464024 0.6063416290552014 24.369357181448684 2.3483636907898764 0.00013547182655463283 0.006257353660865099
1.6297862950899174e+16 21.93982343132683 205.90560479754382 1.9066196150310326 41.15833302708235 1.992660657545 0.0009757056414166958 0.007523109972709268
653359545480697.4 49.35310877367852 215.84810739384434 1.060004912901748 992.3617369165531 1.8830090528103216 0.0008790935696177363 0.0067817418586645535
700701100870901.6 5.361637717746685 45.2443970298271 1.1251780136965948 1944.1655003435214 2.298082859709511 0.0001757113693668457 0.00837617971679154
1.1957917162679749e+17 87.23400437548591 931.8696463138358 1.1317808726048604 28.595880145480155 2.394950607530095 0.00025564313785786424 0.002819579748117764
311642477638603.06 73.32906032726837 126.73637185714055 0.6621140182420578 40.789082699921906 2.2987096311856017 0.0004164875014609978 0.009235165305209238
18677847024704.92 57.47034792375105 932.8610734280944 -0.43196337835271065 29.685277276691046 1.88223993655604 0.0001886337188974475 0.0043465443871784385
1053526986651128.9 35.771563577592985 473.4085855705233 1.4699075770135503 2529.074634599128 2.141758692846807 0.0008065269482227289 0.007022981673273046
919708763530629.9 93.08556439690386 1607.420630954555 0.48836781472459034 4009.0114867064017 1.2591686817282466 0.0001391249855602448 0.005180501711606861
282758906284478.4 19.94903366376045 86.24563007569364 1.9343534772562692 136.12643006919947 2.1773870659624763 0.0005094761539705401 0.005699088040621859
4610726678426991.0 1.5559340143895675 244.04530968310277 -0.4565462107518476 461.7621016413604 2.823876817792449 0.0002697676262229365 0.007905382588169791
1052438082180743.5 24.769551812963744 984.6230105584734 0.9401356650139892 1999.1804735496175 1.7873054542564133 0.0006301752661378323 0.0012222956141879214
915349570413289.0 13.537809091669764 433.50895598603245 1.6692781783750936 1826.802897204302 1.9085268907406046 0.0006415729346713759 0.0014519703567447417
5.611021112456517e+18 1.110094889024678 1078.0517852827297 1.5610532963251127 246.07949375707847 2.541256897073226 0.00015433146357260428 0.006739825450606526
806019493465039.6 81.93411972884063 473.1447180269994 1.2943230024594337 1117.4167001378541 2.246262652658452 0.00014950978245447066 0.005717475181985423
263105781462261.44 70.3139417073482 211.01637398836817 0.02916814651949673 108.32289536935318 2.150488267843192 0.0002516347561729851 0.004940379882120325
968439344838739.9 62.62953056729535 661.3821114961999 1.7599920791344168 1740.4445755181432 1.9430705453518857 0.0007308065069132643 0.003759144563963419
113995183736628.47 52.88749407107752 60.750591639626165 0.16658292293197657 40.8513785749997 2.06510035261429 0.00038306648537540414 0.003827778352466435
1156070070800267.8 23.910862497470255 935.2491241621361 1.6620549844278443 858.825688727622 2.7412756317660185 0.0002453441656459337 0.00837713069826011
9.017798558985526e+17 1.8886751023076729 42.62579654684998 1.4512878621480891 47.316112579786314 2.299968944912406 0.0001446506816584354 0.0004471438485033853
4469278562355102.5 2.3808318196138742 183.7827938173919 -0.4753140887983913 376.73310298279455 2.865759189612903 0.000270453465756187 0.007758971376055378
1038685111434845.2 7.538726904025026 44.184947615347355 0.32606465429949205 599.8391562150327 2.388961230722116 0.0002065097221660461 0.006184926951340398
2981814372196616.5 29.464436460116737 822.2745954994097 0.8862941301857932 50.58156146948962 1.9596975052327292 0.0006652035515563807 0.0008490263883173281
471006576504394.44 37.69855888647334 24.49871715702713 1.3112814751078337 59.39908657488233 2.384285513353439 0.0007665702782904746 0.002138339789814766
2558858120701615.0 52.80309625640932 284.33228505130705 0.3854236044013304 15.496073009350976 2.287491336455549 0.0004574093150954063 0.005714388327226673
5.243493168748319e+16 71.53365437542188 418.35027602100274 1.5692168127079533 38.773266690487944 2.41593541793523 0.00011414686310597981 0.0040145617468531234
1058585377765836.1 80.32942874979663 376.87629089039257 0.5172084714186711 41.56203027830413 2.4868707629083056 0.000907102412255516 0.00038354597113611987
5761707505596775.0 10.119549567829413 12.542234861422767 -0.1530336529162517 28.488701842586497 2.182253480993478 0.00015415825896149488 0.002995083465793613
1.727601294102671e+18 15.763267484995765 459.9342484060133 0.644603689930834 14.06777608468336 2.132500851359155 0.00023498315851796692 0.002699965138222425
570386353335439.4 9.292724385190816 37.912863913368554 0.7129416393159299 431.837785143384 2.277401793304928 0.00015207423637798384 0.007514966565444425
200777215149507.97 89.55430306863326 116.50262451203285 1.0045185362697249 76.99362150309878 2.207622114748337 0.0005125360060439184 0.009641059828913539
688355561966486.2 9.737741791281422 178.07910262921337 0.690702176008299 973.3059446878658 2.4118028137692717 0.0009240136934306468 0.003335830459947283
2191229550426553.2 8.935956867404858 44.09250062280999 -0.49011090960526427 75.34027900685504 2.340833760116876 0.00036916323184062335 0.007529095700189045
364143555816185.56 18.83935289422241 11.10141491090035 0.47660000960475013 168.1205866287262 2.234308231520405 0.0009064719056282988 0.00457090024641226
1118364104371092.6 53.07269935477147 1116.774485101227 0.9822436430012055 3802.8225948901763 1.4988489211224185 0.0003204069996441005 0.008073643078190737
936201815800787.2 8.560552991245242 194.20555548205166 0.43173487973923963 343.09400835988833 2.591032987336907 0.00041869991767479935 0.003090683383043189
813249171680716.5 17.211907774185953 29.22457596604629 1.6891865132527526 4915.414274576743 2.7421048771014878 0.000325733439509876 0.0012245679216218
57992180705891.77 75.79177849238071 165.39388203470722 0.17404401466769304 10.406948484806996 1.9334265205316883 0.00012084218480048457 0.007950869505848553
840625889262382.2 79.34931617779306 1645.880805828733 0.34813007703322535 326.2710615933922 2.520025001489419 0.0008725334961240293 0.0045306096106391205
556742950301678.1 9.322130969454058 46.95740404601972 1.1574363410039463 216.14717669384078 2.1841652054472305 0.0006245170171382251 0.00010920444437879324
2.0566751596023932e+16 44.201119612101 2984.863704275471 0.521404823438036 30.325566621454907 2.321853503731739 0.0002012492226152349 0.0022212256994077594
362696646102371.06 61.175796515746654 170.66206180758618 0.7918520777434888 171.32445331232515 2.3458363382617295 0.0004709235653659136 0.009022937873407876
620580204781268.1 12.201818141391602 26.940563457192244 1.8412391865612039 1873.7970862092513 1.5847069651718153 0.0001476612388323066 0.0024291130184082334
250870805275381.72 59.95021222419072 22.020755902176536 0.6505119183696806 35.46070255710908 2.2997391630006705 0.000277054523968859 0.002927943372504944
308995453335959.5 27.71311898590797 105.35711862901825 0.3351039339020331 114.22506722520008 2.269821514613746 0.0009068716541705402 0.00774326136992211
648327590456973.4 49.2851958847227 214.8834852051609 1.0633991253833028 986.5534770876869 1.8879972363515651 0.0008853595375843599 0.006772064792879359
675894904057628.0 6.490874763800477 21.479051378280086 1.376454308014267 1240.4060665346312 2.2837291758205613 0.0008653087465933035 0.001718658005351565
482545910900348.1 86.96955798411652 2021.8883045856294 0.2527750141156038 324.4616068459819 2.0547558836328372 0.00014383572116885525 0.005573490389601788
7.826605540792597e+19 3.6523543488353956 642.2174603095825 0.4045346352288565 18.62010175333067 2.219582462613857 0.0004231731602473454 0.007750232608707176
982901956899247.6 59.34038784212868 615.5570538577492 1.2532162949946417 4314.293353004614 1.0953292331687945 0.00014399506991496833 0.009329078016837416
1.392685229051239e+19 5.170458175513943 31.51346875461761 0.07926688455050979 10.71573493232607 2.3019034214224705 0.0002639347830412156 0.0032514421427556053
689139803068161.6 35.79675238444607 457.95736530788804 1.5764570467622225 1816.4424583353111 1.7136407161854483 0.00028017226698339245 0.009851999377499258
9.269548696508918e+16 4.386559041764795 23.636014583511905 -0.17732031988799069 32.33358846182302 2.2346425437813067 0.00019715184684471277 0.0022983023887441336
1119449458444192.9 40.38321181549326 702.0610184809055 1.326620598697129 4918.758610754689 1.14383131721791 0.00010930720577081398 0.0045438628302724715
3062880446122890.0 22.633658414183458 823.086457506735 1.5563188376548127 347.0782840572973 2.9188586660118925 0.00016452011423138518 0.0029371602256824847
154656934117134.53 22.86265798281245 34.715526985053735 1.9695328520683142 51.77087121462645 2.049154692031657 0.000701964209286678 0.0050235940736753845
573878824697366.5 8.103595249722588 26.628690105819288 -0.48720193579473614 438.43430454405313 2.0587105755339032 0.0009121367943809133 0.008527098928696838
4.055343344149455e+16 44.74458929576406 1174.046907243408 1.6141656297202798 79.98843832459575 2.0902582775617495 0.000871981757828245 0.0012834390057610491
8240992275904154.0 48.950467991821505 2861.8170953220256 0.3655640928550065 24.93131824144612 2.3810702329897415 0.00015813673585735546 0.002205171827396045
1122755915709418.6 15.254303183110395 481.6981200609529 1.8173531765090978 4342.254232366788 1.4062515092861982 0.0007431182275253672 0.0008099597384646671
2.298659388477914e+16 86.63844535580314 235.54539250513537 1.902096807030407 28.416799556950735 2.213391716812087 0.0003289928763232142 0.0047373127588639236
148581724100737.78 46.86618871931412 13.520014294895034 0.19379304741941739 46.79887020509416 2.050156073472681 0.00024468635376279443 0.004187651300604841
633743160802410.1 10.87821169161451 35.07982240530216 -0.23341628707400164 666.0288746900038 2.1923869019678457 0.0003782992867710924 0.0017794120052497988
992571577899070.5 96.94015199613182 2328.504063825786 0.44572053612319473 4418.650124595835 1.259599697677042 0.0002174770632836523 0.007293435319688769
6497039788037054.0 52.605580716333264 2838.1176369010786 0.41423589028578134 16.87705809745359 2.1424034593491554 0.0002611431485903671 0.003125256895997952
493690607962325.4 20.936218810775877 445.0672907677276 0.33425857850047896 83.23804196455949 2.125753842979902 0.00012594229101946938 0.0053508317830077996
1210196551737259.8 26.649882208668124 1651.889337022824 0.4857882638972606 3611.4316937738236 1.4896943315594102 0.00018951224467651738 0.001737265302900803
1125328171637307.8 10.607810213955695 467.2413765078686 1.8741946650161174 381.7953137334382 2.465575778008294 0.000581208248159739 0.004227801042997732
596700850300671.8 22.082943941056534 12.332590302691735 -0.1003339285810334 497.2590873732481 2.266616457863794 0.0003946354104405319 0.00015225096156729935
669986100880718.5 39.41287304049523 513.7910216082465 1.7016838590728722 1175.233845031271 1.94835268491395 0.0001508033276320063 0.005065572781500183
2.7989843061454435e+17 31.69270657835179 1638.0614433840428 1.2781949315684975 53.343123609356674 2.123139766292741 0.0007293703076739272 0.0019818485611431463
2.2294549327348756e+18 15.325939083993454 1794.6818432542098 1.143923256690874 74.5863880445673 2.399597823582585 0.00016260183839023637 0.004961085145009451
1.2671274496100468e+16 48.775387354554866 2823.2878746588776 0.37987115559459894 22.976355379492954 2.347616457857276 0.00016927929477610418 0.001974546477282562
208287289619371.75 23.30336340760087 56.32080439923102 1.977432154567421 70.99211374009974 2.102661362489094 0.0005282087478574628 0.005426677880476388
2747609280806660.0 83.85765711009346 1696.4543242065415 1.4093090064099378 427.751734179465 2.808986665923138 0.000350663651229953 0.003292348487861482
864230171371465.0 50.01113667626599 1521.531318102968 0.31136303661962933 1312.7040725227907 2.5225298749979173 0.0002817286897974644 0.007393805299983499
1226238473828663.2 9.770437560304352 23.826059371237367 0.23572407257428069 102.45040694481924 2.2597645436185365 0.00025218443678184384 1.1039151584907834e-05
463874126410255.9 72.78988356879941 27.08149631585862 -0.33478412352337517 335.34399049805705 2.2452628142216637 0.00014208078521866572 0.00032909119243638985
2.903199967085921e+16 76.99112006795754 93.73370294644852 1.7928308059582663 12.88170712551774 2.1107394708515956 0.0004614959002324362 0.004631302602721483
881071993480535.4 36.80604278179571 288.60782304978886 1.7706159936840224 4696.780226913568 1.164034719259201 0.00015739044515109316 0.008674083493270668
4.849657614949534e+18 7.600711509409436 768.3659767457239 0.3004522575105675 13.530625345184141 2.2174374634874563 0.0006532237111305889 0.003325866553987574
5.7401520774565814e+19 10.547635416692112 306.02593393655025 1.5826219155942562 31.411989058416513 2.3075942200217083 0.0006677995849831883 0.004031862708016063
857175819504578.8 78.42551292033116 321.9187771196124 1.7635758246859676 2789.611274711857 1.3939688835800175 0.0002766375140435374 0.0021993263851887842
573981242017695.0 21.076571454194337 112.18001761333551 1.4950447991542704 911.8120878710585 1.9661166477955994 0.0002979855686262235 0.007054945167608792
250870805275381.72 59.95021222419072 22.020755902176536 0.6505119183696806 35.46070255710908 2.2997391630006705 0.000277054523968859 0.002927943372504944
682128019135913.1 21.90540133298716 11.176771324877274 1.2286300302928361 1663.976299588426 1.4772957049655053 0.0002674923239991052 0.003246692233670699
739616810783906.8 13.170351298793223 39.99962396044476 1.7673866466620476 3264.2522311485577 1.5698110719902072 0.00013175861827787838 0.002501055051500029
807261779965071.0 63.483611541822356 666.085788672106 1.8228700111860747 2415.8743061882874 1.6449985554177027 0.0004954915800813005 0.009152966997495786
416916799346709.7 91.14761269454864 63.97709077898702 1.1969803001720856 491.422278155654 1.7592143277083885 0.00046231208850465504 0.00787304082250815
718031531981987.9 21.049347540058246 12.078940596646575 1.208174945340136 1631.743425341737 1.5496982433392257 0.00026522065248074455 0.0031177453676935083
3.588911409213465e+18 0.9809385530150934 955.3698786692696 1.538885958181375 252.32543169617585 2.5815218880257174 0.00015359627141932236 0.007660123474015184
971569074264220.0 3.8044934389756024 153.28473447660846 1.923141855203852 2938.647158113946 2.0313831299225877 0.00048361146881610546 0.0006823421434086816
421355326580674.25 26.36361855280321 266.45231847609426 1.793574825899079 396.72958160251665 2.274856164892264 0.0005938497586364461 0.009276358231105605
710638038371236.0 55.496748878245995 554.7513480082903 0.7854907221604279 237.05670676996382 2.4710583076651336 0.0009537306600279091 0.006355890923460284
9.992294490898592e+16 84.21077112378136 630.7381109700569 0.9631944016965943 16.294984698780127 2.29446832816412 0.00024600247757731926 0.0011348838737816657
5043708379049713.0 3.327232825209612 2627.413974996891 -0.04718674452211702 87.4868914515525 2.0870120465528066 0.0008593097905677027 0.0015859052132168126
9.710751284313563e+16 21.82269549961334 158.6191227116216 0.9657380639480844 21.22774787644517 2.2339305913979053 0.00012132333190075891 0.007471232079902409
1.9698135471403123e+17 56.00005330297519 1668.5915542673283 0.7527746738593966 14.836108227127646 2.143511041331875 0.00034386787718583084 0.008053963048088414
1.4095418339966531e+17 2.714939424036011 45.98570786297523 0.967652189629525 46.152726967884014 2.2393225824079965 0.00022626030520934596 9.026560018067682e-05
410867304069482.7 23.44736615382999 13.147498346917812 -0.22682955998548793 56.38577423422117 2.2534353967101097 0.0005562525792735943 0.003913083401026363
1075999174728238.5 26.565049865340477 1335.2412345819891 1.0326936611687243 2466.8332747654567 1.858806637149263 0.0006095063099904507 0.0020126445755565235
899949288043957.8 9.087545188407105 328.1591492080473 0.6577817280971091 1490.089936877631 2.5123195404812444 0.0008160357800863044 0.0038947530350208976
913772490014783.6 10.563789291993537 16.426213591378783 1.2034397415765357 2193.5336395258705 2.44504946773187 0.00011797319717072299 0.007355651645911356
2.8689327618220948e+16 8.487710612095348 34.53201749095875 -0.4560402835135289 33.84365820558391 2.3660902140605033 0.0001610764079667496 0.003915455441565299
358325898819139.7 29.529607184150994 538.2667808805397 0.596510613615391 137.2088657949866 2.049574188896389 0.0004441088480326588 0.005952842879014342
4835809008289029.0 62.98450374946763 1066.817819328387 1.2083541381636267 133.14106145054294 2.551313214914698 0.0006167892872315051 0.007207922184523251
5683465980032566.0 13.510956885539883 733.7849016543513 0.4289191160978108 49.644321684096326 2.108839993024787 0.0008809931231908915 0.000520768538469717
6.103259855926242e+16 4.493454671009254 23.733779281105356 -0.46922642134236825 35.3312027370904 2.2181676062481004 0.0001422587340232935 0.0024377444408974335
491554253912732.7 23.615378855772477 21.114169076960874 0.5573884279386413 178.1936505212168 2.2930528531196313 0.0006565557850816429 0.004936129215482608
386528020782856.8 72.85805762666493 121.08068893569201 0.6947970339194547 41.991089168796805 2.283414170183109 0.00043062882842737136 0.009303970925108766
256365418580225.06 61.161643132187024 78.43448049043043 1.735376225108699 206.84783444601888 2.0494553538838707 0.0007824783171417205 0.009672260193158814
1286307121466973.5 17.937671920409443 79.36171350176937 -0.46515851518651896 22.19691523867314 2.2452824818668833 0.00048001018341513937 0.008911045190624581
220029522037163.1 95.0041217685206 73.907314595113 1.7791767645832814 86.37551333821536 2.2996889373497273 0.0008202902308189192 0.00978222156731157
389708159281355.5 54.52049444423645 119.01606234458205 0.258262405331451 120.32867122777219 2.4068887640477907 0.00012140525376875797 0.005386318006709045
877704420384921.1 6.847120992494574 47.654070577314876 1.7990913421270855 1494.2915566372426 2.466371565989835 0.0003985861253563959 0.003507740895766508
9.064329224200179e+17 2.803774256256453 797.4818013845062 1.5678881595718144 180.1164756722514 2.36345816667283 0.0006288072550117682 0.008384356488234258
4.025046244500827e+17 48.42780494310737 1217.149712026184 1.769168584559008 77.37792901854014 2.416679152525279 0.0008607423074873399 0.0017248854129185576
343966282051150.5 83.19468807168087 742.1727312789562 0.22481226578305757 179.82259930832214 2.1219337601480026 0.00013665236466513887 0.0016506974469842502
259279559020057.03 84.04218944826636 857.9813431292667 0.04868089671819442 121.03532722155047 2.1059448658571736 0.00019985954616779302 0.0005497999646652514
1102869265086700.4 53.37491905949458 1942.076146299084 0.6953708371038964 2839.8575510695387 2.0123609530709854 0.0007437326508331935 0.0042022852176487975
249677576559237.22 42.03705970365573 81.24237449636514 0.7120021250814543 71.24617441001848 2.22766726492787 0.0002330592176498214 0.004420077877592568
387244167511116.6 14.181036220577067 18.19270061832572 0.8423378109030897 155.8942338307689 2.1546230952775725 0.0009318565872131522 0.0007700853178731655
353996311973103.7 63.630220327850104 11.784858260492603 0.7860761140816641 370.06317390404985 1.8837926146829813 0.0006412499317006076 0.007368346653727632
602157236376696.6 31.260392006554845 12.648279407567808 0.19084971896212855 501.86011469020394 2.3286040819226703 0.00047546188483272753 0.003403736646091193
663738167874754.6 37.85838399147746 165.35834819424483 0.8421443760756919 57.356147151815804 2.317422760852683 0.0007786052386379832 0.005822942246469001
194662739210195.5 67.3538012497468 116.29987580628033 0.8572035563941474 66.54127702575103 2.2250007816217217 0.00018430454011552396 0.0006579080767032158
493704534556541.6 36.35283077605267 25.559935610473456 1.8877209130989545 19.098866478788054 2.134094404619376 0.00044708503864882 0.0013657715508897054
822536653913338.2 21.98755150642681 2070.9323373765665 0.2969401594270149 1997.1407739325186 1.8813621640859002 0.00015385955487051464 0.001413299701688871
1064351788722685.9 35.57085821096557 1061.7144435299585 1.1270971462746218 4401.73241604343 1.3464898470117208 0.00010935496528239323 0.0052039348543239
738319790481945.5 31.284947833420105 1035.58715719698 0.772563180809986 399.81395496206466 2.3251986816174512 0.0003537689251951037 0.0072275808418722845
1207263266746686.0 9.943541773272308 14.695894371732223 0.20651715384696612 104.67812845696494 2.303780263880472 0.00029156262204882194 0.00020345031477094887
1449596861230422.2 46.36547157294715 2122.9732404659385 0.8758667035482965 4975.4584171580345 2.0878369697128236 0.0004622069834816661 0.0048429681751401745
631924607980397.5 49.63896557260955 347.01842161943677 1.492210392435575 772.1115672317876 2.2885132870405287 0.0006522483015444974 0.006868210310478776
912227901212768.1 50.013427243249886 560.7026673521897 1.7908765638356259 2235.2442785476205 1.6685169875282377 0.00021540759106063585 0.0056252339890953615
3.2823772715693068e+16 69.50289215837155 908.6241566399514 0.7672641457159256 21.86724252944735 2.368735485888372 0.00020278342605492246 0.008252778964483497
836319357511352.8 37.36273672874353 53.85555352733183 0.3929682937691006 11.76710299678572 2.1038432106806386 0.0005679210828614979 0.003892739501430232
1067072844118119.8 5.2293631331603505 53.27521460777842 0.6910683118225951 1210.6548614249912 2.969806011864505 0.00015022209019724996 0.008239446802885051
2.8875842296999764e+16 25.92805947150802 2103.9293180110067 1.6240707488211474 320.1646693140638 2.9897634288101727 0.0008639068798403433 0.003992335789165597
81346330085362.97 90.78188391138814 1447.329369510861 -0.046445768790310815 44.01012794976782 2.0344134467096904 0.00017210712489158295 0.000763882034912804
2.2693381122979132e+16 32.81689886049885 1749.2136171276318 1.4570786244049305 220.95244382033871 2.7629484308483407 0.000944779688503275 0.004001056162726354
732167317934163.8 62.872990843969546 591.5293539857674 1.3733937546936505 1304.9452919217106 1.8362082111300881 0.0008127435497240435 0.000580981400040966
1.2141400289503068e+19 0.16519892044905227 12.791071004671313 0.8372171551233286 50.48540917814125 2.108159035617639 0.00010322898715028455 0.0048865129456082245
2.067423878813343e+17 15.37430422294347 137.8685762526959 0.929561089928508 22.815600227219633 2.2343325763477075 0.00011435178200473594 0.004791327116507356
3089766179624667.5 83.2017562796656 2102.993949779704 1.1997683054372397 301.6376764487961 2.2523275772576654 0.00011723359685186876 0.004383765011433784
30270749689760.29 47.56334811059806 1343.9736387700955 -0.3618307515353978 13.82500928323781 2.1135067335688946 0.00018696798601682433 0.006353461015234844
9.02284456511995e+19 3.6743912855161938 1199.8254241300704 1.6341836020182892 105.22975554198356 2.2479997500651203 0.00016849460751158842 0.0018342140948318373
2.7301509004157184e+16 23.900797701142572 2938.5877636266755 0.7018292248385432 53.43855401208788 2.1411712834042014 0.0006138096389768756 2.6787782972614166e-05
2368447439633199.0 13.065451467520951 369.55407480350675 1.9215860732709527 175.16979481564422 2.2991891236098514 0.0005100860673923906 0.0012129376071861996
1191753355664546.2 10.604572812634565 23.00999234225941 0.2161751287341498 87.56531996286928 2.248377123376413 0.00026489771210343475 0.0002849429947663195
5322681749838515.0 9.783623323474204 13.05582601447925 -0.08943775276260196 30.862509442753023 2.2003910503775024 0.0001558735945768274 0.0030952736796953755
1065041037976430.8 39.8664275353067 51.66842999638402 1.167649673170459 22.242078949425068 2.1594999335563636 0.000673820852853364 0.0018914646935733227
2.5240013193056527e+18 85.27995567509528 257.71389927706997 1.61951834089709 12.67215363771677 2.275116846424 0.0002390194287371019 0.009631523893513147
115708454929835.12 59.467134444492814 60.5488664641753 -0.0742572887204056 60.7195030926222 1.9878459504341355 0.00021886804895012482 0.004484465008441145
321543944445487.44 43.79960225807735 17.317823334958643 1.4006969367890152 34.28574851820377 2.3022863603933894 0.0009772868174984038 0.0017874308103809
411908380615044.6 65.58723071748875 60.709766883261764 0.7018266213704065 26.117773556929176 2.3157912965779675 0.0001529413102494225 0.007106989549788413
1394971637407257.8 20.50722637486901 651.1911142794991 1.4207882703462806 375.91520552346145 2.686093423753681 0.00018177435643827557 0.0034617329052405955
798981258788339.2 96.166653435514 618.7122662249783 1.2507651700533378 3035.561649259725 1.3093316133358623 0.0003578154201380007 0.0017250686941216284
4564284423418564.0 11.915140175116088 708.9772223439832 1.867427832540479 269.59790018193127 2.5845506528092637 0.00016460352467844306 0.001312580686755048
1034136488672329.8 16.869622796348324 22.389554774935355 1.138309587022385 45.637323264310815 2.272220953635097 0.0005080631862976538 0.007511643865843874
4.795542949727092e+16 33.27490436296929 316.32496757639547 1.5187677692214243 45.45439126103667 2.349508714381504 0.0004002501036908317 0.003328526534388953
5662650290866692.0 0.5699856369484273 313.1013543873218 -0.3891431961705718 432.2876035184694 2.2262914543327756 0.0007209938548172872 0.0077705026316992835
639977183501411.8 21.440626001505922 285.0889402378935 0.5653192934470526 265.0344761541421 2.647051045012473 0.00016169407717643762 0.006951906901575776
437350371066654.3 21.184236675426256 17.560624809486907 1.2321781707331454 25.549685342855344 2.102167785338613 0.000758113902563551 0.002391222427485423
1050516948346314.5 31.89469948725542 502.72171029923703 1.7821217613092835 1738.3500170967507 2.366101440955469 0.00010291686893756673 0.0062254868637314645
1.7393007686193779e+19 28.143684712675984 225.11092952983304 1.0987431721645047 10.239435320531184 2.2357308242291922 0.0004124369344070038 0.0010438669842936874
696736406132209.6 14.989216905382003 156.58377038444883 1.6591277322202473 917.3540694748266 2.3254013474998763 0.00029276245149524577 0.008731762899390242
2655235727468369.5 39.09426242677491 491.8811991291887 1.6691474513913769 140.5034321671572 2.4932168347719075 0.0003974027739640835 0.002982545702425672
824684335796582.8 4.258967301931769 34.76084675432977 0.7478173034538361 1621.0746500930077 2.3127768035479797 0.000900609256768553 0.0004770284506202088
1.7133945602803328e+16 48.80649647266658 1562.021696897126 0.4891338911653055 18.59082393214418 2.231856222242182 0.00020996834870841812 0.0029256249720697653
776330987192386.0 52.99096815265469 816.5898655389374 0.6553957845450251 357.1743924840601 2.571501462033045 0.0003120075200594095 0.006992532395822841
828581563553826.8 7.830295400786802 92.34671254380886 0.09258444009745181 1463.3104149218377 1.953255414048493 0.0003732259506730218 0.009220265233677145
6.203096506811735e+19 3.4544655439078102 1689.0460514710976 1.6653332615184926 143.14513601831231 2.2362063541789885 0.00022764628090323264 0.0021798962425881793
674671805470691.5 12.823977506552168 10.749916326718672 0.28626401407473967 892.0854464602775 1.9825402636944054 0.0005231427529171965 0.0037906239535557573
901736927296885.6 5.304218105922982 514.5659104208039 -0.12865077572284966 3656.913970422513 1.600957330664101 0.00021181675844649428 0.009527632155193665
1134929770108881.0 20.08293747460528 18.670409021289935 -0.34680272062564077 13.569732342012662 2.0652832278633078 0.000984003010932203 0.007562548992343665
3.029775876472495e+17 48.51255857996076 1069.8713948209306 1.6974324577371638 69.29215612675947 2.48287320960901 0.0008381807672857071 0.0025697185483198447
2.0139849036501296e+16 45.36637165147989 2638.1189818470493 1.8412512205421112 407.34911170658626 2.6868056778062135 0.0001077201076503833 0.0059194068458945604
3.9529948889706235e+18 5.034078811693229 26.54038626174796 0.8884829607909013 12.076447661580664 2.1445237765672958 0.0007167001821634956 0.0011821302811741308
982169511206034.4 81.28142316417893 2081.648808129754 0.4959387676312985 2482.8650791090404 1.976782165310485 0.0009746753580757829 0.0011501771799387866
1.211347433993816e+18 3.7873140166281933 560.1179193936827 1.3840351446655412 105.886295570903 2.316093406596975 0.0007289542374384639 0.007589188368112433
2132819195309544.0 42.762725520067704 38.204305543186635 1.7307883856776034 14.3922955418649 2.1343898640053998 0.00015513877769416805 0.002747367905441457
856828014729134.0 13.266018830326175 87.72867805536562 1.3906997333337427 1867.9164108074244 2.511876775551454 0.00010898432074747963 0.008472438235313313
329396287241660.5 47.353574193292246 535.7841126039635 -0.3565311923391974 280.3961753126632 1.7683517863580573 0.00021002504464995726 0.002543636339110385
2073091365307754.2 90.86761868876663 620.7678967953999 1.3793711707799257 72.70859328713418 2.0912076324227002 0.00012888271624476253 0.005265413042491061
2.0623672580245044e+16 25.451073565336376 101.98369830662585 1.650195862047731 27.394621034708624 2.1686691559444533 0.000527036889336963 0.008971018968272178
460323824421740.06 27.409776382217714 18.665020555327168 0.5056197422394186 409.3203203663109 2.1829084157697247 0.000445841843547444 0.0008640682712238272
1.3773362832110477e+17 87.90477069600949 870.3396102159762 1.1687150463709628 27.6926610552585 2.4002867397180223 0.00025390703018244015 0.0025492094085265114
851594944926057.6 10.334631803000363 121.7898864391061 1.4514483567649656 1904.3328891210938 2.514794692246155 0.0007955562530467817 0.0007042218678524248
398362504120176.0 83.70196286104105 651.799657877428 0.2197591361058311 149.64913634544155 2.3182530665588796 0.0002916122678300254 0.0068352311570423945
837066950643459.5 7.909428943877703 437.4629281858719 0.2610064880320746 828.3883559488593 2.526048639966115 0.0001007928409905399 0.007398811690537176
431833365565235.06 9.290752168827627 31.383903441701143 0.5256044372079864 182.4342030633683 2.100723858856976 0.0007368960321773251 0.001663665947474276
412320948963901.94 59.70466338405837 41.197583196628834 0.20717311550584208 308.74208302700583 2.2600941215298755 0.0009944485771394835 0.004337077727636848
823608588628407.1 83.17397117927166 64.81342479721856 1.01326578984719 14.155802009104756 2.212882515592475 0.00011889858862478941 0.006274437878574926
481014946926571.0 18.76840181671231 39.57170743158439 -0.1009073987370466 181.38753460640473 2.2880792182045275 0.0007151706890434639 0.001533953495641319
9.02284456511995e+19 3.6743912855161938 1199.8254241300704 1.6341836020182892 105.22975554198356 2.2479997500651203 0.00016849460751158842 0.0018342140948318373
3001114791501952.0 13.23546961994613 69.5501283417369 -0.2881280446058352 37.787368002145435 2.2785195345929767 0.0003299593714642315 0.006866585504677598
2.062387246843658e+16 61.34204788404564 2785.696080438926 1.7194924612176596 304.1083357639711 2.523495109583499 0.00013399825726229914 0.004447167904072127
1047829636779951.4 15.8838265070084 215.21818854598519 1.5766960101697245 146.9829455016536 2.3720017217750593 0.0005890616991616487 0.002803484991105389
2.3822927896086698e+17 59.15305881288907 1670.557114708188 0.6851989836377419 17.857884865666364 2.384991112205892 0.000189568295807391 0.008570348115711435
900006273533371.9 73.4771951114596 1010.9112419013999 0.7957858792316845 1574.8107841045091 2.308091740821459 0.0008801105244563938 0.004750345486749776
517155746834703.5 24.1392889218654 12.091370687408899 0.04721476713656045 760.3938014927522 1.9441595168061223 0.0003245225582323939 4.735036198203889e-05
2.887915831258891e+18 4.4235323967336475 945.909434464451 0.0709160722282498 14.931869739330622 2.181054236497428 0.000996340211095264 0.008751750883827245
974747163662851.0 12.959985933038823 42.15794380478724 1.924372861431245 2772.00012021877 2.46942617431431 0.00032150651537309717 0.0005321000415644331
1.954873754161174e+19 0.7875161019609962 241.17952675424422 0.6154095823751967 71.33048567266864 2.4430632757665833 0.00010244938312427363 0.006890858522317694
1082776826341307.1 19.809686668203447 342.5004543290186 1.8795513593276043 2444.0790368436456 2.0725026509643962 0.00015341854796071852 0.005652461725465828
4.738049089366241e+16 33.40696555457003 325.38416049584123 1.4969669173551032 44.54349326776532 2.3476185983883093 0.00039604623383686854 0.003316442515448504
6.981608191412942e+19 5.635527722525865 1368.4479741962118 0.38349608036649685 15.979213236462945 2.199368651167055 0.0004986919595557242 0.007497215594904512
1.2168576673687542e+16 1.231799880880339 138.17913974527164 0.2799032225850009 422.3377982361526 2.9735245133166655 0.00015764366309695395 0.008140221127128056
1054368364000650.6 34.10009529403354 708.3227777094496 0.8806540956950493 85.70174065250578 2.0949030215868607 0.00014051616818891845 0.005364048141801215
7.252967649973594e+16 79.89370565463484 110.10041369465472 1.737961060884935 10.592427853975147 2.043089638004836 0.0005143212474641764 0.0036009670524572122
399530899526219.75 20.36180596312839 43.69236335171123 0.5181363255340172 260.08850240543103 2.17866493195546 0.000730807902986252 0.00047265755435771384
106341691852288.45 57.6583743573077 40.51413895381231 -0.06133080852488737 30.69855860717532 2.078011999407251 0.0003624769537956687 0.004500124597013523
6078193655468782.0 1.843147259584498 253.6979282550897 -0.4592438547962969 429.69235083644065 2.82946702622462 0.00026161146981441646 0.007978133356352477
1145940335520367.8 2.4999114807503275 279.0143636078168 1.8645339834318402 4651.192611778387 2.0482317498531284 0.0004456123200917976 7.050136545413976e-05
767956337566038.1 65.46981604291271 2088.9857779242698 0.34182845517348903 1438.233210070773 2.1105936467559103 0.00045620347327082967 0.002801237343290723
6.606444085511575e+19 5.3161486887515395 1330.9471584027842 0.4088943465835856 15.437874465769275 2.1893896172540095 0.0004984495250989276 0.007533855875899343
527330640326081.0 33.798407296993695 406.3184574058291 0.9481242648141315 1338.4730302088244 1.6130137123030956 0.00034187990179432217 0.0004745881258610106
4.417067655466286e+18 1.0350563574603266 880.3077435960096 1.4991845810416788 236.29456460882898 2.5417224034090893 0.00015266947437307703 0.007521738456994893
2397486322863416.5 85.05063055933007 662.6736123936371 1.4592648131639476 110.7772102450563 2.201165380511321 0.00012189286771986262 0.005022832890850965
564896679206600.6 10.654196131520123 40.801891166927604 1.120490682692696 231.97144735363128 2.198752768366323 0.000607110568226169 0.00038337825058648405
1373602954815312.2 4.306267585054072 13.987144280484312 1.5864496054073791 752.5798265733573 2.707712072285067 0.0005226136315118123 0.0025810836840873975
588931843246154.8 22.158407810806512 12.030480997779671 -0.11284527022124746 503.44171173842295 2.2662962004632443 0.00039454113648346005 0.00013747775395769055
535571978999031.9 12.689736281827498 52.91791194131913 1.0823253515493505 217.71102036326945 2.200570041307518 0.0005026835654872526 0.0008974991942011126
1004348890092041.9 23.894347183870785 555.2688774821313 1.5031283114206122 916.5418963498754 2.6850275476313925 0.00024033437180323003 0.007666471204125328
106056057578552.17 89.3150800805258 55.9725149808243 1.5945506921952521 58.04531125425479 2.1219455842601307 0.00042681287120599037 0.009268414386755155
470507180238817.25 18.40926113086686 12.032954991825449 0.42380324852377904 506.7543903200054 1.876741424450573 0.0009260670454476793 0.0033888098018010817
5278488561255641.0 40.956700007339016 1967.0053214570958 0.1518843003346233 14.529538776798312 2.3359166771842395 0.0002719484171137102 0.001730318816111796
447348609697503.1 52.457980524852935 12.798143439055153 1.77162777903844 517.9980283748918 2.010315362328392 0.0008668665004299779 0.0018419842769071436
902970058050513.6 29.756049420541288 432.79999793854853 1.1508724141076665 3934.963028148567 1.4087768455203857 0.0007674985883147908 0.007717659942257271
781651519474449.2 32.4951359789225 575.6213235177242 1.8256407994257091 2563.2164493926434 1.729576702013102 0.0008105101006269518 0.00774338642499039
491080519837736.5 20.107476198442733 159.79155223852297 0.11215578262289805 688.2050273582214 2.0000150691309653 0.0009323900572783401 0.004925938084407317
2.0918887124244132e+16 26.615028885768968 219.91564023422512 1.7502577810448692 33.27847661309367 1.976565606384857 0.0008472354981985895 0.007502542903249809
414165390588148.56 6.6925436173608865 1094.8548820502867 -0.4713174629928166 296.983873026273 2.245790724478057 0.0009996793068663135 0.0050226509780329325
1265964187216382.0 9.18725654084656 22.77579505190151 0.18168345254814786 88.06961449943537 2.25702423122666 0.00026090314587811275 0.00017028475268305427
529627287980781.1 95.0498316560813 2871.4220157382615 0.16402539035261643 232.3092803435964 2.2910883682632766 0.0007618743858253987 0.0013448218966331436
306924684831430.44 24.88977572807527 211.4908835958437 0.5889922627603756 44.84694435018632 1.953868262202227 0.0008057213891225431 0.006948518030232267
879357956664736.2 25.251695254911496 594.3590427512361 1.213648823807309 4714.673538649141 1.5810287929403517 0.0005842013275539651 0.007567993377827319
6.653891179620061e+16 45.31576460826096 1069.7004650951221 1.5673272892813697 59.80934632978352 2.044302058155525 0.0009905929493807509 0.0007684162054481577
644573787471676.4 63.844254437193044 658.7165499602023 1.1434826394008941 1139.975737203392 2.004630892588365 0.0006933544988620552 0.0024616514034603116
1453520379114352.5 43.242521895708165 268.0120124691157 0.378882645344341 29.021860047740955 2.322215217075376 0.0003286543844769956 0.003558028184081071
145905227455190.62 67.94329559328351 15.354497892942481 0.7743806579243266 23.760883136370417 2.2329086380644902 0.00012317976883337558 0.00019512125903867498
937180719337656.5 87.78513842744702 604.2513674566341 1.093104671258046 375.6669181532919 2.6471101702467053 0.0009379841432755197 0.009798937386518923
1020593219832157.8 66.5375970436541 2119.803317668062 0.657152742422289 489.3143169359707 2.371189246952561 0.00036906574600413874 0.007336275226099667
679938953960265.2 10.490427080604142 71.29016590386445 0.16918616647344176 801.9585834588573 2.034553017927148 0.0004944812876532425 0.007440449800234578
1.2400164087617004e+16 25.95910676266493 2427.5041838309853 1.2226915608993794 328.29926167265086 2.8123714192294713 0.0009441090222965109 0.005585805587025757
7.332290479293574e+18 0.15010478299868169 12.859519659262762 1.007643528237229 49.431101627952025 2.069577684751634 0.00012179287479999762 0.004904272715775233
1.5267089201471254e+17 50.88262699814117 1057.9457170490045 0.5427811037425361 15.032576867135388 2.397459936841927 0.0001623539280299703 0.006919625508174299
4.536167346000907e+18 0.20238883445551892 18.702975243983147 0.6795842693917321 65.13802299025724 2.160211034080356 0.00012886112544719327 0.005329817197237179
6.73696480807929e+16 99.33386444280276 144.11854882381266 1.4740709611812473 10.073772384444242 2.149468506630677 0.0001223648701718259 0.008711230191830793
775624344833128.9 28.4484549526913 481.42478038133567 1.7552314188588245 2449.879573365414 1.7779427150793272 0.0008604546223011707 0.007853011381706874
5.894079000546011e+16 28.212516609675756 359.88430969657117 1.3984876297667006 49.056101446474685 2.4406931168999613 0.0003838334525219315 0.002307937866825735
1.6162940190486223e+19 5.24566901239861 90.34734628032152 0.23468893732518836 10.563438173744036 2.2495461659957376 0.00045120017396136356 0.004238534653444131
428176785104012.4 16.552823703626437 10.270229380505699 0.46145279472637313 146.47454829071785 2.2276678439467057 0.00091596299493189 0.004832777468640916
536828672254789.4 28.707297860334325 18.53533533617045 0.2153659344506012 562.3113898915864 2.1883335068088594 0.0003411125420029274 0.0017407447615399594
2200142161714797.0 22.58849462909702 522.4572879863733 1.9735665903986028 249.1617952024277 2.590488305549203 0.0004034320209560092 0.0009724705291657343
395354163546809.94 46.101182980438765 14.277906103582687 1.3460858626015637 222.30907474080408 2.2523415769818005 0.0008505269905783155 0.0013377300744458372
1618608574539075.2 9.586857004546491 24.030542169071737 0.018531834658463087 78.01714349485347 2.2642571728714533 0.0002175904009796657 2.3036370867915087e-05
755105194320334.8 22.605817937557838 11.790986262435347 0.26934907117151186 366.8654160163717 2.663618478584039 0.0005523213417086026 0.004389142513883123
1.341975805493592e+19 0.8599145777625976 195.79453013145866 0.8975496323450604 77.28036714525041 2.469896103499589 0.00010797453653843469 0.006834294549666553
829448897284575.5 84.99033966396978 341.79217489644367 1.922385925326214 4678.665660427842 1.1429401476909473 0.00022352161709308864 0.0020060367298520114
1.4308700926692716e+16 13.590828366966761 129.0955636108625 1.6906773326771734 41.28722376510526 2.06827072039304 0.0006591957050752974 0.007223892619100119
401744920706962.7 13.330240191756653 32.06641202675641 0.9121564825847105 80.79341963224961 2.148124483279771 0.0003828041925620746 0.007767526791912902
1319319634358215.5 20.40179393210598 2944.632128273906 0.6155677277207587 4760.499554765964 1.5043813470313792 0.00016332620412411083 0.0012789993021584392
161848408923771.03 47.917268264933995 13.803164507486239 0.5392972262205138 60.16327626307011 2.1294517918750686 0.00017747081058639555 0.004076858881979382
1.0259264591582765e+17 85.3160891028115 754.7946776349196 1.4177666874788923 34.082912137471915 2.3588760294886697 0.0002563633085478363 0.000632139255841736
951077566128864.0 6.526048287236939 120.94759667379664 1.3077351695700274 1925.2564442950454 2.979917711627708 0.00016776160325642552 0.006873087335741908
1.6733466459496992e+17 1.523983711862137 75.37849588948676 1.2570375808826486 87.331168064527 2.29227964786771 0.00018384827334711788 0.0008116597919412723
6.708968851058976e+16 96.05817623075995 2603.9773759001387 1.9665822694998065 157.7401636453126 2.1640187984124815 0.00011979731462684638 0.005542545615023722
7.790033090270998e+18 0.12377221662358817 12.638864712412722 1.0061328833564682 49.02441607737335 2.0658257762623418 0.00012155243395361288 0.004945805235545901
1174741874444398.8 12.416030915063715 19.823389679458764 -0.2654983814463956 58.67205862092943 2.2479532804131237 0.0002627293688970306 0.006961317543703722
301608661455090.44 31.719981403215197 16.399847481878368 0.4953147102270598 15.01422652177632 2.1113178075340477 0.00038753352206382486 0.0007224055077189786
2460215359440957.5 22.698091260868885 1905.1662042444802 0.12326483657836823 24.557648175250932 2.1754387236595423 0.00036886418869006563 0.002458837500617932
207783136625336.5 74.13741019633235 22.194488452032754 0.7311284992676377 26.721974992316213 2.241858744408004 0.00011939634546507241 0.0016419873421419364
616299859630292.6 29.797261211418054 297.28676947797715 1.4643249645243426 1496.5841558844963 1.8104635246520135 0.00017249276977552943 0.003684429872462089
820701661872380.9 48.49922138586176 1374.5661625396967 0.29148684937332314 2791.8863727085027 1.3962051855585618 0.0006520189886424871 0.006626812314098853
150320881155428.88 22.70459539712212 35.02107362201231 1.9802457765551673 51.81643735433517 2.04883327941388 0.000698373024110768 0.0049531528266365575
806646321130529.6 13.735192372357645 39.995635306962996 1.5579653716918953 3676.5074328286873 1.8419099185232493 0.000168345320997067 0.0067917751585518035
180340431778098.9 98.7742405542767 998.4451978551707 0.27807827302170907 14.523572915968378 2.023225457145668 0.0002067789207124846 0.0012545136089061855
4.416396381849849e+19 1.696122783446981 216.1907415704394 0.9852812161814168 48.531673203796316 2.3830290321616614 0.00010380360888114354 0.007012803478558347
3.2157897318631584e+17 11.233118034238533 354.65277328516055 0.81358731449931 25.477510817562543 2.0918854462373093 0.00038203189646714283 0.0016370768855221646
2.294820826152426e+16 30.59279288724885 1595.5344067971828 1.4774768732130288 215.55830874555005 2.72246432431624 0.0009120317049775089 0.004497555944621301
4.246730551697574e+16 91.97335552771699 2278.5350882686143 1.8376478369208016 160.65899877624423 2.2186671876703756 0.00012759659757567346 0.006292718499253081
5.0082730707830504e+16 20.460784529795237 119.35821339990606 1.7288332675589217 28.846515094388817 2.1245464318842933 0.0007064364769636706 0.009994525973334646
1.1316359501323968e+17 55.59389349460742 53.34543039393873 1.6687291750136837 10.951282141978833 2.303301129870312 0.0009866698293313175 0.0017267471293358917
1.5387383365756352e+17 59.17054674808833 1755.8125387744992 0.4792753742164847 13.443899194125619 2.4043558569269132 0.00015250635945323986 0.007521034319805393
117731149998775.03 37.30272465724573 432.0275541848868 -0.3726993681066222 87.8126751707604 1.9758775081357358 0.00039030492058617897 0.0031755501286442923
793677155663045.2 12.079313863626378 48.02856540953746 0.470009123734088 2443.209739992871 2.8811233078436613 0.000249081355419166 0.008253708607752543
456729284672993.4 87.88128289801111 12.57177356687248 -0.4107822335094648 158.94355286429763 2.4622926269507794 0.0006529888215380502 0.007273664696657509
840465397843109.9 25.97416140741529 428.07168104639265 0.975756131668241 1067.009958527568 2.137978734898512 0.0006575639054382986 0.0067263793612411795
2.9824848086399826e+18 7.156026410858904 660.66787864216 0.2951926342063341 16.83629714817675 2.222965350554247 0.0008461679600104922 0.005035856249025027
337855415150516.6 71.50757758472437 21.4069796704454 -0.16529724116170674 263.69783493483993 2.1657039444112987 0.0008180983903394514 0.00383328667572376
901892192308895.4 35.67949490822421 809.5511083992031 1.3553674830116873 4437.168876412442 1.319662713318018 0.0006477156072827203 0.008679535107914128
153989797630670.47 96.90287430636425 475.4370284309709 0.2522504379306374 16.329621841028697 2.077218664900154 0.00014788912858743294 0.008446593834941285
2792050483063155.0 47.23547176794655 1588.7551095299145 0.9663213119112496 107.13962947297908 2.101797944811015 0.0001092574308136571 0.0067209447847369225
1349810290168776.5 21.424736574255228 2819.56236658085 0.4575410132010553 533.6134085365313 2.455362749973858 0.00028180681905601854 0.0039034533772467333
244576455139654.53 74.13665608275325 664.6513245880219 0.12203346657303293 61.70795906742528 2.1238207074341213 0.00011332566157711261 0.0006020794701830623
655425330217972.6 38.779050984906114 120.1493109395924 0.8899695135191933 402.86420784268546 2.2887680901356977 0.00038882154736549464 0.002690279495674655
1.0348947289517162e+16 55.17577632219617 1906.8622207399956 1.350015435535293 218.50130922974697 2.588515622671006 0.0005284779567173588 0.007780863780571815
3.2282253288427514e+17 62.57630663568581 434.41780962548114 1.2593303595883614 18.277836397447523 2.2696761047121568 0.00017999984824953053 0.009354840878697162
1198765112029567.2 18.679174740288587 954.3419545143154 1.1782332927113752 3370.5950694945213 2.0421162357220353 0.0001863239644289764 0.008009852042368034
4.85256379237935e+18 5.000742318136833 1055.0532660515494 0.3290484003421311 27.567308341112224 2.2880782142648433 0.0006855704218091055 0.006640031484393907
1.9729965265160045e+17 48.6962854841398 826.8903300791425 1.1017952648786138 26.38264867347213 2.224707460668877 0.0004037645801631059 0.007661763585368413
1.521422696368885e+18 33.33344078478754 920.206972451235 0.5335005154027168 11.262678979567593 2.296937895255357 0.00012147407959393795 0.0032224961386724486
759781040082825.9 34.02735064910382 535.8387368461148 1.844139833322647 2418.1372372891756 1.7640704628792603 0.0007938306305819777 0.00786405302877692
2.1745906965223723e+19 1.9909863302982833 1694.298068496764 1.517062628542472 215.04452001361167 2.558872236066112 0.0001292610349215496 0.007440636096747557
1364693544399625.0 5.63619197764824 66.0904895391353 1.0587872396232927 656.7195589322665 2.882181357288412 0.00011689494792381005 0.008491546455928062
1.3454110291454129e+18 2.848852161676662 649.4265219592763 1.4628522154567194 139.87741320390134 2.3099960831560704 0.0007620292488104813 0.00811951282784815
929703875669389.8 35.609905843251454 772.0820408933891 1.095932056594275 4940.654661913218 1.0531745868229074 0.0001717635462382352 0.003552579995138981
1.279461502087464e+18 10.63782812680455 557.8217214356291 0.5224876021545015 21.24084327642605 2.275848240162959 0.0006718106049229436 0.004583336199775229
541201543359913.5 10.686365234619213 24.92291389005363 -0.38723641242102813 373.71659000274053 2.19529793066451 0.0004070984647101811 0.0012936624262600543
2.212643753462206e+16 23.133596577250103 952.0739558091989 1.9349773077096692 196.34934686404563 2.5983453217622583 0.000804127449219733 0.007241713795908401
876753029119659.1 85.06040813974967 383.7757917512804 1.8568438587051541 4432.677407326871 1.180784570887135 0.000230402294720322 0.002229808676811919
9.136503572907549e+16 59.230131774454755 110.8133553967349 1.5003933759105748 14.516475532628155 2.3149808464069106 0.0007877090637423874 0.0018572708977890049
636397840455515.6 23.991793380083664 13.547322433520737 1.6683739983328696 547.7109183391641 2.1814605311378448 0.0003268036038254636 0.00851137452025216
937035806670182.1 38.48606545412398 486.53422833671766 1.8646868473050184 3311.6623642121394 1.3632254493936904 0.00012793727333522208 0.008526288283423387
612652009094763.5 23.267935353558013 30.360035605954128 1.0943742934630525 405.05980321017887 2.2408409782600436 0.00011532441085347477 0.007773542246567812
148071999464655.28 91.50510329419075 976.5181378423122 -0.25131065515631207 80.98991482749065 2.070322453480356 0.00014482533003528687 7.346242602098482e-05
940756583423425.5 43.193126985363655 416.13033452943415 0.9679600728993286 68.82541475808058 2.103963722969961 0.00034273379364815356 0.002912924926555813
198175496430141.75 53.74842639117395 29.962416468484264 1.1735476837433119 57.061898031078755 2.273576808648848 0.00024497699217977713 0.0009931909056124667
256365908140190.53 76.58124621426678 933.2545627171561 0.4755804747302377 102.50221220600207 1.9548050149542422 0.00011208553217525262 0.0005001403661291841
326785985941784.56 42.25859590772338 175.86433214549743 0.4507104761522188 77.33848668490691 2.3075190940234362 0.00027637246583590917 0.0034689829479529716
2.936757090741492e+16 64.92724734420868 234.41241155440724 1.3800700568952529 23.58939333382161 2.3119750987674177 0.00010631310007158296 0.004414050130434571
4893895515734819.0 25.45000537053419 1458.9936337287907 1.5318653793895007 368.08165800384256 2.7523519469522544 0.00011565344989037425 0.0025793680528142003
201326068885221.16 60.92273234017652 57.8116906050398 1.735427829441174 141.7242466136418 2.0956628012047744 0.0009289115418939127 0.009362576491695524
1.7997123404304195e+17 1.214192206674885 69.15267052194099 1.2286225304502423 82.86698310363911 2.2801391937537097 0.0001783138371032712 0.00031700708368785635
2.084132757764224e+18 18.670260138003542 2158.49350056835 1.2666912661012055 87.26386222907301 2.4617557001963353 0.00010446599205120058 0.005626597274230595
518081868864880.2 60.78871030507972 757.4449384973897 0.5046051355496841 218.56867759527807 2.1389198713767117 0.0001225594986096765 0.004594402155058525
273744124062378.06 97.94006308289194 657.676623380089 0.0713753139546256 40.42522434934887 2.337683031181019 0.00091202532601003 0.00011635522256639788
958115589760117.1 91.74048788772173 834.7295806283782 1.2238848786824774 601.7258179044095 2.7140752707747344 0.0009342597117629495 0.0041596669861366994
727041272000545.0 25.431344253940594 44.925477512889934 0.5601336916593898 26.148465291489128 2.172603187935887 0.0007803915722611965 0.0006686826022956963
1185894856787711.0 91.92354148710925 1760.2202348248613 0.8138045175559447 2625.523582653944 1.7134291551952203 0.0009555630294745919 0.0002530420449944103
1.753696476700528e+17 83.1485425213342 678.7582267816927 1.0675845346449953 16.23527725344744 2.243607339605076 0.0002535623724517812 0.0007154114838778137
841534735634782.0 82.21342616217888 497.6929684957729 1.2533839889519203 1380.466312108482 2.363751337176177 0.0007867196945409045 0.009943542979393273
2408248355264531.0 12.260663027722245 413.6078204127191 1.9140223707264878 196.34186322810285 2.338822906719987 0.000537216567171595 0.0016431914648449707
839251055341955.2 14.66312402711442 18.37271476187181 1.2988103252466021 44.546023751910525 2.215811516070036 0.0005224194611731523 0.008745052767636931
911462399930269.9 5.773858962302469 24.757013569409896 1.957149380169272 2032.9094566462522 2.3843918870468053 0.00030127320091126003 0.0021007099279238247
212464931687077.88 35.48950473819328 306.33938041672917 0.3851062915614254 51.446225499295984 1.9432665753463432 0.0007325868301157263 0.006792142716232523
531260153172256.8 56.95899566402737 267.48128245008434 1.1030365024517659 588.2154109539157 2.185602265152859 0.0008758638797318256 0.006361513475642475
264504553822784.94 58.37295353340101 11.471009512483072 0.5801579091522178 20.356988422358125 2.309198718222816 0.00039039924500193534 0.0030916944003555446
794999615151725.4 68.54281954804443 1828.489765255131 0.31245760904065145 2098.292085940085 1.991368226307685 0.00025021990063937643 0.0038594603132756297
597709148143593.1 17.884891597645144 210.65178731484698 1.7278309109078618 1020.22842765372 2.0404801722672143 0.0002858424700348707 0.008442415148995401
335745134228498.75 25.98269503488732 10.950140437541217 0.359447659000683 216.84112661589756 2.1407679229723717 0.00035314422516274 0.0016858604981833114
981949505065461.1 27.859767191095834 726.7495761101951 1.185712823753772 4072.684360053288 1.5801746286830136 0.0005670162274679613 0.0077833255310827635
1.5634274208871284e+16 52.707206997443016 2683.7557378935103 1.7266576102865998 408.6527760066119 2.653797616115443 0.00014484701670208156 0.005059808061880084
1.7264271171261485e+19 2.133703510264633 1422.0207301967869 0.13717273910521982 26.398954929703816 2.253341506461581 0.0008711792081852312 0.006338166082078032
1.8282278916816397e+18 15.077500932052823 2778.2268919987528 1.3182162037738636 127.24580549955472 2.4980488023147354 0.0001073809905591002 0.005410632123299888
1.5403535348245996e+16 66.02673205243306 524.9599149150552 0.8911291653126785 13.369394462782315 2.013050795580119 0.000414979658495762 0.008453917866971108
207433993585548.44 52.73991765506026 37.636957284249256 1.1139630344991 69.62787573837383 2.202427370199714 0.0002299654795442393 0.0012240125934486461
446541944748856.9 16.408543845292257 101.84166165440664 0.62085378874513 256.3157553920803 2.2707000457079873 0.0003929230607008449 0.005135856848156047
925603931538817.2 37.76247989105074 391.6583682261702 1.6570129731619547 4874.215753696966 1.0923207873140568 0.00017812581287947324 0.009713254396805057
2602599624067440.0 36.38064592343807 601.9955444105734 1.7653082039060144 184.26576727866507 2.426396404969057 0.00044641004736486485 0.0008066552797813473
525880192324529.56 10.140853109507265 244.40032063676742 0.4407792753713049 289.2228474725632 2.1321151063980537 0.0004038834187114305 0.006087016349404115
2349679200076652.5 13.010398934190853 381.2712972161412 1.9141336433956297 182.46212298603209 2.2973391447513585 0.0005128723994832381 0.0011967333704178311
906996355008447.2 11.197589160759453 511.62723359728597 1.8988576235133636 393.2427592177934 2.43441848356882 0.0005501341946261493 0.004284809742307785
425975182328639.44 13.438776055622162 32.767948206082764 0.857841528905127 73.76909146790399 2.1541808027356875 0.00038028801511417624 0.008180020341476787
1193219014776935.0 58.29947684052676 689.818537381292 1.7291411761894318 2951.7222037467945 1.985124134766158 0.0006462632626981216 0.004559813889299115
1989967635450575.8 90.07504808866715 599.0178383184503 1.3620128216474554 72.78833347027695 2.0955767365996576 0.00013282170688628977 0.005374361655517718
7.411341323882402e+16 68.21099501783448 1483.677853460197 0.9214941813022169 30.5043122494238 2.3576982742185466 0.00020975896912571492 0.0099671696428301
156857836270133.3 88.83813709681407 33.91742111858843 0.5501296287477847 41.99858501517465 2.2828025194238784 0.00012050743166580213 0.009332553338126534
610730344874599.0 36.47178471669412 334.73983898777794 1.6989190977106903 1246.2402199032726 1.9257225706352514 0.00016463397546925587 0.005500564029578029
938093731220956.9 12.87180705373318 14.258390984838261 1.5565709247790847 4737.370699325383 1.832072404171339 0.0009431493764547865 0.0008214458970482513
294192228220030.25 33.46853226210078 26.60971118287147 1.8549561247721182 53.81490424495678 2.2689384475753767 0.00047478994063266755 0.003962348296803501
811531167213133.6 28.31192482853345 291.11385880425576 1.456010887152352 1758.9946939182705 1.8079356931844712 0.0001722688325410873 0.003459347589205732
917602624352278.8 31.88426603731432 417.1998277322318 1.339473666884889 4317.917038145646 1.4924448086048128 0.00014250948143655572 0.008779165742970578
4.505725963796885e+16 97.33162275405351 2566.619779534506 1.7910353387823503 161.02161947754487 2.2707627583637375 0.00010040706378298623 0.006079305520755651
4688946845579103.0 40.397490797644274 2178.3020252815754 0.18262406774272022 15.707914259392668 2.3371996263972563 0.00026154648126957495 0.0018224834192243607
3.077482105002476e+19 7.2663917002174365 478.34159881177067 0.36050154487349473 11.595054834073338 2.247275693145668 0.0007771099678980725 0.008344341349822856
1155708867949978.8 84.70981189717033 2396.0155883800744 0.501833895688716 1861.7251802128449 2.8700280003202567 0.0004621583664543667 0.009380331919874169
396286037127100.8 55.21991749942461 10.8462959453558 0.7955592403528698 383.1617261347434 1.929162982748593 0.0005500258027527823 0.0075596869876266674
595012516277254.2 79.39374303543822 1323.6589121385073 0.3994821102684789 304.9608235410656 2.216914185326658 0.00019219786226906164 0.00602386223159907
6579970953113582.0 4.313924454579554 1975.7423840298893 0.149208447723558 111.58606963455905 2.1586075444170745 0.0008699435201134535 0.001967712271836632
386558331244633.0 89.15131505075365 47.67540441123005 -0.333060587317499 175.33965991613059 2.299623019034555 0.0004829533178742217 0.0070647512960248186
936978953647278.6 9.24827101193732 13.641699570978792 1.3056074757361955 2779.127717650611 2.544144139471064 0.00010980536594580561 0.007672137817103507
567645867612954.4 8.305693215748502 32.5998727115423 -0.34198076452713577 393.91014762558933 2.0880307135455447 0.0008483780887540815 0.008401024025710514
525960348319635.4 27.634629142015164 74.27085246320416 1.0568083514742521 976.2843017422996 1.7784759396213625 0.00010925130726608172 0.008147212647233306
604296057475731.2 19.867488141723584 92.6683773193193 1.6790357302141101 1424.40453703602 1.7181848085004887 0.00026780409700844973 0.002376022707171292
2026968239503417.0 15.723162033983092 1300.9927934251787 0.36590420441826266 92.29256953958176 2.2541126270482446 0.00010343067236845757 0.006797971206910519
2.159904017401156e+16 23.33260137017383 962.5910553739051 1.9386686543004816 202.35393963187275 2.591817926519907 0.0007947710458210095 0.007276003741323284
766141674801882.4 8.296259233964754 15.942893276074306 1.8027600427167936 2789.320760955311 2.9727547724757084 0.0001551644314523959 0.0036006090160469973
1634539388663340.8 92.76802254354679 750.0712479691006 1.5652614325102323 182.96871556188376 2.1879918819364597 0.00017304266043806013 0.006090749684617236
3325831246931660.5 2.17849025400551 222.16876072311155 0.08630512059645579 556.5136475876129 2.9828994784798013 0.0002491766281123547 0.009102729793366805
4.701342215949578e+16 71.77892921239393 1204.3984762416194 0.715332194903365 19.477885860714863 2.3391078187427063 0.00016321938322035802 0.00911100595064725
427546550195459.06 34.966914197495704 29.377137852949218 1.8461431558112487 19.214543493641678 2.09609289954403 0.0003562309992559139 0.0013716974715209575
596652199861729.0 96.04674466667987 443.5891848349974 1.6244978036693352 1527.2484328429898 1.591242787793229 0.0008777110959335977 0.009729387428479855
841870203879580.4 60.14432148744329 571.2395732192666 1.3646039610649263 4143.170971336612 1.1584786756421883 0.00014347355004508606 0.009464183094727272
862516724590566.0 10.500142037981718 12.713507550353606 1.323161923340102 2357.8936598524906 2.5046522562155107 0.00014564321793124633 0.007073534990358767
69406464955030.84 75.19340140613944 162.8409977074981 0.213389927765454 11.177082308653288 1.9491317061079356 0.00012468677085623867 0.007887406943057205
77053980035452.06 98.2787983328687 2200.9668837484032 -0.3644551509571049 72.51658834809645 1.995758226382602 0.00012483245722727914 0.0006152944124933049
2478911718428555.5 19.082279035022687 88.53463389284687 -0.34229179874453886 23.981842504673878 2.364877004337781 0.0004777557801257369 0.009547543913471292
2.2409581831720387e+19 2.452089518682044 2137.809631179432 1.4784464295413593 221.37031965912198 2.5401136591537115 0.00014039356234163116 0.007425099860606401
621269350852593.5 39.63677371425106 205.5767691116152 0.5705238485234847 93.06011886152278 2.4533575547409883 0.0007428148992432833 0.00928905668616595
241596021404310.34 37.04675742291515 164.68532338693944 -0.19919909595108953 44.0253737719074 2.203110161888608 0.0006268672348125912 0.007242492818995526
4.786921841070871e+16 1.2896045548450727 159.75557118548056 0.203579018504703 243.4762876256233 2.769155828819493 0.00019311265923154363 0.00893000047613211
669187965286000.1 46.235545304495794 393.698139587311 0.24380248091334214 20.723468857037094 2.183925941616294 0.0003612120784844208 0.0030691887044877264
759219454450073.8 55.082148945207294 515.2399628580264 1.0902367746857666 1010.4053604678874 2.2764072099436783 0.00029769039830311345 0.0063420163310772765
1046414053245098.8 41.48185611085202 1061.1055842854341 1.2009208334521715 4412.316930658821 1.3236533890458406 0.00010250587657303479 0.004965175952926248
947271752313421.0 40.621493511867655 464.6698795597851 1.5695024900682117 3778.0953181612344 1.8333100794861472 0.00026565697302000595 0.0038302668125032024
5.104582723566191e+16 1.2951689813740543 158.5852694012943 0.20214118608643095 239.0848172635279 2.7869566100175076 0.00019621063231035606 0.008907933379430178
3.3125681763463084e+16 25.613312617717906 2296.6915882101594 1.6640281812149942 338.3576515606467 2.990983071403371 0.0008378824936883254 0.0038310662276775506
583225702474687.2 30.00163853740817 631.6578674855053 0.5470636132737376 673.3464617686769 2.0914631723472725 0.0005237272708988668 0.008512152571082027
1170093539071473.0 54.77841198945982 1730.8437638068879 0.587380581126071 2954.025334525329 2.3634740272300028 0.0009317810128367491 0.006508008617011176
477773811602022.5 36.06080711466748 154.22578038696795 0.6201250123122245 177.22276964968796 2.426155085905779 0.0009513981620820677 0.009619700582721939
343291910211618.1 36.30651688845868 151.9907551730479 0.35990268279882676 141.172464549412 2.2721769765639697 0.0007682387244017357 0.009204307375917539
598015667789891.9 26.152959572437563 294.83270923000765 0.9671757224353743 1443.9545355698456 1.6775343195536323 0.0003601796598300737 0.00048252807050212527
742302806220289.4 7.641701688852316 24.067166855671765 1.660740909169153 752.5786857267453 2.4287671517853378 0.0004423472904833917 0.0024772090222468356
891093817402892.2 40.52295618534552 1791.7392828870936 0.16241377692188128 2925.7156683346698 1.2575810578045545 0.00011046547964959029 0.003213696159214343
1.775127751408992e+17 60.84747417468241 205.18878829192474 1.2249904090391714 15.545311983691402 2.3672966018197865 0.0008044065157298 0.00045273394275368705
254619414445696.25 30.094426976292148 18.145563323485057 0.398864039556996 14.865597204608084 2.0535621640743265 0.00037482378737255245 0.0008206295190628871
561306010141962.06 50.79220998721904 1428.4274169092903 0.265123135796065 941.3514575111219 1.882925467344256 0.0007242616860303966 0.009883357766817329
317664929348896.1 98.10778284566862 698.6441524213178 0.1228344557803201 59.504710477147206 2.290092166058133 0.0007565025388842945 0.00046486739603460056
4557839339444374.0 0.5390335574921041 328.20848416748976 -0.22349900951869195 406.52329224606814 2.067512663958597 0.0008972112096450738 0.007426762070226296
879193206985090.6 5.465134995475353 456.68846402212597 0.22555011545305703 703.3532484137633 2.5262558076386625 0.00010626617644479942 0.0076660500868707855
645687716144506.4 22.452374123781745 202.57958253281112 1.671736710589611 1394.0938274883883 1.7298100057437726 0.0002607385975920227 0.004276767049492164
869932410182356.5 18.590170654241327 13.750400016720024 0.10208702803020464 25.51515310549037 2.1753870753868583 0.0008022524624651776 0.005960643642529498
1464353153046234.0 69.24060514847062 712.6951707026047 0.8695417554617806 84.64069295234908 2.362873389768043 0.0008443138973329794 0.00933368587398858
415200483506053.1 66.89276965361486 1301.2050556102013 0.12077903924607725 595.4463543108748 1.8120185788661118 0.0008999318616252083 0.007935596774055559
1335827157265529.2 12.595711086296255 19.823833235389568 -0.2556528254645982 52.40367742959885 2.2541403299654874 0.00025913142821652356 0.00728743301058957
271187866728896.66 86.15215209689039 119.60738038795736 1.0469827947507724 109.52540536472928 2.3375017902418613 0.00047660564584437755 0.009746389476847873
577377658682244.9 79.7805968746669 544.3591119499943 1.009702114211722 468.4326759489303 2.4069984552573973 0.0009643239994904382 0.00945032252774533
1416857630665175.0 20.495438169274824 668.8821868159528 1.4385511593420448 378.6415147809525 2.693158897309641 0.000179584019698756 0.003456039437492039
1629805381384859.2 97.08105875257772 1221.2518248824608 1.0018875313503575 489.47132688883084 2.9875185618474256 0.0009004284498360426 0.005403667838642368
170706854924490.9 50.31558252436729 100.93512736247318 0.4959300373247005 64.33928629434348 2.066312258999375 0.00013256112134330656 0.006081455976347632
2.615604862692788e+17 1.41096914724654 61.5419723483894 1.566882823590693 74.8204624343969 2.276593577040255 0.00015369751119009162 0.0003647878150106517
1550530645779490.2 20.478022179857476 21.876477588077837 1.1306465954829819 26.859424845885222 2.222951779359579 0.0005206199705802068 0.000540696961752578
1.4377284529229006e+16 25.47196437372102 212.85012962169154 1.7246288383357076 39.84917936775779 2.0169344664633018 0.0007285827292976396 0.007352648653900797
9860919701935314.0 61.59436215832515 821.2706067766342 0.404721045473996 12.923069004246932 2.3081521961332263 0.00022102051890831957 0.008174593472605993
910819831319609.5 9.610005497579031 13.419245591266304 1.2291376917378447 1906.0967349806497 2.8293202870089957 0.00015913439977450797 0.007408838811613577
8188128754744741.0 82.43086849350422 2463.0117112775943 0.8333754672367822 35.412399476840946 2.1039675343738353 0.00021868401036155907 0.004917199425049622
183290735977959.22 65.62208369648256 18.296111080760582 0.7431008291369623 29.15109978662547 2.2257918079250114 0.000122571875558152 0.00013599717393588274
1.1105529800019396e+16 14.567242020670243 141.05534564222143 1.9137341538932486 47.05976713904177 2.0578944974841584 0.0007166341868823588 0.006731733512036627
2.4498883502004294e+19 0.8578162250867121 243.48185178768796 0.6007730219820444 61.92783509016252 2.444661387864872 0.00010350165295928493 0.006798894286805171
208812974216074.06 70.6109451235467 24.833492207398088 1.8458179467819986 101.61529143805562 2.1025878880443596 0.0005442514762823732 0.007756871220554494
6091870651036610.0 1.813258481349399 253.2116196666545 -0.4620202263500124 428.66944433958344 2.8305973326872604 0.00026144085057674585 0.007988494539536177
326739596637327.6 80.46686623656889 49.98306833520402 1.5254127713108363 184.55353178868813 2.151196446037469 0.0008392080889704325 0.009641154983793372
5.054567792946293e+16 20.601485159351277 120.3297760111172 1.72485714929117 29.229618189141043 2.125640768959032 0.0007048519323953321 0.009967063445243304
3.5927203049037327e+18 0.10186838218737293 25.014849447816562 0.7800638054151643 67.6115634593645 2.1706040776383317 0.0001315131484669527 0.005693643311129043
243809484930810.62 84.7548912288728 44.24398754221844 1.7325632703563631 97.57846088449288 2.232130435892938 0.0009826256193868972 0.008367205916791664
809578421538193.9 8.620007056016902 256.3930005395378 0.7973180853070145 1323.02522041118 2.7555268672514885 0.0004848044231006175 0.0036778533313090705
671608167067345.5 12.783802230341633 65.93690698982739 0.2290861067787898 1128.7849874258422 2.017297294147666 0.00048437352686193555 0.008450426640850365
1626173001091515.2 94.14012560031354 776.7050442536117 1.5745067950624856 194.33443341557157 2.167095480071441 0.00016983435872867432 0.006171662112282747
762274530103658.6 36.76941356526217 445.4143993420894 1.627851977989817 1824.41139983045 1.6611237248087238 0.00027634158349166204 0.009917163543650298
543155343207997.44 34.24820390437104 18.27257903138204 1.351370239287538 12.980219168499616 2.1069639521753794 0.0001108113801745865 0.004650362162500286
965395632099129.4 36.660399939739364 461.9786524803018 1.9305324414307938 3694.4427672802176 1.3256100174405554 0.00011881939919418867 0.008829305395691617
2499983175809974.0 18.697453534836484 87.19008662617766 -0.3599669302826747 23.097350948044152 2.3715239228236795 0.0004773821483182444 0.009549746908356745
8314060331469900.0 0.6795376640118782 317.6612796424535 -0.2917942745032448 398.6987333257294 2.241698993969885 0.0006661957440104379 0.007651783659663294
900006273533371.9 73.4771951114596 1010.9112419013999 0.7957858792316845 1574.8107841045091 2.308091740821459 0.0008801105244563938 0.004750345486749776
672826031392079.5 19.00801927930006 20.022678200695882 0.026163423708102984 712.2082942691231 2.1587064276399017 0.00022279453578163212 0.0019111133657885543
1117566765319786.1 63.313579863035194 1441.5089687467555 0.5921320735908768 2709.0885618359166 2.432769994743189 0.0002516694212973498 0.003491017791025766
5.319135983803376e+18 1.1716361170778278 1067.317117081819 1.5508068342247672 248.18164398344274 2.540324497974297 0.00015610700794499785 0.006728258913721419
274923566282250.5 64.30733228295233 17.05847124930566 1.7703726151456998 113.99514263907977 2.190616703664226 0.0005357431281755387 0.007195566959228025
298471649323886.94 32.78010283493735 23.55410096775606 1.6484633671658409 70.68790205806258 2.247134064728135 0.0004304446216157066 0.003906287425344951
821683521278895.2 24.488341467759685 587.274856585888 1.496120027228542 869.9095980317876 2.735702369703269 0.0002385992998355209 0.007573903482988107
2.1240234510385975e+19 1.61324147169635 1460.3534798553337 0.12482608751673395 26.15170656530873 2.2553092396717096 0.000922465696277587 0.006341266621729629
479468993363788.06 57.9793571427075 493.94989119987974 0.9530335744729072 361.17624542099475 2.3658184289543325 0.0006278104133525134 0.008013990997768424
513837064072745.44 64.47225056282169 372.31139402399447 0.5827840097660438 219.99239202215475 2.4280085713433053 0.0008356182057619348 0.007550689754598673
2.116586137696431e+18 29.01735282377618 1466.8683549934076 0.7226033470902982 25.76509503960821 2.4652761248297788 0.00010211221823483041 0.0026232525148635285
639144129512743.0 14.694875448357891 22.332915137130076 -0.2813381442402302 250.68828280919516 2.451930243176464 0.0007895364348391056 0.00035529126333245543
2402313291233546.5 14.456458614892696 724.6982892784498 1.7831635899286693 348.1609165733024 2.557296309413365 0.00021984026499486295 0.00713553779951028
686773834343715.9 97.64321872570429 950.5802452692243 0.9653012526947711 935.0649111955736 2.284778120263094 0.0001415309782884211 0.007170109472639171
1563933114427771.8 41.26378969577111 2616.7507697787173 0.4483577122531609 83.065341220964 2.1940993743065276 0.0007833708381242299 0.007656961939802781
301608661455090.44 31.719981403215197 16.399847481878368 0.4953147102270598 15.01422652177632 2.1113178075340477 0.00038753352206382486 0.0007224055077189786
1.7455036883458083e+17 58.547530368149076 1946.3159693700118 0.7640466614192021 17.503135039638895 2.1641731753371944 0.00036036530634170506 0.008031910284789773
577427411748447.4 80.02596557838831 667.5889397192074 1.1405977206029516 1001.8681113589096 2.1546275023660977 0.00018258476682171622 0.005582083879248951
1916416404689672.5 9.520091830772746 302.44662595845193 1.0876393222698906 255.742896259729 2.9445135573779675 0.00025646466049725284 0.0005774036798026506
1701476901932638.0 26.2356615388793 1411.7923034285477 0.2333073800860751 36.627258935544056 2.19524177938531 0.00037020656540389415 0.002848121676455855
884658944418089.6 25.804508600915668 491.1598279122867 1.0906113170086371 3078.6714093088167 1.599830961610294 0.0007435027259640013 0.0012904276256687323
1025889696153196.5 4.4989347755208975 10.486310864097248 0.8076993876033536 322.30255784307514 2.342749763592728 0.0009289643133509435 0.005400676810934342
792462249716677.5 9.15766248682353 38.8625606717352 0.5308465454691469 4358.3852735679375 2.9297992818159644 0.00024201781504958788 0.008363111022286164
1086052435786969.9 69.05194670936281 1156.369584018724 0.7790672730585229 4809.756553859481 1.343899836234248 0.0002294987785816509 0.008086001343656371
9554699352902148.0 27.712769065270855 2445.031115021767 1.4929148967327728 484.1316744087401 2.945534357359116 0.0005489214261339267 0.0012043730459665785
434555902428616.25 27.864932287162404 52.590945292158224 -0.25701197331131054 417.842526510114 2.0728391662175714 0.0003203548173624214 0.0018290534385394916
119966976511100.27 98.94759262888131 730.2350273939782 0.17241047932299966 11.242773133747994 2.034044817891796 0.00020576420368614116 0.0007550680635091296
1.470171772678926e+18 58.569171980256066 1227.4436027631627 0.9733107086107237 17.65007865180504 2.264317576839951 0.00040130771673276515 0.007192573242860158
109748068240176.47 52.69975752798753 21.110012400419304 0.34489680690039515 47.08283379166082 2.0375478343131324 0.00024227188776554043 0.004663707682311353
395942745853681.25 55.384677022121096 10.597757194656486 0.7958225968387836 383.54400520937173 1.9268680012111579 0.000551678971101132 0.007585233472774673
937035806670182.1 38.48606545412398 486.53422833671766 1.8646868473050184 3311.6623642121394 1.3632254493936904 0.00012793727333522208 0.008526288283423387
406364601410148.6 58.40744055329153 592.8084689292634 0.33894007874386456 313.42839653448175 2.061051337156395 0.00011097355637916396 0.0037038151658196944
529549725402540.2 36.11609177171898 103.38912168019552 0.5035821253641659 251.55789520417264 2.410807318607686 0.0006406898729735798 0.0030769144893692865
458248183509789.7 73.31034439719961 76.8592029236718 1.7307575903238308 774.9933434146702 1.8130713640349898 0.00056648185245417 0.0012943491822472045
1620197275836072.2 9.963003349557793 444.54486943240966 1.2536189873581571 398.98381183110797 2.9829285595780592 0.0002763450739431813 0.001251147480877466
652330625516335.4 46.59198028624727 1723.1817695062462 0.35700936693116936 61.283599731840496 2.1585617627368068 0.0007466436388000318 0.007617962243127665
1.5217835831194237e+18 57.95216998451092 1344.590499721839 0.9964892309167525 19.11936367895001 2.248711017123987 0.00040176375225303305 0.007307538305873875
1.1834542081062725e+18 8.190264527777693 803.9181077572111 0.4454924653380129 28.57730331824814 2.2866019457533757 0.0006933948950158369 0.0061224520788866164
610598058965223.9 28.865463930754714 715.5768156115455 0.5125775633770031 735.823607408327 2.0832298140500667 0.0005402110596598216 0.008802799685548191
880535601018353.1 13.335342687444587 18.02554299454912 1.438337872271692 3975.910725250781 1.8412270746003718 0.0008570994106445563 0.0010965076262404857
190038918544792.25 32.539523100406726 23.602223006139674 1.7645529508193878 23.869718543438953 2.0941189435343994 0.00038163845973645155 0.0002775356076069118
1277850033072812.8 54.426087722605665 2457.6337171953614 0.7441822402844654 4029.6633919515866 1.9650355264955655 0.000737660408936755 0.003824231994344907
363516583281587.25 33.434538499361835 33.33378147858846 0.6899442869364522 26.86805355201959 2.2078268246060624 0.0003462842578058013 0.0017158853746700206
4.16652539043222e+16 44.423445028802604 1227.5703464776363 1.628473446805462 80.6458751672724 2.090137082263385 0.0008916747870480472 0.001202656290777932
969751476304975.0 38.97192789268391 182.57563895114288 0.8094139259273534 50.95462470789892 2.290531003750779 0.0006000590355305225 0.006016482237203325
6.396302255902572e+16 80.81768278029028 103.04978709389842 1.7762860342043998 10.675434001213524 2.047078509681321 0.0005367655637062919 0.003394480807394156
181638284200009.84 93.85970943966366 68.80789230364624 1.8403119825336693 105.82348307971805 2.2608139188755367 0.0009727265874088974 0.009954925203327518
773230019508361.2 14.356221876360891 54.6329235090001 1.685006697103016 2730.0840632817994 2.4358417971479787 0.00028848384573092943 0.001218082494839582
1101981274329021.5 7.799516176744845 395.05233374952735 1.824695639494557 1733.248293555814 1.9254706894040106 0.0006975513238793952 0.00018832895171574113
4664836635928442.0 27.496922123001028 1141.7060247744494 0.8705626769441602 49.8931289606194 1.971369661376956 0.0006571346511676594 0.001029953270855203
414937487882118.94 38.55011832371572 136.6164078990387 0.5822979410958099 218.30554160685557 2.36321496406216 0.00012904217886207305 0.006564543594471798
1.4726617128631092e+16 0.8799618245930407 124.35144309174409 1.8816531399225918 273.5185173037731 2.485616877928386 0.0004487824720037451 0.009668474730749489
535841238628519.8 91.76147940024622 1473.0680359319347 0.2860783379381652 282.35459502586986 2.2216326144290592 0.0002994782557237299 0.005112463237497772
1121424242782855.8 67.96664363569685 1280.332676566279 0.7940793141907578 4101.201644880271 1.3347105096387024 0.00023112997173589894 0.007583628776280645
2.0830423515096797e+17 16.90901573296334 405.66612048257394 0.6083554679880641 14.806004912654847 2.0641843615712783 0.0003469039844713254 0.0006356551746863875
6.589924761048406e+16 99.1709950760457 143.76245838012744 1.4724177198921817 10.156680559976126 2.1492630961881787 0.00012300986356417662 0.00871696243325338
37737203222827.35 47.75547567257644 1014.0003221398562 -0.31661491604181013 15.57122873357906 2.102880398588838 0.00019668842632415107 0.005968771149205144
7106455346029534.0 26.757068222031382 2207.4045263377434 1.594626688269756 547.5774068758269 2.9647052229003394 0.0005358111752365811 0.0012707290948443428
927474973113510.8 62.04853648187907 1041.5027889223313 0.8399098742022534 3995.496293765903 1.3504914126628578 0.00023643675967980682 0.009725303860880196
2.3721935306136887e+19 8.206781201898671 389.29156055128243 0.4694582759007848 10.771815949008642 2.176732086912069 0.0006120220628890613 0.007847510538642442
2.0086431334090465e+18 1.3613089101670148 662.8803101153278 1.6250797280747555 195.4182042915272 2.4073351712509234 0.0005340696921757441 0.008960695505428683
917077384915758.8 12.249763484197622 2167.6260859612507 0.2587925022866589 3266.8524265250326 1.5953501319141956 0.0002296375155516068 0.009616424999439563
1291492657690146.2 77.3273680852266 302.088780130767 0.7242085035425379 43.18613905037307 2.4393506542859535 0.0008948707424140643 0.0003439624399509608
683275845111930.8 12.311001697600304 30.255213660401072 -0.33773928835474964 529.5715315263665 2.2476453999687918 0.00031973390394316657 0.0007807918186818506
5.521539349364607e+17 16.037262934921266 416.68305287946674 0.5136274792322312 15.699176517707908 2.2368547838687727 0.00031408538934842576 0.0032334086075292987
407505818278284.94 73.43569748883374 148.7413980751918 0.6052119104687294 51.9359782035854 2.371004437857807 0.00035963473588624653 0.009201459287791211
518328989353731.5 21.839176355609524 267.89750493954426 1.6352042432088871 487.4209199837859 2.255952405909112 0.0006574018980578106 0.007762939536139475
4.90237314866078e+16 72.9748152305127 288.48728808844055 1.698669353280506 33.090137571985245 2.4132492406569717 0.00010977533920808904 0.0037912260542120116
1.8531701055313984e+17 86.08707998091977 695.0503397411253 1.0295428610272692 15.54643950066883 2.2492054708878366 0.00024565575820335633 0.0007790780268477323
923235419715243.2 97.60088111831853 486.60294745480974 1.8696484201825168 4486.395169405808 1.0462359821125506 0.0002980719853452544 3.5513104586642336e-05
637161121616025.6 11.414148302440296 40.46203484912675 0.9389207271806217 83.57071436675693 2.16424672377234 0.0004213165075455512 0.0074172106964820825
796938780192910.6 53.29975227748231 1336.6798630172525 0.7214096646945256 462.7224428677981 2.388937801581744 0.00030942777908438997 0.007054687449073526
813980623545089.0 88.23852918598243 666.4709541020234 1.1758091981478653 420.8958274664721 2.6864587693641453 0.0009670664398817695 0.00993863107347779
698016558422149.4 13.086343959206122 25.175135365226545 -0.05726820347740498 239.92647939112547 2.339376684562791 0.0006745876659876069 0.0007685047599707662
1004763557372229.0 7.329281993969926 277.246943677676 0.2423058004039806 409.40604243730024 2.5680929772636096 0.00013602847567913446 0.007296856118281491
1.632191705392949e+16 58.46539687661791 2957.0190064743715 1.7528941668075568 378.7007000320732 2.5259107553678857 0.00015457877197337658 0.004265844467117747
858842159330974.5 11.191323639012246 19.806515081110202 -0.09904194825548696 1197.9637509821532 2.2644279627305406 0.0004778917511009082 0.0021036089465113093
5070937898729494.0 51.650932323482905 389.12702323674233 0.1664555858131549 10.528017558987218 2.3698925192066795 0.0003763787787489387 0.0060528605752560895
3582109160292693.0 47.34493747903297 475.80945727802583 0.08829998341523354 13.56199666197549 2.435603402699873 0.00035244771396322706 0.005777605406629618
564341667257200.9 22.380745868463094 14.026900651108457 -0.24135515988741796 795.1410408993487 2.088913110203822 0.0008730182174029682 0.0008644667357940387
1151148346676429.8 55.85610107444895 683.0044531084384 1.4136668675925161 2688.0428598659446 2.0018567251057418 0.0008248125786609796 0.0017288818939169334
622657420908780.6 87.13611014320966 823.6316382882029 0.4197578065969657 1996.913974195332 1.5559483062989434 0.0001267334626763907 0.005857518371317254
1580017780396168.5 13.006788267767472 36.54574022108232 -0.47406225946525726 45.792069272434055 2.245721864092641 0.0004045468355093229 0.007916569308502977
1393282887536296.8 15.809252480941414 1349.3909872872605 1.1493420509112737 3785.9302151887036 2.14353830568688 0.0001687008476009816 0.007708392916836296
4.0706702464368026e+19 1.7916174257302906 216.77046790270288 1.0022537012814894 48.39147763994555 2.3388871111159166 0.00010713255596935716 0.006959206001157323
892445219489340.5 5.202564850828217 92.63248392663321 1.7732221504979866 740.9719191090713 2.489533271172374 0.0005841052188934019 0.0003269213352689506
1109827897535578.4 55.192336223698 1887.8914723985788 0.34445465930392105 2978.6238915380154 2.355514595232978 0.0008383412010307909 0.005765552781047959
2.1507208167200652e+16 9.821361588256794 409.01917982703964 0.7034312401751599 67.92067618821967 2.2759147138060856 0.0003516380593826301 0.0009530953781397853
1126993253968087.0 4.445983273221888 22.12374275617323 1.1365056015984993 4414.740051110274 2.7594798621105454 0.00010269503985656449 0.007234705398273008
5.2682161834035366e+17 47.91446487329916 1246.8141973597994 1.7631332561185606 75.74520703709203 2.434711234608262 0.0009164356529030446 0.0014317787235650697
403656593450611.06 29.57995594801323 15.715986182242665 -0.20644806186042075 690.5069051080119 1.8776118486948077 0.00031466739425702544 0.0019752897297737595
726572528249877.4 6.525563216228804 10.620560671838334 -0.47923274055748233 616.402110079631 2.315823631312398 0.0004979247961052222 0.0010781095310284294
540122222288537.25 21.21892551143004 23.46325519955926 1.3808562775602853 1819.6555360476393 1.7170451973541843 0.00019849914739333797 0.006785708779384483
708980899461049.5 10.210956002143789 27.5796697450499 1.1789301733378288 302.9327154718689 2.248533327079219 0.0006752232914502602 0.00023306248876242813
820918073299484.5 33.269989378227116 682.0543727965673 0.9411677985605853 4070.7376581465805 1.500226949238962 0.000508368308221797 0.00619406279105202
293625392293027.4 59.40389338411179 384.0526458751307 0.594776359262886 100.830634679478 2.111463515629561 0.00045112856336239815 0.0053875543293577105
486091753963514.94 30.664888696695634 27.29149179360247 0.13549080467722785 585.4491250053435 2.018393906035315 0.0003975268204101966 0.0014788446798553968
372548283903597.3 18.58588366355511 15.257666327830098 -0.24116922126105744 69.6406080821668 2.1845763401673644 0.000619437603885392 0.006482146801127544
1043310559696405.0 60.00518520749915 1622.8393160540988 0.7182874087801554 1951.4288477821292 2.3658567670147894 0.0006190132694158437 0.004621385752982496
568013579255182.0 8.993669304110313 40.6079595980526 0.04148445881549301 450.9485744977944 2.0562573418342196 0.0006304899606934715 0.009984141905122108
288375462673290.44 74.787850166991 38.211070693835644 1.067177983837626 299.1929643817189 1.816877199720785 0.000664031166610863 0.007271012897198257
1036718512849485.2 52.662816669584984 2430.815724548373 0.5577501515150181 2633.790496242861 2.157372916222947 0.0006067602026672352 0.0024298924356839294
2335306831837960.0 25.400516214920746 74.27318266035142 0.2737144249474919 31.44007441839764 2.4211683320193456 0.00043321402406976595 0.007424213048726615
198473069272084.38 94.2347651551028 63.66314810637234 1.7695385416963592 69.34724105223125 2.2843127393137266 0.000822454091325378 0.00986165510188569
503372023987410.4 12.900419790005705 34.447075322444206 -0.42415078072149487 415.92057058591723 2.062776174728599 0.0007655014549566744 0.008113370505950537
858527666201105.1 13.172132851915228 232.9229307977112 1.793176366828193 1559.9526691347376 1.9041901565577395 0.00048047409218443375 0.0007681748565116202
1.2200040974440723e+17 48.35419207567166 369.2535899341443 0.9093509033389253 19.106466069479954 2.3495954133427452 0.0006510707853801019 0.0014517304440849225
506266638774206.4 13.278322219009725 45.32857936785719 0.8156311701561257 88.05392882628595 2.157313432289366 0.0003571675483848488 0.007952737644702852
1011673812563785.1 57.76700613681598 2282.6839985614065 0.3216062885741396 2700.7335972841033 1.672659304992253 0.0002384389600034748 0.0023594727965758795
1.0168691137462633e+18 3.9232097652929765 547.5605377373896 1.3682122642509429 109.34204672443572 2.3220291189476137 0.0007161740971468887 0.007466705275762943
26793598412869.473 44.27714878446594 1298.6547753757534 -0.4533339067118023 20.893120075755217 2.082363130974153 0.00019236571435291854 0.006352451068963335
2.2693381122979132e+16 32.81689886049885 1749.2136171276318 1.4570786244049305 220.95244382033871 2.7629484308483407 0.000944779688503275 0.004001056162726354
3.733533250185761e+18 0.14371423179403464 18.918176820655287 0.9648710440525001 73.66950757592939 2.174231626016763 0.00012376764632396833 0.005516744151811925
1004348890092041.9 23.894347183870785 555.2688774821313 1.5031283114206122 916.5418963498754 2.6850275476313925 0.00024033437180323003 0.007666471204125328
567298526885512.6 13.412769801021454 32.41047189104582 -0.3301522254895546 435.493711788391 2.2033894219973993 0.00040186303703950257 0.0010621667441819609
381416445726355.94 35.11706783750952 41.87208334571129 1.66313884631868 26.352548164576582 2.13928186514371 0.0003448250595494031 0.0042492218300278295
6.745783788407045e+18 5.02219502734453 505.9404542556665 0.24244201523520825 10.243422586996536 2.070967293664818 0.0008896439080968037 0.004238529201399344
412066927606590.25 91.55223980871213 59.82826765991484 1.3731542955865237 510.99652476865293 1.8108183447304056 0.00044607737081098935 0.008702828113730306
4.801688793358768e+18 6.261734734447151 60.227147642375456 0.12895396474157828 10.20084766746391 2.269918452412683 0.0002394883820352456 0.0038751191622337254
706455244804056.6 35.39596866333134 423.09778528671075 0.13060514649801425 24.274118121663548 2.2020983373127128 0.00014215677333602502 0.0038307518486227986
887933938795907.1 30.600994362707972 579.7669943498163 1.9240622352732506 1603.0797553001667 2.3903326617408376 0.00011387227488264307 0.006123466898328508
793733542850121.9 19.142759158608857 79.86250244876543 1.479704847677214 3246.7211452373886 2.46359534065599 0.0003132327001274733 0.00328570600820246
2075462996926715.5 22.432072815505613 521.5634660896923 1.980314632398691 254.53363985220963 2.59049106436251 0.0004031343219295498 0.0009281020816924355
825793924855151.8 22.24292653445098 1910.726903609646 0.34097012087735823 2210.065561172329 1.881064000182863 0.0001545047118862916 0.0015639768622689705
782889067274088.8 89.24401530507393 466.6876349030508 1.6613814637453954 4001.4671370643127 1.2363938656609657 0.00029400213704259507 0.0007995935112484649
933290357614213.0 67.6677548862151 1379.0861564289924 0.8864113832420353 2093.304306026781 2.6513629447098594 0.0009811735580593027 0.008026089432071047
539314670477949.8 69.70864795173839 1223.7229365437265 0.18079319003781455 498.7224411878917 2.078749712128298 0.000779691630735966 0.0040165593227562985
2.3751555615853392e+17 40.254165721457554 1498.1532042188444 1.4059136614170258 49.340701676894106 2.0435249036046192 0.0009951622969815075 0.0018245639477230476
3.274863602048658e+19 1.3924209364133895 2013.1805391457603 1.659391538369763 287.5231738051716 2.6149970669041513 0.00011469431979958381 0.008245741197759261
7.359683892387984e+19 4.894088653723312 1394.5971769335981 0.3790889346888654 15.459394478123144 2.2043422987988746 0.0005050908561466459 0.007593520710866906
258305813301370.44 50.82753041128513 361.96038976248565 -0.3805065320912244 215.97780281975577 1.8086161814715676 0.0001905510437598378 0.0031832268600340105
1.5556208391370518e+16 26.063031243144025 891.7063365039949 1.8023716697434438 188.19572117237618 2.716320277460113 0.00016291997616685587 0.0016436637751709561
3558259735904572.0 18.502112474946095 60.61889113688373 1.7394555676266896 25.908625303728222 1.991216794909699 0.0009694373394903834 0.008354815027084829
2.7347102678586045e+17 55.647372443452326 2077.5023583638786 0.8167753630300557 19.318727755433677 2.193387913286889 0.00032966180367610416 0.00809178361618878
1.353011793072128e+18 29.134022825292114 1062.3316287796854 0.7481518686230901 25.956329565437613 2.4366325875538886 0.00011299899120897429 0.002702791931435926
126995614676841.89 91.92920240240818 81.9792750417308 1.5248372341488845 74.0104398368029 2.1195236824253465 0.00038626176945288524 0.009411921619974995
651932558498451.0 64.46869736486657 893.0066310074747 0.4257378216777563 249.51619682138548 2.3980613744326664 0.0007319236151067514 0.006360401548873537
1.8460890518559862e+17 96.86861542854979 228.59259074015904 1.5551816102752316 15.172717397434914 2.2615771434037426 0.0001465630553282219 0.0081557507555125
759219454450073.8 55.082148945207294 515.2399628580264 1.0902367746857666 1010.4053604678874 2.2764072099436783 0.00029769039830311345 0.0063420163310772765
265707024993093.3 19.841084121965732 62.69289304133669 1.8094653776539211 105.54764959390407 2.2044491066693146 0.000541545345048099 0.005311172135701443
8.133268001228114e+17 49.63582564918798 1363.0381567988943 1.8309544270826603 76.9196127759161 2.428506567156076 0.0008860234682369938 0.001678435246011545
785939989056749.2 18.293306374213813 34.37558636225079 1.2500989208521145 2240.8341590278546 2.106440280216919 0.000957316422324938 0.0023467519474763537
128371008573874.52 57.39025660216206 60.41187085100443 -0.010188290984797677 60.35562386192697 2.0106747320617866 0.00022451943312632334 0.004727763804848606
1.203591994428454e+19 0.10629173515369317 12.507148960454142 0.8380908188500895 50.48467357512987 2.1121172708047564 0.00010207599619575607 0.00488012000720339
2809993706031281.5 29.253320458828874 763.9292491580073 1.7646336498048796 324.32342456135586 2.8017182572268764 0.00010385545820261414 0.0067044746361122065
5.315557504238605e+16 27.920051256424273 355.9704975656108 1.384422788798346 50.68603064782961 2.4409168187259476 0.0003859128994628144 0.0022912834213266757
1125544551227787.4 33.44831554854205 1509.0638287314903 0.6261882943378018 3526.8229820545516 1.5882201740283648 0.00048457525198693544 0.0004917308063741204
1.2751123410335923e+17 47.77226195072449 999.7799811971038 1.6132247558306176 52.066708394031586 2.098958742998646 0.00069388957836512 0.001595908811981986
966769316531297.9 59.96109012371152 1662.429307484468 0.6659755521917543 2319.3531797892597 2.4818679951501217 0.0002542331999900084 0.0035806058393191226
1402788896693549.5 93.60852673037775 1301.3864264296928 0.989131173531359 139.98639709685213 2.141688641163629 0.00015879587900550666 0.004725243155398101
588749793182954.4 13.03128858646955 15.022036944499114 0.09774213353682004 646.6035067372228 2.234767666338781 0.00022641865953637176 0.0024943924212716077
289500808291333.94 31.596716849941856 21.754030888711583 0.19502701593962507 102.72379830885572 2.197085522739291 0.0001628158838304636 0.005019639385114347
3.0466834478094714e+17 14.199981584332303 142.0276591900448 0.9879174984966288 22.84848366896922 2.2369545277181464 0.00010485301291490437 0.005216451650122238
680476371577124.8 37.982658324044806 284.37799014679 0.44739334139687914 76.30942587206228 2.4009358507441267 0.00037146998515023 0.005183926582008882
276258016982735.03 67.48010674341603 510.77772270320753 0.01959504095187059 194.72974471995758 1.9914507296877413 0.00010275523951972457 0.0038297638700104785
937815885723684.9 6.6508106248958825 23.17186940769214 1.761761132391435 3346.6279156952482 2.9377560010106736 0.00018489576120737206 0.0037653833477005083
398013235208535.9 31.20656463388797 297.07056577134557 0.8650961945059064 271.0232495768278 2.2719360049764825 0.00036631213128660673 0.0024538740687613924
5271707549806136.0 60.51254658305867 1232.927277387449 1.6304315756307233 238.69124059649872 2.3811759806835067 0.00010370933641052283 0.0027128978802318745
1050074088443902.8 37.91311571576801 1236.6524957971735 0.9814465695430679 893.5814241094324 2.800472707593188 0.0003716456759922506 0.0060848760231134846
688030066994928.0 63.891246766262284 690.8164425419494 0.5525144103037819 85.26643172340619 2.268112754737605 0.0008707787173177095 0.009810221721143536
439498098377399.1 35.17568932425212 72.38832204937331 0.036012188743192286 26.41614109178795 2.221111367927336 0.0002933106620127955 0.0015433787812875114
813236919437512.1 42.387729496383905 273.6005555713114 0.8357884930910795 84.03120052708718 2.3529263959727906 0.0006207183722452817 0.006383046297818551
536828672254789.4 28.707297860334325 18.53533533617045 0.2153659344506012 562.3113898915864 2.1883335068088594 0.0003411125420029274 0.0017407447615399594
518539116040836.25 16.81844649169812 42.985968690506375 -0.2023582353969 340.5645762702097 2.1383308272522736 0.0003832584190389662 0.0033532958760605636
882581774859987.9 18.870903420345932 13.823959747693783 0.10692803019025338 25.845470694530253 2.1667119626482387 0.0007998807057815593 0.0059705109205266576
2.968067964433746e+18 6.395182821943152 62.948921241705456 0.6000012593750538 19.501055165183367 2.31439698119683 0.00038289357690887 0.002930704444269752
628007268206944.0 29.20929299554802 172.69449289952206 0.5033687021805532 92.40204090113839 2.463249169277579 0.0003006649015625875 0.0029414896959345798
907230638003699.5 94.80505913749785 1071.314587872538 1.1910124235653408 1449.8427059668995 2.4301120576042385 0.00012429704707967845 0.006594574909821963
3.246988280175964e+18 1.005061293132127 927.5273438518037 1.509759591571942 256.17520783254565 2.5751896175099174 0.00015328741606818742 0.007620948932201779
1008937496447258.4 83.07749831832535 1886.0233515276852 0.5675482941125264 2253.4015308032967 2.1050046800391256 0.00094649426747972 0.0017115473573676345
141987874098260.22 50.67449734115384 18.71750596683463 0.3859413499905996 51.193286321817936 2.08495513785853 0.00014902229720207012 0.0027748402909539747
1380518784820492.5 80.01377278919159 66.48779903051654 1.0486089042359947 12.67350737612742 2.1938875206350823 0.00011809725483660026 0.005988279431278117
7.373196200186135e+18 0.12714511377230941 13.023712009022251 1.0001838258489952 48.211917911386934 2.0708136186179695 0.00012515039695623249 0.004842010098324768
248398736512497.8 72.03678675956304 14.267897213041595 0.9703024212427978 19.985652971908703 2.291029639910174 0.00010566135854893241 0.0001484472946304535
386129565303966.44 65.58457238100858 642.3274524427163 0.23464344165392087 216.37061647315917 2.265713634308322 0.00038281398695800466 0.006434450064260572
30149062668858.617 59.22306203991346 573.2620617398821 -0.39402451630754487 19.352969188663913 2.0353590165110784 0.00034754570091031974 0.006024776424027324
1030826364449237.8 83.00811979000704 2405.2612317993553 0.43340591989954724 534.3797299148364 2.384304283483752 0.0008017617906383643 0.004300695878012959
1258164910071034.0 14.890558421462341 27.674886365764596 1.2486060605110187 38.36843840192807 2.2417992336947217 0.00041588863303430873 0.008187474406737087
3.3806462930594263e+19 6.829046821168866 413.4192701416902 0.37313958454986973 11.207938203949588 2.225459892688131 0.0008723550230295636 0.008854171243456437
523954121340973.7 40.49344294156019 145.58852439102307 0.3149912777603526 213.12687981961523 2.5134045762938375 0.0008967067957033116 0.0011082171366989507
138304650664206.39 89.05429167862829 30.4595408368881 0.48871477786866635 42.134168851325775 2.233734918302162 0.00012299508065589847 0.009527531604065591
327979765339654.7 45.10466632197638 18.745735730250995 1.4087584139962983 34.35159991471594 2.3027630229389056 0.0009743270858203762 0.0018084389840853816
5.021985786107727e+18 5.185655380235634 21.540344533619695 1.4745144645763704 13.465583671012679 2.2398363802520556 0.0007266770115052476 0.0002315785759154053
1208875377416748.5 99.80189236807355 738.2779349829394 1.17932152176094 136.35447643165517 2.181663894518011 0.00013047078639153993 0.004738236475983311
966524801639234.6 3.3949089525434033 368.40266295138423 0.20160444160977598 629.044516085512 2.6222661483541505 0.00011311113751084228 0.00786208563851736
531260153172256.8 56.95899566402737 267.48128245008434 1.1030365024517659 588.2154109539157 2.185602265152859 0.0008758638797318256 0.006361513475642475
2.6898106512628864e+17 26.223553061198153 115.648175690111 1.0432844318617338 11.552661788695593 2.1252406834352913 0.00012490013765020918 0.007984130036114007
9541529512605452.0 55.362446435406895 1569.2022820893678 1.4255836569675058 185.31647120864676 2.576696513256428 0.000523751030954367 0.007951285983885505
5.8706410468787496e+16 61.62444975391813 1452.01351267283 1.1052981796054173 55.777081815546744 2.500690713279454 0.0003093481777432316 0.009595420925158098
4.841667193148198e+18 5.1448812224683 22.185713581949756 1.4751320903965133 14.392898028854994 2.241754429730553 0.0006695655891459687 0.00019878522870240395
451413328328782.0 88.54528567340198 67.92184137711321 1.3371959083376774 612.9685923722266 1.807098048213143 0.0004438612375131824 0.008043657209502664
9027591478166018.0 0.5808191297951382 302.1997106503153 -0.3120662889730985 382.74245941596223 2.235617570136483 0.0006597245593237431 0.007657042311673113
620361528089207.2 33.84630721793224 96.93391045580178 0.6663393185181333 417.52222960568434 2.415013421484111 0.000944740496182847 0.0015208068152854277
653234768419924.0 16.584415659378863 12.05997501185727 0.29200080458208144 768.9520475864705 2.0039201024086273 0.0004986718505863481 0.004010970649023604
471030417453513.56 12.152834501616292 27.057754316367976 0.8556843787722824 235.90673673139665 2.1654858606679985 0.0008645569391118995 0.0003683086387424161
229875552450752.5 64.4330358185933 11.476229100441348 0.41471663575436957 18.122188459887916 2.2698876336643945 0.0003334427700092062 0.0016872506903000107
849260023148038.4 17.38688037485683 19.825076678255222 1.3979000649524036 25.384057092697574 2.1544295343870714 0.0005008261764367667 0.008309002411568532
176397853113805.38 62.233870486771394 28.969539271447374 1.7934416670413458 37.127556933749894 2.2650683800977185 0.000978270942190112 0.005528643145707236
724916706947814.5 44.85119478443386 511.22415930162646 0.6529818387399788 104.6492785944429 2.3069249558256475 0.00011694593804995085 0.0008807387477463152
943228174396019.4 51.167659616628235 554.9039050806783 1.656600267626231 4718.983547310043 1.579251289469119 0.00023712906574586748 0.004334085254967092
652393561835068.0 32.92778522459928 452.2007096294657 1.6687377132380345 448.72167038929535 2.4655097735972737 0.0002927274219518909 0.008174973325905128
1.3098495019987294e+16 87.94412108677398 2418.6826665922267 0.6233426925327427 12.82889582132878 2.0668087860849167 0.00017541415138152847 0.004384739015308577
6.504666881160515e+19 4.3264438769291225 1207.5862633491538 1.6523332865095604 104.25564728575664 2.251729030936246 0.00017414454995635137 0.0018911669239144442
4816715134253705.0 61.202310560553734 1071.5209178520386 1.5950254942038102 243.83054908832094 2.536870319180264 0.00015586637560698578 0.0030203780693022035
1842096146709491.0 85.2139872984352 1434.6984636043621 1.0257682560683592 272.6469297302532 2.5800844696311627 0.0006404038036674495 0.0052301390953001
935136608628474.8 6.364015962473725 12.386492539322663 -0.17144636189414458 2163.5500343599897 2.192185199442638 0.0005475655902760652 0.003983202886041389
284685623802563.44 44.04282582314727 95.32927668709593 0.6558115050629958 81.16267503150534 2.241784918769107 0.00024203858110524563 0.004520382094001299
5974546925184286.0 9.467887907838744 12.343594935231707 0.16074709840132462 30.556598656739826 2.1551493741334045 0.00018695604438262708 0.002660540256632396
1922532625201309.5 23.098397358040963 1159.5459484486603 0.830954792997231 152.5083768937667 2.3106691471984844 0.0001080549357751169 0.0045648149784851665
1.2560962537222368e+17 5.57092862701155 46.679923972935796 -0.38045219065546215 19.215705440670753 2.224510060197916 0.00017966221401264173 0.002793987183221726
324474932886886.2 23.109225340070658 11.055361554516594 1.3477691438414456 22.75801580620482 2.0539418599134045 0.0007858966611079853 0.0020295088134036935
593681818662706.4 19.358346498548133 23.740588584270206 0.00858153395611172 461.3692277199384 2.212955073254042 0.0002054880402048234 0.0020053294678119265
647400653640289.2 16.00827954206179 82.8025468648021 1.153618517393337 144.64817974340758 2.3960950085658483 0.0004331709742790407 0.00010503066891228222
339694219134906.2 43.54959713044926 669.6470091549991 0.04402856690897561 58.107931691735196 2.319757459723154 0.00037878161938008625 0.005899561859618265
2.1705854260866984e+16 83.36637629474157 2558.288242471019 0.6787730069137394 15.690691907669192 2.1253304167287657 0.00016576875582948592 0.004364032492119927
962274561806882.0 31.8718703894385 1310.9576817582872 0.5741024746328264 1773.5930379535162 2.9335367476845766 0.00026399145609900924 0.006209457989289289
409318251759122.5 13.47156283658675 29.10881234934283 -0.07307767134554999 372.5604375765393 2.0123623382505387 0.0008793295372710196 0.008455759565465553
2.140892966054322e+19 18.249496575130614 211.5508254360269 1.0745187499900202 10.255927339056736 2.130543924604054 0.0007098893208338448 0.002568182600964231
602197889223871.2 47.824812157778524 246.49934696610882 0.8413265753231399 188.34752002281542 2.5880585548821453 0.0008514744034779815 0.004682682715095221
1.543531748529088e+16 12.845793652470867 128.6411962857447 1.7147740668560543 41.313525676290055 2.06532544763497 0.0006686956576002116 0.007228722610996727
4.223483015006816e+17 40.49674934683435 1170.5179480222118 1.5344153607203295 50.70468605241836 2.182018697715476 0.0009934862241817604 0.0003702955065465602
534925902066159.25 68.2147299647608 565.6133511320456 0.3898266227171362 146.13057753432395 2.3643581966135248 0.0003646782272969126 0.006720805889632105
1883021013939198.2 9.710095343041539 18.458738231628722 -0.24342099414904994 38.256485375113186 2.1131816825174674 0.00026938446119758046 0.0006014816992666698
374501484532173.0 23.898267832088624 55.17781009212817 0.7380337916804514 77.09312289500645 2.3006103946538126 0.00021789674718137447 0.009533260580504114
1728061079245069.8 2.539250742911353 86.9385468217381 0.536029040689707 568.7483843980584 2.8540207029770532 0.00010728337219852058 0.008677388342306759
1.7393007686193779e+19 28.143684712675984 225.11092952983304 1.0987431721645047 10.239435320531184 2.2357308242291922 0.0004124369344070038 0.0010438669842936874
1067072844118119.8 5.2293631331603505 53.27521460777842 0.6910683118225951 1210.6548614249912 2.969806011864505 0.00015022209019724996 0.008239446802885051
4304555196039951.0 58.33411026323661 1535.703585053304 1.4347052360498478 300.5251985003414 2.5177099189555596 0.00015131589416990602 0.004329074882929003
595616263622063.1 29.033854911459954 763.1032096318653 0.7141063152926304 1066.1656932105623 2.201950476224107 0.0004963859324904509 0.008024246718021556
925603931538817.2 37.76247989105074 391.6583682261702 1.6570129731619547 4874.215753696966 1.0923207873140568 0.00017812581287947324 0.009713254396805057
176289655050238.2 32.807586809013074 20.830218712634377 1.7812639123285268 22.956212443664676 2.092525835308766 0.0003717327518015302 6.385118213835146e-05
2874683597824599.5 13.152080215813328 53.15607556200739 -0.3672750286518176 35.601025664605636 2.3173994215376648 0.0003540745647318979 0.007056476572888166
891106528914432.6 23.043951224921596 286.1958284707264 0.9215697015056801 4974.7831975898 1.0110566930474816 0.0003636344431931233 0.0021715343378179435
73817239548239.4 89.79339543503525 1377.807134371474 -0.08790686831002326 43.36595758377147 2.0128158849478837 0.0001719026831490171 0.0006984010453341301
454480490612637.25 12.0599963322381 27.778134718225534 0.7606828649600065 212.73735853833526 2.1645780958596905 0.0008612861198969184 0.0005662958879731339
1.3507561896165696e+17 3.2401578005521117 48.96682242328129 0.9511921274000759 45.387402320712084 2.2053117595802796 0.00022686748658928425 0.00019102316927762254
2.524675322640458e+16 55.44025842267238 1584.7273721209635 0.47413941097568685 12.853291564925858 2.242475709573895 0.00021099175714491618 0.0032068504674997575
783385628228043.6 91.27261074300304 1312.668742406205 0.657402910075244 3607.20875402507 1.3580651742164873 0.00024630127304209754 0.006938993924247003
696597221974331.2 10.019091848762546 17.70276091456663 1.5865156821877047 1576.8710037256506 2.018816084379569 0.00036645081849885993 0.00544236318931263
2853282896410194.0 13.871340194426681 90.7831290207181 -0.42005767933377314 39.38203049871114 2.3345803050805713 0.0003951189585694673 0.006812333165611454
755262946657387.6 90.30733425384993 795.5361535232887 0.9597344311334174 264.7158665868283 2.276815616169269 0.0001229263343507138 0.005740730633962268
5782136130514665.0 0.7151913594490027 312.698295106974 -0.29492667751628576 384.800627259394 2.1771680538016343 0.0007189818244384476 0.007720146984706113
3226349787608732.0 28.13511571902658 762.3397772059075 1.9693244059636683 300.82552092283646 2.576977840523801 0.00030514574653229024 0.001925570626798342
197801123901238.72 43.963931580760864 75.42547147913172 0.6352644946578405 67.62631787348617 2.1966935483471772 0.00022100663610461973 0.004836777865880024
2.4166977885392624e+16 63.87321857529947 602.2072496795088 0.9591671396006735 16.438611477001793 2.035377574522037 0.0004092750905004503 0.008556896404824136
223148277648660.44 67.53364127020578 977.3816844563943 0.12557019909459882 23.15865008376191 2.1452871018881803 0.0003185337970257933 0.004464681446052413
457290107069359.75 81.93604645974341 130.19606885500608 1.291601253826441 367.42275656395134 2.2733442356753413 0.0008146738994660885 0.009354878112444492
1232671655300070.0 20.861350478936174 2752.5025275016337 0.38793044762720763 444.74302313648496 2.3241587865213766 0.00019636246467480487 0.0034838983217403497
575427499266106.2 32.798096382838196 165.9113018875911 1.1986668224157735 1002.0887587293965 1.8170451221100947 0.00013154867265195418 0.00904610374655734
1.0495766188004528e+16 46.416685690168194 2707.7056380672925 0.38469558332049913 28.94009912637818 2.393790951974875 0.00020451330775499548 0.002484915190311709
3.4618193467954755e+18 1.0441655388470323 941.7595689553273 1.5270632794333647 255.54176977947364 2.582414883076015 0.00015126617695547352 0.007617301853706843
730609121676381.0 11.801613310848659 12.109746368993312 0.28233335948762606 870.2359002780559 2.011013220336977 0.0005147844812116298 0.003927627080830113
477776120292916.2 63.95810995305325 575.9267507937406 0.2897491543839724 95.5774968125803 2.367912270403023 0.0009231134183701913 0.001966815828729026
231846679175415.72 54.28171053362801 148.57818200654643 0.34803571030800484 47.03711128381735 2.1440408439948277 0.0003938688924862496 0.006949768576015142
5.062364617129822e+16 71.09560470820371 1108.560903011312 0.8064005575911913 23.942698420800056 2.394879847899144 0.00020712702443924106 0.008254264681482684
876064470961274.4 12.136716154709758 11.49866986432707 1.7021664371154022 2599.0080220546783 1.7090296075904423 0.0007048689224712239 0.00024047024531800398
1.8409269933886738e+19 1.9780428394810272 207.43139025557312 1.0367015722887432 55.454736791844546 2.3782810196319923 0.00014629614356045608 0.007381947013916883
790738349218250.4 15.39027218746699 13.136303994032554 1.6666206671710213 2344.694721831712 1.7337509875556893 0.0006772760948377374 0.0003783424569771361
46822127465039.2 73.0656230391917 241.01512169304596 -0.3197651969578206 11.832733417411099 2.086682117261869 0.0002308489847331546 0.007819875710181522
1092384406184540.4 83.42059903575219 2303.379148597473 0.5843518352861276 2259.8868525631633 2.923138617262733 0.0004368235573526993 0.009962628084773325
8.536062638653483e+18 0.10230471127587037 12.74862962687981 0.975581731686418 46.9876754147906 2.072738885132718 0.00011612211608261236 0.004563260292735587
1.6752194587868797e+17 5.68377832331241 44.335209011422485 -0.4890410505158973 17.69063986685147 2.2319706558378956 0.00017446149263513052 0.0029226501985836666
3664882431022207.5 20.795935528156836 1329.7492322755165 0.3570178743372452 25.470373803387428 2.030257217776146 0.0003542180525687757 0.0024127333238744652
528583397283526.75 16.24925549497575 11.444301574706042 1.4941819902819369 1194.252842086108 1.8411865939615268 0.0007759719918213668 0.0025297155491206856
3.938818525000932e+17 41.50375078625706 993.8236828035638 1.5407588186785814 46.95814360205351 2.2023395032942563 0.000942653959101113 0.0007680143537321176
341508388231437.3 20.362801575712332 622.1376877248777 -0.3434451989352991 304.33189953032814 1.9731408665930752 0.00020421409392409648 0.005118209703552136
5.021985786107727e+18 5.185655380235634 21.540344533619695 1.4745144645763704 13.465583671012679 2.2398363802520556 0.0007266770115052476 0.0002315785759154053
1163572206899329.2 47.30489175936588 2541.9767164812383 0.42452246485403755 1230.4269665669763 2.5948635789394188 0.0002401184215787925 0.009065294699601194
8277576227399954.0 2.4949486310979836 83.2460375257989 1.8398627765237858 214.31439899235386 2.5025995724702543 0.0004661252171233755 0.008439739719848708
377208196785057.06 89.92996077201917 47.75427502808144 -0.3354035162421801 176.30484154752472 2.2984947674460763 0.0004911675930498534 0.007066497273367027
1.309476219054906e+17 50.61579559598131 110.80797861104018 1.761041269030558 20.131055783464298 2.4516854112673374 0.0008395776900820314 0.002158862709278459
2.1767199724516454e+17 29.7252009421878 158.86314731602317 1.1026213260243183 13.824752240716016 2.119296954772434 0.00013413883783759467 0.008425578421548658
4.043415043050509e+16 22.52094991929458 2502.30492595591 0.6540925045523616 48.65779331844399 2.189041682592764 0.0006122297462945501 0.00014678608760772174
1064839469353616.9 39.8064404845072 51.855794867011035 1.1676514193527263 22.450876032404725 2.159315390799474 0.0006736367027300102 0.0018888601022705414
333038721697716.4 33.659951284714865 58.909225148739516 0.2177337903678132 27.053910741631963 2.1870630382351495 0.00028159399656672927 0.0008437554790060569
567630106709548.8 50.098810872379964 12.771647091672905 0.49414351557550995 33.43687335397745 2.4327704041945903 0.0004048434914136031 0.0006468097524696085
744757014372020.9 9.087094053925249 143.93932734043318 1.753163359669 834.7453442708122 2.473332745802558 0.0005950301855525039 0.00016091156112499772
803444933175966.4 44.90788553333026 373.9903856208838 0.7417346049300284 268.1437099138275 2.729974044827496 0.00087434455737407 0.006504274918827985
4.738049089366241e+16 33.40696555457003 325.38416049584123 1.4969669173551032 44.54349326776532 2.3476185983883093 0.00039604623383686854 0.003316442515448504
249677576559237.22 42.03705970365573 81.24237449636514 0.7120021250814543 71.24617441001848 2.22766726492787 0.0002330592176498214 0.004420077877592568
509293610412433.25 28.484796624072256 16.8781177257189 -0.16178991495988132 738.847389760621 1.8362406768106059 0.00030175816018477794 0.002332673898462685
185829225321480.03 57.8213150452132 55.93113800811221 1.3216782060277978 57.75348949230069 2.2241296966401882 0.00017577109164662897 0.0012578019077831943
198154981225676.12 61.353689610585626 11.893013878365986 0.7000713049942113 27.910722931050483 2.2488292784248802 0.00030809705947084374 0.0018839054903260297
5989590112583042.0 3.530065156721488 2288.4209836865075 0.06917789914955141 89.0509437746646 2.080428730099133 0.0008954781935655493 0.001180035341802527
1047098657679991.1 24.479683394134256 53.44202336915784 1.3643011559614608 32.255982186029016 2.180475305471059 0.0005720297986077695 4.782744680214158e-05
431307051359446.2 46.231459322059095 136.11112950224313 0.2942523444664406 134.64877863822306 2.4720746403036804 0.0001076869133132165 0.00514306097521313
3.7106892315007944e+16 79.66461757780947 107.77177401451236 1.8201780319557521 13.353342154164801 2.1003151043966937 0.0004694722681817388 0.004240027944924929
920236426047275.0 48.536692388969726 1046.0584501795754 0.7289820315907815 4060.0592179777786 1.3568266427870694 0.0004932828305875084 0.007524546874863413
6216004642469706.0 28.564156933196415 1215.5513704558923 1.8758975048307573 298.93358729968656 2.531220029675197 0.0007556619726942962 0.009792152865230377
130265766049204.48 96.99996702221856 743.2741283593966 0.12973571647396553 13.950454016276595 2.0785283149112876 0.00021798463056888373 0.0009847116558382787
2.7376423064872628e+16 71.4318915752825 220.1160585788935 1.6030284803335513 31.169631820471515 2.4142755719911233 0.00011470481958952719 0.004485460927932926
1.1485327911903131e+18 12.627874361400707 353.6343034706367 0.5624977162695323 15.503431343541516 2.154019417739341 0.00024323870305982325 0.0030661452160784175
4.876446911591822e+17 87.05487910302125 222.66951042579012 1.4879899766742752 12.569336497165668 2.2426331957214236 0.00012476154968027139 0.008354818458553593
2.9015413521885435e+18 4.421581074263891 948.27689755164 0.06984739698940579 14.896169653294143 2.1807660630303753 0.0009965900628978433 0.008756423511889093
983879761331232.0 93.2355968882071 1617.025269099871 0.4662246158144978 4367.310775689898 1.1350899074990566 0.00024629234586996175 0.007882821081889523
952477443178125.1 40.92565576212847 432.8666668759128 1.0008073510574715 174.11966266065696 2.5065586755769913 0.0007838428831048945 0.006784647524718128
615429094168897.0 25.57091956627069 583.8063430348641 1.2885420257062108 919.2435034695544 2.0941294645520916 0.00039121877253999756 0.0029607005754770715
933068477438286.8 96.45142085824297 592.0998779186466 1.2736488879157692 3191.9017030641376 1.3635333999399497 0.00039296380431555207 0.003202656607599887
1.941951190289664e+16 1.0746485089695168 112.79897940996396 1.8661636617748256 235.43784316367305 2.4786850055453717 0.0003979909306459353 0.008727068062122235
296876094557322.25 32.67554736444933 15.305086885784142 0.09536905730071371 77.4851692643635 2.2347447829946234 0.00014251208201456232 0.0063006069460241005
621364783157072.0 8.553505750959324 424.56149835302534 0.23732513231382524 520.569715501483 2.4805253542786927 0.00011702338530894654 0.007350710928459684
5.8392126043585656e+16 0.5977407231173373 125.58980638905156 1.9905301692553106 215.69032945442916 2.467690952198949 0.0004702153289805454 0.009425411540030211
7.914786557130805e+18 0.12687097144079473 14.901247974537219 0.9318147206896468 55.46008642147692 2.1324276778553877 0.00011488073526990004 0.005206108761590661
3.730184028982185e+16 62.550494392720154 1121.6272705942613 1.0998351533302855 51.34981880388159 2.498813869196253 0.00029500933342438667 0.009002258502187405
6.103259855926242e+16 4.493454671009254 23.733779281105356 -0.46922642134236825 35.3312027370904 2.2181676062481004 0.0001422587340232935 0.0024377444408974335
1.5073894051499088e+19 1.1646326737500985 213.8884719838307 0.8772161336578291 70.16837617907392 2.463310974744613 0.00011183169828579553 0.006841154715259313
1285186276732284.0 10.8499007665591 24.025579164859913 0.016134498585244073 67.93807068157236 2.2929930857739507 0.00021658919750322566 0.00032604472961999566
1.6150028932777833e+18 15.808245781788472 2939.1958735172157 1.2402475757927949 115.51903725683522 2.4922946803482233 0.0001274077151671627 0.004689758263854322
826565030021570.1 13.355806698399704 610.4865033677062 1.7360681019304525 846.1359568108716 2.5202553684984594 0.0008562623809073418 0.00458650918356996
851656483188760.2 9.415495490799984 322.123409210849 0.5771127543425743 1450.679273226155 2.459705511169677 0.0007915500813599949 0.004010641530997604
834505619827523.6 27.460144634136185 1493.724755656755 0.3195255021314352 4487.395909265655 0.9573014906866337 0.00019227196906278433 0.0013818793693724544
317394724328166.94 29.380378464097795 10.745115165068338 1.7957029801082993 288.6602666278039 1.9874640282295255 0.0004899257729195464 0.007051490748601423
1.7513423498877438e+16 69.91214237042863 830.9304026056893 0.9106761965151444 16.813938547708428 2.020112740244055 0.00036913984066143303 0.0077970688521217975
344602145403709.56 43.75181350840529 17.446743650862185 1.3497595630745913 41.05964806878886 2.32794794503002 0.0009331763382433736 0.0019581629820761663
444741272243540.7 46.3113146545148 304.8596578098474 1.3090318650547084 257.1319209862575 2.3128978189683354 0.000917149714313665 0.007557854080955146
4.275072906561529e+18 5.851894143725357 57.29886776482145 0.6200944155957182 16.2080743292816 2.270715327288628 0.00032777104047469367 0.0017083091196893802
828273390015372.4 11.343898660598711 36.82928628593148 1.9646435319520545 3334.2703005699773 2.5249682594175535 0.0003341547194853317 0.000261015102316544
864861130918816.2 7.117046419412462 357.26352996641174 -0.1602196580491863 1716.744778843831 1.6652918620493256 0.0002779594692804359 0.009377025280501753
645194597682802.6 16.872691379551867 101.58475947591192 1.1663020451200787 186.53453032321002 2.411066487089098 0.0004622336367462875 0.000121467548682985
3000205876104827.0 21.707549079902975 893.0495638093624 1.163812213079045 149.23414121868365 2.1504333785875875 0.0009433057693040199 0.007360828054112995
941681849987880.8 72.12131524824592 2340.07684403178 0.4019356259780338 331.7621700737844 2.648531331922178 0.00041411026355399924 0.006406027261892651
1793149542116298.5 2.0078591039912865 51.15974866906071 -0.048341629819925125 664.8675097269866 2.824504203606151 0.00016225299094863458 0.007964421970799634
1019262772100710.2 2.4906246201585205 635.629380187147 0.4470059743865713 2070.6387821022545 2.8288272133836356 0.0004618469878783519 0.0072278343548239365
609597413299958.4 16.019573731015456 16.39291719292569 0.007401719721368605 661.2896204838347 2.184708556358994 0.0002244738252810552 0.0018219494500799531
315182334082858.25 44.60009324981766 10.427180763135093 0.7539946194194529 22.915106113286797 2.234732464476096 0.0006003464867172728 0.0004583607314761944
3100601423130415.0 12.868950220262287 54.43330679741301 -0.37556452214731517 35.890168935546505 2.3008954899485854 0.0003580840208507524 0.007074149451463649
413134827570707.9 82.82899328900942 268.73510020317985 1.1887833478583385 447.75655526198017 2.179436691280007 0.0006081031808048428 0.009271143234025095
2.9001936141620172e+16 8.330390670306514 34.37650524068394 -0.4605226321124336 33.62212821246884 2.366987754960617 0.00016062169796589253 0.0039033076094662457
2803265684535709.5 13.097037841662882 672.071709463714 1.8526884558996481 338.1950778984541 2.689850129388063 0.00014798038404348614 0.0014571295252145831
257796670073795.62 32.043657161400546 212.41771896218341 0.5018524173722119 34.64931627172954 1.9522267749907047 0.0007621275901934693 0.007085245152857999
965292549771252.1 52.461219182091014 581.1215808620151 1.793801360130041 3155.921239775282 1.7955160066902636 0.0002568034194787402 0.004687949900799849
798768979385093.2 11.419537637186203 337.91474184016755 0.7976425907185952 1184.2300275498203 2.841816734592884 0.0004870223101295115 0.003280200080850129
117841912672364.6 94.02358209588303 64.29660985907732 1.1462719227475793 58.68849197880926 2.124051321517756 0.0005670117772088877 0.009487950416804124
547513298467655.56 21.02169413467245 160.12257961618724 0.9093064321641663 103.14851673617262 2.302857695313718 0.0008906758267690482 0.0019626573583944353
1.8561842645188157e+17 1.5143325026243182 72.43211523435893 1.2217799599065304 82.79258775941943 2.280812343675332 0.0001770386929606255 0.0004116251851934115
8.373685345755475e+16 72.25252152724228 287.17997947927256 1.9190814620902374 36.57323060266151 2.4772651237382397 0.0001098102213732987 0.004751853862230515
627360702097693.8 92.162818152911 2256.6656301982334 0.32799998560073407 207.4040630129229 2.2552846385223404 0.0003952449128822174 0.006033154677243492
404988527717051.5 92.5957926452534 58.145930997255185 1.2447831963468485 447.7335040377762 1.8853582615645554 0.00044469388991880766 0.00936930071161021
1019498792482005.2 54.56255359215021 371.57570972386156 0.4066220940553331 29.728645326013616 2.292910595920596 0.00023634651974026308 0.007014249899147099
621269350852593.5 39.63677371425106 205.5767691116152 0.5705238485234847 93.06011886152278 2.4533575547409883 0.0007428148992432833 0.00928905668616595
894250064295820.0 11.434096460470812 356.7542555994936 1.3181234442617862 211.55856807087423 2.252811083708133 0.0008449832272882979 5.87056877860858e-05
971569074264220.0 3.8044934389756024 153.28473447660846 1.923141855203852 2938.647158113946 2.0313831299225877 0.00048361146881610546 0.0006823421434086816
330841801694632.2 41.72875817964762 172.4535158176909 0.4483163298037489 79.77912875164611 2.3088854059932484 0.0002751649946546713 0.003507432793827221
981024757861944.0 51.96251062590479 2788.3204358852963 0.3003630066678077 1105.9839842762096 2.629233784603426 0.00016076163990721992 0.009515084970000216
850615869290421.6 13.292607945694932 408.829188358104 1.046761432423165 2074.9352172213653 2.1522184897854935 0.0005856376885434906 9.016378069023889e-05
7.163449014718993e+18 1.1328616213283018 1790.9464835200981 1.6148711186981928 335.6572697762074 2.567106385005713 0.0001172704189166805 0.006575242590487464
1.938687057546211e+16 21.485766144749697 103.2463607679049 1.5774631980919223 26.630943196085244 2.121077299872561 0.000687125287089308 0.009684041021750302
3.842460196654325e+19 2.3942708274349136 2407.65772468711 1.5019850020299768 239.3340191553194 2.5783387373295263 0.0001084093165279826 0.007576315925475045
5.760759431029053e+17 34.33244933451772 755.4892626964594 0.7115054558220679 18.11136197154912 2.37763916140029 0.00012645712302191022 0.002751956512099479
1218503958134254.5 46.28138645902214 1226.8669154873955 0.8620206687044245 3659.4369870427063 1.9815446610100926 0.0005144606809184786 0.0037501396756439405
20310080838056.36 55.891819950171744 664.835688770708 -0.4634361939246505 21.677117285147396 1.9578268009878994 0.00033528197187655893 0.005493004332572902
690683108585236.8 53.372521407762804 332.5120893244731 1.5833952219988205 1748.086629046855 1.7106530423111184 0.0007873926948364693 0.00792233868307378
1192019060557006.5 24.467725755639204 517.403296007348 1.342021173890791 294.2733172310977 2.5743604729939253 0.0001474546894460302 0.003876809997933592
363030392456960.75 26.40841215098888 633.6706545482524 0.3829684107211362 188.95756933417994 2.0428967719030435 0.0005125388573851107 0.005292904199643429
51014564780491.83 70.65887658065216 456.4997368003712 -0.23167406673940238 20.31350274337272 2.046940171295025 0.000293801521785643 0.0070383710441483775
549122611718657.5 31.448919672819336 72.74072012962729 0.5526515882607687 326.80892529077073 2.3415283781505565 0.0009148553925396516 0.0029989215686500054
985555560942921.4 66.1543069138854 2065.6658592741305 0.34300637793194966 2630.1629080960497 1.6553593628515322 0.00038838056902926833 0.006973194203279791
913724097065222.6 25.168905697993694 318.51634972938285 1.850664212636874 3611.94433055531 1.8647404989384269 0.0004577274543401958 0.00677448704261838
8999149767489327.0 62.478258077834866 792.925174175577 0.37944243422262436 12.542978549336038 2.3058254206414914 0.00020098322226165367 0.008319305789219496
6.864307501250239e+16 4.204214038122892 24.52319916241093 -0.36759084379580087 35.95560926766061 2.2250565330581065 0.00014196287617855214 0.0023327000516138695
1.9574588966455372e+16 0.9888473791828141 178.39425757045203 1.988772317182602 269.93067253131875 2.4934021014535923 0.0005423816356208325 0.009870022673179497
1082839860060214.2 41.16404838678933 865.4702331759222 1.332743530799189 1367.109145469025 2.8091872665942184 0.0003264581723818078 0.005008297371274203
1015736759881460.2 7.5556014106163865 92.99198107857748 0.6891884812138261 1287.4449932575342 2.888389242608221 0.0001588478480632498 0.008749111609628327
6725654204666803.0 27.1523679566479 2125.368653771392 1.5928449557281605 563.1863027691983 2.9626968948830013 0.0005259693606600272 0.0013211802340686958
3374094688389495.0 10.492096862266536 64.39909507669861 -0.366403034554837 41.588125379853295 2.283418341626887 0.0003248067793233686 0.006932214961862115
804940304793230.9 42.186943567729514 1632.2331699980746 0.2799656478589951 3626.802297687131 1.2078897503169557 0.0001192938426489546 0.003099129786706805
380747523827557.5 39.733018570707465 21.28531210718368 1.2932138324927926 47.453582546726444 2.338188233011159 0.0007237344815953358 0.002376852472900555
773833503958858.1 86.08160477053798 778.8359731174628 0.4693744570936703 2205.3269110449505 1.5518491704487076 0.00014681453397903058 0.006612541793506838
1190702682335798.0 42.50144491990541 388.3889033418981 0.8823040373722227 108.92543969196375 2.4907224938567016 0.0008146329682809321 0.007179908317749399
89270309389872.19 98.54404049383382 11.72314056266672 0.35235044616528677 10.169897068532086 2.1584669626743564 0.00017626004259471505 0.004158151442925737
1105254352313601.6 41.52157325086388 722.4305464804413 1.5900609485074786 405.9986719819704 2.6362429482775425 0.0001541400664029584 0.005572516131330229
330643468351908.6 31.96102136719611 62.57464964495046 0.94178572472991 42.43594773594082 2.1977051183980083 0.0003451144019564064 0.0077377131881512734
1941542205674704.8 26.6251577877392 908.4964725486205 0.8962190918954147 111.30345490635926 2.1690027505590974 0.0001250001086292652 0.0037657642489049223
619489602787373.1 17.46663346824309 203.28354789015646 1.745196735540661 1122.0133187599454 2.0344558100162624 0.0002742061595489196 0.008257627501513385
949884589966705.9 23.546642491511367 32.31401051683722 0.45271903741203723 16.891227427009262 2.0628238208227465 0.0009373626270452566 0.0012856844608053544
17967846973078.637 55.88562880601543 685.7194721812267 -0.41558019471321694 20.49990225948344 1.9449570072553612 0.00033251580619702296 0.005626738530217214
1.296432502020818e+16 2.433057980699096 49.996870848623885 1.7177350488136571 145.8154869087147 2.4417762951090447 0.000617626267380268 0.009339116880096383
1.9231848625207693e+17 5.335361801108498 41.09352129049184 -0.49601979345687097 16.477461218973303 2.2188871111892694 0.00018018372940073948 0.002883918358554432
481127848387968.25 66.59546041620945 38.04207065028735 0.1893612178539012 466.53847351155446 2.085396831988267 0.0009283220739698791 0.004332736554960362
920626954318837.4 91.47925058752074 618.6873358237494 1.4295966543384937 3106.4807625307235 1.5160061161670437 0.00027332304471893614 0.0018131930208266172
6.142684227858733e+16 95.51282715229306 2493.4663224740784 1.9885112682114903 173.51844421639456 2.155881549313764 0.00011414848460291644 0.005712478113946492
395412327168272.75 43.34822105768505 264.06313892689394 1.3153866037727522 223.56693785071803 2.3314229586774147 0.0009409572678869431 0.007364103243825788
244242923074567.47 71.13965388390882 783.2346312913264 0.4565682853129627 116.59157565906506 1.9562060552212686 0.00011865967084633351 0.00015334963841729136
19409442228957.93 57.03749524760153 888.1214716480993 -0.3998466639264082 28.979803900671797 1.8866031447349112 0.00018898035817570998 0.004348306035670298
845547954427439.0 56.56027846207248 971.18012058541 0.689239805145269 366.1289777842491 2.5223786742710703 0.0003543327982678196 0.0070252847420013515
428561565090699.1 85.14624333708926 136.64247980642904 1.4025878328997579 314.4590172190663 2.316160463024053 0.0008062137507094109 0.009474059905921685
1084316773033525.4 32.808095750234344 1392.635340318416 0.7682290465195456 2701.2330642550905 1.7415602092915425 0.00046890491316578737 0.0014605886646015791
2073091365307754.2 90.86761868876663 620.7678967953999 1.3793711707799257 72.70859328713418 2.0912076324227002 0.00012888271624476253 0.005265413042491061
538478827329785.9 99.64720068173203 2118.157885325645 0.12890736000897873 131.1909530511023 2.3798832991435406 0.0007945496592419659 0.009778787361896685
895567049204626.0 3.127151381012226 49.40470169176201 0.5533772147249556 1434.473306908324 2.881611839053173 0.00017579795993916955 0.009039447709078625
920497558841549.4 19.43630536403739 17.10215664962093 0.347345580897382 598.9555910774271 2.723075553054294 0.0005145238684768214 0.004747288119554303
926256631914531.4 8.746260935825717 59.77787809110661 1.5692555373853159 2390.345987669289 2.2974963078344404 0.00026364073721357766 0.00038732400358263905
2302809883072210.5 1.400764061731877 245.4072602893864 0.11157487470644323 717.3530063913398 2.9768050188641455 0.0002744796263941694 0.009321657652136073
364037057606616.0 30.157979994914427 31.12079561586949 0.5866966577727895 20.23205690032238 2.1079170944169094 0.0003343276322047208 0.0006576929051964938
682917367050711.2 8.750846020375107 224.03563285307956 1.468429085559915 506.9889224611953 2.5320568969944075 0.00034216346119778524 0.000499843314636126
1.203591994428454e+19 0.10629173515369317 12.507148960454142 0.8380908188500895 50.48467357512987 2.1121172708047564 0.00010207599619575607 0.00488012000720339
3.915931778239067e+19 2.379141538243954 2319.947760468643 1.5109093014555197 233.88212742303378 2.565886898983985 0.00011007268763026276 0.007371300509469093
5541049197470289.0 3.301164373639688 299.1493351914703 1.8640840153582028 312.8778643228029 2.8818819628525714 0.00010979730825978835 0.002296959570951043
942700962931941.2 13.947768468525862 340.5549089534033 1.1472925007295847 4665.417724463435 1.4778863625058913 0.0006211088752317645 0.0023925514130952417
845567578803225.8 76.7388537347056 1083.9765487439308 0.7122771424166927 1228.3506765771776 2.8536260063592374 0.0009647144825990343 0.009891977304977933
4.274979875349771e+19 2.484889420548839 2072.004307217255 1.5202912874362964 196.27329023328417 2.5652811699712674 0.00010966033562850776 0.007219171528482024
311420065184934.2 22.38621003755994 22.67401782027751 0.3069798857074031 127.46881634943783 2.113535674908415 0.000915744549198813 0.00550137080164551
387120667216236.06 34.47015992319465 35.80017452065412 1.7366099038753637 25.99413202782217 2.1466250196279857 0.0004151523866899557 0.0011277886234498042
6.704445894199836e+16 27.676143419864395 378.79907006659016 1.3309518298660454 50.4723499822139 2.498736300442416 0.0003564785133159364 0.0029072144963320015
530661399856070.5 25.659421016577497 15.223213550742996 -0.25111204972567824 610.6660013416439 2.1114394385105464 0.0003435996121397691 0.0006084072656295757
1.512593999473361e+17 42.71906876999523 798.8671690279028 1.530045049683061 49.421223309496774 2.2469507297156275 0.0008127012720789519 0.00040408953309073025
909414082185941.8 17.339222564164196 456.4915471425768 0.24412107023776736 2334.6867488617045 2.530468615542139 0.00018181507753565866 0.005349948204294352
852484677128343.4 57.53691039681986 507.28512524023694 1.3506856283574955 2893.8354340021256 1.167806436599684 0.00015380124909024391 0.009001310876102545
380436049329108.2 42.30612614267871 42.53531405969181 0.9329857974295462 20.061159408154925 2.092541150369544 0.0006141913134295021 0.001760457854981676
1034257159463049.9 72.84916660045583 1175.8981369369878 0.699351113398758 2363.6777162542567 2.578229866665538 0.00013351093022885148 0.005859144272182424
1.3651768168276494e+17 87.95543851111216 870.0157697131904 1.1699997748223083 27.595117622315644 2.4030331019206512 0.00025365417140447055 0.0025496015115413053
920333095943333.6 14.174910163447208 1368.196137516706 0.39567321853642423 4505.37887608472 1.4993399130538991 0.0002532493032837544 0.0042505946678137885
444953321691889.75 41.355200992491525 576.4421974722122 0.14768732051229555 74.19086374801202 2.3203365172153534 0.00037655032307653316 0.005385239935056388
737420300594609.2 24.574785462327945 19.549421530410697 0.015597214259305603 589.1606652748717 2.3220127588741186 0.00032094282906633295 0.0014635584899320509
2.529976759520435e+16 46.6515975545442 1419.9338345017932 0.4678732167041413 13.204079242631307 2.195693300260112 0.0002569365913646003 0.003873289260944329
1.681971750972066e+17 15.178311079507836 357.6660786333678 0.84491274868538 26.31812432894842 2.133976911990085 0.00039902430092001535 0.0023094933289567452
2.659627174241925e+17 6.026167523568136 21.886121470263078 -0.4503527104278453 14.230761992959431 2.1910446273450828 0.0001521288071777158 0.0018490382429874738
811722552488062.4 65.20994420297623 1038.6909298620396 0.6695465774125244 297.9840856588535 2.4185892493234116 0.0008753006704526145 0.007372015334748422
787688927701727.0 13.621440005834089 39.51701212083544 1.5581935644127096 3771.7442918784286 1.838954881913645 0.0001674986726195732 0.0068119368030554305
2.439608393026522e+16 66.1338922855277 228.9718081664601 1.418523564276185 24.73042933706729 2.325701152945686 0.00010189909131127548 0.004311720552409942
1018332479709013.0 5.746204977725981 10.613927786442607 -0.0026107921882991825 2960.061043347828 2.2469470190284575 0.000432064821306724 0.0038022328948424554
894077183460208.9 17.23825013146555 2362.6196490971724 0.3068857908486913 4928.8616836922065 1.0066552643851998 0.0002923696333334304 0.002580532721176763
4.084882614186403e+16 27.81076533794916 1623.2871312525049 1.2837535721903868 151.31801298807557 2.709645477439441 0.0009778048964936806 0.003202022659793873
573981242017695.0 21.076571454194337 112.18001761333551 1.4950447991542704 911.8120878710585 1.9661166477955994 0.0002979855686262235 0.007054945167608792
378017921712987.7 46.53602069674198 78.67103143460588 0.993329464751846 36.03727586380944 2.2109418574541837 0.0005641270252540174 0.0021782347971498906
6465863129702619.0 25.885335955187138 984.3439341629706 1.4312885489170935 208.03799234399017 2.692432954521585 0.0006642842413557591 0.00500705804946735
17732132973063.94 58.11447551653235 980.6489419753802 -0.4362888973610233 28.52144304970478 1.8784629664114099 0.00018424961683565245 0.0042739342271484165
923235419715243.2 97.60088111831853 486.60294745480974 1.8696484201825168 4486.395169405808 1.0462359821125506 0.0002980719853452544 3.5513104586642336e-05
1202667013206682.5 32.33813546872021 1037.7034799433607 0.913424158258341 1348.8584932241836 2.9373666943845897 0.0002819608576273339 0.006840050101561611
381682983325279.94 89.41175068640491 46.09327934346132 0.11567208127791434 239.0351465676468 2.3375390380016956 0.00044812807198559864 0.0050087128817543295
3259712652350886.5 19.291885621502587 438.7073705334296 1.635177052885564 191.99686357149326 2.6190725997624495 0.0001866992374138549 0.004072512608392816
2.9572439444802144e+17 31.856813517956056 1695.011912733231 1.28669609397745 52.77780537194116 2.12273526533277 0.0007290154959378974 0.00199711195543677
605705626925135.0 34.77188132893009 118.32027369913502 0.5359432978875425 398.5315336534926 2.386405536027228 0.0009567138541477783 0.001517712923579462
861800021333231.2 8.469388167445846 54.64418075144513 1.8277437434004964 2454.236594356805 2.569160867244574 0.000385974226943854 0.003565441528310693
7.790033090270998e+18 0.12377221662358817 12.638864712412722 1.0061328833564682 49.02441607737335 2.0658257762623418 0.00012155243395361288 0.004945805235545901
364037057606616.0 30.157979994914427 31.12079561586949 0.5866966577727895 20.23205690032238 2.1079170944169094 0.0003343276322047208 0.0006576929051964938
1455235462105140.5 32.20154124245871 1340.753211808419 1.7483951482726106 2860.3970607204524 1.9578921463470451 0.0004525701450023461 0.0010037636128655478
5628335824926245.0 60.041625662796264 563.456527504912 0.5351751330436536 16.17385714321827 2.2507323268706454 0.00018174148979473468 0.007982236334819153
821025919001505.9 16.84511050997883 1002.1095190397514 0.28487692221724514 2778.953598914344 1.5524032827331626 0.0002706448486563327 0.003932373608393684
2287220235438523.0 29.43453390626712 446.4389739920222 1.8979964282176058 198.5273583879026 2.613591655868312 0.0004435441789960418 0.0008199805038094556
804686567577313.2 3.5805637136906547 20.406140696861417 1.7729715958776187 1070.9530796937024 2.4723018195316198 0.00041383116174780534 0.002148796372517216
546905864750668.8 66.80065513820031 882.9491644076081 0.27975362572338863 86.788969712681 2.4174660114420456 0.0009293335250722081 0.009919247386886505
1.1646948639916192e+16 26.99551756768834 178.92240663632396 1.7113476555508633 32.010180190105814 1.9674025629851712 0.0007825138837252483 0.006730531951308484
2910923267934898.0 24.956320119200306 72.34437808065087 0.3318023471135348 30.68723978365416 2.448505707933063 0.0004304590727328118 0.007330342304828969
1050385575778423.4 93.46487274605629 1009.6487182239468 1.2140934896190538 2788.081501557602 1.9878888224887374 0.0001166056409053687 0.00921608070696879
1094207410886027.8 34.15106764883959 712.710666189427 0.876557709756715 86.19115344826037 2.0975841798604464 0.00014078629831930232 0.00537406911227616
94353071190144.42 52.00906806907966 71.62753952923202 0.5269157787230927 48.41117240934626 1.999545520505029 0.0001022512769589299 0.006244438663941348
1058354491766430.5 39.45088901631268 573.9729667066471 1.7864654568368028 4718.110123733915 1.2597069855714749 0.000143517740371661 0.007980339234126027
474796187966247.44 13.027239128997563 45.925905480832675 -0.4610293657717785 306.20921092028277 2.137794980033002 0.0003645647933500237 0.0033284867037986403
2.3776391234691827e+17 46.02190504394895 1457.4882379601486 1.3765676211769196 45.68570737507332 2.083028964814942 0.0007741199615434841 0.0016164160349833433
7.724155343079264e+16 1.6070277638685315 126.9166236412674 0.2660456366333823 188.40293278467098 2.7523753709913827 0.0002160718428904428 0.008123156114509844
514507257714292.25 12.754491627940117 362.28813394381774 0.5624350467911259 257.0662710117885 2.236398556075208 0.0003360819077863859 0.006345554085337965
785361441557735.4 19.49383079199626 10.7489833931261 0.19941574661422923 881.7994934182407 2.6196460292639587 0.0004033738705157503 0.005564235963482841
851855066634880.6 7.278559540593818 434.52135750121323 0.24158703991442856 830.9571592986931 2.5193391740627624 0.00010103205686827501 0.007427481402507544
1.619571546073031e+17 54.441588944612434 56.05630745583032 1.7687017155370748 11.930137882206337 2.349755487023616 0.0008504661187552995 0.001638174528060173
7.958548129587878e+16 57.83276817504575 72.59526219899622 1.7202932473454717 13.485828011878505 2.313586419225221 0.0006678649473510473 0.003112651179696063
383919805331490.7 32.16764817566819 18.523882926321164 0.010669733473875564 76.2471111452556 2.3555656577518236 0.0003990122566015865 0.0055720063434490175
740062593006154.8 13.674113731508372 38.72415626924772 1.5556493219506538 3824.78444570683 1.8367745215590383 0.00016767640420882436 0.006845218212493772
872915307580360.6 32.94085431788942 451.973073163941 0.05972536000928508 20.910454877300396 2.2330438276515325 0.00012136795626692191 0.004059445985621999
270224517658853.84 44.008886909196896 33.53214307463851 1.5482670139996737 19.50510289226391 2.0825978713230913 0.00044621899002791465 0.004120318684809375
578273305270278.9 21.127099918525907 816.6167935079169 0.553551156065849 605.5663792986752 2.1660091970940103 0.00045547364513134225 0.00662096074444658
571545942405406.0 20.74974634239289 148.19376525005285 0.883343105350348 110.85497352556052 2.3273555853194 0.0009633620667547726 0.0019491960657162348
148895424097752.22 23.034959138446734 35.41407915460983 1.9839497429283224 51.391209863334275 2.0592263471617476 0.0006963102126735032 0.005051275081165946
7736122276235891.0 3.2475417227234282 211.76156667302888 1.7371498071150613 251.71408005027888 2.824606032655605 0.00011904486434978034 0.001875175010859616
155442776398798.4 53.66756319565681 30.633834004070874 1.494244653713081 43.88953373141473 2.217014722733065 0.00013390926872900978 0.0012617048448021482
3.0372563154052777e+18 6.634096053520466 60.287110118692986 0.5971875492915566 17.61062527713612 2.295523775077638 0.00038145196022224524 0.002839167999418105
498984367393781.0 19.026043199631687 276.56581665393657 0.21358644632132523 442.66705570670325 2.2207790743819844 0.00021979530820193926 0.005861036805529655
7.273212559480457e+17 18.407965545091958 1823.39704521606 1.236232940670913 91.00360093327508 2.480438761280367 0.00012468539919099008 0.005047267491405995
3.273235672122856e+19 2.537501548567681 2248.3606823492532 1.530125565161238 235.4717076980074 2.605346350658953 0.00011517913536970083 0.007537099428689973
5644328724739076.0 0.7062566379445201 322.1462431054267 -0.36599042429816975 388.1161938056846 2.1660348726906435 0.0007285331802766894 0.007659878381466743
1.5373318242964272e+16 26.12134089515748 891.7748127529667 1.8046062692376972 188.91894974922778 2.727969588031116 0.00016205913274267 0.0016301007834564505
4.439212741869582e+18 6.3151142405451495 872.7628934731919 0.21935516659876983 11.357654987873413 2.1106775420474713 0.0009278750831953638 0.00835971750532172
868815462994120.9 31.04568310829325 602.2277107987488 1.512818302105107 3881.969648929589 1.3629622627417797 0.000724092171644815 0.009139556304080176
224340877932370.38 88.11166746957477 43.827518017526394 1.6692444287563992 79.65473075793489 2.305145532212908 0.0007429637402284302 0.008907840603406911
1050159646170769.6 13.862998761706343 1611.3517706527723 0.009071281112015717 4032.862209894722 2.63702943229648 0.00016662777148878166 0.0017687568003611988
567803344856127.6 17.4065770905438 103.59165480687948 0.5713620684283478 275.5070750134155 2.2302288423216674 0.00039197766156168386 0.005564762800048863
1.2701641046433148e+16 48.80234267069157 2836.6005442246046 0.3801974681929586 22.975894823478026 2.347799348385802 0.0001690466114651344 0.0019707583941267538
560531592331626.44 15.890077866965427 13.851569681340049 1.8280023271438175 658.2542369241262 2.0106877349418264 0.00034376149947362906 0.006779560219394963
2.4446419630717473e+19 1.7117369454031657 199.89580927018008 1.0068805645082166 53.64194482492961 2.3968608886004197 0.00011832894816743458 0.007447806208153624
443466807531785.0 17.265503400466883 14.116907530736242 -0.012945071566535737 530.7610333174251 2.044859427425891 0.00035729687279195855 0.008846725067300117
486448919296804.7 91.21164769628724 50.102851269178075 0.02585867892514815 281.20700521146074 2.3643768197958295 0.0004316417113043821 0.004864239035125678
6.116779185566198e+16 91.3087546726935 193.65592150930996 1.4819090394988983 15.726851219983928 2.2347661060042463 0.00015524215771990798 0.008249226766578762
905560882447329.9 41.352433332255266 506.88953532719574 1.6043468127071117 4234.273395459086 1.8260244353875668 0.000268186072110742 0.0038603918851299593
275909761201397.8 33.42434234314785 34.82992810167877 0.5878879080387303 27.89397755349204 2.1647148006583024 0.00033857898051001603 0.0018368088970137286
668176986036420.4 10.634623270198926 283.6843789743174 1.3128323321199717 220.6390325157176 2.2972869376466836 0.0008543192451646325 0.00038136522870427757
1.8033315103344364e+16 23.00463653715076 2071.533442948979 1.639913631798729 346.199912801605 2.7964430682903063 0.0005969568552556204 0.0036179383826004264
882699049692124.5 6.549027443298179 17.755418121753678 1.1151652931903229 3145.3559153668084 2.4786299677401464 0.00012507868397447722 0.007349955937384439
516447610736704.4 47.726489042682914 109.32464340231272 1.4580246110209907 251.89731751342137 2.5255468632268983 0.0009239842625330521 0.006414895537657996
281394704172683.03 30.152611460266563 16.111175226550266 0.17601037595696323 91.43023984873395 2.216605485212713 0.00014383706903424052 0.005825432208061214
35699127702673.24 60.758348413187925 479.13227473095 -0.3231600651212978 22.40569393923857 2.033841080058087 0.00035961291030998894 0.00614956460150222
646873455461197.0 14.13886766541794 521.2271636880878 1.814127471672831 795.0947298029175 2.520420684732476 0.0007622777970373512 0.0035829524319592855
3476370447840264.5 28.364037400922626 1844.9371663600673 1.1621456239221326 431.5842179507885 2.7705014601871936 0.0005320581722232717 0.007101711556358743
1328258046373515.2 36.22534450607782 447.6108772521485 1.6041074697282176 232.07383824167988 2.735182692140494 0.0001416027232545729 0.006505955621416967
496208583835858.4 13.053901104526577 26.904499968892647 0.8037281770215159 181.48666283043187 2.1532349855736697 0.0008765626160121603 0.0004061975176076196
